ISO-10303-21;
HEADER;
FILE_DESCRIPTION (( 'STEP AP203' ),
    '1' );
FILE_NAME ('heatsink.STEP',
    '2022-02-16T14:59:51',
    ( '' ),
    ( '' ),
    'SwSTEP 2.0',
    'SolidWorks 2020',
    '' );
FILE_SCHEMA (( 'CONFIG_CONTROL_DESIGN' ));
ENDSEC;

DATA;
#1 = VERTEX_POINT ( 'NONE', #8581 ) ;
#2 = PLANE ( 'NONE',  #11664 ) ;
#3 = EDGE_CURVE ( 'NONE', #12256, #8084, #12512, .T. ) ;
#4 = ORIENTED_EDGE ( 'NONE', *, *, #12083, .T. ) ;
#5 = ORIENTED_EDGE ( 'NONE', *, *, #3672, .F. ) ;
#6 = DIRECTION ( 'NONE',  ( -0.000000000000000000, 1.000000000000000000, -0.000000000000000000 ) ) ;
#7 = CARTESIAN_POINT ( 'NONE',  ( 53.54142135623730070, 11.00000000000000000, -6.299999999999991829 ) ) ;
#8 = VECTOR ( 'NONE', #10142, 1000.000000000000000 ) ;
#9 = CARTESIAN_POINT ( 'NONE',  ( 62.07341920279139202, 9.799999999999998934, -3.000042224706366500 ) ) ;
#10 = CIRCLE ( 'NONE', #5870, 0.9999999999999974465 ) ;
#11 = ORIENTED_EDGE ( 'NONE', *, *, #7990, .T. ) ;
#12 = CYLINDRICAL_SURFACE ( 'NONE', #6262, 3.599999999999993872 ) ;
#13 = CARTESIAN_POINT ( 'NONE',  ( 16.49999999999995381, 11.00000000000000000, -24.49999999999996447 ) ) ;
#14 = DIRECTION ( 'NONE',  ( 0.000000000000000000, 0.000000000000000000, 1.000000000000000000 ) ) ;
#15 = PERSON_AND_ORGANIZATION_ROLE ( 'design_owner' ) ;
#16 = EDGE_CURVE ( 'NONE', #5454, #11073, #7507, .T. ) ;
#17 = CIRCLE ( 'NONE', #826, 0.9999999999999974465 ) ;
#18 = CIRCLE ( 'NONE', #10129, 1.000000000000000888 ) ;
#19 = AXIS2_PLACEMENT_3D ( 'NONE', #7871, #9838, #6029 ) ;
#20 = DIRECTION ( 'NONE',  ( 0.7071067811865513475, -0.000000000000000000, -0.7071067811865437980 ) ) ;
#21 = EDGE_CURVE ( 'NONE', #9553, #3082, #9661, .T. ) ;
#22 = FACE_OUTER_BOUND ( 'NONE', #10695, .T. ) ;
#23 = VERTEX_POINT ( 'NONE', #5678 ) ;
#24 = CARTESIAN_POINT ( 'NONE',  ( 31.50000000000000711, 11.00000000000000000, -24.49999999999997513 ) ) ;
#25 = DIRECTION ( 'NONE',  ( 0.000000000000000000, 0.000000000000000000, 1.000000000000000000 ) ) ;
#26 = VERTEX_POINT ( 'NONE', #868 ) ;
#27 = CARTESIAN_POINT ( 'NONE',  ( 49.49999999999999289, 2.000000000000000000, -10.85512985522205121 ) ) ;
#28 = EDGE_CURVE ( 'NONE', #7045, #803, #2711, .T. ) ;
#29 = VECTOR ( 'NONE', #4975, 1000.000000000000000 ) ;
#30 = LOCAL_TIME ( 15, 59, 51.00000000000000000, #11669 ) ;
#31 = DIRECTION ( 'NONE',  ( 0.000000000000000000, 1.000000000000000000, 0.000000000000000000 ) ) ;
#32 = LINE ( 'NONE', #10545, #7170 ) ;
#33 = EDGE_CURVE ( 'NONE', #12497, #8653, #4915, .T. ) ;
#34 = FACE_OUTER_BOUND ( 'NONE', #1444, .T. ) ;
#35 = CIRCLE ( 'NONE', #7102, 0.9999999999999974465 ) ;
#36 = CARTESIAN_POINT ( 'NONE',  ( 20.99999999999998224, 11.00000000000000000, -11.99999999999999645 ) ) ;
#37 = LINE ( 'NONE', #1871, #5045 ) ;
#38 = ORIENTED_EDGE ( 'NONE', *, *, #4429, .T. ) ;
#39 = DIRECTION ( 'NONE',  ( 0.000000000000000000, 0.000000000000000000, 1.000000000000000000 ) ) ;
#40 = ORIENTED_EDGE ( 'NONE', *, *, #2474, .T. ) ;
#41 = DIRECTION ( 'NONE',  ( -0.7071067811865464625, 0.000000000000000000, 0.7071067811865486830 ) ) ;
#42 = EDGE_CURVE ( 'NONE', #7595, #5709, #3730, .T. ) ;
#43 = EDGE_LOOP ( 'NONE', ( #2188, #266 ) ) ;
#44 = CARTESIAN_POINT ( 'NONE',  ( 40.99999999999999289, 11.00000000000000000, -15.00000000000000000 ) ) ;
#45 = DIRECTION ( 'NONE',  ( 0.000000000000000000, 1.000000000000000000, 0.000000000000000000 ) ) ;
#46 = VERTEX_POINT ( 'NONE', #10861 ) ;
#47 = ORIENTED_EDGE ( 'NONE', *, *, #9911, .T. ) ;
#48 = DIRECTION ( 'NONE',  ( 0.000000000000000000, 0.000000000000000000, 1.000000000000000000 ) ) ;
#49 = ADVANCED_FACE ( 'NONE', ( #104 ), #6927, .T. ) ;
#50 = CYLINDRICAL_SURFACE ( 'NONE', #8427, 3.599999999999992095 ) ;
#51 = APPLICATION_CONTEXT ( 'configuration controlled 3d designs of mechanical parts and assemblies' ) ;
#52 = ORIENTED_EDGE ( 'NONE', *, *, #9138, .F. ) ;
#53 = DIRECTION ( 'NONE',  ( 0.000000000000000000, 0.000000000000000000, 1.000000000000000000 ) ) ;
#54 = ORIENTED_EDGE ( 'NONE', *, *, #11014, .F. ) ;
#55 = ORIENTED_EDGE ( 'NONE', *, *, #12433, .T. ) ;
#56 = DIRECTION ( 'NONE',  ( -0.000000000000000000, 1.000000000000000000, -0.000000000000000000 ) ) ;
#57 = LINE ( 'NONE', #4868, #382 ) ;
#58 = DIRECTION ( 'NONE',  ( 0.000000000000000000, 0.000000000000000000, 1.000000000000000000 ) ) ;
#59 = EDGE_LOOP ( 'NONE', ( #11348, #5680, #11397, #9544 ) ) ;
#60 = ORIENTED_EDGE ( 'NONE', *, *, #11934, .T. ) ;
#61 = DIRECTION ( 'NONE',  ( 1.000000000000000000, 0.000000000000000000, 0.000000000000000000 ) ) ;
#62 = CARTESIAN_POINT ( 'NONE',  ( 44.92771285725257258, 11.00000000000000000, -6.000000000000002665 ) ) ;
#63 = EDGE_CURVE ( 'NONE', #5606, #991, #5984, .T. ) ;
#64 = DIRECTION ( 'NONE',  ( 0.000000000000000000, 0.000000000000000000, 1.000000000000000000 ) ) ;
#65 = EDGE_CURVE ( 'NONE', #11817, #929, #10927, .T. ) ;
#66 = AXIS2_PLACEMENT_3D ( 'NONE', #10833, #6011, #8097 ) ;
#67 = VERTEX_POINT ( 'NONE', #7943 ) ;
#68 = DIRECTION ( 'NONE',  ( 0.000000000000000000, 0.000000000000000000, -1.000000000000000000 ) ) ;
#69 = ORIENTED_EDGE ( 'NONE', *, *, #10066, .T. ) ;
#70 = ORIENTED_EDGE ( 'NONE', *, *, #3, .T. ) ;
#71 = DIRECTION ( 'NONE',  ( 0.000000000000000000, 1.000000000000000000, 0.000000000000000000 ) ) ;
#72 = FACE_OUTER_BOUND ( 'NONE', #2011, .T. ) ;
#73 = DIRECTION ( 'NONE',  ( 0.000000000000000000, 1.000000000000000000, 0.000000000000000000 ) ) ;
#74 = ORIENTED_EDGE ( 'NONE', *, *, #6357, .T. ) ;
#75 = CARTESIAN_POINT ( 'NONE',  ( 31.50000000000000711, 2.000000000000000000, -34.49999999999997158 ) ) ;
#76 = DIRECTION ( 'NONE',  ( -0.000000000000000000, 1.000000000000000000, -0.000000000000000000 ) ) ;
#77 = CARTESIAN_POINT ( 'NONE',  ( 62.52253967444167415, 11.00000000000000000, -48.32132034355966255 ) ) ;
#78 = VECTOR ( 'NONE', #7407, 1000.000000000000000 ) ;
#79 = PERSON_AND_ORGANIZATION ( #8464, #3667 ) ;
#80 = CIRCLE ( 'NONE', #1696, 1.000000000000000888 ) ;
#81 = ADVANCED_FACE ( 'NONE', ( #2937 ), #3129, .T. ) ;
#82 = FACE_OUTER_BOUND ( 'NONE', #2437, .T. ) ;
#83 = DIRECTION ( 'NONE',  ( 0.000000000000000000, 1.000000000000000000, 0.000000000000000000 ) ) ;
#84 = VERTEX_POINT ( 'NONE', #10674 ) ;
#85 = CARTESIAN_POINT ( 'NONE',  ( 7.499999999999944045, 11.00000000000000000, -34.49999999999989342 ) ) ;
#86 = ADVANCED_FACE ( 'NONE', ( #1119 ), #11691, .T. ) ;
#87 = CARTESIAN_POINT ( 'NONE',  ( 26.50000000000000000, 11.00000000000000000, -41.70000000000000995 ) ) ;
#88 = LINE ( 'NONE', #1231, #7247 ) ;
#89 = CARTESIAN_POINT ( 'NONE',  ( 44.50000000000000000, 2.000000000000000000, -30.99999999999993605 ) ) ;
#90 = CARTESIAN_POINT ( 'NONE',  ( 35.49999999999999289, 11.00000000000000000, -11.99999999999996270 ) ) ;
#91 = FACE_OUTER_BOUND ( 'NONE', #7438, .T. ) ;
#92 = DIRECTION ( 'NONE',  ( 0.000000000000000000, 1.000000000000000000, 0.000000000000000000 ) ) ;
#93 = ADVANCED_FACE ( 'NONE', ( #6992 ), #11816, .T. ) ;
#94 = AXIS2_PLACEMENT_3D ( 'NONE', #2123, #10752, #9795 ) ;
#95 = EDGE_CURVE ( 'NONE', #4272, #5358, #4144, .T. ) ;
#96 = LINE ( 'NONE', #7749, #8051 ) ;
#97 = LINE ( 'NONE', #3065, #8691 ) ;
#98 = DIRECTION ( 'NONE',  ( 0.000000000000000000, 0.000000000000000000, -1.000000000000000000 ) ) ;
#99 = EDGE_CURVE ( 'NONE', #4940, #3908, #7375, .T. ) ;
#100 = ORIENTED_EDGE ( 'NONE', *, *, #9073, .T. ) ;
#101 = CYLINDRICAL_SURFACE ( 'NONE', #1451, 0.9999999999999974465 ) ;
#102 = CIRCLE ( 'NONE', #6153, 0.9999999999999983347 ) ;
#103 = ORIENTED_EDGE ( 'NONE', *, *, #7234, .F. ) ;
#104 = FACE_OUTER_BOUND ( 'NONE', #10285, .T. ) ;
#105 = FACE_OUTER_BOUND ( 'NONE', #4095, .T. ) ;
#106 = CIRCLE ( 'NONE', #7783, 1.000000000000000888 ) ;
#107 = ORIENTED_EDGE ( 'NONE', *, *, #11638, .F. ) ;
#108 = VERTEX_POINT ( 'NONE', #9732 ) ;
#109 = CARTESIAN_POINT ( 'NONE',  ( 20.99999999999990052, 11.00000000000000000, -34.49999999999998579 ) ) ;
#110 = PLANE ( 'NONE',  #11683 ) ;
#111 = EDGE_CURVE ( 'NONE', #11362, #8209, #717, .T. ) ;
#112 = CIRCLE ( 'NONE', #1728, 1.000000000000000888 ) ;
#113 = EDGE_CURVE ( 'NONE', #8580, #4562, #8176, .T. ) ;
#114 = ORIENTED_EDGE ( 'NONE', *, *, #2674, .F. ) ;
#115 = DIRECTION ( 'NONE',  ( 0.000000000000000000, 1.000000000000000000, 0.000000000000000000 ) ) ;
#116 = EDGE_LOOP ( 'NONE', ( #239, #4489, #8663, #11812 ) ) ;
#117 = EDGE_LOOP ( 'NONE', ( #8397, #6620, #8553, #10116 ) ) ;
#118 = DIRECTION ( 'NONE',  ( 0.000000000000000000, 1.000000000000000000, 0.000000000000000000 ) ) ;
#119 = DIRECTION ( 'NONE',  ( 0.000000000000000000, 1.000000000000000000, 0.000000000000000000 ) ) ;
#120 = FACE_OUTER_BOUND ( 'NONE', #10348, .T. ) ;
#121 = ORIENTED_EDGE ( 'NONE', *, *, #4494, .T. ) ;
#122 = ORIENTED_EDGE ( 'NONE', *, *, #9830, .T. ) ;
#123 = CARTESIAN_POINT ( 'NONE',  ( 6.500000000000005329, 2.000000000000000000, -6.500000000000000888 ) ) ;
#124 = CARTESIAN_POINT ( 'NONE',  ( 7.500000000000020428, 11.00000000000000000, -11.99999999999990230 ) ) ;
#125 = VECTOR ( 'NONE', #8016, 1000.000000000000000 ) ;
#126 = CARTESIAN_POINT ( 'NONE',  ( 48.49999999999999289, 2.000000000000000000, -20.99999999999992895 ) ) ;
#127 = AXIS2_PLACEMENT_3D ( 'NONE', #2200, #10823, #11890 ) ;
#128 = ADVANCED_FACE ( 'NONE', ( #5035 ), #1302, .T. ) ;
#129 = VERTEX_POINT ( 'NONE', #6865 ) ;
#130 = CARTESIAN_POINT ( 'NONE',  ( 4.000000000000000888, 2.000000000000000000, -43.50000000000000000 ) ) ;
#131 = ORIENTED_EDGE ( 'NONE', *, *, #2673, .F. ) ;
#132 = EDGE_LOOP ( 'NONE', ( #10183, #4386, #2382, #9668, #2957, #10704 ) ) ;
#133 = DIRECTION ( 'NONE',  ( -0.000000000000000000, 1.000000000000000000, -0.000000000000000000 ) ) ;
#134 = CARTESIAN_POINT ( 'NONE',  ( 44.50000000000000000, 2.000000000000000000, -38.99999999999994316 ) ) ;
#135 = CARTESIAN_POINT ( 'NONE',  ( 53.54142135623727938, 9.799999999999998934, -40.50000000000000711 ) ) ;
#136 = VERTEX_POINT ( 'NONE', #8903 ) ;
#137 = VECTOR ( 'NONE', #12130, 1000.000000000000000 ) ;
#138 = DIRECTION ( 'NONE',  ( -0.000000000000000000, -0.000000000000000000, 1.000000000000000000 ) ) ;
#139 = FACE_BOUND ( 'NONE', #3429, .T. ) ;
#140 = CARTESIAN_POINT ( 'NONE',  ( 72.49999999999998579, 11.00000000000000000, -11.99999999999999645 ) ) ;
#141 = DIRECTION ( 'NONE',  ( 0.000000000000000000, 0.000000000000000000, -1.000000000000000000 ) ) ;
#142 = AXIS2_PLACEMENT_3D ( 'NONE', #3609, #4623, #11222 ) ;
#143 = VECTOR ( 'NONE', #7488, 1000.000000000000000 ) ;
#144 = EDGE_CURVE ( 'NONE', #9975, #4098, #4977, .T. ) ;
#145 = FACE_OUTER_BOUND ( 'NONE', #7847, .T. ) ;
#146 = CIRCLE ( 'NONE', #10452, 0.9999999999999940048 ) ;
#147 = AXIS2_PLACEMENT_3D ( 'NONE', #746, #7448, #5548 ) ;
#148 = CARTESIAN_POINT ( 'NONE',  ( 58.99999999999995737, 11.00000000000000000, -30.99999999999989342 ) ) ;
#149 = ORIENTED_EDGE ( 'NONE', *, *, #10227, .T. ) ;
#150 = CARTESIAN_POINT ( 'NONE',  ( 9.629881652306632883E-05, 11.00000000000000000, -1.005922452988877946 ) ) ;
#151 = DIRECTION ( 'NONE',  ( -0.000000000000000000, 1.000000000000000000, 0.000000000000000000 ) ) ;
#152 = FACE_OUTER_BOUND ( 'NONE', #6256, .T. ) ;
#153 = ORIENTED_EDGE ( 'NONE', *, *, #5059, .T. ) ;
#154 = CARTESIAN_POINT ( 'NONE',  ( 80.00000000000000000, 9.799999999999998934, -2.999999999999992895 ) ) ;
#155 = DIRECTION ( 'NONE',  ( 0.000000000000000000, 0.000000000000000000, 1.000000000000000000 ) ) ;
#156 = DIRECTION ( 'NONE',  ( 0.000000000000000000, 0.000000000000000000, 1.000000000000000000 ) ) ;
#157 = DIRECTION ( 'NONE',  ( 0.000000000000000000, 0.000000000000000000, 1.000000000000000000 ) ) ;
#158 = CIRCLE ( 'NONE', #11689, 1.000000000000000888 ) ;
#159 = DIRECTION ( 'NONE',  ( 0.000000000000000000, 1.000000000000000000, 0.000000000000000000 ) ) ;
#160 = CARTESIAN_POINT ( 'NONE',  ( 67.99999999999995737, 2.000000000000000000, -21.99999999999996092 ) ) ;
#161 = ORIENTED_EDGE ( 'NONE', *, *, #11125, .F. ) ;
#162 = CARTESIAN_POINT ( 'NONE',  ( 16.49999999999995381, 11.00000000000000000, -25.49999999999996092 ) ) ;
#163 = DIRECTION ( 'NONE',  ( 0.000000000000000000, 1.000000000000000000, 0.000000000000000000 ) ) ;
#164 = ADVANCED_FACE ( 'NONE', ( #8834 ), #11763, .T. ) ;
#165 = EDGE_LOOP ( 'NONE', ( #9664, #327 ) ) ;
#166 = DIRECTION ( 'NONE',  ( -0.000000000000000000, -1.000000000000000000, -0.000000000000000000 ) ) ;
#167 = VERTEX_POINT ( 'NONE', #6161 ) ;
#168 = CARTESIAN_POINT ( 'NONE',  ( 35.07228714274742032, 9.799999999999998934, -3.000000000000003109 ) ) ;
#169 = ORIENTED_EDGE ( 'NONE', *, *, #509, .F. ) ;
#170 = FACE_OUTER_BOUND ( 'NONE', #4440, .T. ) ;
#171 = ADVANCED_FACE ( 'NONE', ( #3501 ), #6220, .F. ) ;
#172 = EDGE_CURVE ( 'NONE', #11198, #2460, #4337, .T. ) ;
#173 = DIRECTION ( 'NONE',  ( -0.000000000000000000, 1.000000000000000000, -0.000000000000000000 ) ) ;
#174 = EDGE_CURVE ( 'NONE', #1118, #4435, #4954, .T. ) ;
#175 = CIRCLE ( 'NONE', #5833, 0.9999999999999974465 ) ;
#176 = AXIS2_PLACEMENT_3D ( 'NONE', #5875, #8850, #10502 ) ;
#177 = AXIS2_PLACEMENT_3D ( 'NONE', #8741, #11788, #7916 ) ;
#178 = ORIENTED_EDGE ( 'NONE', *, *, #3397, .T. ) ;
#179 = CARTESIAN_POINT ( 'NONE',  ( 38.47228714274731232, 11.00000000000000000, -47.19999999999999574 ) ) ;
#180 = ADVANCED_FACE ( 'NONE', ( #9208 ), #5283, .F. ) ;
#181 = EDGE_LOOP ( 'NONE', ( #3211, #221 ) ) ;
#182 = ORIENTED_EDGE ( 'NONE', *, *, #10862, .T. ) ;
#183 = CARTESIAN_POINT ( 'NONE',  ( 18.75619947568033652, 11.00000000000000000, -4.000059493681638045 ) ) ;
#184 = CARTESIAN_POINT ( 'NONE',  ( 35.49999999999999289, 11.00000000000000000, -16.49999999999996092 ) ) ;
#185 = FACE_OUTER_BOUND ( 'NONE', #6070, .T. ) ;
#186 = CIRCLE ( 'NONE', #2798, 0.9999999999999974465 ) ;
#187 = AXIS2_PLACEMENT_3D ( 'NONE', #2227, #276, #12390 ) ;
#188 = VERTEX_POINT ( 'NONE', #410 ) ;
#189 = ORIENTED_EDGE ( 'NONE', *, *, #5596, .T. ) ;
#190 = VECTOR ( 'NONE', #4550, 1000.000000000000000 ) ;
#191 = DIRECTION ( 'NONE',  ( -0.000000000000000000, 1.000000000000000000, -0.000000000000000000 ) ) ;
#192 = EDGE_CURVE ( 'NONE', #12248, #4547, #2537, .T. ) ;
#193 = FACE_BOUND ( 'NONE', #11420, .T. ) ;
#194 = EDGE_CURVE ( 'NONE', #8276, #8084, #3740, .T. ) ;
#195 = AXIS2_PLACEMENT_3D ( 'NONE', #9443, #6584, #4505 ) ;
#196 = CIRCLE ( 'NONE', #7248, 0.9999999999999974465 ) ;
#197 = EDGE_LOOP ( 'NONE', ( #2050, #10052, #10505, #1123 ) ) ;
#198 = DIRECTION ( 'NONE',  ( -0.000000000000000000, -1.000000000000000000, -0.000000000000000000 ) ) ;
#199 = VERTEX_POINT ( 'NONE', #10281 ) ;
#200 = VERTEX_POINT ( 'NONE', #12180 ) ;
#201 = CARTESIAN_POINT ( 'NONE',  ( 7.499999999999944045, 2.000000000000000000, -35.49999999999989342 ) ) ;
#202 = DIRECTION ( 'NONE',  ( -0.000000000000000000, 1.000000000000000000, -0.000000000000000000 ) ) ;
#203 = AXIS2_PLACEMENT_3D ( 'NONE', #7689, #2876, #4532 ) ;
#204 = LINE ( 'NONE', #7657, #6121 ) ;
#205 = ORIENTED_EDGE ( 'NONE', *, *, #8320, .T. ) ;
#206 = DIRECTION ( 'NONE',  ( 0.000000000000000000, 0.000000000000000000, 1.000000000000000000 ) ) ;
#207 = FACE_BOUND ( 'NONE', #11224, .T. ) ;
#208 = LINE ( 'NONE', #2272, #11907 ) ;
#209 = AXIS2_PLACEMENT_3D ( 'NONE', #6285, #5276, #405 ) ;
#210 = VECTOR ( 'NONE', #5182, 1000.000000000000114 ) ;
#211 = VECTOR ( 'NONE', #7205, 1000.000000000000000 ) ;
#212 = EDGE_CURVE ( 'NONE', #2590, #9882, #9340, .T. ) ;
#213 = AXIS2_PLACEMENT_3D ( 'NONE', #6140, #2222, #1338 ) ;
#214 = LINE ( 'NONE', #5015, #6542 ) ;
#215 = VECTOR ( 'NONE', #7399, 1000.000000000000000 ) ;
#216 = CARTESIAN_POINT ( 'NONE',  ( 49.48185900165483275, 2.000000000000000000, -38.81038749811947497 ) ) ;
#217 = EDGE_LOOP ( 'NONE', ( #11833, #8849, #765, #10982 ) ) ;
#218 = CARTESIAN_POINT ( 'NONE',  ( 48.49999999999999289, 2.000000000000000000, -21.99999999999992539 ) ) ;
#219 = DIRECTION ( 'NONE',  ( -0.000000000000000000, 1.000000000000000000, -0.000000000000000000 ) ) ;
#220 = CARTESIAN_POINT ( 'NONE',  ( 20.99999999999994316, 11.00000000000000000, -25.49999999999999289 ) ) ;
#221 = ORIENTED_EDGE ( 'NONE', *, *, #10633, .F. ) ;
#222 = FACE_OUTER_BOUND ( 'NONE', #3662, .T. ) ;
#223 = AXIS2_PLACEMENT_3D ( 'NONE', #9580, #4761, #11548 ) ;
#224 = DIRECTION ( 'NONE',  ( 0.000000000000000000, 0.000000000000000000, 1.000000000000000000 ) ) ;
#225 = CARTESIAN_POINT ( 'NONE',  ( 44.50000000000000000, 2.000000000000000000, -34.49999999999994316 ) ) ;
#226 = EDGE_CURVE ( 'NONE', #1163, #3942, #8592, .T. ) ;
#227 = AXIS2_PLACEMENT_3D ( 'NONE', #4340, #10997, #7254 ) ;
#228 = EDGE_CURVE ( 'NONE', #7271, #3286, #106, .T. ) ;
#229 = CIRCLE ( 'NONE', #5258, 0.9999999999999974465 ) ;
#230 = DIRECTION ( 'NONE',  ( -0.000000000000000000, -1.000000000000000000, -0.000000000000000000 ) ) ;
#231 = DIRECTION ( 'NONE',  ( 0.000000000000000000, 1.000000000000000000, 0.000000000000000000 ) ) ;
#232 = ORIENTED_EDGE ( 'NONE', *, *, #3250, .F. ) ;
#233 = CARTESIAN_POINT ( 'NONE',  ( 80.00000000000000000, 11.00000000000000000, -50.00000000000000000 ) ) ;
#234 = CYLINDRICAL_SURFACE ( 'NONE', #5888, 0.9999999999999983347 ) ;
#235 = CIRCLE ( 'NONE', #8928, 3.000000000000009770 ) ;
#236 = VERTEX_POINT ( 'NONE', #2296 ) ;
#237 = DIRECTION ( 'NONE',  ( -0.7071067811865513475, 0.000000000000000000, 0.7071067811865437980 ) ) ;
#238 = ORIENTED_EDGE ( 'NONE', *, *, #12311, .F. ) ;
#239 = ORIENTED_EDGE ( 'NONE', *, *, #3603, .T. ) ;
#240 = CARTESIAN_POINT ( 'NONE',  ( 7.499999999999958256, 11.00000000000000000, -28.99999999999989697 ) ) ;
#241 = CARTESIAN_POINT ( 'NONE',  ( 63.49999999999995737, 11.00000000000000000, -25.49999999999992895 ) ) ;
#242 = AXIS2_PLACEMENT_3D ( 'NONE', #3105, #7923, #6018 ) ;
#243 = AXIS2_PLACEMENT_3D ( 'NONE', #3252, #3436, #4263 ) ;
#244 = ORIENTED_EDGE ( 'NONE', *, *, #4721, .F. ) ;
#245 = EDGE_CURVE ( 'NONE', #10171, #10694, #8998, .T. ) ;
#246 = DIRECTION ( 'NONE',  ( 0.000000000000000000, 0.000000000000000000, 1.000000000000000000 ) ) ;
#247 = EDGE_LOOP ( 'NONE', ( #4931, #12134, #9745, #10078 ) ) ;
#248 = ORIENTED_EDGE ( 'NONE', *, *, #7008, .T. ) ;
#249 = FACE_OUTER_BOUND ( 'NONE', #985, .T. ) ;
#250 = DIRECTION ( 'NONE',  ( -0.000000000000000000, 1.000000000000000000, -0.000000000000000000 ) ) ;
#251 = EDGE_CURVE ( 'NONE', #7277, #7957, #2721, .T. ) ;
#252 = VERTEX_POINT ( 'NONE', #470 ) ;
#253 = EDGE_LOOP ( 'NONE', ( #3851, #11304, #11280, #5434 ) ) ;
#254 = CARTESIAN_POINT ( 'NONE',  ( 28.00000000000000355, 11.00000000000000000, -31.14999999999999858 ) ) ;
#255 = DIRECTION ( 'NONE',  ( 0.000000000000000000, 1.000000000000000000, 0.000000000000000000 ) ) ;
#256 = EDGE_CURVE ( 'NONE', #10072, #8075, #507, .T. ) ;
#257 = VERTEX_POINT ( 'NONE', #3314 ) ;
#258 = EDGE_CURVE ( 'NONE', #12325, #11199, #5399, .T. ) ;
#259 = CYLINDRICAL_SURFACE ( 'NONE', #2189, 0.9999999999999974465 ) ;
#260 = VERTEX_POINT ( 'NONE', #7171 ) ;
#261 = ORIENTED_EDGE ( 'NONE', *, *, #7207, .F. ) ;
#262 = CARTESIAN_POINT ( 'NONE',  ( 74.55677228167498072, 9.799999999999998934, -44.75470390403734200 ) ) ;
#263 = LINE ( 'NONE', #11597, #1988 ) ;
#264 = EDGE_CURVE ( 'NONE', #11721, #4597, #3374, .T. ) ;
#265 = CARTESIAN_POINT ( 'NONE',  ( 71.48517677218623589, 9.799999999999998934, 8.514823227813847595 ) ) ;
#266 = ORIENTED_EDGE ( 'NONE', *, *, #5284, .T. ) ;
#267 = CARTESIAN_POINT ( 'NONE',  ( 67.99999999999997158, 2.000000000000000000, -16.49999999999996447 ) ) ;
#268 = FACE_BOUND ( 'NONE', #6781, .T. ) ;
#269 = CARTESIAN_POINT ( 'NONE',  ( 12.00000000000003197, 11.00000000000000000, -6.499999999999938716 ) ) ;
#270 = DIRECTION ( 'NONE',  ( 0.000000000000000000, 0.000000000000000000, 1.000000000000000000 ) ) ;
#271 = DIRECTION ( 'NONE',  ( 0.000000000000000000, 0.000000000000000000, -1.000000000000000000 ) ) ;
#272 = ORIENTED_EDGE ( 'NONE', *, *, #1687, .T. ) ;
#273 = FACE_OUTER_BOUND ( 'NONE', #9614, .T. ) ;
#274 = EDGE_CURVE ( 'NONE', #7636, #1163, #2423, .T. ) ;
#275 = CARTESIAN_POINT ( 'NONE',  ( 7.499999999999992895, 11.00000000000000000, -20.99999999999990052 ) ) ;
#276 = DIRECTION ( 'NONE',  ( -0.000000000000000000, 0.000000000000000000, -1.000000000000000000 ) ) ;
#277 = ORIENTED_EDGE ( 'NONE', *, *, #4969, .T. ) ;
#278 = VECTOR ( 'NONE', #9881, 1000.000000000000114 ) ;
#279 = FACE_OUTER_BOUND ( 'NONE', #10314, .T. ) ;
#280 = CARTESIAN_POINT ( 'NONE',  ( 31.50000000000000711, 11.00000000000000000, -16.49999999999997158 ) ) ;
#281 = CARTESIAN_POINT ( 'NONE',  ( 19.91263709774425905, 2.000000000000000000, -4.732233047033620466 ) ) ;
#282 = AXIS2_PLACEMENT_3D ( 'NONE', #8313, #8852, #9270 ) ;
#283 = CYLINDRICAL_SURFACE ( 'NONE', #4260, 0.9999999999999974465 ) ;
#284 = FACE_BOUND ( 'NONE', #12035, .T. ) ;
#285 = ORIENTED_EDGE ( 'NONE', *, *, #7382, .T. ) ;
#286 = DIRECTION ( 'NONE',  ( -0.000000000000000000, -1.000000000000000000, -0.000000000000000000 ) ) ;
#287 = EDGE_CURVE ( 'NONE', #10267, #5205, #10159, .T. ) ;
#288 = EDGE_CURVE ( 'NONE', #108, #9394, #11021, .T. ) ;
#289 = CARTESIAN_POINT ( 'NONE',  ( 63.49999999999995737, 2.000000000000000000, -25.49999999999992895 ) ) ;
#290 = VERTEX_POINT ( 'NONE', #597 ) ;
#291 = DIRECTION ( 'NONE',  ( -0.000000000000000000, -1.000000000000000000, -0.000000000000000000 ) ) ;
#292 = ORIENTED_EDGE ( 'NONE', *, *, #5444, .F. ) ;
#293 = ORIENTED_EDGE ( 'NONE', *, *, #11749, .T. ) ;
#294 = LINE ( 'NONE', #4206, #4743 ) ;
#295 = VECTOR ( 'NONE', #8665, 1000.000000000000000 ) ;
#296 = DIRECTION ( 'NONE',  ( 0.000000000000000000, 0.000000000000000000, -1.000000000000000000 ) ) ;
#297 = CARTESIAN_POINT ( 'NONE',  ( 72.49999999999990052, 2.000000000000000000, -33.49999999999998579 ) ) ;
#298 = ADVANCED_FACE ( 'NONE', ( #1154 ), #6835, .T. ) ;
#299 = ORIENTED_EDGE ( 'NONE', *, *, #10226, .T. ) ;
#300 = DIRECTION ( 'NONE',  ( -1.000000000000000000, 0.000000000000000000, 6.999854048275122104E-16 ) ) ;
#301 = EDGE_LOOP ( 'NONE', ( #4706, #466, #9231, #8196 ) ) ;
#302 = ORIENTED_EDGE ( 'NONE', *, *, #11671, .F. ) ;
#303 = CARTESIAN_POINT ( 'NONE',  ( 72.49999999999988631, 11.00000000000000000, -39.99999999999998579 ) ) ;
#304 = DIRECTION ( 'NONE',  ( 0.000000000000000000, 0.000000000000000000, 1.000000000000000000 ) ) ;
#305 = EDGE_LOOP ( 'NONE', ( #9983, #7594, #9165, #7953 ) ) ;
#306 = ORIENTED_EDGE ( 'NONE', *, *, #11797, .T. ) ;
#307 = DIRECTION ( 'NONE',  ( 0.000000000000000000, 0.000000000000000000, -1.000000000000000000 ) ) ;
#308 = CARTESIAN_POINT ( 'NONE',  ( 80.00000000000000000, 11.00000000000000000, -50.00000000000000000 ) ) ;
#309 = AXIS2_PLACEMENT_3D ( 'NONE', #9147, #3259, #2481 ) ;
#310 = ORIENTED_EDGE ( 'NONE', *, *, #12311, .T. ) ;
#311 = ORIENTED_EDGE ( 'NONE', *, *, #113, .F. ) ;
#312 = ORIENTED_EDGE ( 'NONE', *, *, #7363, .T. ) ;
#313 = CARTESIAN_POINT ( 'NONE',  ( 16.49999999999992539, 2.000000000000000000, -35.49999999999996447 ) ) ;
#314 = DIRECTION ( 'NONE',  ( -0.000000000000000000, -1.000000000000000000, 0.000000000000000000 ) ) ;
#315 = CARTESIAN_POINT ( 'NONE',  ( 53.54142135623729359, 11.00000000000000000, -43.30000000000000426 ) ) ;
#316 = VERTEX_POINT ( 'NONE', #7021 ) ;
#317 = EDGE_CURVE ( 'NONE', #9564, #6143, #2149, .T. ) ;
#318 = CARTESIAN_POINT ( 'NONE',  ( 20.99999999999991473, 11.00000000000000000, -30.99999999999998579 ) ) ;
#319 = FACE_BOUND ( 'NONE', #4710, .T. ) ;
#320 = CARTESIAN_POINT ( 'NONE',  ( 40.00000000000000000, 11.00000000000000000, -9.749999999999953815 ) ) ;
#321 = EDGE_CURVE ( 'NONE', #7456, #5454, #5562, .T. ) ;
#322 = ADVANCED_FACE ( 'NONE', ( #10779 ), #2092, .T. ) ;
#323 = EDGE_CURVE ( 'NONE', #9044, #11093, #3324, .T. ) ;
#324 = FACE_OUTER_BOUND ( 'NONE', #5988, .T. ) ;
#325 = DIRECTION ( 'NONE',  ( -0.000000000000000000, 1.000000000000000000, -0.000000000000000000 ) ) ;
#326 = VERTEX_POINT ( 'NONE', #7789 ) ;
#327 = ORIENTED_EDGE ( 'NONE', *, *, #11764, .T. ) ;
#328 = LINE ( 'NONE', #4184, #8440 ) ;
#329 = CARTESIAN_POINT ( 'NONE',  ( 52.00000000000000000, 11.00000000000000000, -32.14999999999999858 ) ) ;
#330 = CARTESIAN_POINT ( 'NONE',  ( 48.49999999999999289, 11.00000000000000000, -35.49999999999992895 ) ) ;
#331 = CARTESIAN_POINT ( 'NONE',  ( 40.99999999999999289, 11.00000000000000000, -46.00000000000000000 ) ) ;
#332 = VERTEX_POINT ( 'NONE', #9827 ) ;
#333 = LINE ( 'NONE', #4444, #5023 ) ;
#334 = DIRECTION ( 'NONE',  ( 1.000000000000000000, 0.000000000000000000, -3.352801296326884019E-17 ) ) ;
#335 = CARTESIAN_POINT ( 'NONE',  ( 29.34974746830583570, 9.799999999999998934, -7.479898987322322945 ) ) ;
#336 = AXIS2_PLACEMENT_3D ( 'NONE', #11363, #8564, #12429 ) ;
#337 = AXIS2_PLACEMENT_3D ( 'NONE', #4620, #763, #6576 ) ;
#338 = ADVANCED_FACE ( 'NONE', ( #11666 ), #1029, .T. ) ;
#339 = DIRECTION ( 'NONE',  ( -0.000000000000000000, -1.000000000000000000, -0.000000000000000000 ) ) ;
#340 = DIRECTION ( 'NONE',  ( -1.000000000000000000, 0.000000000000000000, 0.000000000000000000 ) ) ;
#341 = ORIENTED_EDGE ( 'NONE', *, *, #4137, .F. ) ;
#342 = FACE_OUTER_BOUND ( 'NONE', #11873, .T. ) ;
#343 = DIRECTION ( 'NONE',  ( -0.000000000000000000, -1.000000000000000000, 0.000000000000000000 ) ) ;
#344 = VERTEX_POINT ( 'NONE', #8031 ) ;
#345 = DIRECTION ( 'NONE',  ( 0.000000000000000000, 0.000000000000000000, -1.000000000000000000 ) ) ;
#346 = VERTEX_POINT ( 'NONE', #5128 ) ;
#347 = ORIENTED_EDGE ( 'NONE', *, *, #760, .F. ) ;
#348 = CARTESIAN_POINT ( 'NONE',  ( 67.99999999999990052, 11.00000000000000000, -37.99999999999995026 ) ) ;
#349 = AXIS2_PLACEMENT_3D ( 'NONE', #1637, #934, #6686 ) ;
#350 = FACE_OUTER_BOUND ( 'NONE', #2090, .T. ) ;
#351 = EDGE_CURVE ( 'NONE', #7061, #11517, #5898, .T. ) ;
#352 = AXIS2_PLACEMENT_3D ( 'NONE', #8318, #6602, #12187 ) ;
#353 = DIRECTION ( 'NONE',  ( -0.000000000000000000, -1.000000000000000000, -0.000000000000000000 ) ) ;
#354 = ORIENTED_EDGE ( 'NONE', *, *, #849, .T. ) ;
#355 = VERTEX_POINT ( 'NONE', #5955 ) ;
#356 = ORIENTED_EDGE ( 'NONE', *, *, #9121, .T. ) ;
#357 = DIRECTION ( 'NONE',  ( 0.000000000000000000, 1.000000000000000000, 0.000000000000000000 ) ) ;
#358 = CARTESIAN_POINT ( 'NONE',  ( 74.55677228167498072, 9.799999999999998934, -49.20000000000000284 ) ) ;
#359 = ORIENTED_EDGE ( 'NONE', *, *, #12131, .F. ) ;
#360 = EDGE_LOOP ( 'NONE', ( #9990, #11829, #5314, #11757 ) ) ;
#361 = PLANE ( 'NONE',  #903 ) ;
#362 = DIRECTION ( 'NONE',  ( 0.7071067811865474617, 0.000000000000000000, -0.7071067811865474617 ) ) ;
#363 = CIRCLE ( 'NONE', #8239, 1.000000000000000888 ) ;
#364 = ADVANCED_FACE ( 'NONE', ( #5010, #4887, #8745, #8873, #319, #6016, #9884, #4174, #2037, #1967, #9765, #207, #1089, #4947, #6960, #3102, #8811, #139, #7853, #3045, #6902, #10836, #1217, #5073, #8941, #268, #4118, #7973, #11847, #6380, #5436, #11974, #3410, #9052, #5316, #11904, #377, #5183, #11212, #11081, #7143, #1330, #2389, #4425, #3229, #3474, #10192, #11019, #2270, #6258, #7086, #8282, #6193, #2513, #12155, #2330, #10253, #1582, #4237, #8158, #7339, #9312, #635, #9180, #11156, #3292, #10963, #4361, #6134, #5375, #10005, #8102, #10062, #10134, #1394, #1463, #506, #9239, #2457, #5251, #4492, #8218, #9119, #446, #7280, #4299, #12029, #3349, #7211, #12088 ), #6318, .T. ) ;
#365 = EDGE_CURVE ( 'NONE', #12325, #4188, #6968, .T. ) ;
#366 = ORIENTED_EDGE ( 'NONE', *, *, #2168, .F. ) ;
#367 = CIRCLE ( 'NONE', #10692, 0.9999999999999974465 ) ;
#368 = AXIS2_PLACEMENT_3D ( 'NONE', #3205, #10817, #6058 ) ;
#369 = AXIS2_PLACEMENT_3D ( 'NONE', #2970, #202, #8805 ) ;
#370 = EDGE_LOOP ( 'NONE', ( #782, #1714 ) ) ;
#371 = ORIENTED_EDGE ( 'NONE', *, *, #42, .F. ) ;
#372 = DIRECTION ( 'NONE',  ( 0.000000000000000000, 0.000000000000000000, 1.000000000000000000 ) ) ;
#373 = CARTESIAN_POINT ( 'NONE',  ( 79.00000000000001421, 9.799999999999998934, -2.762250190341694227E-14 ) ) ;
#374 = LINE ( 'NONE', #3289, #6526 ) ;
#375 = ORIENTED_EDGE ( 'NONE', *, *, #1262, .T. ) ;
#376 = DIRECTION ( 'NONE',  ( 0.000000000000000000, 1.000000000000000000, 0.000000000000000000 ) ) ;
#377 = FACE_BOUND ( 'NONE', #11139, .T. ) ;
#378 = LINE ( 'NONE', #2390, #9074 ) ;
#379 = DATE_TIME_ROLE ( 'classification_date' ) ;
#380 = VECTOR ( 'NONE', #5011, 1000.000000000000000 ) ;
#381 = AXIS2_PLACEMENT_3D ( 'NONE', #9984, #357, #8081 ) ;
#382 = VECTOR ( 'NONE', #250, 1000.000000000000000 ) ;
#383 = EDGE_CURVE ( 'NONE', #6498, #6593, #3130, .T. ) ;
#384 = DIRECTION ( 'NONE',  ( 0.000000000000000000, 0.000000000000000000, 1.000000000000000000 ) ) ;
#385 = CARTESIAN_POINT ( 'NONE',  ( 15.35613998199869457, 9.799999999999998934, -49.20000000000000995 ) ) ;
#386 = ORIENTED_EDGE ( 'NONE', *, *, #1279, .T. ) ;
#387 = ORIENTED_EDGE ( 'NONE', *, *, #10509, .T. ) ;
#388 = DIRECTION ( 'NONE',  ( 0.000000000000000000, 0.000000000000000000, 1.000000000000000000 ) ) ;
#389 = AXIS2_PLACEMENT_3D ( 'NONE', #2363, #1309, #7249 ) ;
#390 = DIRECTION ( 'NONE',  ( 1.315205372940911983E-16, 0.000000000000000000, -1.000000000000000000 ) ) ;
#391 = VECTOR ( 'NONE', #10205, 1000.000000000000000 ) ;
#392 = VECTOR ( 'NONE', #2283, 1000.000000000000000 ) ;
#393 = DIRECTION ( 'NONE',  ( 0.000000000000000000, -1.000000000000000000, 0.000000000000000000 ) ) ;
#394 = CARTESIAN_POINT ( 'NONE',  ( 72.49999999999990052, 2.000000000000000000, -35.49999999999999289 ) ) ;
#395 = AXIS2_PLACEMENT_3D ( 'NONE', #3542, #4563, #8417 ) ;
#396 = EDGE_CURVE ( 'NONE', #4157, #1306, #5156, .T. ) ;
#397 = CARTESIAN_POINT ( 'NONE',  ( 7.500000000000020428, 2.000000000000000000, -11.99999999999990230 ) ) ;
#398 = CARTESIAN_POINT ( 'NONE',  ( -3.352801296326895729E-17, 9.799999999999998934, -1.000000000000003553 ) ) ;
#399 = FACE_OUTER_BOUND ( 'NONE', #5463, .T. ) ;
#400 = VECTOR ( 'NONE', #5601, 1000.000000000000000 ) ;
#401 = AXIS2_PLACEMENT_3D ( 'NONE', #9451, #5584, #7545 ) ;
#402 = AXIS2_PLACEMENT_3D ( 'NONE', #12344, #7526, #5627 ) ;
#403 = EDGE_CURVE ( 'NONE', #11166, #9794, #11459, .T. ) ;
#404 = CARTESIAN_POINT ( 'NONE',  ( 59.00000000000000711, 11.00000000000000000, -16.49999999999990408 ) ) ;
#405 = DIRECTION ( 'NONE',  ( 0.000000000000000000, 0.000000000000000000, -1.000000000000000000 ) ) ;
#406 = ORIENTED_EDGE ( 'NONE', *, *, #6116, .F. ) ;
#407 = DIRECTION ( 'NONE',  ( 0.000000000000000000, 0.000000000000000000, -1.000000000000000000 ) ) ;
#408 = ADVANCED_FACE ( 'NONE', ( #8407 ), #7646, .T. ) ;
#409 = VERTEX_POINT ( 'NONE', #7462 ) ;
#410 = CARTESIAN_POINT ( 'NONE',  ( 12.00000000000000355, 11.00000000000000000, -12.99999999999993250 ) ) ;
#411 = EDGE_CURVE ( 'NONE', #3051, #8535, #2707, .T. ) ;
#412 = PLANE ( 'NONE',  #282 ) ;
#413 = AXIS2_PLACEMENT_3D ( 'NONE', #7606, #9641, #9832 ) ;
#414 = CIRCLE ( 'NONE', #7894, 0.9999999999999974465 ) ;
#415 = ORIENTED_EDGE ( 'NONE', *, *, #5351, .F. ) ;
#416 = DIRECTION ( 'NONE',  ( -0.000000000000000000, -1.000000000000000000, -0.000000000000000000 ) ) ;
#417 = ORIENTED_EDGE ( 'NONE', *, *, #6052, .F. ) ;
#418 = DIRECTION ( 'NONE',  ( -0.000000000000000000, -1.000000000000000000, -0.000000000000000000 ) ) ;
#419 = CARTESIAN_POINT ( 'NONE',  ( 37.64386001800112069, 9.799999999999998934, -49.20000000000000284 ) ) ;
#420 = AXIS2_PLACEMENT_3D ( 'NONE', #7186, #11056, #2367 ) ;
#421 = ADVANCED_FACE ( 'NONE', ( #12468 ), #889, .T. ) ;
#422 = PLANE ( 'NONE',  #2600 ) ;
#423 = ORIENTED_EDGE ( 'NONE', *, *, #1605, .T. ) ;
#424 = AXIS2_PLACEMENT_3D ( 'NONE', #11622, #8766, #8955 ) ;
#425 = VERTEX_POINT ( 'NONE', #4740 ) ;
#426 = VERTEX_POINT ( 'NONE', #1707 ) ;
#427 = DIRECTION ( 'NONE',  ( -0.000000000000000000, -1.000000000000000000, 0.000000000000000000 ) ) ;
#428 = LINE ( 'NONE', #8012, #1402 ) ;
#429 = EDGE_CURVE ( 'NONE', #4112, #557, #9609, .T. ) ;
#430 = ORIENTED_EDGE ( 'NONE', *, *, #5670, .T. ) ;
#431 = ORIENTED_EDGE ( 'NONE', *, *, #6890, .F. ) ;
#432 = DIRECTION ( 'NONE',  ( -0.7071067811865433539, 0.000000000000000000, -0.7071067811865517916 ) ) ;
#433 = AXIS2_PLACEMENT_3D ( 'NONE', #785, #3629, #7609 ) ;
#434 = DIRECTION ( 'NONE',  ( -0.000000000000000000, -0.000000000000000000, 1.000000000000000000 ) ) ;
#435 = ORIENTED_EDGE ( 'NONE', *, *, #1640, .F. ) ;
#436 = AXIS2_PLACEMENT_3D ( 'NONE', #5386, #3483, #5449 ) ;
#437 = VERTEX_POINT ( 'NONE', #12213 ) ;
#438 = ORIENTED_EDGE ( 'NONE', *, *, #11824, .F. ) ;
#439 = LINE ( 'NONE', #8935, #211 ) ;
#440 = FACE_OUTER_BOUND ( 'NONE', #9321, .T. ) ;
#441 = EDGE_CURVE ( 'NONE', #9816, #6702, #7400, .T. ) ;
#442 = DIRECTION ( 'NONE',  ( 0.000000000000000000, 1.000000000000000000, 0.000000000000000000 ) ) ;
#443 = ADVANCED_FACE ( 'NONE', ( #11399 ), #11273, .T. ) ;
#444 = ORIENTED_EDGE ( 'NONE', *, *, #10139, .F. ) ;
#445 = CARTESIAN_POINT ( 'NONE',  ( 71.48517677218623589, 11.00000000000000000, 8.514823227813847595 ) ) ;
#446 = FACE_BOUND ( 'NONE', #8152, .T. ) ;
#447 = CARTESIAN_POINT ( 'NONE',  ( 67.99999999999995737, 11.00000000000000000, -20.99999999999996447 ) ) ;
#448 = VERTEX_POINT ( 'NONE', #830 ) ;
#449 = DIRECTION ( 'NONE',  ( 0.000000000000000000, 1.000000000000000000, 0.000000000000000000 ) ) ;
#450 = CARTESIAN_POINT ( 'NONE',  ( 44.92771285725257258, 9.799999999999998934, -6.000000000000002665 ) ) ;
#451 = VERTEX_POINT ( 'NONE', #7585 ) ;
#452 = VERTEX_POINT ( 'NONE', #4685 ) ;
#453 = LINE ( 'NONE', #2465, #9192 ) ;
#454 = LINE ( 'NONE', #8949, #12373 ) ;
#455 = DIRECTION ( 'NONE',  ( 1.000000000000000000, -0.000000000000000000, -0.000000000000000000 ) ) ;
#456 = PLANE ( 'NONE',  #4227 ) ;
#457 = ORIENTED_EDGE ( 'NONE', *, *, #10796, .F. ) ;
#458 = DIRECTION ( 'NONE',  ( -0.7013957320894141922, 0.000000000000000000, -0.7127720722690772392 ) ) ;
#459 = FACE_OUTER_BOUND ( 'NONE', #6796, .T. ) ;
#460 = LINE ( 'NONE', #10852, #11432 ) ;
#461 = ADVANCED_FACE ( 'NONE', ( #3791 ), #4614, .F. ) ;
#462 = EDGE_CURVE ( 'NONE', #7383, #8209, #8544, .T. ) ;
#463 = DIRECTION ( 'NONE',  ( -0.000000000000000000, -1.000000000000000000, -0.000000000000000000 ) ) ;
#464 = CIRCLE ( 'NONE', #3090, 0.9999999999999974465 ) ;
#465 = DIRECTION ( 'NONE',  ( -0.7071067811865512365, 0.000000000000000000, 0.7071067811865439090 ) ) ;
#466 = ORIENTED_EDGE ( 'NONE', *, *, #11638, .T. ) ;
#467 = VECTOR ( 'NONE', #10889, 1000.000000000000000 ) ;
#468 = DIRECTION ( 'NONE',  ( 0.000000000000000000, 0.000000000000000000, -1.000000000000000000 ) ) ;
#469 = DIRECTION ( 'NONE',  ( -0.7127720722690795707, -0.000000000000000000, -0.7013957320894119718 ) ) ;
#470 = CARTESIAN_POINT ( 'NONE',  ( 63.50000000000000000, 11.00000000000000000, -12.99999999999993250 ) ) ;
#471 = CARTESIAN_POINT ( 'NONE',  ( 6.596088884706578439E-14, 9.799999999999998934, -6.300000000000552269 ) ) ;
#472 = ORIENTED_EDGE ( 'NONE', *, *, #3398, .F. ) ;
#473 = CARTESIAN_POINT ( 'NONE',  ( 73.50000000000000000, 11.00000000000000000, -46.00000000000000000 ) ) ;
#474 = ORIENTED_EDGE ( 'NONE', *, *, #9682, .T. ) ;
#475 = EDGE_CURVE ( 'NONE', #545, #9158, #11524, .T. ) ;
#476 = DIRECTION ( 'NONE',  ( 1.387778780781441100E-14, 0.000000000000000000, 1.000000000000000000 ) ) ;
#477 = CARTESIAN_POINT ( 'NONE',  ( 67.99999999999997158, 2.000000000000000000, -17.49999999999996447 ) ) ;
#478 = ADVANCED_FACE ( 'NONE', ( #9372 ), #1838, .T. ) ;
#479 = CIRCLE ( 'NONE', #9170, 2.500000000000002220 ) ;
#480 = EDGE_CURVE ( 'NONE', #10881, #12477, #12275, .T. ) ;
#481 = EDGE_CURVE ( 'NONE', #12511, #200, #11414, .T. ) ;
#482 = LINE ( 'NONE', #8192, #7663 ) ;
#483 = CARTESIAN_POINT ( 'NONE',  ( 7.500000000000007105, 11.00000000000000000, -15.49999999999990585 ) ) ;
#484 = ORIENTED_EDGE ( 'NONE', *, *, #4090, .F. ) ;
#485 = CARTESIAN_POINT ( 'NONE',  ( 17.92658080778186047, 11.00000000000000000, -3.000063337055368873 ) ) ;
#486 = AXIS2_PLACEMENT_3D ( 'NONE', #7129, #5114, #4348 ) ;
#487 = ORIENTED_EDGE ( 'NONE', *, *, #8363, .T. ) ;
#488 = ORIENTED_EDGE ( 'NONE', *, *, #5456, .T. ) ;
#489 = DIRECTION ( 'NONE',  ( 0.000000000000000000, 1.000000000000000000, 0.000000000000000000 ) ) ;
#490 = CARTESIAN_POINT ( 'NONE',  ( 35.49999999999999289, 11.00000000000000000, -38.99999999999996447 ) ) ;
#491 = ORIENTED_EDGE ( 'NONE', *, *, #3902, .T. ) ;
#492 = ORIENTED_EDGE ( 'NONE', *, *, #6604, .F. ) ;
#493 = CARTESIAN_POINT ( 'NONE',  ( 14.52771285725251715, 11.00000000000000000, -47.19999999999998863 ) ) ;
#494 = DIRECTION ( 'NONE',  ( -0.000000000000000000, 1.000000000000000000, -0.000000000000000000 ) ) ;
#495 = AXIS2_PLACEMENT_3D ( 'NONE', #10616, #1124, #8909 ) ;
#496 = EDGE_CURVE ( 'NONE', #12320, #9671, #3979, .T. ) ;
#497 = AXIS2_PLACEMENT_3D ( 'NONE', #1341, #8168, #8109 ) ;
#498 = EDGE_LOOP ( 'NONE', ( #11206, #8738, #4917, #2077 ) ) ;
#499 = ORIENTED_EDGE ( 'NONE', *, *, #2470, .F. ) ;
#500 = EDGE_LOOP ( 'NONE', ( #7352, #10234 ) ) ;
#501 = DIRECTION ( 'NONE',  ( 0.000000000000000000, 0.000000000000000000, 1.000000000000000000 ) ) ;
#502 = DIRECTION ( 'NONE',  ( -0.000000000000000000, -1.000000000000000000, -0.000000000000000000 ) ) ;
#503 = CARTESIAN_POINT ( 'NONE',  ( 20.99999999999997158, 11.00000000000000000, -17.49999999999999289 ) ) ;
#504 = ORIENTED_EDGE ( 'NONE', *, *, #3983, .F. ) ;
#505 = DIRECTION ( 'NONE',  ( -0.000000000000000000, 1.000000000000000000, -0.000000000000000000 ) ) ;
#506 = FACE_BOUND ( 'NONE', #6501, .T. ) ;
#507 = CIRCLE ( 'NONE', #7574, 0.9999999999999974465 ) ;
#508 = DIRECTION ( 'NONE',  ( 0.000000000000000000, 0.000000000000000000, 1.000000000000000000 ) ) ;
#509 = EDGE_CURVE ( 'NONE', #5839, #1626, #7989, .T. ) ;
#510 = VECTOR ( 'NONE', #6180, 1000.000000000000000 ) ;
#511 = ORIENTED_EDGE ( 'NONE', *, *, #411, .F. ) ;
#512 = LINE ( 'NONE', #6198, #7687 ) ;
#513 = DIRECTION ( 'NONE',  ( 0.000000000000000000, 1.000000000000000000, 0.000000000000000000 ) ) ;
#514 = VERTEX_POINT ( 'NONE', #12536 ) ;
#515 = ORIENTED_EDGE ( 'NONE', *, *, #8465, .T. ) ;
#516 = CARTESIAN_POINT ( 'NONE',  ( 11.99999999999992006, 11.00000000000000000, -38.99999999999992184 ) ) ;
#517 = FACE_OUTER_BOUND ( 'NONE', #690, .T. ) ;
#518 = FACE_OUTER_BOUND ( 'NONE', #3364, .T. ) ;
#519 = CYLINDRICAL_SURFACE ( 'NONE', #6027, 0.9999999999999974465 ) ;
#520 = EDGE_LOOP ( 'NONE', ( #9543, #3219, #5338, #633 ) ) ;
#521 = DIRECTION ( 'NONE',  ( -0.000000000000000000, -1.000000000000000000, -0.000000000000000000 ) ) ;
#522 = LINE ( 'NONE', #398, #12353 ) ;
#523 = CYLINDRICAL_SURFACE ( 'NONE', #6986, 1.000000000000000888 ) ;
#524 = EDGE_CURVE ( 'NONE', #11721, #11130, #10830, .T. ) ;
#525 = DIRECTION ( 'NONE',  ( 0.000000000000000000, 0.000000000000000000, -1.000000000000000000 ) ) ;
#526 = CYLINDRICAL_SURFACE ( 'NONE', #4634, 2.799999999999990052 ) ;
#527 = ORIENTED_EDGE ( 'NONE', *, *, #8177, .T. ) ;
#528 = CARTESIAN_POINT ( 'NONE',  ( 63.49999999999991473, 11.00000000000000000, -39.99999999999992184 ) ) ;
#529 = CARTESIAN_POINT ( 'NONE',  ( 35.49999999999999289, 11.00000000000000000, -28.99999999999996803 ) ) ;
#530 = DIRECTION ( 'NONE',  ( 0.000000000000000000, 0.000000000000000000, 1.000000000000000000 ) ) ;
#531 = DIRECTION ( 'NONE',  ( 1.000000000000000000, 0.000000000000000000, 1.046998235667619153E-14 ) ) ;
#532 = ORIENTED_EDGE ( 'NONE', *, *, #11178, .T. ) ;
#533 = DIRECTION ( 'NONE',  ( 0.000000000000000000, 1.000000000000000000, 0.000000000000000000 ) ) ;
#534 = EDGE_LOOP ( 'NONE', ( #10733, #2879, #9039, #6567 ) ) ;
#535 = CIRCLE ( 'NONE', #6998, 2.500000000000002220 ) ;
#536 = DIRECTION ( 'NONE',  ( -0.000000000000000000, 1.000000000000000000, -0.000000000000000000 ) ) ;
#537 = DIRECTION ( 'NONE',  ( -0.000000000000000000, 1.000000000000000000, -0.000000000000000000 ) ) ;
#538 = CIRCLE ( 'NONE', #9028, 2.799999999999997158 ) ;
#539 = EDGE_CURVE ( 'NONE', #6119, #7913, #4319, .T. ) ;
#540 = DIRECTION ( 'NONE',  ( 0.000000000000000000, 0.000000000000000000, -1.000000000000000000 ) ) ;
#541 = CARTESIAN_POINT ( 'NONE',  ( 12.00000000000000355, 11.00000000000000000, -12.99999999999993250 ) ) ;
#542 = ORIENTED_EDGE ( 'NONE', *, *, #4363, .T. ) ;
#543 = AXIS2_PLACEMENT_3D ( 'NONE', #9726, #11758, #6924 ) ;
#544 = AXIS2_PLACEMENT_3D ( 'NONE', #6046, #2067, #7823 ) ;
#545 = VERTEX_POINT ( 'NONE', #3027 ) ;
#546 = ORIENTED_EDGE ( 'NONE', *, *, #7220, .F. ) ;
#547 = DIRECTION ( 'NONE',  ( 0.000000000000000000, 1.000000000000000000, 0.000000000000000000 ) ) ;
#548 = DIRECTION ( 'NONE',  ( -0.000000000000000000, -1.000000000000000000, -0.000000000000000000 ) ) ;
#549 = ORIENTED_EDGE ( 'NONE', *, *, #3769, .F. ) ;
#550 = ORIENTED_EDGE ( 'NONE', *, *, #475, .F. ) ;
#551 = FACE_OUTER_BOUND ( 'NONE', #6630, .T. ) ;
#552 = ADVANCED_FACE ( 'NONE', ( #11713 ), #7836, .T. ) ;
#553 = DIRECTION ( 'NONE',  ( 0.000000000000000000, 1.000000000000000000, -0.000000000000000000 ) ) ;
#554 = CIRCLE ( 'NONE', #11067, 1.000000000000000888 ) ;
#555 = ADVANCED_FACE ( 'NONE', ( #7715 ), #3145, .T. ) ;
#556 = ORIENTED_EDGE ( 'NONE', *, *, #701, .F. ) ;
#557 = VERTEX_POINT ( 'NONE', #9752 ) ;
#558 = EDGE_LOOP ( 'NONE', ( #4866, #5953, #8596, #738 ) ) ;
#559 = CARTESIAN_POINT ( 'NONE',  ( 16.49999999999993960, 2.000000000000000000, -29.99999999999995737 ) ) ;
#560 = CARTESIAN_POINT ( 'NONE',  ( 40.00000000000000000, 11.00000000000000000, -10.74999999999995026 ) ) ;
#561 = EDGE_CURVE ( 'NONE', #1876, #6434, #5055, .T. ) ;
#562 = CARTESIAN_POINT ( 'NONE',  ( 11.99999999999992006, 11.00000000000000000, -39.99999999999992184 ) ) ;
#563 = EDGE_LOOP ( 'NONE', ( #11041, #10190, #3139, #161 ) ) ;
#564 = CARTESIAN_POINT ( 'NONE',  ( 11.99999999999993427, 2.000000000000000000, -34.49999999999992895 ) ) ;
#565 = DIRECTION ( 'NONE',  ( 0.000000000000000000, 1.000000000000000000, -0.000000000000000000 ) ) ;
#566 = CARTESIAN_POINT ( 'NONE',  ( 35.01482322781394885, 9.799999999999998934, -44.98517677218592326 ) ) ;
#567 = EDGE_CURVE ( 'NONE', #10515, #11574, #4352, .T. ) ;
#568 = AXIS2_PLACEMENT_3D ( 'NONE', #1474, #2468, #5327 ) ;
#569 = AXIS2_PLACEMENT_3D ( 'NONE', #2265, #1325, #5176 ) ;
#570 = VECTOR ( 'NONE', #11076, 1000.000000000000000 ) ;
#571 = ORIENTED_EDGE ( 'NONE', *, *, #11976, .T. ) ;
#572 = CARTESIAN_POINT ( 'NONE',  ( 40.99999999999999289, 2.000000000000000000, -46.00000000000000000 ) ) ;
#573 = EDGE_CURVE ( 'NONE', #6252, #7322, #7959, .T. ) ;
#574 = ORIENTED_EDGE ( 'NONE', *, *, #866, .T. ) ;
#575 = ORIENTED_EDGE ( 'NONE', *, *, #7553, .T. ) ;
#576 = CARTESIAN_POINT ( 'NONE',  ( 67.99999999999995737, 11.00000000000000000, -19.99999999999996447 ) ) ;
#577 = DIRECTION ( 'NONE',  ( -0.000000000000000000, -1.000000000000000000, -0.000000000000000000 ) ) ;
#578 = CARTESIAN_POINT ( 'NONE',  ( 58.99999999999995737, 11.00000000000000000, -29.99999999999989342 ) ) ;
#579 = FACE_OUTER_BOUND ( 'NONE', #7255, .T. ) ;
#580 = VERTEX_POINT ( 'NONE', #254 ) ;
#581 = PLANE ( 'NONE',  #6825 ) ;
#582 = EDGE_CURVE ( 'NONE', #8138, #791, #4048, .T. ) ;
#583 = VECTOR ( 'NONE', #9387, 1000.000000000000000 ) ;
#584 = AXIS2_PLACEMENT_3D ( 'NONE', #6975, #5845, #1102 ) ;
#585 = CARTESIAN_POINT ( 'NONE',  ( 59.00000000000000711, 11.00000000000000000, -15.49999999999990585 ) ) ;
#586 = DIRECTION ( 'NONE',  ( 0.000000000000000000, 1.000000000000000000, 0.000000000000000000 ) ) ;
#587 = AXIS2_PLACEMENT_3D ( 'NONE', #941, #11707, #10818 ) ;
#588 = CIRCLE ( 'NONE', #10496, 0.9999999999999974465 ) ;
#589 = DIRECTION ( 'NONE',  ( -0.000000000000000000, 1.000000000000000000, -0.000000000000000000 ) ) ;
#590 = CIRCLE ( 'NONE', #11122, 3.599999999999992095 ) ;
#591 = CIRCLE ( 'NONE', #6445, 0.9999999999999974465 ) ;
#592 = CARTESIAN_POINT ( 'NONE',  ( 26.50000000000000000, 11.00000000000000000, -43.39999999999999858 ) ) ;
#593 = AXIS2_PLACEMENT_3D ( 'NONE', #955, #6, #9760 ) ;
#594 = EDGE_LOOP ( 'NONE', ( #1574, #10518, #484, #6704 ) ) ;
#595 = PLANE ( 'NONE',  #4785 ) ;
#596 = FACE_OUTER_BOUND ( 'NONE', #4034, .T. ) ;
#597 = CARTESIAN_POINT ( 'NONE',  ( 58.99999999999995737, 11.00000000000000000, -30.99999999999989342 ) ) ;
#598 = DIRECTION ( 'NONE',  ( 0.000000000000000000, 0.000000000000000000, 1.000000000000000000 ) ) ;
#599 = EDGE_CURVE ( 'NONE', #2699, #2883, #11589, .T. ) ;
#600 = EDGE_CURVE ( 'NONE', #3590, #7337, #11821, .T. ) ;
#601 = ORIENTED_EDGE ( 'NONE', *, *, #5827, .T. ) ;
#602 = DIRECTION ( 'NONE',  ( 1.000000000000000000, -0.000000000000000000, 0.000000000000000000 ) ) ;
#603 = ORIENTED_EDGE ( 'NONE', *, *, #600, .T. ) ;
#604 = FACE_OUTER_BOUND ( 'NONE', #4166, .T. ) ;
#605 = CARTESIAN_POINT ( 'NONE',  ( 18.75648667122642976, 11.00000000000000000, -1.000059507428522121 ) ) ;
#606 = CIRCLE ( 'NONE', #10917, 2.200000000000028599 ) ;
#607 = VECTOR ( 'NONE', #8157, 1000.000000000000000 ) ;
#608 = CIRCLE ( 'NONE', #1422, 3.000000000000023537 ) ;
#609 = CYLINDRICAL_SURFACE ( 'NONE', #795, 0.9999999999999974465 ) ;
#610 = CARTESIAN_POINT ( 'NONE',  ( 74.55677228167498072, 9.799999999999998934, -49.20000000000000284 ) ) ;
#611 = CIRCLE ( 'NONE', #413, 1.000000000000000888 ) ;
#612 = AXIS2_PLACEMENT_3D ( 'NONE', #4644, #1738, #6668 ) ;
#613 = EDGE_LOOP ( 'NONE', ( #2420, #8595, #10803, #3347 ) ) ;
#614 = ORIENTED_EDGE ( 'NONE', *, *, #640, .T. ) ;
#615 = DIRECTION ( 'NONE',  ( 0.000000000000000000, 1.000000000000000000, -0.000000000000000000 ) ) ;
#616 = CARTESIAN_POINT ( 'NONE',  ( 36.49999999999999289, 11.00000000000000000, -43.73776336359135541 ) ) ;
#617 = ORIENTED_EDGE ( 'NONE', *, *, #9840, .F. ) ;
#618 = ORIENTED_EDGE ( 'NONE', *, *, #10690, .T. ) ;
#619 = LINE ( 'NONE', #9417, #10604 ) ;
#620 = CIRCLE ( 'NONE', #8287, 2.999999999999999112 ) ;
#621 = DIRECTION ( 'NONE',  ( 0.000000000000000000, 0.000000000000000000, -1.000000000000000000 ) ) ;
#622 = VECTOR ( 'NONE', #12458, 1000.000000000000000 ) ;
#623 = VECTOR ( 'NONE', #11923, 1000.000000000000000 ) ;
#624 = EDGE_CURVE ( 'NONE', #6512, #10946, #7007, .T. ) ;
#625 = ADVANCED_FACE ( 'NONE', ( #8856 ), #6062, .T. ) ;
#626 = ORIENTED_EDGE ( 'NONE', *, *, #3149, .T. ) ;
#627 = EDGE_LOOP ( 'NONE', ( #1005, #9626, #8416, #3254 ) ) ;
#628 = EDGE_LOOP ( 'NONE', ( #11253, #10032, #10676, #7728 ) ) ;
#629 = ORIENTED_EDGE ( 'NONE', *, *, #9848, .T. ) ;
#630 = CARTESIAN_POINT ( 'NONE',  ( 11.99999999999994849, 11.00000000000000000, -29.99999999999992539 ) ) ;
#631 = CARTESIAN_POINT ( 'NONE',  ( 26.50000000000000000, 1.999999999999998224, -43.39999999999999858 ) ) ;
#632 = DIRECTION ( 'NONE',  ( -2.081668171172166620E-14, 0.000000000000000000, 1.000000000000000000 ) ) ;
#633 = ORIENTED_EDGE ( 'NONE', *, *, #6934, .T. ) ;
#634 = DIRECTION ( 'NONE',  ( 0.000000000000000000, 1.000000000000000000, 0.000000000000000000 ) ) ;
#635 = FACE_BOUND ( 'NONE', #10326, .T. ) ;
#636 = DIRECTION ( 'NONE',  ( -0.000000000000000000, -1.000000000000000000, -0.000000000000000000 ) ) ;
#637 = EDGE_CURVE ( 'NONE', #3775, #3868, #3859, .T. ) ;
#638 = EDGE_CURVE ( 'NONE', #2939, #3942, #4872, .T. ) ;
#639 = AXIS2_PLACEMENT_3D ( 'NONE', #7031, #9005, #5083 ) ;
#640 = EDGE_CURVE ( 'NONE', #9969, #2690, #6819, .T. ) ;
#641 = ORIENTED_EDGE ( 'NONE', *, *, #144, .F. ) ;
#642 = DIRECTION ( 'NONE',  ( 1.000000000000000000, 0.000000000000000000, -0.000000000000000000 ) ) ;
#643 = CIRCLE ( 'NONE', #12368, 0.9999999999999974465 ) ;
#644 = VERTEX_POINT ( 'NONE', #10821 ) ;
#645 = VERTEX_POINT ( 'NONE', #5363 ) ;
#646 = CARTESIAN_POINT ( 'NONE',  ( 0.000000000000000000, 9.799999999999998934, -49.20000000000000284 ) ) ;
#647 = LINE ( 'NONE', #7535, #8858 ) ;
#648 = CARTESIAN_POINT ( 'NONE',  ( 24.47867965644037724, 9.799999999999998934, -5.479898987322342485 ) ) ;
#649 = VERTEX_POINT ( 'NONE', #3280 ) ;
#650 = CARTESIAN_POINT ( 'NONE',  ( 63.99446968344227571, 11.00000000000000000, -45.26776695296638309 ) ) ;
#651 = CYLINDRICAL_SURFACE ( 'NONE', #5655, 0.9999999999999974465 ) ;
#652 = ORIENTED_EDGE ( 'NONE', *, *, #7075, .F. ) ;
#653 = CARTESIAN_POINT ( 'NONE',  ( 26.50000000000000000, 11.00000000000000000, -1.700000000000007061 ) ) ;
#654 = CARTESIAN_POINT ( 'NONE',  ( 31.50000000000000711, 11.00000000000000000, -29.99999999999997158 ) ) ;
#655 = FACE_OUTER_BOUND ( 'NONE', #6923, .T. ) ;
#656 = EDGE_CURVE ( 'NONE', #6702, #12478, #5365, .T. ) ;
#657 = PLANE ( 'NONE',  #6909 ) ;
#658 = CARTESIAN_POINT ( 'NONE',  ( 31.50000000000000711, 11.00000000000000000, -24.49999999999997513 ) ) ;
#659 = ORIENTED_EDGE ( 'NONE', *, *, #3812, .F. ) ;
#660 = DIRECTION ( 'NONE',  ( 0.000000000000000000, 1.000000000000000000, 0.000000000000000000 ) ) ;
#661 = CARTESIAN_POINT ( 'NONE',  ( 73.50000000000000000, 2.000000000000000000, -43.50000000000000000 ) ) ;
#662 = DIRECTION ( 'NONE',  ( -0.000000000000000000, -1.000000000000000000, -0.000000000000000000 ) ) ;
#663 = CARTESIAN_POINT ( 'NONE',  ( 20.99999999999991473, 2.000000000000000000, -28.99999999999998934 ) ) ;
#664 = VERTEX_POINT ( 'NONE', #1317 ) ;
#665 = CARTESIAN_POINT ( 'NONE',  ( 31.50000000000000711, 11.00000000000000000, -34.49999999999997158 ) ) ;
#666 = VERTEX_POINT ( 'NONE', #9040 ) ;
#667 = DIRECTION ( 'NONE',  ( 1.000000000000000000, 0.000000000000000000, -0.000000000000000000 ) ) ;
#668 = DIRECTION ( 'NONE',  ( -0.000000000000000000, -1.000000000000000000, -0.000000000000000000 ) ) ;
#669 = AXIS2_PLACEMENT_3D ( 'NONE', #718, #4574, #780 ) ;
#670 = VECTOR ( 'NONE', #10712, 1000.000000000000000 ) ;
#671 = EDGE_CURVE ( 'NONE', #918, #7944, #10218, .T. ) ;
#672 = PLANE ( 'NONE',  #6650 ) ;
#673 = LINE ( 'NONE', #4656, #1219 ) ;
#674 = CARTESIAN_POINT ( 'NONE',  ( 72.49999999999998579, 11.00000000000000000, -12.99999999999999467 ) ) ;
#675 = CARTESIAN_POINT ( 'NONE',  ( 20.99999999999994316, 2.000000000000000000, -26.49999999999998934 ) ) ;
#676 = VERTEX_POINT ( 'NONE', #493 ) ;
#677 = ORIENTED_EDGE ( 'NONE', *, *, #1121, .F. ) ;
#678 = CARTESIAN_POINT ( 'NONE',  ( 20.99999999999994316, 11.00000000000000000, -26.49999999999998934 ) ) ;
#679 = DIRECTION ( 'NONE',  ( -0.000000000000000000, 1.000000000000000000, -0.000000000000000000 ) ) ;
#680 = VERTEX_POINT ( 'NONE', #11960 ) ;
#681 = ORIENTED_EDGE ( 'NONE', *, *, #726, .T. ) ;
#682 = DIRECTION ( 'NONE',  ( -0.000000000000000000, -1.000000000000000000, -0.000000000000000000 ) ) ;
#683 = VECTOR ( 'NONE', #11337, 1000.000000000000000 ) ;
#684 = CARTESIAN_POINT ( 'NONE',  ( 67.99999999999998579, 11.00000000000000000, -12.99999999999996270 ) ) ;
#685 = EDGE_CURVE ( 'NONE', #748, #1443, #2731, .T. ) ;
#686 = VECTOR ( 'NONE', #8215, 1000.000000000000000 ) ;
#687 = ORIENTED_EDGE ( 'NONE', *, *, #3336, .F. ) ;
#688 = EDGE_LOOP ( 'NONE', ( #4932, #1591 ) ) ;
#689 = VERTEX_POINT ( 'NONE', #9166 ) ;
#690 = EDGE_LOOP ( 'NONE', ( #4322, #3651, #11936, #9237 ) ) ;
#691 = PLANE ( 'NONE',  #10693 ) ;
#692 = CARTESIAN_POINT ( 'NONE',  ( 31.50000000000000711, 11.00000000000000000, -15.49999999999997513 ) ) ;
#693 = DIRECTION ( 'NONE',  ( 0.000000000000000000, 1.000000000000000000, 0.000000000000000000 ) ) ;
#694 = EDGE_LOOP ( 'NONE', ( #7812, #6864 ) ) ;
#695 = LINE ( 'NONE', #4554, #215 ) ;
#696 = DIRECTION ( 'NONE',  ( -0.000000000000000000, 1.000000000000000000, -0.000000000000000000 ) ) ;
#697 = FACE_OUTER_BOUND ( 'NONE', #5495, .T. ) ;
#698 = VECTOR ( 'NONE', #3265, 1000.000000000000000 ) ;
#699 = ORIENTED_EDGE ( 'NONE', *, *, #4699, .F. ) ;
#700 = DIRECTION ( 'NONE',  ( 0.000000000000000000, 0.000000000000000000, 1.000000000000000000 ) ) ;
#701 = EDGE_CURVE ( 'NONE', #1699, #7424, #112, .T. ) ;
#702 = EDGE_LOOP ( 'NONE', ( #9955, #1377 ) ) ;
#703 = ORIENTED_EDGE ( 'NONE', *, *, #2217, .T. ) ;
#704 = AXIS2_PLACEMENT_3D ( 'NONE', #7050, #11871, #9973 ) ;
#705 = LINE ( 'NONE', #12221, #2605 ) ;
#706 = DIRECTION ( 'NONE',  ( -0.000000000000000000, 1.000000000000000000, -0.000000000000000000 ) ) ;
#707 = CARTESIAN_POINT ( 'NONE',  ( 44.50000000000000000, 2.000000000000000000, -11.99999999999994138 ) ) ;
#708 = ORIENTED_EDGE ( 'NONE', *, *, #9771, .T. ) ;
#709 = CARTESIAN_POINT ( 'NONE',  ( 16.49999999999989697, 11.00000000000000000, -39.99999999999995026 ) ) ;
#710 = CARTESIAN_POINT ( 'NONE',  ( 77.00000000000000000, 9.799999999999998934, -5.200000000000043698 ) ) ;
#711 = EDGE_CURVE ( 'NONE', #7389, #3220, #3339, .T. ) ;
#712 = PLANE ( 'NONE',  #11101 ) ;
#713 = ADVANCED_FACE ( 'NONE', ( #551 ), #361, .T. ) ;
#714 = DIRECTION ( 'NONE',  ( 0.000000000000000000, 0.000000000000000000, 1.000000000000000000 ) ) ;
#715 = EDGE_CURVE ( 'NONE', #1558, #1345, #6572, .T. ) ;
#716 = AXIS2_PLACEMENT_3D ( 'NONE', #10282, #4582, #9458 ) ;
#717 = CIRCLE ( 'NONE', #10009, 0.9999999999999974465 ) ;
#718 = CARTESIAN_POINT ( 'NONE',  ( 72.49999999999997158, 11.00000000000000000, -16.49999999999999289 ) ) ;
#719 = EDGE_CURVE ( 'NONE', #2262, #11058, #11004, .T. ) ;
#720 = PLANE ( 'NONE',  #7073 ) ;
#721 = ORIENTED_EDGE ( 'NONE', *, *, #7397, .F. ) ;
#722 = CARTESIAN_POINT ( 'NONE',  ( 16.50000000000000711, 2.000000000000000000, -7.499999999999968914 ) ) ;
#723 = DIRECTION ( 'NONE',  ( -0.000000000000000000, -1.000000000000000000, -0.000000000000000000 ) ) ;
#724 = ORIENTED_EDGE ( 'NONE', *, *, #11409, .F. ) ;
#725 = CARTESIAN_POINT ( 'NONE',  ( 44.50000000000000000, 2.000000000000000000, -21.99999999999993605 ) ) ;
#726 = EDGE_CURVE ( 'NONE', #1151, #12021, #10808, .T. ) ;
#727 = ORIENTED_EDGE ( 'NONE', *, *, #7314, .F. ) ;
#728 = CARTESIAN_POINT ( 'NONE',  ( 44.50000000000000000, 11.00000000000000000, -21.99999999999993605 ) ) ;
#729 = ORIENTED_EDGE ( 'NONE', *, *, #7041, .F. ) ;
#730 = DIRECTION ( 'NONE',  ( 0.000000000000000000, 1.000000000000000000, -0.000000000000000000 ) ) ;
#731 = ADVANCED_FACE ( 'NONE', ( #7264 ), #12140, .T. ) ;
#732 = CYLINDRICAL_SURFACE ( 'NONE', #12075, 1.000000000000000888 ) ;
#733 = VECTOR ( 'NONE', #8796, 1000.000000000000114 ) ;
#734 = LINE ( 'NONE', #3510, #6867 ) ;
#735 = LINE ( 'NONE', #7503, #6636 ) ;
#736 = DIRECTION ( 'NONE',  ( 0.000000000000000000, -0.000000000000000000, 1.000000000000000000 ) ) ;
#737 = AXIS2_PLACEMENT_3D ( 'NONE', #9817, #198, #3985 ) ;
#738 = ORIENTED_EDGE ( 'NONE', *, *, #4768, .T. ) ;
#739 = ORIENTED_EDGE ( 'NONE', *, *, #2841, .F. ) ;
#740 = CARTESIAN_POINT ( 'NONE',  ( 68.00000000000000000, 11.00000000000000000, -6.499999999999969802 ) ) ;
#741 = DIRECTION ( 'NONE',  ( -0.000000000000000000, -1.000000000000000000, -0.000000000000000000 ) ) ;
#742 = ORIENTED_EDGE ( 'NONE', *, *, #8921, .F. ) ;
#743 = EDGE_LOOP ( 'NONE', ( #939, #5705 ) ) ;
#744 = CYLINDRICAL_SURFACE ( 'NONE', #4332, 0.9999999999999974465 ) ;
#745 = ADVANCED_FACE ( 'NONE', ( #11140 ), #8015, .T. ) ;
#746 = CARTESIAN_POINT ( 'NONE',  ( 31.50000000000000711, 11.00000000000000000, -25.49999999999997513 ) ) ;
#747 = AXIS2_PLACEMENT_3D ( 'NONE', #10027, #3255, #9264 ) ;
#748 = VERTEX_POINT ( 'NONE', #4288 ) ;
#749 = CYLINDRICAL_SURFACE ( 'NONE', #10744, 2.500000000000002220 ) ;
#750 = ORIENTED_EDGE ( 'NONE', *, *, #1094, .F. ) ;
#751 = VERTEX_POINT ( 'NONE', #3335 ) ;
#752 = DIRECTION ( 'NONE',  ( -0.000000000000000000, -1.000000000000000000, -0.000000000000000000 ) ) ;
#753 = CARTESIAN_POINT ( 'NONE',  ( 22.49999999999999645, 11.00000000000000000, -10.85512985522204765 ) ) ;
#754 = CARTESIAN_POINT ( 'NONE',  ( 35.49999999999999289, 2.000000000000000000, -10.99999999999996447 ) ) ;
#755 = ORIENTED_EDGE ( 'NONE', *, *, #10532, .T. ) ;
#756 = CARTESIAN_POINT ( 'NONE',  ( -1.697239245187543841E-13, 11.00000000000000000, -38.49999999999977973 ) ) ;
#757 = DIRECTION ( 'NONE',  ( 0.000000000000000000, 0.000000000000000000, -1.000000000000000000 ) ) ;
#758 = DIRECTION ( 'NONE',  ( -0.000000000000000000, -1.000000000000000000, -0.000000000000000000 ) ) ;
#759 = EDGE_CURVE ( 'NONE', #1328, #7952, #3462, .T. ) ;
#760 = EDGE_CURVE ( 'NONE', #11609, #7650, #8574, .T. ) ;
#761 = CIRCLE ( 'NONE', #3793, 2.500000000000002220 ) ;
#762 = VERTEX_POINT ( 'NONE', #1449 ) ;
#763 = DIRECTION ( 'NONE',  ( -0.000000000000000000, -1.000000000000000000, -0.000000000000000000 ) ) ;
#764 = CIRCLE ( 'NONE', #1368, 0.9999999999999974465 ) ;
#765 = ORIENTED_EDGE ( 'NONE', *, *, #4280, .F. ) ;
#766 = ORIENTED_EDGE ( 'NONE', *, *, #6820, .F. ) ;
#767 = CARTESIAN_POINT ( 'NONE',  ( 74.79999999999998295, 9.799999999999998934, -3.000000000000007994 ) ) ;
#768 = CYLINDRICAL_SURFACE ( 'NONE', #2779, 0.9999999999999974465 ) ;
#769 = CYLINDRICAL_SURFACE ( 'NONE', #436, 2.799999999999997158 ) ;
#770 = ORIENTED_EDGE ( 'NONE', *, *, #4892, .T. ) ;
#771 = DIRECTION ( 'NONE',  ( 0.000000000000000000, 1.000000000000000000, 0.000000000000000000 ) ) ;
#772 = DIRECTION ( 'NONE',  ( 0.000000000000000000, 1.000000000000000000, -0.000000000000000000 ) ) ;
#773 = CARTESIAN_POINT ( 'NONE',  ( 33.60060966544087080, 11.00000000000000000, -46.39939033455902262 ) ) ;
#774 = DIRECTION ( 'NONE',  ( 0.000000000000000000, 1.000000000000000000, -0.000000000000000000 ) ) ;
#775 = VECTOR ( 'NONE', #12467, 1000.000000000000000 ) ;
#776 = AXIS2_PLACEMENT_3D ( 'NONE', #8300, #4373, #8232 ) ;
#777 = VECTOR ( 'NONE', #6812, 1000.000000000000000 ) ;
#778 = EDGE_CURVE ( 'NONE', #3677, #5446, #7327, .T. ) ;
#779 = AXIS2_PLACEMENT_3D ( 'NONE', #9652, #978, #4838 ) ;
#780 = DIRECTION ( 'NONE',  ( 0.000000000000000000, 0.000000000000000000, -1.000000000000000000 ) ) ;
#781 = CARTESIAN_POINT ( 'NONE',  ( 48.49999999999999289, 2.000000000000000000, -25.49999999999992895 ) ) ;
#782 = ORIENTED_EDGE ( 'NONE', *, *, #2431, .T. ) ;
#783 = CARTESIAN_POINT ( 'NONE',  ( -1.697239245187543841E-13, 9.799999999999998934, -38.49999999999977973 ) ) ;
#784 = ADVANCED_FACE ( 'NONE', ( #5304 ), #2443, .T. ) ;
#785 = CARTESIAN_POINT ( 'NONE',  ( 16.49999999999989697, 11.00000000000000000, -38.99999999999995026 ) ) ;
#786 = CIRCLE ( 'NONE', #11298, 3.000000000000023537 ) ;
#787 = ORIENTED_EDGE ( 'NONE', *, *, #4349, .F. ) ;
#788 = DIRECTION ( 'NONE',  ( 0.000000000000000000, 1.000000000000000000, 0.000000000000000000 ) ) ;
#789 = ORIENTED_EDGE ( 'NONE', *, *, #4122, .T. ) ;
#790 = CARTESIAN_POINT ( 'NONE',  ( 48.49999999999999289, 11.00000000000000000, -20.99999999999992895 ) ) ;
#791 = VERTEX_POINT ( 'NONE', #7071 ) ;
#792 = CARTESIAN_POINT ( 'NONE',  ( 68.00000000000000000, 11.00000000000000000, -7.499999999999968914 ) ) ;
#793 = CARTESIAN_POINT ( 'NONE',  ( 24.99999999999999289, 11.00000000000000000, -10.85512985522204765 ) ) ;
#794 = EDGE_CURVE ( 'NONE', #200, #12388, #7447, .T. ) ;
#795 = AXIS2_PLACEMENT_3D ( 'NONE', #10416, #9281, #5479 ) ;
#796 = VECTOR ( 'NONE', #5020, 1000.000000000000000 ) ;
#797 = CIRCLE ( 'NONE', #4633, 2.500000000000000444 ) ;
#798 = EDGE_CURVE ( 'NONE', #1949, #9211, #6949, .T. ) ;
#799 = CARTESIAN_POINT ( 'NONE',  ( 74.55677228167498072, 11.00000000000000000, -49.20000000000000284 ) ) ;
#800 = LINE ( 'NONE', #2813, #12100 ) ;
#801 = EDGE_CURVE ( 'NONE', #11839, #4576, #10194, .T. ) ;
#802 = DIRECTION ( 'NONE',  ( 0.000000000000000000, 0.000000000000000000, 1.000000000000000000 ) ) ;
#803 = VERTEX_POINT ( 'NONE', #4724 ) ;
#804 = ORIENTED_EDGE ( 'NONE', *, *, #8063, .F. ) ;
#805 = DIRECTION ( 'NONE',  ( -0.000000000000000000, -1.000000000000000000, -0.000000000000000000 ) ) ;
#806 = CARTESIAN_POINT ( 'NONE',  ( 62.07220293988400073, 9.799999999999998934, -3.000084202863473326 ) ) ;
#807 = AXIS2_PLACEMENT_3D ( 'NONE', #5656, #2604, #5524 ) ;
#808 = AXIS2_PLACEMENT_3D ( 'NONE', #12288, #771, #9327 ) ;
#809 = EDGE_LOOP ( 'NONE', ( #5748, #3530, #11205, #11530 ) ) ;
#810 = ORIENTED_EDGE ( 'NONE', *, *, #1866, .F. ) ;
#811 = AXIS2_PLACEMENT_3D ( 'NONE', #8717, #1288, #10675 ) ;
#812 = CARTESIAN_POINT ( 'NONE',  ( 58.99999999999999289, 2.000000000000000000, -21.99999999999989697 ) ) ;
#813 = CIRCLE ( 'NONE', #1415, 0.9999999999999974465 ) ;
#814 = DIRECTION ( 'NONE',  ( 0.000000000000000000, 1.000000000000000000, 0.000000000000000000 ) ) ;
#815 = AXIS2_PLACEMENT_3D ( 'NONE', #7884, #1991, #2932 ) ;
#816 = AXIS2_PLACEMENT_3D ( 'NONE', #1497, #10827, #9156 ) ;
#817 = CIRCLE ( 'NONE', #5869, 0.9999999999999974465 ) ;
#818 = AXIS2_PLACEMENT_3D ( 'NONE', #8683, #7854, #1030 ) ;
#819 = EDGE_CURVE ( 'NONE', #3480, #2936, #11326, .T. ) ;
#820 = EDGE_LOOP ( 'NONE', ( #1142, #787, #10132, #9104 ) ) ;
#821 = CARTESIAN_POINT ( 'NONE',  ( 11.99999999999994849, 2.000000000000000000, -30.99999999999992184 ) ) ;
#822 = ORIENTED_EDGE ( 'NONE', *, *, #5811, .F. ) ;
#823 = ORIENTED_EDGE ( 'NONE', *, *, #11070, .T. ) ;
#824 = DIRECTION ( 'NONE',  ( -0.000000000000000000, -1.000000000000000000, -0.000000000000000000 ) ) ;
#825 = DIRECTION ( 'NONE',  ( 1.000000000000000000, 0.000000000000000000, -3.352801296326884019E-17 ) ) ;
#826 = AXIS2_PLACEMENT_3D ( 'NONE', #2333, #12094, #8105 ) ;
#827 = CYLINDRICAL_SURFACE ( 'NONE', #7134, 0.9999999999999974465 ) ;
#828 = ORIENTED_EDGE ( 'NONE', *, *, #1674, .F. ) ;
#829 = LINE ( 'NONE', #9495, #8078 ) ;
#830 = CARTESIAN_POINT ( 'NONE',  ( 55.52132034355962276, 9.799999999999998934, -5.479898987322342485 ) ) ;
#831 = CIRCLE ( 'NONE', #2232, 0.9999999999999974465 ) ;
#832 = AXIS2_PLACEMENT_3D ( 'NONE', #8437, #3633, #2612 ) ;
#833 = ADVANCED_FACE ( 'NONE', ( #9478 ), #12328, .T. ) ;
#834 = ORIENTED_EDGE ( 'NONE', *, *, #573, .F. ) ;
#835 = VECTOR ( 'NONE', #2116, 1000.000000000000000 ) ;
#836 = CARTESIAN_POINT ( 'NONE',  ( 41.52771285725268768, 9.799999999999998934, -47.19999999999999574 ) ) ;
#837 = EDGE_CURVE ( 'NONE', #8972, #6250, #2710, .T. ) ;
#838 = CIRCLE ( 'NONE', #9320, 0.9999999999999974465 ) ;
#839 = ORIENTED_EDGE ( 'NONE', *, *, #1934, .F. ) ;
#840 = ORIENTED_EDGE ( 'NONE', *, *, #1485, .F. ) ;
#841 = FACE_OUTER_BOUND ( 'NONE', #12023, .T. ) ;
#842 = FACE_OUTER_BOUND ( 'NONE', #1735, .T. ) ;
#843 = DIRECTION ( 'NONE',  ( -0.000000000000000000, -1.000000000000000000, -0.000000000000000000 ) ) ;
#844 = EDGE_LOOP ( 'NONE', ( #954, #810 ) ) ;
#845 = DIRECTION ( 'NONE',  ( 0.7071067811865513475, 0.000000000000000000, -0.7071067811865436870 ) ) ;
#846 = LINE ( 'NONE', #905, #7246 ) ;
#847 = DIRECTION ( 'NONE',  ( 0.7071067811865513475, -0.000000000000000000, -0.7071067811865437980 ) ) ;
#848 = VECTOR ( 'NONE', #41, 999.9999999999998863 ) ;
#849 = EDGE_CURVE ( 'NONE', #8345, #10275, #9391, .T. ) ;
#850 = FACE_OUTER_BOUND ( 'NONE', #8815, .T. ) ;
#851 = DIRECTION ( 'NONE',  ( 0.000000000000000000, 0.000000000000000000, 1.000000000000000000 ) ) ;
#852 = VERTEX_POINT ( 'NONE', #812 ) ;
#853 = CYLINDRICAL_SURFACE ( 'NONE', #12277, 0.9999999999999974465 ) ;
#854 = DIRECTION ( 'NONE',  ( 0.000000000000000000, 1.000000000000000000, -0.000000000000000000 ) ) ;
#855 = ORIENTED_EDGE ( 'NONE', *, *, #9068, .F. ) ;
#856 = DIRECTION ( 'NONE',  ( -1.000000000000000000, 0.000000000000000000, 0.000000000000000000 ) ) ;
#857 = ORIENTED_EDGE ( 'NONE', *, *, #6645, .F. ) ;
#858 = DIRECTION ( 'NONE',  ( -0.000000000000000000, -1.000000000000000000, -0.000000000000000000 ) ) ;
#859 = EDGE_LOOP ( 'NONE', ( #4621, #10614 ) ) ;
#860 = CARTESIAN_POINT ( 'NONE',  ( 58.99999999999995737, 2.000000000000000000, -30.99999999999989342 ) ) ;
#861 = EDGE_CURVE ( 'NONE', #2539, #3677, #5133, .T. ) ;
#862 = CARTESIAN_POINT ( 'NONE',  ( 35.07228714274742742, 9.799999999999998934, -6.000000000000002665 ) ) ;
#863 = CARTESIAN_POINT ( 'NONE',  ( 15.35613998199870878, 9.799999999999998934, -46.19999999999999574 ) ) ;
#864 = DIRECTION ( 'NONE',  ( 0.000000000000000000, 1.000000000000000000, 0.000000000000000000 ) ) ;
#865 = CARTESIAN_POINT ( 'NONE',  ( 71.48517677218623589, 9.799999999999998934, 8.514823227813847595 ) ) ;
#866 = EDGE_CURVE ( 'NONE', #10998, #3815, #3777, .T. ) ;
#867 = VERTEX_POINT ( 'NONE', #1755 ) ;
#868 = CARTESIAN_POINT ( 'NONE',  ( 67.99999999999998579, 11.00000000000000000, -10.99999999999996803 ) ) ;
#869 = PLANE ( 'NONE',  #7466 ) ;
#870 = ORIENTED_EDGE ( 'NONE', *, *, #10415, .T. ) ;
#871 = ORIENTED_EDGE ( 'NONE', *, *, #172, .F. ) ;
#872 = DIRECTION ( 'NONE',  ( 0.000000000000000000, 0.000000000000000000, 1.000000000000000000 ) ) ;
#873 = EDGE_CURVE ( 'NONE', #6475, #7658, #7372, .T. ) ;
#874 = EDGE_CURVE ( 'NONE', #4112, #7963, #619, .T. ) ;
#875 = CARTESIAN_POINT ( 'NONE',  ( 17.92779706011599927, 9.799999999999998934, -6.000084202863472882 ) ) ;
#876 = ADVANCED_FACE ( 'NONE', ( #7385 ), #744, .T. ) ;
#877 = ORIENTED_EDGE ( 'NONE', *, *, #3656, .F. ) ;
#878 = LINE ( 'NONE', #8654, #1224 ) ;
#879 = ADVANCED_FACE ( 'NONE', ( #12394 ), #2563, .F. ) ;
#880 = ORIENTED_EDGE ( 'NONE', *, *, #12223, .F. ) ;
#881 = ORIENTED_EDGE ( 'NONE', *, *, #7161, .T. ) ;
#882 = FACE_OUTER_BOUND ( 'NONE', #3086, .T. ) ;
#883 = CARTESIAN_POINT ( 'NONE',  ( 28.00000000000000355, 11.00000000000000000, -32.14999999999999858 ) ) ;
#884 = VECTOR ( 'NONE', #5572, 1000.000000000000000 ) ;
#885 = CARTESIAN_POINT ( 'NONE',  ( 7.500000000000041744, 11.00000000000000000, -7.499999999999904965 ) ) ;
#886 = VERTEX_POINT ( 'NONE', #1636 ) ;
#887 = ORIENTED_EDGE ( 'NONE', *, *, #1100, .T. ) ;
#888 = DIRECTION ( 'NONE',  ( 0.000000000000000000, 0.000000000000000000, 1.000000000000000000 ) ) ;
#889 = CYLINDRICAL_SURFACE ( 'NONE', #1320, 0.9999999999999974465 ) ;
#890 = CYLINDRICAL_SURFACE ( 'NONE', #6776, 0.9999999999999974465 ) ;
#891 = ADVANCED_FACE ( 'NONE', ( #10426 ), #5490, .T. ) ;
#892 = CIRCLE ( 'NONE', #7547, 1.000000000000000888 ) ;
#893 = EDGE_LOOP ( 'NONE', ( #7765, #10175 ) ) ;
#894 = FACE_OUTER_BOUND ( 'NONE', #5141, .T. ) ;
#895 = EDGE_LOOP ( 'NONE', ( #3604, #12389 ) ) ;
#896 = ORIENTED_EDGE ( 'NONE', *, *, #212, .F. ) ;
#897 = DIRECTION ( 'NONE',  ( 0.000000000000000000, 0.000000000000000000, 1.000000000000000000 ) ) ;
#898 = DIRECTION ( 'NONE',  ( -0.000000000000000000, 1.000000000000000000, -0.000000000000000000 ) ) ;
#899 = CARTESIAN_POINT ( 'NONE',  ( 48.49999999999999289, 11.00000000000000000, -28.99999999999993250 ) ) ;
#900 = ORIENTED_EDGE ( 'NONE', *, *, #9843, .T. ) ;
#901 = LINE ( 'NONE', #12360, #12113 ) ;
#902 = DIRECTION ( 'NONE',  ( 0.000000000000000000, 0.000000000000000000, -1.000000000000000000 ) ) ;
#903 = AXIS2_PLACEMENT_3D ( 'NONE', #3393, #12072, #9226 ) ;
#904 = CARTESIAN_POINT ( 'NONE',  ( 48.08517677218615916, 9.799999999999998934, -31.91482322781411796 ) ) ;
#905 = CARTESIAN_POINT ( 'NONE',  ( 17.13664863476204303, 1.999999999999998224, -44.13664863476203948 ) ) ;
#906 = CARTESIAN_POINT ( 'NONE',  ( 62.07220293988400073, 11.00000000000000000, -6.000084202863472882 ) ) ;
#907 = ADVANCED_FACE ( 'NONE', ( #3584 ), #1695, .T. ) ;
#908 = CIRCLE ( 'NONE', #3935, 2.799999999999997158 ) ;
#909 = CARTESIAN_POINT ( 'NONE',  ( 17.47746032555832940, 11.00000000000000000, -48.32132034355966255 ) ) ;
#910 = DIRECTION ( 'NONE',  ( 0.000000000000000000, 1.000000000000000000, 0.000000000000000000 ) ) ;
#911 = ORIENTED_EDGE ( 'NONE', *, *, #3089, .F. ) ;
#912 = CARTESIAN_POINT ( 'NONE',  ( 7.500000000000007105, 11.00000000000000000, -15.49999999999990585 ) ) ;
#913 = LINE ( 'NONE', #7797, #10150 ) ;
#914 = ORIENTED_EDGE ( 'NONE', *, *, #6182, .T. ) ;
#915 = FACE_OUTER_BOUND ( 'NONE', #1689, .T. ) ;
#916 = AXIS2_PLACEMENT_3D ( 'NONE', #5467, #4521, #11557 ) ;
#917 = CARTESIAN_POINT ( 'NONE',  ( 29.34974746830572556, 11.00000000000000000, -39.32010101267764668 ) ) ;
#918 = VERTEX_POINT ( 'NONE', #7512 ) ;
#919 = CARTESIAN_POINT ( 'NONE',  ( 26.54142135623730780, 9.799999999999998934, -3.499999999999993339 ) ) ;
#920 = VECTOR ( 'NONE', #10379, 1000.000000000000000 ) ;
#921 = EDGE_CURVE ( 'NONE', #9358, #7902, #6745, .T. ) ;
#922 = CARTESIAN_POINT ( 'NONE',  ( 48.49999999999999289, 2.000000000000000000, -16.49999999999993250 ) ) ;
#923 = CIRCLE ( 'NONE', #6981, 2.447087127489769198 ) ;
#924 = PLANE ( 'NONE',  #5652 ) ;
#925 = VECTOR ( 'NONE', #2772, 1000.000000000000000 ) ;
#926 = FACE_OUTER_BOUND ( 'NONE', #10471, .T. ) ;
#927 = CARTESIAN_POINT ( 'NONE',  ( 52.00000000000000000, 2.000000000000000000, -32.14999999999999858 ) ) ;
#928 = EDGE_LOOP ( 'NONE', ( #7398, #11210, #10447, #9488 ) ) ;
#929 = VERTEX_POINT ( 'NONE', #1821 ) ;
#930 = CARTESIAN_POINT ( 'NONE',  ( 72.49999999999990052, 11.00000000000000000, -35.49999999999999289 ) ) ;
#931 = ORIENTED_EDGE ( 'NONE', *, *, #4303, .F. ) ;
#932 = VERTEX_POINT ( 'NONE', #5866 ) ;
#933 = CARTESIAN_POINT ( 'NONE',  ( 0.000000000000000000, 11.00000000000000000, -40.50000000000000711 ) ) ;
#934 = DIRECTION ( 'NONE',  ( 0.000000000000000000, 1.000000000000000000, 0.000000000000000000 ) ) ;
#935 = ADVANCED_FACE ( 'NONE', ( #170 ), #4029, .T. ) ;
#936 = ORIENTED_EDGE ( 'NONE', *, *, #8289, .T. ) ;
#937 = CARTESIAN_POINT ( 'NONE',  ( -6.035042332354375410E-16, 9.799999999999998934, -2.999999999999992895 ) ) ;
#938 = ORIENTED_EDGE ( 'NONE', *, *, #1800, .F. ) ;
#939 = ORIENTED_EDGE ( 'NONE', *, *, #5741, .T. ) ;
#940 = CARTESIAN_POINT ( 'NONE',  ( 44.92771285725257968, 11.00000000000000000, -3.000000000000003109 ) ) ;
#941 = CARTESIAN_POINT ( 'NONE',  ( 20.99999999999997158, 2.000000000000000000, -16.49999999999999289 ) ) ;
#942 = EDGE_CURVE ( 'NONE', #1949, #5779, #4981, .T. ) ;
#943 = CYLINDRICAL_SURFACE ( 'NONE', #7956, 0.9999999999999974465 ) ;
#944 = ORIENTED_EDGE ( 'NONE', *, *, #11849, .T. ) ;
#945 = VERTEX_POINT ( 'NONE', #2000 ) ;
#946 = DIRECTION ( 'NONE',  ( 0.000000000000000000, 1.000000000000000000, 0.000000000000000000 ) ) ;
#947 = CARTESIAN_POINT ( 'NONE',  ( 44.50000000000000000, 2.000000000000000000, -17.49999999999993960 ) ) ;
#948 = EDGE_CURVE ( 'NONE', #1250, #6252, #908, .T. ) ;
#949 = CIRCLE ( 'NONE', #8008, 4.445296095962649296 ) ;
#950 = ORIENTED_EDGE ( 'NONE', *, *, #11178, .F. ) ;
#951 = ADVANCED_FACE ( 'NONE', ( #10679 ), #9666, .T. ) ;
#952 = DIRECTION ( 'NONE',  ( -0.000000000000000000, 1.000000000000000000, -0.000000000000000000 ) ) ;
#953 = VERTEX_POINT ( 'NONE', #11696 ) ;
#954 = ORIENTED_EDGE ( 'NONE', *, *, #4903, .F. ) ;
#955 = CARTESIAN_POINT ( 'NONE',  ( 26.50000000000000000, 11.00000000000000000, -3.400000000000000355 ) ) ;
#956 = CYLINDRICAL_SURFACE ( 'NONE', #11088, 3.000000000000002665 ) ;
#957 = ADVANCED_FACE ( 'NONE', ( #4787 ), #4919, .T. ) ;
#958 = CARTESIAN_POINT ( 'NONE',  ( 53.00000000000000000, 11.00000000000000000, -32.14999999999999858 ) ) ;
#959 = EDGE_LOOP ( 'NONE', ( #5379, #55, #5232, #4116 ) ) ;
#960 = AXIS2_PLACEMENT_3D ( 'NONE', #3628, #11482, #10276 ) ;
#961 = VECTOR ( 'NONE', #362, 1000.000000000000114 ) ;
#962 = DIRECTION ( 'NONE',  ( -0.000000000000000000, -1.000000000000000000, -0.000000000000000000 ) ) ;
#963 = DIRECTION ( 'NONE',  ( 0.000000000000000000, 1.000000000000000000, 0.000000000000000000 ) ) ;
#964 = DIRECTION ( 'NONE',  ( -1.000000000000000000, 0.000000000000000000, 0.000000000000000000 ) ) ;
#965 = DIRECTION ( 'NONE',  ( 0.000000000000000000, 1.000000000000000000, 0.000000000000000000 ) ) ;
#966 = DIRECTION ( 'NONE',  ( 1.000000000000000000, 0.000000000000000000, 0.000000000000000000 ) ) ;
#967 = EDGE_CURVE ( 'NONE', #6614, #10586, #2066, .T. ) ;
#968 = LINE ( 'NONE', #1095, #9316 ) ;
#969 = LINE ( 'NONE', #5016, #10122 ) ;
#970 = EDGE_LOOP ( 'NONE', ( #10758, #1862 ) ) ;
#971 = CARTESIAN_POINT ( 'NONE',  ( 67.99999999999990052, 11.00000000000000000, -38.99999999999995026 ) ) ;
#972 = EDGE_CURVE ( 'NONE', #2986, #10586, #8365, .T. ) ;
#973 = FACE_OUTER_BOUND ( 'NONE', #4683, .T. ) ;
#974 = EDGE_LOOP ( 'NONE', ( #7213, #10489, #10942, #1073 ) ) ;
#975 = DIRECTION ( 'NONE',  ( 0.000000000000000000, 0.000000000000000000, 1.000000000000000000 ) ) ;
#976 = DIRECTION ( 'NONE',  ( 0.000000000000000000, 1.000000000000000000, 0.000000000000000000 ) ) ;
#977 = DIRECTION ( 'NONE',  ( 0.7071067811865470176, 0.000000000000000000, -0.7071067811865481278 ) ) ;
#978 = DIRECTION ( 'NONE',  ( 0.000000000000000000, 1.000000000000000000, 0.000000000000000000 ) ) ;
#979 = VECTOR ( 'NONE', #1290, 1000.000000000000000 ) ;
#980 = CARTESIAN_POINT ( 'NONE',  ( 73.50000000000000000, 2.000000000000000000, -4.000000000000003553 ) ) ;
#981 = AXIS2_PLACEMENT_3D ( 'NONE', #3593, #1766, #3787 ) ;
#982 = DIRECTION ( 'NONE',  ( 0.000000000000000000, 1.000000000000000000, 0.000000000000000000 ) ) ;
#983 = DIRECTION ( 'NONE',  ( 0.000000000000000000, -0.000000000000000000, 1.000000000000000000 ) ) ;
#984 = EDGE_CURVE ( 'NONE', #7322, #11517, #9605, .T. ) ;
#985 = EDGE_LOOP ( 'NONE', ( #9931, #5484, #2611, #7151 ) ) ;
#986 = EDGE_CURVE ( 'NONE', #4418, #10568, #9994, .T. ) ;
#987 = DIRECTION ( 'NONE',  ( -0.000000000000000000, -1.000000000000000000, -0.000000000000000000 ) ) ;
#988 = ORIENTED_EDGE ( 'NONE', *, *, #3476, .T. ) ;
#989 = ORIENTED_EDGE ( 'NONE', *, *, #9663, .F. ) ;
#990 = CARTESIAN_POINT ( 'NONE',  ( 38.99999999999999289, 11.00000000000000000, -41.23776336359135541 ) ) ;
#991 = VERTEX_POINT ( 'NONE', #1937 ) ;
#992 = EDGE_LOOP ( 'NONE', ( #2357, #2224 ) ) ;
#993 = CARTESIAN_POINT ( 'NONE',  ( 44.50000000000000000, 11.00000000000000000, -37.99999999999995026 ) ) ;
#994 = DIRECTION ( 'NONE',  ( 0.000000000000000000, 0.000000000000000000, 1.000000000000000000 ) ) ;
#995 = AXIS2_PLACEMENT_3D ( 'NONE', #6319, #1218, #4175 ) ;
#996 = AXIS2_PLACEMENT_3D ( 'NONE', #11060, #5227, #3083 ) ;
#997 = VECTOR ( 'NONE', #2255, 1000.000000000000000 ) ;
#998 = ORIENTED_EDGE ( 'NONE', *, *, #5567, .F. ) ;
#999 = VECTOR ( 'NONE', #2434, 1000.000000000000000 ) ;
#1000 = CARTESIAN_POINT ( 'NONE',  ( 80.00000000000000000, 11.00000000000000000, 3.100000000000000089 ) ) ;
#1001 = CIRCLE ( 'NONE', #10498, 0.9999999999999974465 ) ;
#1002 = CIRCLE ( 'NONE', #6248, 2.500000000000002220 ) ;
#1003 = VECTOR ( 'NONE', #6706, 1000.000000000000000 ) ;
#1004 = VERTEX_POINT ( 'NONE', #3841 ) ;
#1005 = ORIENTED_EDGE ( 'NONE', *, *, #3336, .T. ) ;
#1006 = CARTESIAN_POINT ( 'NONE',  ( 31.50000000000000711, 11.00000000000000000, -20.99999999999997158 ) ) ;
#1007 = CARTESIAN_POINT ( 'NONE',  ( 44.50000000000000000, 11.00000000000000000, -20.99999999999993960 ) ) ;
#1008 = CARTESIAN_POINT ( 'NONE',  ( 45.14487014477790439, 2.000000000000000000, -4.000000000000002665 ) ) ;
#1009 = ORIENTED_EDGE ( 'NONE', *, *, #12078, .F. ) ;
#1010 = ORIENTED_EDGE ( 'NONE', *, *, #5976, .F. ) ;
#1011 = CARTESIAN_POINT ( 'NONE',  ( 72.49999999999990052, 11.00000000000000000, -35.49999999999999289 ) ) ;
#1012 = CARTESIAN_POINT ( 'NONE',  ( 72.49999999999997158, 2.000000000000000000, -17.49999999999999289 ) ) ;
#1013 = EDGE_CURVE ( 'NONE', #167, #1977, #5038, .T. ) ;
#1014 = AXIS2_PLACEMENT_3D ( 'NONE', #11419, #10343, #10274 ) ;
#1015 = VECTOR ( 'NONE', #9371, 1000.000000000000000 ) ;
#1016 = CC_DESIGN_DATE_AND_TIME_ASSIGNMENT ( #1032, #4891, ( #10919 ) ) ;
#1017 = VERTEX_POINT ( 'NONE', #240 ) ;
#1018 = DIRECTION ( 'NONE',  ( 0.000000000000000000, 1.000000000000000000, 0.000000000000000000 ) ) ;
#1019 = EDGE_LOOP ( 'NONE', ( #9974, #5286 ) ) ;
#1020 = EDGE_LOOP ( 'NONE', ( #11629, #9232, #3918, #1760 ) ) ;
#1021 = CARTESIAN_POINT ( 'NONE',  ( 72.49999999999988631, 2.000000000000000000, -38.99999999999998579 ) ) ;
#1022 = CARTESIAN_POINT ( 'NONE',  ( 39.00000000000000000, 11.00000000000000000, -15.00000000000000000 ) ) ;
#1023 = CIRCLE ( 'NONE', #10928, 2.499999999999999556 ) ;
#1024 = DIRECTION ( 'NONE',  ( 0.000000000000000000, 0.000000000000000000, 1.000000000000000000 ) ) ;
#1025 = VECTOR ( 'NONE', #1249, 1000.000000000000000 ) ;
#1026 = EDGE_LOOP ( 'NONE', ( #6275, #8907, #4863, #7094 ) ) ;
#1027 = EDGE_CURVE ( 'NONE', #7740, #2883, #2111, .T. ) ;
#1028 = CARTESIAN_POINT ( 'NONE',  ( 57.81335136523794915, -21.88036781070453785, -39.08664863476203521 ) ) ;
#1029 = CYLINDRICAL_SURFACE ( 'NONE', #1120, 6.100000000000028955 ) ;
#1030 = DIRECTION ( 'NONE',  ( 0.000000000000000000, 0.000000000000000000, 1.000000000000000000 ) ) ;
#1031 = LINE ( 'NONE', #8747, #5028 ) ;
#1032 = DATE_AND_TIME ( #1970, #3059 ) ;
#1033 = VECTOR ( 'NONE', #11091, 1000.000000000000000 ) ;
#1034 = ADVANCED_FACE ( 'NONE', ( #6931 ), #2884, .T. ) ;
#1035 = ADVANCED_FACE ( 'NONE', ( #10807 ), #7891, .T. ) ;
#1036 = CIRCLE ( 'NONE', #8712, 0.9999999999999974465 ) ;
#1037 = DIRECTION ( 'NONE',  ( 0.000000000000000000, -1.000000000000000000, -0.000000000000000000 ) ) ;
#1038 = DIRECTION ( 'NONE',  ( -0.000000000000000000, -1.000000000000000000, 0.000000000000000000 ) ) ;
#1039 = ORIENTED_EDGE ( 'NONE', *, *, #2326, .F. ) ;
#1040 = CARTESIAN_POINT ( 'NONE',  ( 48.08517677218615916, 11.00000000000000000, -31.91482322781411796 ) ) ;
#1041 = CARTESIAN_POINT ( 'NONE',  ( 41.52771285725263084, 9.799999999999998934, -44.19999999999999574 ) ) ;
#1042 = DIRECTION ( 'NONE',  ( -0.000000000000000000, -1.000000000000000000, -0.000000000000000000 ) ) ;
#1043 = VERTEX_POINT ( 'NONE', #993 ) ;
#1044 = CARTESIAN_POINT ( 'NONE',  ( 59.00000000000001421, 11.00000000000000000, -10.99999999999990585 ) ) ;
#1045 = CIRCLE ( 'NONE', #12365, 0.9999999999999974465 ) ;
#1046 = CARTESIAN_POINT ( 'NONE',  ( 33.08736290225574095, 11.00000000000000000, -4.732233047033621354 ) ) ;
#1047 = CARTESIAN_POINT ( 'NONE',  ( 67.99999999999995737, 2.000000000000000000, -20.99999999999996447 ) ) ;
#1048 = PLANE ( 'NONE',  #5614 ) ;
#1049 = EDGE_CURVE ( 'NONE', #6434, #7052, #5540, .T. ) ;
#1050 = AXIS2_PLACEMENT_3D ( 'NONE', #7221, #4371, #9193 ) ;
#1051 = DIRECTION ( 'NONE',  ( 0.7071067811865464625, 0.000000000000000000, 0.7071067811865486830 ) ) ;
#1052 = FACE_OUTER_BOUND ( 'NONE', #1973, .T. ) ;
#1053 = ORIENTED_EDGE ( 'NONE', *, *, #9860, .F. ) ;
#1054 = FACE_OUTER_BOUND ( 'NONE', #10473, .T. ) ;
#1055 = ORIENTED_EDGE ( 'NONE', *, *, #11247, .F. ) ;
#1056 = LINE ( 'NONE', #8713, #848 ) ;
#1057 = AXIS2_PLACEMENT_3D ( 'NONE', #7042, #2234, #4320 ) ;
#1058 = ORIENTED_EDGE ( 'NONE', *, *, #6109, .T. ) ;
#1059 = DIRECTION ( 'NONE',  ( 0.000000000000000000, 0.000000000000000000, 1.000000000000000000 ) ) ;
#1060 = LINE ( 'NONE', #7696, #5852 ) ;
#1061 = ORIENTED_EDGE ( 'NONE', *, *, #3106, .T. ) ;
#1062 = ORIENTED_EDGE ( 'NONE', *, *, #11470, .T. ) ;
#1063 = CARTESIAN_POINT ( 'NONE',  ( 63.49999999999992895, 11.00000000000000000, -34.49999999999992895 ) ) ;
#1064 = CARTESIAN_POINT ( 'NONE',  ( 67.99999999999997158, 2.000000000000000000, -15.49999999999996803 ) ) ;
#1065 = EDGE_CURVE ( 'NONE', #3095, #11456, #8165, .T. ) ;
#1066 = ORIENTED_EDGE ( 'NONE', *, *, #7207, .T. ) ;
#1067 = DIRECTION ( 'NONE',  ( 0.000000000000000000, 0.000000000000000000, -1.000000000000000000 ) ) ;
#1068 = ORIENTED_EDGE ( 'NONE', *, *, #11127, .F. ) ;
#1069 = ORIENTED_EDGE ( 'NONE', *, *, #1169, .F. ) ;
#1070 = LINE ( 'NONE', #9554, #6028 ) ;
#1071 = DIRECTION ( 'NONE',  ( 0.000000000000000000, 1.000000000000000000, -0.000000000000000000 ) ) ;
#1072 = DIRECTION ( 'NONE',  ( -0.000000000000000000, -1.000000000000000000, -0.000000000000000000 ) ) ;
#1073 = ORIENTED_EDGE ( 'NONE', *, *, #11810, .T. ) ;
#1074 = ORIENTED_EDGE ( 'NONE', *, *, #7777, .T. ) ;
#1075 = CARTESIAN_POINT ( 'NONE',  ( 31.50000000000000711, 11.00000000000000000, -26.49999999999997158 ) ) ;
#1076 = DIRECTION ( 'NONE',  ( 0.000000000000000000, 1.000000000000000000, 0.000000000000000000 ) ) ;
#1077 = CARTESIAN_POINT ( 'NONE',  ( 67.99999999999992895, 11.00000000000000000, -30.99999999999995381 ) ) ;
#1078 = EDGE_CURVE ( 'NONE', #9354, #6555, #7820, .T. ) ;
#1079 = VECTOR ( 'NONE', #6190, 999.9999999999998863 ) ;
#1080 = EDGE_LOOP ( 'NONE', ( #3342, #2322, #1283, #430 ) ) ;
#1081 = DIRECTION ( 'NONE',  ( 1.239088197126290817E-16, 0.000000000000000000, 1.000000000000000000 ) ) ;
#1082 = ORIENTED_EDGE ( 'NONE', *, *, #524, .T. ) ;
#1083 = ORIENTED_EDGE ( 'NONE', *, *, #2482, .T. ) ;
#1084 = CARTESIAN_POINT ( 'NONE',  ( 26.45857864376273483, 9.799999999999998934, -40.50000000000000711 ) ) ;
#1085 = CARTESIAN_POINT ( 'NONE',  ( 35.49999999999999289, 11.00000000000000000, -21.99999999999996092 ) ) ;
#1086 = FACE_OUTER_BOUND ( 'NONE', #11181, .T. ) ;
#1087 = EDGE_LOOP ( 'NONE', ( #8430, #9213, #10872, #6069 ) ) ;
#1088 = CARTESIAN_POINT ( 'NONE',  ( -1.927470528863119049E-16, 2.000000000000000000, -4.000000000000000000 ) ) ;
#1089 = FACE_BOUND ( 'NONE', #6770, .T. ) ;
#1090 = DIRECTION ( 'NONE',  ( 0.000000000000000000, 0.000000000000000000, 1.000000000000000000 ) ) ;
#1091 = DIRECTION ( 'NONE',  ( 0.000000000000000000, 0.000000000000000000, 1.000000000000000000 ) ) ;
#1092 = VECTOR ( 'NONE', #10629, 1000.000000000000114 ) ;
#1093 = CIRCLE ( 'NONE', #6943, 0.9999999999999974465 ) ;
#1094 = EDGE_CURVE ( 'NONE', #7567, #7428, #4275, .T. ) ;
#1095 = CARTESIAN_POINT ( 'NONE',  ( 6.596088884706578439E-14, 11.00000000000000000, -6.300000000000552269 ) ) ;
#1096 = CARTESIAN_POINT ( 'NONE',  ( 11.99999999999992006, 2.000000000000000000, -37.99999999999992184 ) ) ;
#1097 = EDGE_LOOP ( 'NONE', ( #103, #2029, #10468, #3081 ) ) ;
#1098 = EDGE_CURVE ( 'NONE', #1699, #7595, #6107, .T. ) ;
#1099 = LINE ( 'NONE', #2047, #10811 ) ;
#1100 = EDGE_CURVE ( 'NONE', #1118, #7694, #6169, .T. ) ;
#1101 = PLANE ( 'NONE',  #6493 ) ;
#1102 = DIRECTION ( 'NONE',  ( 0.000000000000000000, 0.000000000000000000, 1.000000000000000000 ) ) ;
#1103 = VERTEX_POINT ( 'NONE', #3381 ) ;
#1104 = EDGE_CURVE ( 'NONE', #5157, #4354, #2182, .T. ) ;
#1105 = CARTESIAN_POINT ( 'NONE',  ( 35.49999999999999289, 2.000000000000000000, -35.49999999999996447 ) ) ;
#1106 = DIRECTION ( 'NONE',  ( -0.000000000000000000, -1.000000000000000000, -0.000000000000000000 ) ) ;
#1107 = LINE ( 'NONE', #9651, #5549 ) ;
#1108 = DIRECTION ( 'NONE',  ( 0.000000000000000000, 0.000000000000000000, -1.000000000000000000 ) ) ;
#1109 = VECTOR ( 'NONE', #6492, 1000.000000000000000 ) ;
#1110 = EDGE_CURVE ( 'NONE', #7624, #11650, #294, .T. ) ;
#1111 = DIRECTION ( 'NONE',  ( 0.000000000000000000, 1.000000000000000000, 0.000000000000000000 ) ) ;
#1112 = DIRECTION ( 'NONE',  ( 1.527636139592259900E-15, 0.000000000000000000, 1.000000000000000000 ) ) ;
#1113 = VERTEX_POINT ( 'NONE', #8966 ) ;
#1114 = DIRECTION ( 'NONE',  ( 0.000000000000000000, 1.000000000000000000, 0.000000000000000000 ) ) ;
#1115 = EDGE_CURVE ( 'NONE', #9714, #4718, #3320, .T. ) ;
#1116 = DIRECTION ( 'NONE',  ( -0.000000000000000000, -1.000000000000000000, -0.000000000000000000 ) ) ;
#1117 = AXIS2_PLACEMENT_3D ( 'NONE', #6919, #10660, #3891 ) ;
#1118 = VERTEX_POINT ( 'NONE', #7243 ) ;
#1119 = FACE_OUTER_BOUND ( 'NONE', #1080, .T. ) ;
#1120 = AXIS2_PLACEMENT_3D ( 'NONE', #10645, #10893, #1277 ) ;
#1121 = EDGE_CURVE ( 'NONE', #344, #12478, #8188, .T. ) ;
#1122 = ORIENTED_EDGE ( 'NONE', *, *, #1779, .T. ) ;
#1123 = ORIENTED_EDGE ( 'NONE', *, *, #8432, .T. ) ;
#1124 = DIRECTION ( 'NONE',  ( 0.7071067811865442421, 0.000000000000000000, -0.7071067811865509034 ) ) ;
#1125 = DIRECTION ( 'NONE',  ( 0.000000000000000000, 1.000000000000000000, 0.000000000000000000 ) ) ;
#1126 = AXIS2_PLACEMENT_3D ( 'NONE', #7611, #7678, #9587 ) ;
#1127 = AXIS2_PLACEMENT_3D ( 'NONE', #6755, #10765, #2135 ) ;
#1128 = ORIENTED_EDGE ( 'NONE', *, *, #2760, .T. ) ;
#1129 = CARTESIAN_POINT ( 'NONE',  ( 79.99999999999997158, 9.799999999999998934, -49.20000000000005969 ) ) ;
#1130 = VERTEX_POINT ( 'NONE', #9976 ) ;
#1131 = ORIENTED_EDGE ( 'NONE', *, *, #6382, .F. ) ;
#1132 = DIRECTION ( 'NONE',  ( 0.000000000000000000, 1.000000000000000000, -0.000000000000000000 ) ) ;
#1133 = CARTESIAN_POINT ( 'NONE',  ( 11.99999999999998934, 11.00000000000000000, -16.49999999999993250 ) ) ;
#1134 = EDGE_CURVE ( 'NONE', #6250, #8972, #5956, .T. ) ;
#1135 = CARTESIAN_POINT ( 'NONE',  ( 67.99999999999998579, 2.000000000000000000, -11.99999999999996625 ) ) ;
#1136 = ORIENTED_EDGE ( 'NONE', *, *, #5960, .T. ) ;
#1137 = EDGE_LOOP ( 'NONE', ( #8065, #6972, #2035, #4205 ) ) ;
#1138 = LINE ( 'NONE', #5755, #11084 ) ;
#1139 = DIRECTION ( 'NONE',  ( -0.000000000000000000, -1.000000000000000000, -0.000000000000000000 ) ) ;
#1140 = CIRCLE ( 'NONE', #8190, 0.9999999999999940048 ) ;
#1141 = PLANE ( 'NONE',  #5564 ) ;
#1142 = ORIENTED_EDGE ( 'NONE', *, *, #9606, .T. ) ;
#1143 = DIRECTION ( 'NONE',  ( 0.000000000000000000, -0.000000000000000000, 1.000000000000000000 ) ) ;
#1144 = ORIENTED_EDGE ( 'NONE', *, *, #8892, .T. ) ;
#1145 = ORIENTED_EDGE ( 'NONE', *, *, #1555, .F. ) ;
#1146 = DIRECTION ( 'NONE',  ( -0.000000000000000000, -1.000000000000000000, -0.000000000000000000 ) ) ;
#1147 = CARTESIAN_POINT ( 'NONE',  ( 7.500000000000020428, 11.00000000000000000, -11.99999999999990230 ) ) ;
#1148 = EDGE_CURVE ( 'NONE', #5474, #4799, #12425, .T. ) ;
#1149 = DIRECTION ( 'NONE',  ( 0.000000000000000000, 1.000000000000000000, 0.000000000000000000 ) ) ;
#1150 = EDGE_CURVE ( 'NONE', #6118, #2400, #1510, .T. ) ;
#1151 = VERTEX_POINT ( 'NONE', #2360 ) ;
#1152 = AXIS2_PLACEMENT_3D ( 'NONE', #3165, #7026, #2219 ) ;
#1153 = DIRECTION ( 'NONE',  ( -0.000000000000000000, -1.000000000000000000, -0.000000000000000000 ) ) ;
#1154 = FACE_OUTER_BOUND ( 'NONE', #10162, .T. ) ;
#1155 = LINE ( 'NONE', #9885, #1795 ) ;
#1156 = APPROVAL_DATE_TIME ( #9829, #8827 ) ;
#1157 = DIRECTION ( 'NONE',  ( -0.000000000000000000, -1.000000000000000000, -0.000000000000000000 ) ) ;
#1158 = DIRECTION ( 'NONE',  ( -0.000000000000000000, 1.000000000000000000, -0.000000000000000000 ) ) ;
#1159 = ORIENTED_EDGE ( 'NONE', *, *, #5273, .F. ) ;
#1160 = LINE ( 'NONE', #1040, #5744 ) ;
#1161 = DIRECTION ( 'NONE',  ( -0.000000000000000000, 1.000000000000000000, -0.000000000000000000 ) ) ;
#1162 = FACE_OUTER_BOUND ( 'NONE', #43, .T. ) ;
#1163 = VERTEX_POINT ( 'NONE', #1491 ) ;
#1164 = DIRECTION ( 'NONE',  ( 0.000000000000000000, 1.000000000000000000, 0.000000000000000000 ) ) ;
#1165 = DIRECTION ( 'NONE',  ( 0.000000000000000000, 0.000000000000000000, 1.000000000000000000 ) ) ;
#1166 = ADVANCED_FACE ( 'NONE', ( #1307 ), #6995, .T. ) ;
#1167 = CARTESIAN_POINT ( 'NONE',  ( 76.00000000000000000, 2.000000000000000000, -6.500000000000004441 ) ) ;
#1168 = AXIS2_PLACEMENT_3D ( 'NONE', #9532, #3763, #5406 ) ;
#1169 = EDGE_CURVE ( 'NONE', #8290, #7277, #6045, .T. ) ;
#1170 = ADVANCED_FACE ( 'NONE', ( #3194 ), #8001, .T. ) ;
#1171 = CYLINDRICAL_SURFACE ( 'NONE', #3659, 0.9999999999999974465 ) ;
#1172 = DIRECTION ( 'NONE',  ( -0.000000000000000000, -1.000000000000000000, -0.000000000000000000 ) ) ;
#1173 = ORIENTED_EDGE ( 'NONE', *, *, #7040, .T. ) ;
#1174 = CARTESIAN_POINT ( 'NONE',  ( 49.49939033455934378, 9.799999999999998934, -30.50060966544101149 ) ) ;
#1175 = CARTESIAN_POINT ( 'NONE',  ( 48.49999999999999289, 11.00000000000000000, -20.99999999999992895 ) ) ;
#1176 = VERTEX_POINT ( 'NONE', #5290 ) ;
#1177 = DIRECTION ( 'NONE',  ( 0.000000000000000000, 1.000000000000000000, 0.000000000000000000 ) ) ;
#1178 = ORIENTED_EDGE ( 'NONE', *, *, #6369, .T. ) ;
#1179 = ORIENTED_EDGE ( 'NONE', *, *, #4106, .T. ) ;
#1180 = EDGE_CURVE ( 'NONE', #11887, #11726, #7978, .T. ) ;
#1181 = DIRECTION ( 'NONE',  ( 0.000000000000000000, 0.000000000000000000, 1.000000000000000000 ) ) ;
#1182 = DIRECTION ( 'NONE',  ( -0.000000000000000000, -1.000000000000000000, -0.000000000000000000 ) ) ;
#1183 = AXIS2_PLACEMENT_3D ( 'NONE', #11748, #10658, #1979 ) ;
#1184 = ADVANCED_FACE ( 'NONE', ( #11051 ), #1251, .F. ) ;
#1185 = CIRCLE ( 'NONE', #10277, 1.000000000000000888 ) ;
#1186 = VECTOR ( 'NONE', #6750, 1000.000000000000000 ) ;
#1187 = AXIS2_PLACEMENT_3D ( 'NONE', #2088, #5951, #9823 ) ;
#1188 = EDGE_CURVE ( 'NONE', #12497, #188, #2117, .T. ) ;
#1189 = VERTEX_POINT ( 'NONE', #9151 ) ;
#1190 = CARTESIAN_POINT ( 'NONE',  ( 31.50000000000000711, 11.00000000000000000, -11.99999999999997335 ) ) ;
#1191 = VERTEX_POINT ( 'NONE', #12061 ) ;
#1192 = ORIENTED_EDGE ( 'NONE', *, *, #8286, .F. ) ;
#1193 = PLANE ( 'NONE',  #12518 ) ;
#1194 = DIRECTION ( 'NONE',  ( -0.000000000000000000, -1.000000000000000000, -0.000000000000000000 ) ) ;
#1195 = AXIS2_PLACEMENT_3D ( 'NONE', #6402, #9453, #1611 ) ;
#1196 = AXIS2_PLACEMENT_3D ( 'NONE', #2214, #6079, #9949 ) ;
#1197 = CIRCLE ( 'NONE', #584, 0.9999999999999974465 ) ;
#1198 = EDGE_LOOP ( 'NONE', ( #7965, #4694 ) ) ;
#1199 = ORIENTED_EDGE ( 'NONE', *, *, #10635, .T. ) ;
#1200 = CIRCLE ( 'NONE', #587, 0.9999999999999974465 ) ;
#1201 = DIRECTION ( 'NONE',  ( -0.000000000000000000, 1.000000000000000000, -0.000000000000000000 ) ) ;
#1202 = DIRECTION ( 'NONE',  ( -0.7071067811865470176, 0.000000000000000000, -0.7071067811865481278 ) ) ;
#1203 = AXIS2_PLACEMENT_3D ( 'NONE', #3511, #7319, #11192 ) ;
#1204 = EDGE_CURVE ( 'NONE', #1, #6999, #4142, .T. ) ;
#1205 = AXIS2_PLACEMENT_3D ( 'NONE', #3199, #8005, #540 ) ;
#1206 = AXIS2_PLACEMENT_3D ( 'NONE', #5326, #1722, #5452 ) ;
#1207 = AXIS2_PLACEMENT_3D ( 'NONE', #6736, #6091, #6147 ) ;
#1208 = ORIENTED_EDGE ( 'NONE', *, *, #8319, .T. ) ;
#1209 = LINE ( 'NONE', #6356, #11737 ) ;
#1210 = ORIENTED_EDGE ( 'NONE', *, *, #9153, .F. ) ;
#1211 = ORIENTED_EDGE ( 'NONE', *, *, #1027, .T. ) ;
#1212 = CYLINDRICAL_SURFACE ( 'NONE', #3831, 4.445296095962649296 ) ;
#1213 = CARTESIAN_POINT ( 'NONE',  ( 12.00000000000003197, 11.00000000000000000, -7.499999999999936939 ) ) ;
#1214 = CARTESIAN_POINT ( 'NONE',  ( 44.50000000000000000, 11.00000000000000000, -17.49999999999993960 ) ) ;
#1215 = ORIENTED_EDGE ( 'NONE', *, *, #1788, .F. ) ;
#1216 = PLANE ( 'NONE',  #5254 ) ;
#1217 = FACE_BOUND ( 'NONE', #9003, .T. ) ;
#1218 = DIRECTION ( 'NONE',  ( 0.000000000000000000, 1.000000000000000000, 0.000000000000000000 ) ) ;
#1219 = VECTOR ( 'NONE', #5537, 1000.000000000000000 ) ;
#1220 = CIRCLE ( 'NONE', #402, 0.9999999999999974465 ) ;
#1221 = ADVANCED_FACE ( 'NONE', ( #2743 ), #7557, .F. ) ;
#1222 = ADVANCED_FACE ( 'NONE', ( #4525 ), #12185, .F. ) ;
#1223 = AXIS2_PLACEMENT_3D ( 'NONE', #11838, #11496, #10607 ) ;
#1224 = VECTOR ( 'NONE', #11165, 1000.000000000000000 ) ;
#1225 = DIRECTION ( 'NONE',  ( 0.000000000000000000, 1.000000000000000000, 0.000000000000000000 ) ) ;
#1226 = AXIS2_PLACEMENT_3D ( 'NONE', #11818, #5987, #8778 ) ;
#1227 = DIRECTION ( 'NONE',  ( 0.000000000000000000, 0.000000000000000000, 1.000000000000000000 ) ) ;
#1228 = ORIENTED_EDGE ( 'NONE', *, *, #9781, .T. ) ;
#1229 = CYLINDRICAL_SURFACE ( 'NONE', #8161, 0.9999999999999974465 ) ;
#1230 = DIRECTION ( 'NONE',  ( 0.000000000000000000, 0.000000000000000000, -1.000000000000000000 ) ) ;
#1231 = CARTESIAN_POINT ( 'NONE',  ( 11.99999999999993427, 11.00000000000000000, -33.49999999999992895 ) ) ;
#1232 = ORIENTED_EDGE ( 'NONE', *, *, #7197, .T. ) ;
#1233 = LINE ( 'NONE', #6977, #10257 ) ;
#1234 = DIRECTION ( 'NONE',  ( 0.000000000000000000, 1.000000000000000000, 0.000000000000000000 ) ) ;
#1235 = DIRECTION ( 'NONE',  ( -0.000000000000000000, -1.000000000000000000, -0.000000000000000000 ) ) ;
#1236 = CIRCLE ( 'NONE', #9114, 0.9999999999999974465 ) ;
#1237 = AXIS2_PLACEMENT_3D ( 'NONE', #2412, #5199, #4255 ) ;
#1238 = EDGE_CURVE ( 'NONE', #8785, #10598, #10224, .T. ) ;
#1239 = CARTESIAN_POINT ( 'NONE',  ( 35.49999999999999289, 11.00000000000000000, -29.99999999999996447 ) ) ;
#1240 = FACE_OUTER_BOUND ( 'NONE', #7759, .T. ) ;
#1241 = ORIENTED_EDGE ( 'NONE', *, *, #2864, .T. ) ;
#1242 = DIRECTION ( 'NONE',  ( 0.000000000000000000, 0.000000000000000000, 1.000000000000000000 ) ) ;
#1243 = AXIS2_PLACEMENT_3D ( 'NONE', #6102, #4324, #1545 ) ;
#1244 = CARTESIAN_POINT ( 'NONE',  ( 40.00000000000000000, 11.00000000000000000, -15.00000000000000000 ) ) ;
#1245 = ORIENTED_EDGE ( 'NONE', *, *, #12032, .F. ) ;
#1246 = DIRECTION ( 'NONE',  ( -0.000000000000000000, -1.000000000000000000, -0.000000000000000000 ) ) ;
#1247 = EDGE_CURVE ( 'NONE', #6388, #8865, #1924, .T. ) ;
#1248 = ORIENTED_EDGE ( 'NONE', *, *, #12503, .F. ) ;
#1249 = DIRECTION ( 'NONE',  ( -0.000000000000000000, 1.000000000000000000, 0.000000000000000000 ) ) ;
#1250 = VERTEX_POINT ( 'NONE', #6478 ) ;
#1251 = CYLINDRICAL_SURFACE ( 'NONE', #5961, 2.800000000000002931 ) ;
#1252 = CARTESIAN_POINT ( 'NONE',  ( 53.50000000000000000, 1.999999999999998224, -37.29999999999996874 ) ) ;
#1253 = VECTOR ( 'NONE', #8884, 1000.000000000000000 ) ;
#1254 = ADVANCED_FACE ( 'NONE', ( #604 ), #6348, .F. ) ;
#1255 = VERTEX_POINT ( 'NONE', #1552 ) ;
#1256 = DIRECTION ( 'NONE',  ( 0.000000000000000000, 1.000000000000000000, 0.000000000000000000 ) ) ;
#1257 = ORIENTED_EDGE ( 'NONE', *, *, #12074, .F. ) ;
#1258 = ORIENTED_EDGE ( 'NONE', *, *, #12186, .T. ) ;
#1259 = PLANE ( 'NONE',  #9888 ) ;
#1261 = EDGE_CURVE ( 'NONE', #9376, #5428, #2487, .T. ) ;
#1260 = CYLINDRICAL_SURFACE ( 'NONE', #8257, 3.000000000000002665 ) ;
#1262 = EDGE_CURVE ( 'NONE', #10955, #2100, #8997, .T. ) ;
#1263 = ORIENTED_EDGE ( 'NONE', *, *, #10039, .F. ) ;
#1264 = VERTEX_POINT ( 'NONE', #860 ) ;
#1265 = DIRECTION ( 'NONE',  ( 0.000000000000000000, 0.000000000000000000, -1.000000000000000000 ) ) ;
#1266 = EDGE_CURVE ( 'NONE', #8136, #2909, #3566, .T. ) ;
#1267 = FACE_BOUND ( 'NONE', #3404, .T. ) ;
#1268 = EDGE_CURVE ( 'NONE', #9552, #8194, #6758, .T. ) ;
#1269 = EDGE_LOOP ( 'NONE', ( #6111, #9329 ) ) ;
#1270 = ORIENTED_EDGE ( 'NONE', *, *, #4262, .F. ) ;
#1271 = ORIENTED_EDGE ( 'NONE', *, *, #11476, .T. ) ;
#1272 = DIRECTION ( 'NONE',  ( 0.000000000000000000, 1.000000000000000000, -0.000000000000000000 ) ) ;
#1273 = CARTESIAN_POINT ( 'NONE',  ( 63.49999999999998579, 2.000000000000000000, -16.49999999999993250 ) ) ;
#1274 = LINE ( 'NONE', #265, #9779 ) ;
#1275 = ORIENTED_EDGE ( 'NONE', *, *, #7122, .T. ) ;
#1276 = DIRECTION ( 'NONE',  ( 0.000000000000000000, -0.000000000000000000, 1.000000000000000000 ) ) ;
#1277 = DIRECTION ( 'NONE',  ( 0.000000000000000000, 0.000000000000000000, 1.000000000000000000 ) ) ;
#1278 = CARTESIAN_POINT ( 'NONE',  ( 32.95096679918778193, 9.799999999999998934, -3.878679656440370493 ) ) ;
#1279 = EDGE_CURVE ( 'NONE', #1772, #12320, #9274, .T. ) ;
#1280 = CALENDAR_DATE ( 2022, 16, 2 ) ;
#1281 = CARTESIAN_POINT ( 'NONE',  ( 58.99999999999995737, 11.00000000000000000, -28.99999999999989697 ) ) ;
#1282 = FACE_OUTER_BOUND ( 'NONE', #7361, .T. ) ;
#1283 = ORIENTED_EDGE ( 'NONE', *, *, #9390, .T. ) ;
#1284 = ORIENTED_EDGE ( 'NONE', *, *, #6184, .F. ) ;
#1285 = CARTESIAN_POINT ( 'NONE',  ( 26.50000000000000000, 11.00000000000000000, -43.39999999999999858 ) ) ;
#1286 = CARTESIAN_POINT ( 'NONE',  ( 16.49999999999993960, 11.00000000000000000, -30.99999999999995381 ) ) ;
#1287 = CARTESIAN_POINT ( 'NONE',  ( 44.92771285725257258, 9.799999999999998934, -6.000000000000002665 ) ) ;
#1288 = DIRECTION ( 'NONE',  ( 0.000000000000000000, 1.000000000000000000, 0.000000000000000000 ) ) ;
#1289 = ORIENTED_EDGE ( 'NONE', *, *, #4176, .F. ) ;
#1290 = DIRECTION ( 'NONE',  ( -0.000000000000000000, 1.000000000000000000, -0.000000000000000000 ) ) ;
#1291 = ADVANCED_FACE ( 'NONE', ( #8317 ), #10286, .F. ) ;
#1292 = VECTOR ( 'NONE', #4370, 1000.000000000000000 ) ;
#1293 = CARTESIAN_POINT ( 'NONE',  ( 58.99999999999995737, 11.00000000000000000, -29.99999999999989342 ) ) ;
#1294 = CARTESIAN_POINT ( 'NONE',  ( 72.49999999999995737, 11.00000000000000000, -20.99999999999999289 ) ) ;
#1295 = CIRCLE ( 'NONE', #7747, 0.9999999999999974465 ) ;
#1296 = CYLINDRICAL_SURFACE ( 'NONE', #11972, 0.9999999999999974465 ) ;
#1297 = LINE ( 'NONE', #9016, #3423 ) ;
#1298 = ORIENTED_EDGE ( 'NONE', *, *, #3022, .F. ) ;
#1299 = CARTESIAN_POINT ( 'NONE',  ( 55.52132034355960144, 9.799999999999998934, -41.32010101267766089 ) ) ;
#1300 = LINE ( 'NONE', #5152, #3256 ) ;
#1301 = EDGE_LOOP ( 'NONE', ( #8036, #3733, #8923, #11601 ) ) ;
#1302 = PLANE ( 'NONE',  #1925 ) ;
#1303 = ADVANCED_FACE ( 'NONE', ( #8377 ), #5533, .F. ) ;
#1304 = EDGE_CURVE ( 'NONE', #67, #9302, #10355, .T. ) ;
#1305 = ORIENTED_EDGE ( 'NONE', *, *, #7652, .T. ) ;
#1306 = VERTEX_POINT ( 'NONE', #12308 ) ;
#1307 = FACE_OUTER_BOUND ( 'NONE', #6535, .T. ) ;
#1308 = DIRECTION ( 'NONE',  ( 0.000000000000000000, 0.000000000000000000, 1.000000000000000000 ) ) ;
#1309 = DIRECTION ( 'NONE',  ( -0.000000000000000000, -1.000000000000000000, -0.000000000000000000 ) ) ;
#1310 = ORIENTED_EDGE ( 'NONE', *, *, #10580, .T. ) ;
#1311 = ORIENTED_EDGE ( 'NONE', *, *, #3345, .T. ) ;
#1312 = VERTEX_POINT ( 'NONE', #3635 ) ;
#1313 = DIRECTION ( 'NONE',  ( -0.000000000000000000, 1.000000000000000000, -0.000000000000000000 ) ) ;
#1314 = FACE_OUTER_BOUND ( 'NONE', #6578, .T. ) ;
#1315 = ORIENTED_EDGE ( 'NONE', *, *, #984, .F. ) ;
#1316 = VERTEX_POINT ( 'NONE', #10411 ) ;
#1317 = CARTESIAN_POINT ( 'NONE',  ( 35.49999999999999289, 11.00000000000000000, -17.49999999999996092 ) ) ;
#1318 = CARTESIAN_POINT ( 'NONE',  ( 51.26776695296635467, 11.00000000000000000, -9.087362902255675223 ) ) ;
#1319 = EDGE_CURVE ( 'NONE', #3790, #451, #7497, .T. ) ;
#1320 = AXIS2_PLACEMENT_3D ( 'NONE', #12345, #6509, #5560 ) ;
#1321 = EDGE_CURVE ( 'NONE', #9645, #10788, #102, .T. ) ;
#1322 = ORIENTED_EDGE ( 'NONE', *, *, #5629, .T. ) ;
#1323 = ORIENTED_EDGE ( 'NONE', *, *, #1065, .T. ) ;
#1324 = EDGE_LOOP ( 'NONE', ( #8548, #7898, #5760, #6013 ) ) ;
#1325 = DIRECTION ( 'NONE',  ( -0.000000000000000000, -1.000000000000000000, -0.000000000000000000 ) ) ;
#1326 = CARTESIAN_POINT ( 'NONE',  ( 39.00000000000000000, 11.00000000000000000, -15.00000000000000000 ) ) ;
#1327 = DIRECTION ( 'NONE',  ( -0.000000000000000000, -1.000000000000000000, 0.000000000000000000 ) ) ;
#1328 = VERTEX_POINT ( 'NONE', #8823 ) ;
#1329 = DIRECTION ( 'NONE',  ( 0.000000000000000000, 0.000000000000000000, 1.000000000000000000 ) ) ;
#1330 = FACE_BOUND ( 'NONE', #181, .T. ) ;
#1331 = CARTESIAN_POINT ( 'NONE',  ( 48.49999999999999289, 11.00000000000000000, -11.99999999999993072 ) ) ;
#1332 = EDGE_CURVE ( 'NONE', #3612, #4522, #1713, .T. ) ;
#1333 = VECTOR ( 'NONE', #8304, 1000.000000000000000 ) ;
#1334 = ADVANCED_FACE ( 'NONE', ( #91 ), #7744, .T. ) ;
#1335 = EDGE_CURVE ( 'NONE', #6515, #3403, #1107, .T. ) ;
#1336 = CARTESIAN_POINT ( 'NONE',  ( 53.50000000000000000, 11.00000000000000000, -1.700000000000003508 ) ) ;
#1337 = AXIS2_PLACEMENT_3D ( 'NONE', #10967, #3539, #8487 ) ;
#1338 = DIRECTION ( 'NONE',  ( 0.000000000000000000, 0.000000000000000000, 1.000000000000000000 ) ) ;
#1339 = VERTEX_POINT ( 'NONE', #7872 ) ;
#1340 = ORIENTED_EDGE ( 'NONE', *, *, #8119, .F. ) ;
#1341 = CARTESIAN_POINT ( 'NONE',  ( 7.499999999999971578, 11.00000000000000000, -25.49999999999989697 ) ) ;
#1342 = DIRECTION ( 'NONE',  ( 0.000000000000000000, 0.000000000000000000, 1.000000000000000000 ) ) ;
#1343 = CARTESIAN_POINT ( 'NONE',  ( 44.50000000000000000, 11.00000000000000000, -34.49999999999994316 ) ) ;
#1344 = CARTESIAN_POINT ( 'NONE',  ( 52.00000000000000000, 11.00000000000000000, -10.85512985522205121 ) ) ;
#1345 = VERTEX_POINT ( 'NONE', #9718 ) ;
#1346 = DIRECTION ( 'NONE',  ( 0.000000000000000000, 1.000000000000000000, 0.000000000000000000 ) ) ;
#1347 = CARTESIAN_POINT ( 'NONE',  ( 17.09999999999999076, 5.000000000000000000, 3.100000000000000977 ) ) ;
#1348 = CARTESIAN_POINT ( 'NONE',  ( -6.035042332354375410E-16, 11.00000000000000000, -2.999999999999992895 ) ) ;
#1349 = AXIS2_PLACEMENT_3D ( 'NONE', #7286, #6019, #270 ) ;
#1350 = EDGE_CURVE ( 'NONE', #199, #8348, #11751, .T. ) ;
#1351 = CIRCLE ( 'NONE', #2964, 2.999999999999999112 ) ;
#1352 = EDGE_CURVE ( 'NONE', #7321, #5071, #4747, .T. ) ;
#1353 = DIRECTION ( 'NONE',  ( -0.000000000000000000, -1.000000000000000000, -0.000000000000000000 ) ) ;
#1354 = PLANE ( 'NONE',  #5448 ) ;
#1355 = EDGE_LOOP ( 'NONE', ( #10434, #6264 ) ) ;
#1356 = PLANE ( 'NONE',  #960 ) ;
#1357 = ORIENTED_EDGE ( 'NONE', *, *, #9390, .F. ) ;
#1358 = DIRECTION ( 'NONE',  ( 0.000000000000000000, 0.000000000000000000, 1.000000000000000000 ) ) ;
#1359 = DIRECTION ( 'NONE',  ( -1.000000000000000000, 0.000000000000000000, 0.000000000000000000 ) ) ;
#1360 = ORIENTED_EDGE ( 'NONE', *, *, #9937, .F. ) ;
#1361 = FACE_OUTER_BOUND ( 'NONE', #7167, .T. ) ;
#1362 = ORIENTED_EDGE ( 'NONE', *, *, #5059, .F. ) ;
#1363 = CARTESIAN_POINT ( 'NONE',  ( 26.50000000000000000, 11.00000000000000000, -1.700000000000005285 ) ) ;
#1364 = CIRCLE ( 'NONE', #6603, 4.200000000000036593 ) ;
#1365 = CARTESIAN_POINT ( 'NONE',  ( 16.49999999999993960, 11.00000000000000000, -28.99999999999996092 ) ) ;
#1366 = ADVANCED_FACE ( 'NONE', ( #6671 ), #7614, .T. ) ;
#1367 = ADVANCED_FACE ( 'NONE', ( #1982 ), #5787, .T. ) ;
#1368 = AXIS2_PLACEMENT_3D ( 'NONE', #6296, #7245, #7117 ) ;
#1369 = DIRECTION ( 'NONE',  ( 0.000000000000000000, 0.000000000000000000, 1.000000000000000000 ) ) ;
#1370 = ORIENTED_EDGE ( 'NONE', *, *, #5180, .T. ) ;
#1371 = CARTESIAN_POINT ( 'NONE',  ( 72.50000000000000000, 11.00000000000000000, -7.500000000000000000 ) ) ;
#1372 = ORIENTED_EDGE ( 'NONE', *, *, #8201, .T. ) ;
#1373 = ORIENTED_EDGE ( 'NONE', *, *, #11083, .F. ) ;
#1374 = FACE_OUTER_BOUND ( 'NONE', #9995, .T. ) ;
#1375 = DIRECTION ( 'NONE',  ( 0.000000000000000000, 0.000000000000000000, 1.000000000000000000 ) ) ;
#1376 = VERTEX_POINT ( 'NONE', #5913 ) ;
#1377 = ORIENTED_EDGE ( 'NONE', *, *, #4573, .T. ) ;
#1378 = DIRECTION ( 'NONE',  ( -0.000000000000000000, -1.000000000000000000, -0.000000000000000000 ) ) ;
#1379 = DIRECTION ( 'NONE',  ( -0.000000000000000000, -1.000000000000000000, -0.000000000000000000 ) ) ;
#1380 = AXIS2_PLACEMENT_3D ( 'NONE', #8555, #2727, #9386 ) ;
#1381 = AXIS2_PLACEMENT_3D ( 'NONE', #7138, #3222, #501 ) ;
#1382 = VECTOR ( 'NONE', #1904, 1000.000000000000000 ) ;
#1383 = ORIENTED_EDGE ( 'NONE', *, *, #8607, .F. ) ;
#1384 = CIRCLE ( 'NONE', #8876, 0.9999999999999974465 ) ;
#1385 = VECTOR ( 'NONE', #12462, 1000.000000000000000 ) ;
#1386 = AXIS2_PLACEMENT_3D ( 'NONE', #11013, #2325, #10056 ) ;
#1387 = ORIENTED_EDGE ( 'NONE', *, *, #9027, .T. ) ;
#1388 = ORIENTED_EDGE ( 'NONE', *, *, #2447, .T. ) ;
#1389 = DIRECTION ( 'NONE',  ( 0.000000000000000000, 1.000000000000000000, -0.000000000000000000 ) ) ;
#1390 = LINE ( 'NONE', #5247, #10084 ) ;
#1391 = CARTESIAN_POINT ( 'NONE',  ( 67.99999999999994316, 11.00000000000000000, -26.49999999999995737 ) ) ;
#1392 = EDGE_LOOP ( 'NONE', ( #2854, #4675 ) ) ;
#1393 = CARTESIAN_POINT ( 'NONE',  ( 63.50000000000000000, 11.00000000000000000, -11.99999999999993427 ) ) ;
#1394 = FACE_BOUND ( 'NONE', #3932, .T. ) ;
#1395 = DIRECTION ( 'NONE',  ( 0.000000000000000000, 0.000000000000000000, 1.000000000000000000 ) ) ;
#1396 = ADVANCED_FACE ( 'NONE', ( #5973 ), #9839, .T. ) ;
#1397 = PERSON_AND_ORGANIZATION ( #8464, #3667 ) ;
#1398 = EDGE_CURVE ( 'NONE', #2553, #11062, #8762, .T. ) ;
#1399 = AXIS2_PLACEMENT_3D ( 'NONE', #27, #8951, #3889 ) ;
#1400 = VECTOR ( 'NONE', #3384, 1000.000000000000000 ) ;
#1401 = AXIS2_PLACEMENT_3D ( 'NONE', #1691, #10362, #12321 ) ;
#1402 = VECTOR ( 'NONE', #11061, 1000.000000000000000 ) ;
#1403 = LINE ( 'NONE', #9057, #1033 ) ;
#1404 = EDGE_CURVE ( 'NONE', #4627, #3512, #32, .T. ) ;
#1405 = CYLINDRICAL_SURFACE ( 'NONE', #3233, 1.000000000000000888 ) ;
#1406 = ORIENTED_EDGE ( 'NONE', *, *, #6370, .F. ) ;
#1407 = EDGE_LOOP ( 'NONE', ( #3157, #2752, #2065, #703 ) ) ;
#1408 = CARTESIAN_POINT ( 'NONE',  ( 31.50000000000000711, 2.000000000000000000, -20.99999999999997158 ) ) ;
#1409 = AXIS2_PLACEMENT_3D ( 'NONE', #9907, #5147, #10091 ) ;
#1410 = CARTESIAN_POINT ( 'NONE',  ( 48.49999999999999289, 11.00000000000000000, -17.49999999999992895 ) ) ;
#1411 = CIRCLE ( 'NONE', #9290, 0.9999999999999974465 ) ;
#1412 = CIRCLE ( 'NONE', #1607, 2.500000000000000444 ) ;
#1413 = CARTESIAN_POINT ( 'NONE',  ( 64.64386001800130543, 9.799999999999998934, -49.20000000000000995 ) ) ;
#1414 = CARTESIAN_POINT ( 'NONE',  ( 48.29461583732884122, 2.000000000000000000, -39.97868143219523773 ) ) ;
#1415 = AXIS2_PLACEMENT_3D ( 'NONE', #4356, #11149, #8093 ) ;
#1416 = ORIENTED_EDGE ( 'NONE', *, *, #3734, .F. ) ;
#1417 = DIRECTION ( 'NONE',  ( 0.000000000000000000, 1.000000000000000000, 0.000000000000000000 ) ) ;
#1418 = EDGE_CURVE ( 'NONE', #1791, #4098, #7586, .T. ) ;
#1419 = CYLINDRICAL_SURFACE ( 'NONE', #1237, 0.9999999999999974465 ) ;
#1420 = DIRECTION ( 'NONE',  ( 1.000000000000000000, 0.000000000000000000, -0.000000000000000000 ) ) ;
#1421 = EDGE_CURVE ( 'NONE', #23, #1312, #9818, .T. ) ;
#1422 = AXIS2_PLACEMENT_3D ( 'NONE', #6989, #5980, #1242 ) ;
#1423 = VECTOR ( 'NONE', #964, 1000.000000000000000 ) ;
#1424 = DIRECTION ( 'NONE',  ( -0.000000000000000000, -1.000000000000000000, -0.000000000000000000 ) ) ;
#1425 = DIRECTION ( 'NONE',  ( 0.000000000000000000, -0.000000000000000000, 1.000000000000000000 ) ) ;
#1426 = ORIENTED_EDGE ( 'NONE', *, *, #6229, .F. ) ;
#1427 = DIRECTION ( 'NONE',  ( 0.000000000000000000, 0.000000000000000000, 1.000000000000000000 ) ) ;
#1428 = DIRECTION ( 'NONE',  ( 0.000000000000000000, 1.000000000000000000, 0.000000000000000000 ) ) ;
#1429 = CARTESIAN_POINT ( 'NONE',  ( 17.92779706011599927, 11.00000000000000000, -6.000084202863472882 ) ) ;
#1430 = AXIS2_PLACEMENT_3D ( 'NONE', #6167, #2485, #1616 ) ;
#1431 = ORIENTED_EDGE ( 'NONE', *, *, #4259, .F. ) ;
#1432 = DIRECTION ( 'NONE',  ( 0.000000000000000000, 0.000000000000000000, -1.000000000000000000 ) ) ;
#1433 = EDGE_LOOP ( 'NONE', ( #4972, #10639, #1441, #6300 ) ) ;
#1434 = DIRECTION ( 'NONE',  ( 0.000000000000000000, 0.000000000000000000, 1.000000000000000000 ) ) ;
#1435 = EDGE_CURVE ( 'NONE', #4580, #11010, #12233, .T. ) ;
#1436 = CARTESIAN_POINT ( 'NONE',  ( 11.99999999999997513, 11.00000000000000000, -20.99999999999993250 ) ) ;
#1437 = AXIS2_PLACEMENT_3D ( 'NONE', #7518, #8536, #5382 ) ;
#1438 = AXIS2_PLACEMENT_3D ( 'NONE', #4317, #10977, #7159 ) ;
#1439 = DIRECTION ( 'NONE',  ( 0.000000000000000000, 1.000000000000000000, 0.000000000000000000 ) ) ;
#1440 = DIRECTION ( 'NONE',  ( -1.000000000000000000, 0.000000000000000000, 6.999854048275122104E-16 ) ) ;
#1441 = ORIENTED_EDGE ( 'NONE', *, *, #5856, .T. ) ;
#1442 = CARTESIAN_POINT ( 'NONE',  ( 17.92658079720860798, 10.59999999999999964, -3.000000000000005329 ) ) ;
#1443 = VERTEX_POINT ( 'NONE', #9783 ) ;
#1444 = EDGE_LOOP ( 'NONE', ( #5696, #3582 ) ) ;
#1445 = LINE ( 'NONE', #2131, #9875 ) ;
#1446 = CARTESIAN_POINT ( 'NONE',  ( 48.49999999999999289, 11.00000000000000000, -29.99999999999992895 ) ) ;
#1447 = ORIENTED_EDGE ( 'NONE', *, *, #12349, .T. ) ;
#1448 = ORIENTED_EDGE ( 'NONE', *, *, #1997, .F. ) ;
#1449 = CARTESIAN_POINT ( 'NONE',  ( 47.87746032555839548, 9.799999999999998934, -1.878679656440361612 ) ) ;
#1450 = ADVANCED_FACE ( 'NONE', ( #4837 ), #4772, .T. ) ;
#1451 = AXIS2_PLACEMENT_3D ( 'NONE', #2934, #1116, #9729 ) ;
#1452 = CARTESIAN_POINT ( 'NONE',  ( 9.900000000000005684, 5.000000000000000888, 3.100000000000000089 ) ) ;
#1453 = AXIS2_PLACEMENT_3D ( 'NONE', #3619, #10528, #6525 ) ;
#1454 = VERTEX_POINT ( 'NONE', #2871 ) ;
#1455 = VECTOR ( 'NONE', #6534, 1000.000000000000000 ) ;
#1456 = ORIENTED_EDGE ( 'NONE', *, *, #3186, .T. ) ;
#1457 = ORIENTED_EDGE ( 'NONE', *, *, #2312, .F. ) ;
#1458 = CARTESIAN_POINT ( 'NONE',  ( 63.89999999999999858, 5.000000000000000888, 3.100000000000000977 ) ) ;
#1459 = DIRECTION ( 'NONE',  ( 0.000000000000000000, 1.000000000000000000, 0.000000000000000000 ) ) ;
#1460 = DIRECTION ( 'NONE',  ( 0.000000000000000000, 1.000000000000000000, 0.000000000000000000 ) ) ;
#1461 = ORIENTED_EDGE ( 'NONE', *, *, #7764, .F. ) ;
#1462 = DIRECTION ( 'NONE',  ( 0.000000000000000000, 1.000000000000000000, 0.000000000000000000 ) ) ;
#1463 = FACE_BOUND ( 'NONE', #1992, .T. ) ;
#1464 = CARTESIAN_POINT ( 'NONE',  ( 35.49999999999999289, 2.000000000000000000, -25.49999999999996092 ) ) ;
#1465 = EDGE_CURVE ( 'NONE', #10800, #6563, #10602, .T. ) ;
#1466 = ORIENTED_EDGE ( 'NONE', *, *, #2273, .T. ) ;
#1467 = DIRECTION ( 'NONE',  ( 0.000000000000000000, 0.000000000000000000, 1.000000000000000000 ) ) ;
#1468 = DIRECTION ( 'NONE',  ( 0.000000000000000000, 0.000000000000000000, 1.000000000000000000 ) ) ;
#1469 = EDGE_LOOP ( 'NONE', ( #3896, #4374, #1122, #4146 ) ) ;
#1470 = VERTEX_POINT ( 'NONE', #7988 ) ;
#1471 = CARTESIAN_POINT ( 'NONE',  ( 57.81335136523794915, 11.00000000000000000, -39.08664863476203521 ) ) ;
#1472 = DIRECTION ( 'NONE',  ( 0.000000000000000000, 1.000000000000000000, 0.000000000000000000 ) ) ;
#1473 = CARTESIAN_POINT ( 'NONE',  ( 72.50000000000000000, 2.000000000000000000, -6.500000000000001776 ) ) ;
#1474 = CARTESIAN_POINT ( 'NONE',  ( 68.00000000000000000, 11.00000000000000000, -7.499999999999968914 ) ) ;
#1475 = EDGE_LOOP ( 'NONE', ( #5873, #371 ) ) ;
#1476 = DIRECTION ( 'NONE',  ( 0.000000000000000000, 1.000000000000000000, 0.000000000000000000 ) ) ;
#1477 = DIRECTION ( 'NONE',  ( -0.7071067811865474617, 0.000000000000000000, -0.7071067811865474617 ) ) ;
#1478 = FACE_OUTER_BOUND ( 'NONE', #10201, .T. ) ;
#1479 = EDGE_CURVE ( 'NONE', #11658, #7460, #460, .T. ) ;
#1480 = DIRECTION ( 'NONE',  ( 0.000000000000000000, 1.000000000000000000, 0.000000000000000000 ) ) ;
#1481 = FACE_OUTER_BOUND ( 'NONE', #8990, .T. ) ;
#1482 = ORIENTED_EDGE ( 'NONE', *, *, #2650, .F. ) ;
#1483 = CIRCLE ( 'NONE', #8558, 1.000000000000000888 ) ;
#1484 = CARTESIAN_POINT ( 'NONE',  ( 40.99999999999999289, 2.000000000000000000, -41.23776336359135541 ) ) ;
#1485 = EDGE_CURVE ( 'NONE', #6817, #46, #10022, .T. ) ;
#1486 = CARTESIAN_POINT ( 'NONE',  ( 7.500000000000020428, 2.000000000000000000, -11.99999999999990230 ) ) ;
#1487 = CARTESIAN_POINT ( 'NONE',  ( 20.99999999999997158, 11.00000000000000000, -17.49999999999999289 ) ) ;
#1488 = ORIENTED_EDGE ( 'NONE', *, *, #4526, .F. ) ;
#1489 = CARTESIAN_POINT ( 'NONE',  ( 31.50000000000000711, 11.00000000000000000, -20.99999999999997158 ) ) ;
#1490 = ORIENTED_EDGE ( 'NONE', *, *, #5423, .T. ) ;
#1491 = CARTESIAN_POINT ( 'NONE',  ( 35.49999999999999289, 2.000000000000000000, -19.99999999999996447 ) ) ;
#1492 = LINE ( 'NONE', #9090, #10461 ) ;
#1493 = EDGE_CURVE ( 'NONE', #8328, #7624, #923, .T. ) ;
#1494 = AXIS2_PLACEMENT_3D ( 'NONE', #6221, #4202, #2424 ) ;
#1495 = EDGE_CURVE ( 'NONE', #762, #4627, #3368, .T. ) ;
#1496 = CYLINDRICAL_SURFACE ( 'NONE', #1205, 0.9999999999999974465 ) ;
#1497 = CARTESIAN_POINT ( 'NONE',  ( 44.98517677218605115, 9.799999999999998934, -44.98517677218592326 ) ) ;
#1498 = EDGE_CURVE ( 'NONE', #7115, #10800, #12047, .T. ) ;
#1499 = VERTEX_POINT ( 'NONE', #335 ) ;
#1500 = AXIS2_PLACEMENT_3D ( 'NONE', #7628, #8330, #872 ) ;
#1501 = ORIENTED_EDGE ( 'NONE', *, *, #7908, .T. ) ;
#1502 = ORIENTED_EDGE ( 'NONE', *, *, #5591, .F. ) ;
#1503 = CARTESIAN_POINT ( 'NONE',  ( 26.50000000000000000, 11.00000000000000000, -5.099999999999995204 ) ) ;
#1504 = CARTESIAN_POINT ( 'NONE',  ( 64.64386001800129122, 9.799999999999998934, -46.19999999999999574 ) ) ;
#1505 = ORIENTED_EDGE ( 'NONE', *, *, #10189, .T. ) ;
#1506 = EDGE_LOOP ( 'NONE', ( #7942, #7006 ) ) ;
#1507 = CARTESIAN_POINT ( 'NONE',  ( 67.99999999999990052, 11.00000000000000000, -38.99999999999995026 ) ) ;
#1508 = LINE ( 'NONE', #9992, #2546 ) ;
#1509 = EDGE_CURVE ( 'NONE', #6896, #12116, #3247, .T. ) ;
#1510 = CIRCLE ( 'NONE', #8579, 3.000000000000009770 ) ;
#1511 = EDGE_CURVE ( 'NONE', #12021, #1151, #4150, .T. ) ;
#1512 = VERTEX_POINT ( 'NONE', #9903 ) ;
#1513 = ORIENTED_EDGE ( 'NONE', *, *, #10841, .T. ) ;
#1514 = ORIENTED_EDGE ( 'NONE', *, *, #403, .T. ) ;
#1515 = FACE_OUTER_BOUND ( 'NONE', #5411, .T. ) ;
#1516 = CARTESIAN_POINT ( 'NONE',  ( 7.499999999999930722, 11.00000000000000000, -39.99999999999988631 ) ) ;
#1517 = AXIS2_PLACEMENT_3D ( 'NONE', #3502, #10219, #8064 ) ;
#1518 = LINE ( 'NONE', #7276, #10181 ) ;
#1519 = ORIENTED_EDGE ( 'NONE', *, *, #7039, .F. ) ;
#1520 = CARTESIAN_POINT ( 'NONE',  ( 35.49999999999999289, 11.00000000000000000, -35.49999999999996447 ) ) ;
#1521 = CARTESIAN_POINT ( 'NONE',  ( 0.000000000000000000, 2.000000000000000000, 0.000000000000000000 ) ) ;
#1522 = VECTOR ( 'NONE', #8439, 1000.000000000000000 ) ;
#1523 = AXIS2_PLACEMENT_3D ( 'NONE', #5504, #3532, #1895 ) ;
#1524 = DIRECTION ( 'NONE',  ( -0.000000000000000000, -1.000000000000000000, -0.000000000000000000 ) ) ;
#1525 = VECTOR ( 'NONE', #682, 1000.000000000000000 ) ;
#1526 = ADVANCED_FACE ( 'NONE', ( #399 ), #5026, .T. ) ;
#1527 = ORIENTED_EDGE ( 'NONE', *, *, #1352, .T. ) ;
#1528 = DIRECTION ( 'NONE',  ( 2.168404344971008868E-16, 0.000000000000000000, 1.000000000000000000 ) ) ;
#1529 = EDGE_CURVE ( 'NONE', #7192, #6683, #3338, .T. ) ;
#1530 = FACE_OUTER_BOUND ( 'NONE', #534, .T. ) ;
#1531 = EDGE_LOOP ( 'NONE', ( #8602, #9017, #12097, #9022 ) ) ;
#1532 = ORIENTED_EDGE ( 'NONE', *, *, #6165, .T. ) ;
#1533 = CARTESIAN_POINT ( 'NONE',  ( 11.99999999999992006, 11.00000000000000000, -38.99999999999992184 ) ) ;
#1534 = DIRECTION ( 'NONE',  ( 0.000000000000000000, 0.000000000000000000, 1.000000000000000000 ) ) ;
#1535 = LINE ( 'NONE', #8111, #12323 ) ;
#1536 = DIRECTION ( 'NONE',  ( -0.000000000000000000, -1.000000000000000000, -0.000000000000000000 ) ) ;
#1537 = VERTEX_POINT ( 'NONE', #6030 ) ;
#1538 = FACE_OUTER_BOUND ( 'NONE', #6056, .T. ) ;
#1539 = DIRECTION ( 'NONE',  ( -0.7071067811865467956, 0.000000000000000000, 0.7071067811865483499 ) ) ;
#1540 = DIRECTION ( 'NONE',  ( 0.000000000000000000, 0.000000000000000000, 1.000000000000000000 ) ) ;
#1541 = DIRECTION ( 'NONE',  ( 0.000000000000000000, 0.000000000000000000, 1.000000000000000000 ) ) ;
#1542 = CARTESIAN_POINT ( 'NONE',  ( 58.99999999999999289, 11.00000000000000000, -21.99999999999989697 ) ) ;
#1543 = ORIENTED_EDGE ( 'NONE', *, *, #5896, .T. ) ;
#1544 = FACE_OUTER_BOUND ( 'NONE', #9710, .T. ) ;
#1545 = DIRECTION ( 'NONE',  ( 0.000000000000000000, 0.000000000000000000, 1.000000000000000000 ) ) ;
#1546 = DIRECTION ( 'NONE',  ( 0.000000000000000000, 1.000000000000000000, 0.000000000000000000 ) ) ;
#1547 = DIRECTION ( 'NONE',  ( 0.000000000000000000, 0.000000000000000000, 1.000000000000000000 ) ) ;
#1548 = EDGE_LOOP ( 'NONE', ( #2756, #7903, #7554, #5545 ) ) ;
#1549 = PLANE ( 'NONE',  #11144 ) ;
#1550 = VERTEX_POINT ( 'NONE', #281 ) ;
#1551 = CIRCLE ( 'NONE', #12060, 1.000000000000000888 ) ;
#1552 = CARTESIAN_POINT ( 'NONE',  ( 35.49999999999999289, 11.00000000000000000, -39.99999999999996447 ) ) ;
#1553 = EDGE_CURVE ( 'NONE', #2519, #2309, #6280, .T. ) ;
#1554 = CARTESIAN_POINT ( 'NONE',  ( 35.49999999999999289, 11.00000000000000000, -7.499999999999963585 ) ) ;
#1555 = EDGE_CURVE ( 'NONE', #257, #7567, #5153, .T. ) ;
#1556 = LINE ( 'NONE', #3271, #9484 ) ;
#1557 = FACE_OUTER_BOUND ( 'NONE', #5097, .T. ) ;
#1558 = VERTEX_POINT ( 'NONE', #3308 ) ;
#1559 = AXIS2_PLACEMENT_3D ( 'NONE', #3373, #7233, #3439 ) ;
#1560 = EDGE_CURVE ( 'NONE', #7333, #10636, #8891, .T. ) ;
#1561 = AXIS2_PLACEMENT_3D ( 'NONE', #8459, #11328, #9479 ) ;
#1562 = EDGE_LOOP ( 'NONE', ( #5857, #6944, #387, #9749 ) ) ;
#1563 = ORIENTED_EDGE ( 'NONE', *, *, #2106, .T. ) ;
#1564 = DIRECTION ( 'NONE',  ( 0.000000000000000000, 0.000000000000000000, 1.000000000000000000 ) ) ;
#1565 = DIRECTION ( 'NONE',  ( 0.000000000000000000, 0.000000000000000000, -1.000000000000000000 ) ) ;
#1566 = ORIENTED_EDGE ( 'NONE', *, *, #9183, .F. ) ;
#1567 = EDGE_LOOP ( 'NONE', ( #9109, #1732, #11964, #11294 ) ) ;
#1568 = CARTESIAN_POINT ( 'NONE',  ( 52.63015151901651478, 11.00000000000000000, -5.499999999999992895 ) ) ;
#1569 = EDGE_CURVE ( 'NONE', #3964, #4339, #2317, .T. ) ;
#1570 = CARTESIAN_POINT ( 'NONE',  ( 72.50000000000000000, 11.00000000000000000, -7.500000000000000000 ) ) ;
#1571 = EDGE_CURVE ( 'NONE', #918, #10865, #5200, .T. ) ;
#1572 = CIRCLE ( 'NONE', #2174, 3.599999999999993872 ) ;
#1573 = AXIS2_PLACEMENT_3D ( 'NONE', #3321, #6349, #4208 ) ;
#1574 = ORIENTED_EDGE ( 'NONE', *, *, #12004, .F. ) ;
#1575 = ORIENTED_EDGE ( 'NONE', *, *, #7917, .T. ) ;
#1576 = ORIENTED_EDGE ( 'NONE', *, *, #12473, .F. ) ;
#1577 = CYLINDRICAL_SURFACE ( 'NONE', #10081, 0.9999999999999974465 ) ;
#1578 = LINE ( 'NONE', #6565, #9077 ) ;
#1579 = CARTESIAN_POINT ( 'NONE',  ( 71.09999999999998010, 5.000000000000000000, 3.100000000000000089 ) ) ;
#1580 = ORIENTED_EDGE ( 'NONE', *, *, #11947, .F. ) ;
#1581 = DIRECTION ( 'NONE',  ( 0.000000000000000000, 1.000000000000000000, -0.000000000000000000 ) ) ;
#1582 = FACE_BOUND ( 'NONE', #4396, .T. ) ;
#1583 = LINE ( 'NONE', #1708, #9895 ) ;
#1584 = ADVANCED_FACE ( 'NONE', ( #2288 ), #8954, .T. ) ;
#1585 = VECTOR ( 'NONE', #3683, 1000.000000000000000 ) ;
#1586 = AXIS2_PLACEMENT_3D ( 'NONE', #7125, #11000, #2310 ) ;
#1587 = AXIS2_PLACEMENT_3D ( 'NONE', #7139, #6189, #11208 ) ;
#1588 = VERTEX_POINT ( 'NONE', #4133 ) ;
#1589 = DIRECTION ( 'NONE',  ( 0.000000000000000000, 1.000000000000000000, 0.000000000000000000 ) ) ;
#1590 = ORIENTED_EDGE ( 'NONE', *, *, #2917, .F. ) ;
#1591 = ORIENTED_EDGE ( 'NONE', *, *, #5432, .F. ) ;
#1592 = CARTESIAN_POINT ( 'NONE',  ( 26.50000000000000000, 11.00000000000000000, -43.39999999999999858 ) ) ;
#1593 = DIRECTION ( 'NONE',  ( 0.000000000000000000, 0.000000000000000000, 1.000000000000000000 ) ) ;
#1594 = VERTEX_POINT ( 'NONE', #2231 ) ;
#1595 = CARTESIAN_POINT ( 'NONE',  ( 44.50000000000000000, 11.00000000000000000, -24.49999999999994316 ) ) ;
#1596 = CARTESIAN_POINT ( 'NONE',  ( 63.50000000000002842, 11.00000000000000000, -7.499999999999936939 ) ) ;
#1597 = EDGE_LOOP ( 'NONE', ( #7012, #10344 ) ) ;
#1598 = CARTESIAN_POINT ( 'NONE',  ( 44.92771285725257968, 9.799999999999998934, -3.000000000000003109 ) ) ;
#1599 = AXIS2_PLACEMENT_3D ( 'NONE', #11668, #3104, #5832 ) ;
#1600 = CIRCLE ( 'NONE', #9279, 1.000000000000000888 ) ;
#1601 = CARTESIAN_POINT ( 'NONE',  ( 63.49999999999992895, 2.000000000000000000, -34.49999999999992895 ) ) ;
#1602 = DIRECTION ( 'NONE',  ( 0.000000000000000000, 0.000000000000000000, -1.000000000000000000 ) ) ;
#1603 = AXIS2_PLACEMENT_3D ( 'NONE', #11583, #3913, #2075 ) ;
#1604 = ADVANCED_FACE ( 'NONE', ( #6152 ), #6096, .T. ) ;
#1605 = EDGE_CURVE ( 'NONE', #12165, #4854, #9011, .T. ) ;
#1606 = LINE ( 'NONE', #3622, #4102 ) ;
#1607 = AXIS2_PLACEMENT_3D ( 'NONE', #1633, #5487, #9357 ) ;
#1608 = DIRECTION ( 'NONE',  ( 0.000000000000000000, 1.000000000000000000, 0.000000000000000000 ) ) ;
#1609 = AXIS2_PLACEMENT_3D ( 'NONE', #10886, #6071, #9942 ) ;
#1610 = ORIENTED_EDGE ( 'NONE', *, *, #8160, .F. ) ;
#1611 = DIRECTION ( 'NONE',  ( 0.000000000000000000, 0.000000000000000000, 1.000000000000000000 ) ) ;
#1612 = CYLINDRICAL_SURFACE ( 'NONE', #6907, 0.9999999999999974465 ) ;
#1613 = CARTESIAN_POINT ( 'NONE',  ( 45.26776695296636888, -21.88036781070453785, -43.00553031655771719 ) ) ;
#1614 = CARTESIAN_POINT ( 'NONE',  ( 18.75619947568033652, 9.799999999999998934, -4.000059493681638045 ) ) ;
#1615 = VERTEX_POINT ( 'NONE', #6398 ) ;
#1616 = DIRECTION ( 'NONE',  ( 0.000000000000000000, -0.000000000000000000, 1.000000000000000000 ) ) ;
#1617 = ORIENTED_EDGE ( 'NONE', *, *, #4671, .T. ) ;
#1618 = DIRECTION ( 'NONE',  ( 0.000000000000000000, 0.000000000000000000, 1.000000000000000000 ) ) ;
#1619 = EDGE_CURVE ( 'NONE', #4988, #10865, #7390, .T. ) ;
#1620 = PLANE ( 'NONE',  #5008 ) ;
#1621 = AXIS2_PLACEMENT_3D ( 'NONE', #4196, #2170, #1425 ) ;
#1622 = AXIS2_PLACEMENT_3D ( 'NONE', #11398, #6439, #8543 ) ;
#1623 = VECTOR ( 'NONE', #11869, 1000.000000000000000 ) ;
#1624 = CARTESIAN_POINT ( 'NONE',  ( 40.00000000000000000, 11.00000000000000000, -9.749999999999953815 ) ) ;
#1625 = LINE ( 'NONE', #541, #8207 ) ;
#1626 = VERTEX_POINT ( 'NONE', #8666 ) ;
#1627 = CIRCLE ( 'NONE', #9108, 0.9999999999999974465 ) ;
#1628 = DIRECTION ( 'NONE',  ( -0.7071067811865443531, 0.000000000000000000, 0.7071067811865506814 ) ) ;
#1629 = AXIS2_PLACEMENT_3D ( 'NONE', #2868, #7680, #5664 ) ;
#1630 = ORIENTED_EDGE ( 'NONE', *, *, #1555, .T. ) ;
#1631 = ORIENTED_EDGE ( 'NONE', *, *, #2874, .F. ) ;
#1632 = DIRECTION ( 'NONE',  ( 0.000000000000000000, 0.000000000000000000, 1.000000000000000000 ) ) ;
#1633 = CARTESIAN_POINT ( 'NONE',  ( 34.85512985522210272, 11.00000000000000000, -6.500000000000002665 ) ) ;
#1634 = ORIENTED_EDGE ( 'NONE', *, *, #5352, .T. ) ;
#1635 = ORIENTED_EDGE ( 'NONE', *, *, #8235, .T. ) ;
#1636 = CARTESIAN_POINT ( 'NONE',  ( 44.50000000000000000, 2.000000000000000000, -39.99999999999993605 ) ) ;
#1637 = CARTESIAN_POINT ( 'NONE',  ( 59.00000000000000711, 11.00000000000000000, -16.49999999999990408 ) ) ;
#1638 = AXIS2_PLACEMENT_3D ( 'NONE', #1371, #8137, #5224 ) ;
#1639 = VECTOR ( 'NONE', #4904, 1000.000000000000000 ) ;
#1640 = EDGE_CURVE ( 'NONE', #7201, #1, #4803, .T. ) ;
#1641 = ORIENTED_EDGE ( 'NONE', *, *, #5960, .F. ) ;
#1642 = ORIENTED_EDGE ( 'NONE', *, *, #8516, .F. ) ;
#1643 = EDGE_CURVE ( 'NONE', #290, #8613, #7179, .T. ) ;
#1644 = ORIENTED_EDGE ( 'NONE', *, *, #4513, .T. ) ;
#1645 = DIRECTION ( 'NONE',  ( 0.000000000000000000, 0.000000000000000000, 1.000000000000000000 ) ) ;
#1646 = DIRECTION ( 'NONE',  ( 0.000000000000000000, 0.000000000000000000, -1.000000000000000000 ) ) ;
#1647 = EDGE_CURVE ( 'NONE', #1454, #5864, #9561, .T. ) ;
#1648 = AXIS2_PLACEMENT_3D ( 'NONE', #289, #7691, #5795 ) ;
#1649 = FACE_OUTER_BOUND ( 'NONE', #7583, .T. ) ;
#1650 = AXIS2_PLACEMENT_3D ( 'NONE', #10459, #1785, #11475 ) ;
#1651 = ORIENTED_EDGE ( 'NONE', *, *, #4239, .T. ) ;
#1652 = CARTESIAN_POINT ( 'NONE',  ( 46.39939033455912920, 9.799999999999998934, -46.39939033455902262 ) ) ;
#1653 = CARTESIAN_POINT ( 'NONE',  ( 23.65025253169417141, 9.799999999999998934, -7.479898987322344261 ) ) ;
#1654 = CYLINDRICAL_SURFACE ( 'NONE', #4427, 0.9999999999999974465 ) ;
#1655 = AXIS2_PLACEMENT_3D ( 'NONE', #6719, #3944, #5908 ) ;
#1656 = ORIENTED_EDGE ( 'NONE', *, *, #2844, .F. ) ;
#1657 = ADVANCED_FACE ( 'NONE', ( #12172 ), #890, .T. ) ;
#1658 = CARTESIAN_POINT ( 'NONE',  ( 0.000000000000000000, 2.000000000000000000, -46.00000000000000000 ) ) ;
#1659 = ORIENTED_EDGE ( 'NONE', *, *, #3069, .T. ) ;
#1660 = EDGE_LOOP ( 'NONE', ( #4097, #8453, #614, #12371 ) ) ;
#1661 = CARTESIAN_POINT ( 'NONE',  ( 35.49999999999999289, 11.00000000000000000, -11.99999999999996270 ) ) ;
#1662 = CARTESIAN_POINT ( 'NONE',  ( 16.00553031655771719, 2.000000000000000000, -45.26776695296636888 ) ) ;
#1663 = EDGE_CURVE ( 'NONE', #545, #2372, #10228, .T. ) ;
#1664 = DIRECTION ( 'NONE',  ( 0.000000000000000000, 0.000000000000000000, -1.000000000000000000 ) ) ;
#1665 = ORIENTED_EDGE ( 'NONE', *, *, #1104, .F. ) ;
#1666 = DIRECTION ( 'NONE',  ( 0.000000000000000000, 1.000000000000000000, 0.000000000000000000 ) ) ;
#1667 = DIRECTION ( 'NONE',  ( 0.000000000000000000, -0.000000000000000000, 1.000000000000000000 ) ) ;
#1668 = CARTESIAN_POINT ( 'NONE',  ( 68.00000000000000000, 11.00000000000000000, -6.499999999999969802 ) ) ;
#1669 = CARTESIAN_POINT ( 'NONE',  ( 27.36984848098349232, 11.00000000000000000, -8.299999999999991829 ) ) ;
#1670 = LINE ( 'NONE', #12175, #2680 ) ;
#1671 = DIRECTION ( 'NONE',  ( 0.000000000000000000, 1.000000000000000000, -0.000000000000000000 ) ) ;
#1672 = ORIENTED_EDGE ( 'NONE', *, *, #2901, .T. ) ;
#1673 = DIRECTION ( 'NONE',  ( 0.000000000000000000, -0.000000000000000000, 1.000000000000000000 ) ) ;
#1674 = EDGE_CURVE ( 'NONE', #6737, #6143, #12251, .T. ) ;
#1675 = FACE_OUTER_BOUND ( 'NONE', #360, .T. ) ;
#1676 = VERTEX_POINT ( 'NONE', #947 ) ;
#1677 = CARTESIAN_POINT ( 'NONE',  ( 7.499999999999971578, 11.00000000000000000, -24.49999999999990052 ) ) ;
#1678 = ORIENTED_EDGE ( 'NONE', *, *, #5884, .T. ) ;
#1679 = DIRECTION ( 'NONE',  ( 0.000000000000000000, 0.000000000000000000, -1.000000000000000000 ) ) ;
#1680 = EDGE_LOOP ( 'NONE', ( #1456, #435, #7028, #4850 ) ) ;
#1681 = CARTESIAN_POINT ( 'NONE',  ( 46.91263709774426616, -0.002000000000000265454, -4.732233047033626683 ) ) ;
#1682 = CARTESIAN_POINT ( 'NONE',  ( 0.000000000000000000, 11.00000000000000000, -47.19999999999999574 ) ) ;
#1683 = CIRCLE ( 'NONE', #11201, 0.9999999999999974465 ) ;
#1684 = CARTESIAN_POINT ( 'NONE',  ( 7.500000000000041744, 11.00000000000000000, -6.499999999999906741 ) ) ;
#1685 = DIRECTION ( 'NONE',  ( -0.000000000000000000, -1.000000000000000000, -0.000000000000000000 ) ) ;
#1686 = ADVANCED_FACE ( 'NONE', ( #655 ), #2899, .F. ) ;
#1687 = EDGE_CURVE ( 'NONE', #6749, #2690, #6784, .T. ) ;
#1688 = CARTESIAN_POINT ( 'NONE',  ( 48.49999999999999289, 2.000000000000000000, -30.99999999999992539 ) ) ;
#1689 = EDGE_LOOP ( 'NONE', ( #2268, #998, #7890, #6883 ) ) ;
#1690 = ORIENTED_EDGE ( 'NONE', *, *, #10385, .T. ) ;
#1691 = CARTESIAN_POINT ( 'NONE',  ( 48.49999999999999289, 11.00000000000000000, -16.49999999999993250 ) ) ;
#1692 = CARTESIAN_POINT ( 'NONE',  ( 72.49999999999991473, 11.00000000000000000, -28.99999999999998934 ) ) ;
#1693 = ORIENTED_EDGE ( 'NONE', *, *, #8319, .F. ) ;
#1694 = ORIENTED_EDGE ( 'NONE', *, *, #113, .T. ) ;
#1695 = PLANE ( 'NONE',  #10399 ) ;
#1696 = AXIS2_PLACEMENT_3D ( 'NONE', #4327, #9148, #1547 ) ;
#1697 = DIRECTION ( 'NONE',  ( 0.000000000000000000, 0.000000000000000000, -1.000000000000000000 ) ) ;
#1698 = VERTEX_POINT ( 'NONE', #6756 ) ;
#1699 = VERTEX_POINT ( 'NONE', #4742 ) ;
#1700 = ORIENTED_EDGE ( 'NONE', *, *, #9858, .T. ) ;
#1701 = CARTESIAN_POINT ( 'NONE',  ( 48.49999999999999289, 11.00000000000000000, -16.49999999999993250 ) ) ;
#1702 = CARTESIAN_POINT ( 'NONE',  ( 72.49999999999997158, 2.000000000000000000, -15.49999999999999645 ) ) ;
#1703 = CARTESIAN_POINT ( 'NONE',  ( 53.45857864376280588, 11.00000000000000000, -40.50000000000000711 ) ) ;
#1704 = ORIENTED_EDGE ( 'NONE', *, *, #12366, .F. ) ;
#1705 = ADVANCED_FACE ( 'NONE', ( #3861 ), #9198, .F. ) ;
#1706 = CARTESIAN_POINT ( 'NONE',  ( 16.49999999999999289, 11.00000000000000000, -10.99999999999996803 ) ) ;
#1707 = CARTESIAN_POINT ( 'NONE',  ( 35.49999999999999289, 11.00000000000000000, -24.49999999999996447 ) ) ;
#1708 = CARTESIAN_POINT ( 'NONE',  ( 63.49999999999998579, 11.00000000000000000, -15.49999999999993427 ) ) ;
#1709 = VECTOR ( 'NONE', #11874, 1000.000000000000000 ) ;
#1710 = ADVANCED_FACE ( 'NONE', ( #1478 ), #523, .T. ) ;
#1711 = ORIENTED_EDGE ( 'NONE', *, *, #7047, .F. ) ;
#1712 = DIRECTION ( 'NONE',  ( 0.000000000000000000, 0.000000000000000000, 1.000000000000000000 ) ) ;
#1713 = CIRCLE ( 'NONE', #3939, 2.999999999999999112 ) ;
#1714 = ORIENTED_EDGE ( 'NONE', *, *, #2173, .T. ) ;
#1715 = EDGE_LOOP ( 'NONE', ( #804, #9034, #12044, #8108 ) ) ;
#1716 = AXIS2_PLACEMENT_3D ( 'NONE', #1486, #1546, #9269 ) ;
#1717 = DIRECTION ( 'NONE',  ( 0.000000000000000000, 1.000000000000000000, 0.000000000000000000 ) ) ;
#1718 = PLANE ( 'NONE',  #5408 ) ;
#1719 = DIRECTION ( 'NONE',  ( 0.000000000000000000, 0.000000000000000000, 1.000000000000000000 ) ) ;
#1720 = ORIENTED_EDGE ( 'NONE', *, *, #509, .T. ) ;
#1721 = EDGE_CURVE ( 'NONE', #5121, #5044, #7357, .T. ) ;
#1722 = DIRECTION ( 'NONE',  ( 0.000000000000000000, 1.000000000000000000, 0.000000000000000000 ) ) ;
#1723 = CARTESIAN_POINT ( 'NONE',  ( 3.000000000000002665, 9.799999999999998934, -5.200000000000043698 ) ) ;
#1724 = DIRECTION ( 'NONE',  ( -0.000000000000000000, 1.000000000000000000, -0.000000000000000000 ) ) ;
#1725 = CARTESIAN_POINT ( 'NONE',  ( 72.49999999999990052, 11.00000000000000000, -34.49999999999998579 ) ) ;
#1726 = ADVANCED_FACE ( 'NONE', ( #3432 ), #5392, .F. ) ;
#1727 = VECTOR ( 'NONE', #9137, 1000.000000000000000 ) ;
#1728 = AXIS2_PLACEMENT_3D ( 'NONE', #1507, #8979, #8086 ) ;
#1729 = ADVANCED_FACE ( 'NONE', ( #2529 ), #7647, .T. ) ;
#1730 = CARTESIAN_POINT ( 'NONE',  ( 26.45857864376269930, 11.00000000000000000, -6.299999999999991829 ) ) ;
#1731 = DIRECTION ( 'NONE',  ( 0.000000000000000000, 1.000000000000000000, 0.000000000000000000 ) ) ;
#1732 = ORIENTED_EDGE ( 'NONE', *, *, #1479, .F. ) ;
#1733 = DIRECTION ( 'NONE',  ( 0.000000000000000000, 1.000000000000000000, 0.000000000000000000 ) ) ;
#1734 = FACE_OUTER_BOUND ( 'NONE', #2849, .T. ) ;
#1735 = EDGE_LOOP ( 'NONE', ( #10125, #7681, #11055, #6187 ) ) ;
#1736 = LINE ( 'NONE', #12245, #9608 ) ;
#1737 = VERTEX_POINT ( 'NONE', #10270 ) ;
#1738 = DIRECTION ( 'NONE',  ( -0.000000000000000000, -1.000000000000000000, 0.000000000000000000 ) ) ;
#1739 = ORIENTED_EDGE ( 'NONE', *, *, #1247, .T. ) ;
#1740 = CARTESIAN_POINT ( 'NONE',  ( 26.50000000000000000, 11.00000000000000000, -3.400000000000000355 ) ) ;
#1741 = LINE ( 'NONE', #793, #2774 ) ;
#1742 = ADVANCED_FACE ( 'NONE', ( #7417 ), #11291, .T. ) ;
#1743 = AXIS2_PLACEMENT_3D ( 'NONE', #11485, #11301, #2610 ) ;
#1744 = AXIS2_PLACEMENT_3D ( 'NONE', #8980, #10766, #10880 ) ;
#1745 = CARTESIAN_POINT ( 'NONE',  ( 16.00553031655771363, 11.00000000000000000, -45.26776695296637598 ) ) ;
#1746 = CARTESIAN_POINT ( 'NONE',  ( 72.49999999999990052, 11.00000000000000000, -34.49999999999998579 ) ) ;
#1747 = LINE ( 'NONE', #4660, #7499 ) ;
#1748 = VECTOR ( 'NONE', #3151, 1000.000000000000000 ) ;
#1749 = EDGE_LOOP ( 'NONE', ( #12228, #4475, #6846, #9678 ) ) ;
#1750 = ORIENTED_EDGE ( 'NONE', *, *, #7109, .F. ) ;
#1751 = CARTESIAN_POINT ( 'NONE',  ( 11.99999999999992006, 11.00000000000000000, -38.99999999999992184 ) ) ;
#1752 = DIRECTION ( 'NONE',  ( 0.000000000000000000, 0.000000000000000000, 1.000000000000000000 ) ) ;
#1753 = ORIENTED_EDGE ( 'NONE', *, *, #1065, .F. ) ;
#1754 = ORIENTED_EDGE ( 'NONE', *, *, #11086, .F. ) ;
#1755 = CARTESIAN_POINT ( 'NONE',  ( 16.49999999999993960, 2.000000000000000000, -28.99999999999996092 ) ) ;
#1756 = DIRECTION ( 'NONE',  ( -0.000000000000000000, -1.000000000000000000, -0.000000000000000000 ) ) ;
#1757 = EDGE_CURVE ( 'NONE', #9527, #4580, #4163, .T. ) ;
#1758 = ADVANCED_FACE ( 'NONE', ( #9812 ), #9870, .T. ) ;
#1759 = AXIS2_PLACEMENT_3D ( 'NONE', #9418, #814, #4600 ) ;
#1760 = ORIENTED_EDGE ( 'NONE', *, *, #3207, .T. ) ;
#1761 = EDGE_LOOP ( 'NONE', ( #12093, #11912 ) ) ;
#1762 = CARTESIAN_POINT ( 'NONE',  ( 72.50000000000000000, 11.00000000000000000, -7.500000000000000000 ) ) ;
#1763 = ORIENTED_EDGE ( 'NONE', *, *, #11995, .T. ) ;
#1764 = ORIENTED_EDGE ( 'NONE', *, *, #5902, .T. ) ;
#1765 = DIRECTION ( 'NONE',  ( 0.000000000000000000, 0.000000000000000000, 1.000000000000000000 ) ) ;
#1766 = DIRECTION ( 'NONE',  ( 0.000000000000000000, 1.000000000000000000, 0.000000000000000000 ) ) ;
#1767 = CARTESIAN_POINT ( 'NONE',  ( 20.99999999999990052, 2.000000000000000000, -33.49999999999998579 ) ) ;
#1768 = ORIENTED_EDGE ( 'NONE', *, *, #2961, .T. ) ;
#1769 = CARTESIAN_POINT ( 'NONE',  ( 18.13488133249398970, 11.00000000000000000, -1.000000000000005551 ) ) ;
#1770 = CARTESIAN_POINT ( 'NONE',  ( 44.50000000000000000, 11.00000000000000000, -29.99999999999993960 ) ) ;
#1771 = CARTESIAN_POINT ( 'NONE',  ( 7.499999999999971578, 11.00000000000000000, -24.49999999999990052 ) ) ;
#1772 = VERTEX_POINT ( 'NONE', #6003 ) ;
#1773 = CARTESIAN_POINT ( 'NONE',  ( 7.499999999999944045, 11.00000000000000000, -34.49999999999989342 ) ) ;
#1774 = VECTOR ( 'NONE', #2110, 1000.000000000000000 ) ;
#1775 = EDGE_LOOP ( 'NONE', ( #293, #11992, #9825, #7520 ) ) ;
#1776 = ORIENTED_EDGE ( 'NONE', *, *, #4890, .T. ) ;
#1777 = CARTESIAN_POINT ( 'NONE',  ( 12.00000000000003197, 11.00000000000000000, -7.499999999999936939 ) ) ;
#1778 = CARTESIAN_POINT ( 'NONE',  ( 44.50000000000000000, 11.00000000000000000, -21.99999999999993605 ) ) ;
#1779 = EDGE_CURVE ( 'NONE', #4161, #8752, #5057, .T. ) ;
#1780 = LINE ( 'NONE', #10450, #10954 ) ;
#1781 = ORIENTED_EDGE ( 'NONE', *, *, #1934, .T. ) ;
#1782 = CARTESIAN_POINT ( 'NONE',  ( 20.87751981923999267, 11.00000000000000000, -1.878739150121992108 ) ) ;
#1783 = DIRECTION ( 'NONE',  ( 0.000000000000000000, 1.000000000000000000, 0.000000000000000000 ) ) ;
#1784 = CARTESIAN_POINT ( 'NONE',  ( 44.50000000000000000, 2.000000000000000000, -33.49999999999994316 ) ) ;
#1785 = DIRECTION ( 'NONE',  ( 0.000000000000000000, 1.000000000000000000, 0.000000000000000000 ) ) ;
#1786 = AXIS2_PLACEMENT_3D ( 'NONE', #5575, #2856, #9444 ) ;
#1787 = CIRCLE ( 'NONE', #12505, 4.445296095962649296 ) ;
#1788 = EDGE_CURVE ( 'NONE', #664, #7333, #9015, .T. ) ;
#1789 = CARTESIAN_POINT ( 'NONE',  ( 44.50000000000000000, 11.00000000000000000, -33.49999999999994316 ) ) ;
#1790 = CARTESIAN_POINT ( 'NONE',  ( 63.49999999999994316, 11.00000000000000000, -28.99999999999992895 ) ) ;
#1791 = VERTEX_POINT ( 'NONE', #7960 ) ;
#1792 = ADVANCED_FACE ( 'NONE', ( #193, #1267, #8857 ), #1141, .T. ) ;
#1793 = DIRECTION ( 'NONE',  ( 0.000000000000000000, 1.000000000000000000, 0.000000000000000000 ) ) ;
#1794 = EDGE_CURVE ( 'NONE', #666, #3583, #11835, .T. ) ;
#1795 = VECTOR ( 'NONE', #3876, 1000.000000000000000 ) ;
#1796 = CARTESIAN_POINT ( 'NONE',  ( 67.99999999999994316, 11.00000000000000000, -25.49999999999996092 ) ) ;
#1797 = AXIS2_PLACEMENT_3D ( 'NONE', #9356, #8390, #12068 ) ;
#1798 = VECTOR ( 'NONE', #10374, 1000.000000000000000 ) ;
#1799 = EDGE_LOOP ( 'NONE', ( #4800, #6322 ) ) ;
#1800 = EDGE_CURVE ( 'NONE', #7337, #3590, #1140, .T. ) ;
#1801 = CARTESIAN_POINT ( 'NONE',  ( 3.000000000000002665, 11.00000000000000000, -44.89029455227312582 ) ) ;
#1802 = ORIENTED_EDGE ( 'NONE', *, *, #10476, .F. ) ;
#1803 = DIRECTION ( 'NONE',  ( 0.000000000000000000, 1.000000000000000000, 0.000000000000000000 ) ) ;
#1804 = EDGE_LOOP ( 'NONE', ( #2336, #1776, #8655, #2802, #12006, #11594, #1271, #6361, #12533, #10406, #4753, #8984, #6086, #1694, #11872, #8203, #12437, #1370, #10884, #4667, #12529, #7712, #3797, #3526, #626, #2486, #6467, #5135, #8505, #3497, #8167, #5243, #10364, #10750, #677, #11059, #5602, #4291, #3753, #9744, #11448, #2179, #1704, #12465, #2719, #7932, #9383, #9998, #11561, #3917, #7001, #11747 ) ) ;
#1805 = DIRECTION ( 'NONE',  ( 0.000000000000000000, 1.000000000000000000, 0.000000000000000000 ) ) ;
#1806 = CARTESIAN_POINT ( 'NONE',  ( 53.45857864376269220, 11.00000000000000000, -6.299999999999992717 ) ) ;
#1807 = CIRCLE ( 'NONE', #1203, 0.9999999999999974465 ) ;
#1808 = AXIS2_PLACEMENT_3D ( 'NONE', #6381, #3535, #10254 ) ;
#1809 = DIRECTION ( 'NONE',  ( 0.000000000000000000, 1.000000000000000000, 0.000000000000000000 ) ) ;
#1810 = FACE_OUTER_BOUND ( 'NONE', #4539, .T. ) ;
#1811 = CARTESIAN_POINT ( 'NONE',  ( 72.49999999999988631, 11.00000000000000000, -38.99999999999998579 ) ) ;
#1812 = EDGE_LOOP ( 'NONE', ( #1651, #6201, #10764, #8585 ) ) ;
#1813 = CARTESIAN_POINT ( 'NONE',  ( 0.000000000000000000, 0.000000000000000000, 0.000000000000000000 ) ) ;
#1814 = DIRECTION ( 'NONE',  ( 1.000000000000000000, 0.000000000000000000, -0.000000000000000000 ) ) ;
#1815 = ADVANCED_FACE ( 'NONE', ( #3147 ), #6887, .T. ) ;
#1816 = VECTOR ( 'NONE', #7304, 1000.000000000000000 ) ;
#1817 = VECTOR ( 'NONE', #5559, 1000.000000000000000 ) ;
#1818 = EDGE_LOOP ( 'NONE', ( #8809, #9763, #9079, #9472 ) ) ;
#1819 = VERTEX_POINT ( 'NONE', #1012 ) ;
#1820 = AXIS2_PLACEMENT_3D ( 'NONE', #8455, #12322, #12391 ) ;
#1821 = CARTESIAN_POINT ( 'NONE',  ( 67.99999999999991473, 2.000000000000000000, -33.49999999999995737 ) ) ;
#1822 = AXIS2_PLACEMENT_3D ( 'NONE', #1021, #9630, #3096 ) ;
#1823 = CYLINDRICAL_SURFACE ( 'NONE', #11673, 0.9999999999999974465 ) ;
#1824 = AXIS2_PLACEMENT_3D ( 'NONE', #9909, #6101, #98 ) ;
#1825 = CIRCLE ( 'NONE', #4243, 0.9999999999999974465 ) ;
#1826 = AXIS2_PLACEMENT_3D ( 'NONE', #140, #3995, #3936 ) ;
#1827 = VERTEX_POINT ( 'NONE', #6063 ) ;
#1828 = FACE_OUTER_BOUND ( 'NONE', #7599, .T. ) ;
#1829 = EDGE_LOOP ( 'NONE', ( #7506, #8716, #4722, #7240 ) ) ;
#1830 = EDGE_LOOP ( 'NONE', ( #3525, #4063 ) ) ;
#1831 = DIRECTION ( 'NONE',  ( -0.000000000000000000, -1.000000000000000000, 0.000000000000000000 ) ) ;
#1832 = DIRECTION ( 'NONE',  ( -0.000000000000000000, 1.000000000000000000, -0.000000000000000000 ) ) ;
#1833 = EDGE_CURVE ( 'NONE', #9220, #10572, #2080, .T. ) ;
#1834 = DIRECTION ( 'NONE',  ( 0.000000000000000000, -0.000000000000000000, 1.000000000000000000 ) ) ;
#1835 = VERTEX_POINT ( 'NONE', #6947 ) ;
#1836 = ORIENTED_EDGE ( 'NONE', *, *, #1335, .T. ) ;
#1837 = DIRECTION ( 'NONE',  ( -0.000000000000000000, 1.000000000000000000, -0.000000000000000000 ) ) ;
#1838 = CYLINDRICAL_SURFACE ( 'NONE', #7559, 3.000000000000009770 ) ;
#1839 = AXIS2_PLACEMENT_3D ( 'NONE', #2307, #11132, #6173 ) ;
#1840 = DIRECTION ( 'NONE',  ( 1.000000000000000000, -0.000000000000000000, 0.000000000000000000 ) ) ;
#1841 = EDGE_LOOP ( 'NONE', ( #3221, #10669, #10728, #11776 ) ) ;
#1842 = CIRCLE ( 'NONE', #1243, 0.9999999999999983347 ) ;
#1843 = DIRECTION ( 'NONE',  ( 0.000000000000000000, 1.000000000000000000, 0.000000000000000000 ) ) ;
#1844 = CIRCLE ( 'NONE', #3444, 0.9999999999999974465 ) ;
#1845 = ORIENTED_EDGE ( 'NONE', *, *, #3965, .T. ) ;
#1846 = VERTEX_POINT ( 'NONE', #2962 ) ;
#1847 = LINE ( 'NONE', #767, #10853 ) ;
#1848 = CARTESIAN_POINT ( 'NONE',  ( 27.36984848098341416, 9.799999999999998934, -41.30000000000000426 ) ) ;
#1849 = EDGE_CURVE ( 'NONE', #7753, #7963, #1942, .T. ) ;
#1850 = CYLINDRICAL_SURFACE ( 'NONE', #11606, 0.9999999999999974465 ) ;
#1851 = EDGE_LOOP ( 'NONE', ( #4469, #4023, #6371, #12375 ) ) ;
#1852 = DIRECTION ( 'NONE',  ( 0.000000000000000000, 1.000000000000000000, -0.000000000000000000 ) ) ;
#1853 = DIRECTION ( 'NONE',  ( 0.000000000000000000, 0.000000000000000000, 1.000000000000000000 ) ) ;
#1854 = CARTESIAN_POINT ( 'NONE',  ( 31.50000000000000711, 11.00000000000000000, -35.49999999999997158 ) ) ;
#1855 = CARTESIAN_POINT ( 'NONE',  ( 63.49999999999998579, 11.00000000000000000, -16.49999999999993250 ) ) ;
#1856 = CIRCLE ( 'NONE', #9939, 0.9999999999999974465 ) ;
#1857 = DIRECTION ( 'NONE',  ( 0.000000000000000000, 0.000000000000000000, 1.000000000000000000 ) ) ;
#1858 = DIRECTION ( 'NONE',  ( 0.000000000000000000, 0.000000000000000000, 1.000000000000000000 ) ) ;
#1859 = VERTEX_POINT ( 'NONE', #5942 ) ;
#1860 = CARTESIAN_POINT ( 'NONE',  ( 0.000000000000000000, 0.000000000000000000, -50.00000000000000000 ) ) ;
#1861 = CARTESIAN_POINT ( 'NONE',  ( 6.500000000000000888, 11.00000000000000000, -46.00000000000000000 ) ) ;
#1862 = ORIENTED_EDGE ( 'NONE', *, *, #4892, .F. ) ;
#1863 = CARTESIAN_POINT ( 'NONE',  ( 53.54142135623730070, 9.799999999999998934, -3.499999999999993339 ) ) ;
#1864 = CARTESIAN_POINT ( 'NONE',  ( 44.13664863476203948, -21.88036781070453785, -44.13664863476203948 ) ) ;
#1865 = VERTEX_POINT ( 'NONE', #1077 ) ;
#1866 = EDGE_CURVE ( 'NONE', #9378, #6076, #2745, .T. ) ;
#1867 = VECTOR ( 'NONE', #4449, 1000.000000000000000 ) ;
#1868 = DIRECTION ( 'NONE',  ( 0.000000000000000000, 0.000000000000000000, 1.000000000000000000 ) ) ;
#1869 = LINE ( 'NONE', #7684, #6219 ) ;
#1870 = ADVANCED_FACE ( 'NONE', ( #3214 ), #10634, .F. ) ;
#1871 = CARTESIAN_POINT ( 'NONE',  ( 48.29461583732884122, 2.000000000000000000, -39.97868143219523773 ) ) ;
#1872 = CARTESIAN_POINT ( 'NONE',  ( 23.65025253169417141, 11.00000000000000000, -7.479898987322344261 ) ) ;
#1873 = ORIENTED_EDGE ( 'NONE', *, *, #10106, .T. ) ;
#1874 = CARTESIAN_POINT ( 'NONE',  ( 65.47228714274748995, 9.799999999999998934, -47.19999999999998863 ) ) ;
#1875 = ORIENTED_EDGE ( 'NONE', *, *, #5567, .T. ) ;
#1876 = VERTEX_POINT ( 'NONE', #2019 ) ;
#1877 = CARTESIAN_POINT ( 'NONE',  ( 44.50000000000000000, 11.00000000000000000, -35.49999999999993605 ) ) ;
#1878 = ORIENTED_EDGE ( 'NONE', *, *, #8643, .T. ) ;
#1879 = ORIENTED_EDGE ( 'NONE', *, *, #4303, .T. ) ;
#1880 = EDGE_CURVE ( 'NONE', #2383, #3556, #9753, .T. ) ;
#1881 = CARTESIAN_POINT ( 'NONE',  ( 25.63015151901658228, 11.00000000000000000, -41.30000000000000426 ) ) ;
#1882 = DIRECTION ( 'NONE',  ( -0.000000000000000000, -1.000000000000000000, -0.000000000000000000 ) ) ;
#1883 = EDGE_CURVE ( 'NONE', #9657, #1004, #10648, .T. ) ;
#1884 = EDGE_CURVE ( 'NONE', #6103, #751, #4774, .T. ) ;
#1885 = ORIENTED_EDGE ( 'NONE', *, *, #4974, .F. ) ;
#1886 = CARTESIAN_POINT ( 'NONE',  ( 67.99999999999990052, 2.000000000000000000, -39.99999999999995026 ) ) ;
#1887 = ORIENTED_EDGE ( 'NONE', *, *, #8270, .F. ) ;
#1888 = VERTEX_POINT ( 'NONE', #3394 ) ;
#1889 = DIRECTION ( 'NONE',  ( 0.000000000000000000, 0.000000000000000000, 1.000000000000000000 ) ) ;
#1890 = DIRECTION ( 'NONE',  ( -0.000000000000000000, -0.000000000000000000, 1.000000000000000000 ) ) ;
#1891 = AXIS2_PLACEMENT_3D ( 'NONE', #6255, #3225, #6957 ) ;
#1892 = CARTESIAN_POINT ( 'NONE',  ( 79.00000000000001421, 9.799999999999998934, -5.200000000000043698 ) ) ;
#1893 = ORIENTED_EDGE ( 'NONE', *, *, #10429, .T. ) ;
#1894 = ORIENTED_EDGE ( 'NONE', *, *, #4983, .F. ) ;
#1895 = DIRECTION ( 'NONE',  ( -1.619075244245022269E-14, 0.000000000000000000, 1.000000000000000000 ) ) ;
#1896 = DIRECTION ( 'NONE',  ( 0.000000000000000000, 0.000000000000000000, 1.000000000000000000 ) ) ;
#1897 = ADVANCED_FACE ( 'NONE', ( #7265 ), #5305, .T. ) ;
#1898 = ADVANCED_FACE ( 'NONE', ( #5420 ), #10950, .T. ) ;
#1899 = ORIENTED_EDGE ( 'NONE', *, *, #8148, .F. ) ;
#1900 = LINE ( 'NONE', #5761, #6386 ) ;
#1901 = ORIENTED_EDGE ( 'NONE', *, *, #984, .T. ) ;
#1902 = ORIENTED_EDGE ( 'NONE', *, *, #4067, .F. ) ;
#1903 = CARTESIAN_POINT ( 'NONE',  ( 16.49999999999997868, 11.00000000000000000, -17.49999999999996447 ) ) ;
#1904 = DIRECTION ( 'NONE',  ( -0.000000000000000000, -1.000000000000000000, -0.000000000000000000 ) ) ;
#1905 = DIRECTION ( 'NONE',  ( -0.000000000000000000, -1.000000000000000000, 0.000000000000000000 ) ) ;
#1906 = ORIENTED_EDGE ( 'NONE', *, *, #1465, .F. ) ;
#1907 = CARTESIAN_POINT ( 'NONE',  ( 5.443227718325019282, 11.00000000000000000, -49.20000000000000284 ) ) ;
#1908 = CARTESIAN_POINT ( 'NONE',  ( 53.50000000000000000, 11.00000000000000000, -43.39999999999999858 ) ) ;
#1909 = AXIS2_PLACEMENT_3D ( 'NONE', #1063, #7699, #8651 ) ;
#1910 = DIRECTION ( 'NONE',  ( 0.000000000000000000, 1.000000000000000000, 0.000000000000000000 ) ) ;
#1911 = EDGE_CURVE ( 'NONE', #7795, #84, #2332, .T. ) ;
#1912 = ADVANCED_FACE ( 'NONE', ( #5364 ), #3464, .T. ) ;
#1913 = VECTOR ( 'NONE', #3076, 1000.000000000000000 ) ;
#1914 = VECTOR ( 'NONE', #3648, 1000.000000000000000 ) ;
#1915 = DIRECTION ( 'NONE',  ( 0.000000000000000000, 0.000000000000000000, 1.000000000000000000 ) ) ;
#1916 = DIRECTION ( 'NONE',  ( 0.000000000000000000, 0.000000000000000000, 1.000000000000000000 ) ) ;
#1917 = ORIENTED_EDGE ( 'NONE', *, *, #7616, .T. ) ;
#1918 = CARTESIAN_POINT ( 'NONE',  ( 48.49999999999999289, 2.000000000000000000, -24.49999999999993250 ) ) ;
#1919 = FACE_OUTER_BOUND ( 'NONE', #11893, .T. ) ;
#1920 = ORIENTED_EDGE ( 'NONE', *, *, #12307, .F. ) ;
#1921 = CARTESIAN_POINT ( 'NONE',  ( 13.50000000000000000, 5.000000000000000000, -4.000000000000001776 ) ) ;
#1922 = AXIS2_PLACEMENT_3D ( 'NONE', #8567, #8372, #9398 ) ;
#1923 = CARTESIAN_POINT ( 'NONE',  ( 26.45857864376273483, 9.799999999999998934, -40.50000000000000711 ) ) ;
#1924 = CIRCLE ( 'NONE', #4953, 0.9999999999999983347 ) ;
#1925 = AXIS2_PLACEMENT_3D ( 'NONE', #4201, #8062, #3005 ) ;
#1926 = CARTESIAN_POINT ( 'NONE',  ( 46.39939033455912920, 11.00000000000000000, -46.39939033455902262 ) ) ;
#1927 = CARTESIAN_POINT ( 'NONE',  ( 31.50000000000000711, 2.000000000000000000, -33.49999999999996447 ) ) ;
#1928 = CYLINDRICAL_SURFACE ( 'NONE', #3845, 2.499999999999999556 ) ;
#1929 = ORIENTED_EDGE ( 'NONE', *, *, #2020, .F. ) ;
#1930 = DIRECTION ( 'NONE',  ( 0.000000000000000000, -0.000000000000000000, 1.000000000000000000 ) ) ;
#1931 = ORIENTED_EDGE ( 'NONE', *, *, #942, .F. ) ;
#1932 = EDGE_LOOP ( 'NONE', ( #1310, #8523, #4871, #8908 ) ) ;
#1933 = DIRECTION ( 'NONE',  ( -0.000000000000000000, -1.000000000000000000, -0.000000000000000000 ) ) ;
#1934 = EDGE_CURVE ( 'NONE', #4553, #136, #2260, .T. ) ;
#1935 = ORIENTED_EDGE ( 'NONE', *, *, #9606, .F. ) ;
#1936 = EDGE_LOOP ( 'NONE', ( #7183, #10826 ) ) ;
#1937 = CARTESIAN_POINT ( 'NONE',  ( 49.48185900165483275, 11.00000000000000000, -38.81038749811947497 ) ) ;
#1938 = DIRECTION ( 'NONE',  ( -0.000000000000000000, -0.000000000000000000, 1.000000000000000000 ) ) ;
#1939 = AXIS2_PLACEMENT_3D ( 'NONE', #3792, #12469, #1896 ) ;
#1940 = ORIENTED_EDGE ( 'NONE', *, *, #1049, .F. ) ;
#1941 = DIRECTION ( 'NONE',  ( 0.000000000000000000, 0.000000000000000000, 1.000000000000000000 ) ) ;
#1942 = CIRCLE ( 'NONE', #1744, 0.9999999999999974465 ) ;
#1943 = ORIENTED_EDGE ( 'NONE', *, *, #8904, .T. ) ;
#1944 = ORIENTED_EDGE ( 'NONE', *, *, #1150, .F. ) ;
#1945 = FACE_OUTER_BOUND ( 'NONE', #247, .T. ) ;
#1946 = DIRECTION ( 'NONE',  ( 0.000000000000000000, 0.000000000000000000, -1.000000000000000000 ) ) ;
#1947 = EDGE_CURVE ( 'NONE', #5266, #7607, #2316, .T. ) ;
#1948 = CARTESIAN_POINT ( 'NONE',  ( -1.927470528863119049E-16, 2.000000000000000000, -4.000000000000000000 ) ) ;
#1949 = VERTEX_POINT ( 'NONE', #4406 ) ;
#1950 = VERTEX_POINT ( 'NONE', #5171 ) ;
#1951 = DIRECTION ( 'NONE',  ( 0.000000000000000000, 0.000000000000000000, 1.000000000000000000 ) ) ;
#1952 = EDGE_CURVE ( 'NONE', #11281, #3051, #949, .T. ) ;
#1953 = DIRECTION ( 'NONE',  ( -0.000000000000000000, -1.000000000000000000, -0.000000000000000000 ) ) ;
#1954 = CIRCLE ( 'NONE', #2543, 0.9999999999999974465 ) ;
#1955 = EDGE_LOOP ( 'NONE', ( #9595, #12306, #1136, #10044 ) ) ;
#1956 = PLANE ( 'NONE',  #5581 ) ;
#1957 = EDGE_LOOP ( 'NONE', ( #11766, #2625, #7414, #5163 ) ) ;
#1958 = ORIENTED_EDGE ( 'NONE', *, *, #11809, .T. ) ;
#1959 = DIRECTION ( 'NONE',  ( 0.000000000000000000, 0.000000000000000000, 1.000000000000000000 ) ) ;
#1960 = CYLINDRICAL_SURFACE ( 'NONE', #2575, 0.9999999999999974465 ) ;
#1961 = CARTESIAN_POINT ( 'NONE',  ( 16.49999999999989697, 2.000000000000000000, -38.99999999999995026 ) ) ;
#1962 = ORIENTED_EDGE ( 'NONE', *, *, #6051, .F. ) ;
#1963 = CIRCLE ( 'NONE', #1559, 2.800000000000002931 ) ;
#1965 = AXIS2_PLACEMENT_3D ( 'NONE', #5683, #1882, #1697 ) ;
#1964 = CIRCLE ( 'NONE', #10255, 2.999999999999998668 ) ;
#1966 = CARTESIAN_POINT ( 'NONE',  ( 33.60060966544087080, 9.799999999999998934, -46.39939033455902262 ) ) ;
#1967 = FACE_BOUND ( 'NONE', #8092, .T. ) ;
#1968 = LINE ( 'NONE', #6904, #6227 ) ;
#1969 = EDGE_CURVE ( 'NONE', #1250, #2070, #1508, .T. ) ;
#1970 = CALENDAR_DATE ( 2022, 16, 2 ) ;
#1971 = CARTESIAN_POINT ( 'NONE',  ( 67.99999999999995737, 2.000000000000000000, -20.99999999999996447 ) ) ;
#1972 = DIRECTION ( 'NONE',  ( 4.818676322157797621E-17, 0.000000000000000000, 1.000000000000000000 ) ) ;
#1973 = EDGE_LOOP ( 'NONE', ( #11540, #8586, #7713, #7950 ) ) ;
#1974 = DIRECTION ( 'NONE',  ( 0.000000000000000000, 0.000000000000000000, -1.000000000000000000 ) ) ;
#1975 = CARTESIAN_POINT ( 'NONE',  ( 63.89999999999999858, 5.000000000000000888, 3.100000000000000089 ) ) ;
#1976 = CARTESIAN_POINT ( 'NONE',  ( 31.50000000000000711, 11.00000000000000000, -16.49999999999997158 ) ) ;
#1977 = VERTEX_POINT ( 'NONE', #6181 ) ;
#1978 = VECTOR ( 'NONE', #4902, 1000.000000000000000 ) ;
#1979 = DIRECTION ( 'NONE',  ( 0.000000000000000000, 0.000000000000000000, -1.000000000000000000 ) ) ;
#1980 = EDGE_CURVE ( 'NONE', #2387, #6896, #9033, .T. ) ;
#1981 = DIRECTION ( 'NONE',  ( 0.000000000000000000, 0.000000000000000000, 1.000000000000000000 ) ) ;
#1982 = FACE_OUTER_BOUND ( 'NONE', #2205, .T. ) ;
#1983 = CIRCLE ( 'NONE', #779, 3.000000000000009770 ) ;
#1984 = CARTESIAN_POINT ( 'NONE',  ( 16.49999999999992539, 11.00000000000000000, -33.49999999999995737 ) ) ;
#1985 = CIRCLE ( 'NONE', #3809, 0.9999999999999983347 ) ;
#1986 = DIRECTION ( 'NONE',  ( 0.000000000000000000, 0.000000000000000000, 1.000000000000000000 ) ) ;
#1987 = CIRCLE ( 'NONE', #7450, 3.000000000000023537 ) ;
#1988 = VECTOR ( 'NONE', #6009, 1000.000000000000000 ) ;
#1989 = CARTESIAN_POINT ( 'NONE',  ( 3.000000000000002665, 9.799999999999998934, 0.000000000000000000 ) ) ;
#1990 = VERTEX_POINT ( 'NONE', #5236 ) ;
#1991 = DIRECTION ( 'NONE',  ( -0.000000000000000000, -1.000000000000000000, -0.000000000000000000 ) ) ;
#1992 = EDGE_LOOP ( 'NONE', ( #7695, #5164 ) ) ;
#1993 = CARTESIAN_POINT ( 'NONE',  ( -1.927470528863119049E-16, 2.000000000000000000, -4.000000000000000000 ) ) ;
#1994 = ORIENTED_EDGE ( 'NONE', *, *, #7039, .T. ) ;
#1995 = CARTESIAN_POINT ( 'NONE',  ( 67.99999999999991473, 11.00000000000000000, -33.49999999999995737 ) ) ;
#1996 = CARTESIAN_POINT ( 'NONE',  ( 20.99999999999998224, 2.000000000000000000, -11.99999999999999645 ) ) ;
#1997 = EDGE_CURVE ( 'NONE', #5625, #11111, #3781, .T. ) ;
#1998 = ORIENTED_EDGE ( 'NONE', *, *, #6978, .T. ) ;
#1999 = VERTEX_POINT ( 'NONE', #12018 ) ;
#2000 = CARTESIAN_POINT ( 'NONE',  ( 7.499999999999971578, 2.000000000000000000, -24.49999999999990052 ) ) ;
#2001 = PLANE ( 'NONE',  #2155 ) ;
#2002 = AXIS2_PLACEMENT_3D ( 'NONE', #6774, #9767, #12487 ) ;
#2003 = VECTOR ( 'NONE', #7323, 1000.000000000000000 ) ;
#2004 = AXIS2_PLACEMENT_3D ( 'NONE', #7638, #9555, #8598 ) ;
#2005 = EDGE_LOOP ( 'NONE', ( #2817, #12457, #205, #8151 ) ) ;
#2006 = AXIS2_PLACEMENT_3D ( 'NONE', #1464, #10063, #1395 ) ;
#2007 = CARTESIAN_POINT ( 'NONE',  ( 11.99999999999997513, 11.00000000000000000, -21.99999999999992895 ) ) ;
#2008 = CIRCLE ( 'NONE', #6444, 0.9999999999999974465 ) ;
#2009 = AXIS2_PLACEMENT_3D ( 'NONE', #6955, #10831, #9692 ) ;
#2010 = VERTEX_POINT ( 'NONE', #1318 ) ;
#2011 = EDGE_LOOP ( 'NONE', ( #4399, #12335, #10330, #10828 ) ) ;
#2012 = CARTESIAN_POINT ( 'NONE',  ( 7.500000000000007105, 11.00000000000000000, -17.49999999999990052 ) ) ;
#2013 = DIRECTION ( 'NONE',  ( -0.000000000000000000, 1.000000000000000000, -0.000000000000000000 ) ) ;
#2014 = CARTESIAN_POINT ( 'NONE',  ( 39.99999999999999289, 11.00000000000000000, -14.00000000000000000 ) ) ;
#2015 = ORIENTED_EDGE ( 'NONE', *, *, #11402, .T. ) ;
#2016 = EDGE_LOOP ( 'NONE', ( #1159, #6326, #6105, #5179 ) ) ;
#2017 = CARTESIAN_POINT ( 'NONE',  ( 63.49999999999998579, 11.00000000000000000, -17.49999999999992895 ) ) ;
#2018 = AXIS2_PLACEMENT_3D ( 'NONE', #10553, #9656, #2748 ) ;
#2019 = CARTESIAN_POINT ( 'NONE',  ( 63.49999999999997158, 11.00000000000000000, -21.99999999999992895 ) ) ;
#2020 = EDGE_CURVE ( 'NONE', #4020, #5573, #9041, .T. ) ;
#2021 = AXIS2_PLACEMENT_3D ( 'NONE', #3642, #6413, #10291 ) ;
#2022 = CIRCLE ( 'NONE', #9098, 0.9999999999999974465 ) ;
#2023 = EDGE_CURVE ( 'NONE', #9378, #5249, #4224, .T. ) ;
#2024 = EDGE_CURVE ( 'NONE', #3607, #9376, #11057, .T. ) ;
#2025 = EDGE_CURVE ( 'NONE', #7201, #1537, #1364, .T. ) ;
#2026 = ORIENTED_EDGE ( 'NONE', *, *, #12118, .T. ) ;
#2027 = CARTESIAN_POINT ( 'NONE',  ( 20.99999999999990052, 11.00000000000000000, -34.49999999999998579 ) ) ;
#2028 = ORIENTED_EDGE ( 'NONE', *, *, #5116, .F. ) ;
#2029 = ORIENTED_EDGE ( 'NONE', *, *, #5091, .F. ) ;
#2030 = PLANE ( 'NONE',  #12329 ) ;
#2031 = DIRECTION ( 'NONE',  ( -2.168404344971008868E-16, 0.000000000000000000, -1.000000000000000000 ) ) ;
#2032 = AXIS2_PLACEMENT_3D ( 'NONE', #12337, #513, #3419 ) ;
#2033 = DIRECTION ( 'NONE',  ( 0.000000000000000000, 1.000000000000000000, 0.000000000000000000 ) ) ;
#2034 = AXIS2_PLACEMENT_3D ( 'NONE', #1864, #11486, #11303 ) ;
#2035 = ORIENTED_EDGE ( 'NONE', *, *, #5788, .T. ) ;
#2036 = LINE ( 'NONE', #5897, #10513 ) ;
#2037 = FACE_BOUND ( 'NONE', #3328, .T. ) ;
#2038 = DIRECTION ( 'NONE',  ( 0.000000000000000000, 0.000000000000000000, 1.000000000000000000 ) ) ;
#2039 = CARTESIAN_POINT ( 'NONE',  ( 11.99999999999992006, 11.00000000000000000, -37.99999999999992184 ) ) ;
#2040 = EDGE_CURVE ( 'NONE', #5368, #852, #4289, .T. ) ;
#2041 = AXIS2_PLACEMENT_3D ( 'NONE', #1762, #3719, #11449 ) ;
#2042 = AXIS2_PLACEMENT_3D ( 'NONE', #2163, #4012, #1981 ) ;
#2043 = EDGE_CURVE ( 'NONE', #5992, #12534, #11006, .T. ) ;
#2044 = DIRECTION ( 'NONE',  ( 1.000000000000000000, -0.000000000000000000, 0.000000000000000000 ) ) ;
#2045 = DIRECTION ( 'NONE',  ( -0.000000000000000000, -1.000000000000000000, -0.000000000000000000 ) ) ;
#2046 = EDGE_LOOP ( 'NONE', ( #8202, #2720 ) ) ;
#2047 = CARTESIAN_POINT ( 'NONE',  ( 16.49999999999999289, 11.00000000000000000, -12.99999999999996270 ) ) ;
#2048 = DIRECTION ( 'NONE',  ( -0.000000000000000000, 1.000000000000000000, -0.000000000000000000 ) ) ;
#2049 = DIRECTION ( 'NONE',  ( 0.000000000000000000, 0.000000000000000000, 1.000000000000000000 ) ) ;
#2050 = ORIENTED_EDGE ( 'NONE', *, *, #287, .F. ) ;
#2051 = DIRECTION ( 'NONE',  ( 4.818676322157797621E-17, 0.000000000000000000, 1.000000000000000000 ) ) ;
#2052 = AXIS2_PLACEMENT_3D ( 'NONE', #1796, #10347, #4579 ) ;
#2053 = LINE ( 'NONE', #5912, #11153 ) ;
#2054 = DIRECTION ( 'NONE',  ( 0.000000000000000000, 0.000000000000000000, 1.000000000000000000 ) ) ;
#2055 = DIRECTION ( 'NONE',  ( 0.7071067811865467956, -0.000000000000000000, -0.7071067811865483499 ) ) ;
#2056 = ADVANCED_FACE ( 'NONE', ( #5613 ), #2826, .T. ) ;
#2057 = CARTESIAN_POINT ( 'NONE',  ( 79.99990370118348437, 11.00000000000000000, -1.005922452988877946 ) ) ;
#2058 = ORIENTED_EDGE ( 'NONE', *, *, #8410, .T. ) ;
#2059 = FACE_OUTER_BOUND ( 'NONE', #2629, .T. ) ;
#2060 = CARTESIAN_POINT ( 'NONE',  ( 11.99999999999996270, 2.000000000000000000, -24.49999999999993250 ) ) ;
#2061 = VECTOR ( 'NONE', #2531, 1000.000000000000000 ) ;
#2062 = EDGE_LOOP ( 'NONE', ( #3977, #10235, #6976, #11353 ) ) ;
#2063 = CARTESIAN_POINT ( 'NONE',  ( 12.00000000000003197, 11.00000000000000000, -7.499999999999936939 ) ) ;
#2064 = ORIENTED_EDGE ( 'NONE', *, *, #10635, .F. ) ;
#2065 = ORIENTED_EDGE ( 'NONE', *, *, #2167, .F. ) ;
#2066 = LINE ( 'NONE', #10562, #1913 ) ;
#2067 = DIRECTION ( 'NONE',  ( 0.000000000000000000, 1.000000000000000000, -0.000000000000000000 ) ) ;
#2068 = EDGE_CURVE ( 'NONE', #1043, #8609, #7386, .T. ) ;
#2069 = ADVANCED_FACE ( 'NONE', ( #9607 ), #3522, .T. ) ;
#2070 = VERTEX_POINT ( 'NONE', #11447 ) ;
#2071 = DIRECTION ( 'NONE',  ( 0.000000000000000000, 0.000000000000000000, 1.000000000000000000 ) ) ;
#2072 = ORIENTED_EDGE ( 'NONE', *, *, #4543, .T. ) ;
#2073 = EDGE_LOOP ( 'NONE', ( #4592, #1447 ) ) ;
#2074 = DIRECTION ( 'NONE',  ( 0.000000000000000000, 1.000000000000000000, 0.000000000000000000 ) ) ;
#2075 = DIRECTION ( 'NONE',  ( 0.000000000000000000, 0.000000000000000000, -1.000000000000000000 ) ) ;
#2076 = FACE_OUTER_BOUND ( 'NONE', #7391, .T. ) ;
#2077 = ORIENTED_EDGE ( 'NONE', *, *, #7700, .T. ) ;
#2078 = ORIENTED_EDGE ( 'NONE', *, *, #2619, .F. ) ;
#2079 = DIRECTION ( 'NONE',  ( 0.000000000000000000, 1.000000000000000000, 0.000000000000000000 ) ) ;
#2080 = LINE ( 'NONE', #308, #8399 ) ;
#2081 = CIRCLE ( 'NONE', #9583, 1.699999999999994849 ) ;
#2082 = EDGE_LOOP ( 'NONE', ( #7078, #8412, #2814, #4347 ) ) ;
#2083 = FACE_OUTER_BOUND ( 'NONE', #6395, .T. ) ;
#2084 = ADVANCED_FACE ( 'NONE', ( #11260 ), #8652, .T. ) ;
#2085 = VERTEX_POINT ( 'NONE', #2564 ) ;
#2086 = ORIENTED_EDGE ( 'NONE', *, *, #4078, .T. ) ;
#2087 = DIRECTION ( 'NONE',  ( -0.000000000000000000, -1.000000000000000000, -0.000000000000000000 ) ) ;
#2088 = CARTESIAN_POINT ( 'NONE',  ( 7.500000000000007105, 2.000000000000000000, -16.49999999999990408 ) ) ;
#2089 = LINE ( 'NONE', #8870, #4517 ) ;
#2090 = EDGE_LOOP ( 'NONE', ( #6100, #3261 ) ) ;
#2091 = DIRECTION ( 'NONE',  ( 0.000000000000000000, 1.000000000000000000, 0.000000000000000000 ) ) ;
#2092 = CYLINDRICAL_SURFACE ( 'NONE', #11025, 1.000000000000000888 ) ;
#2093 = CARTESIAN_POINT ( 'NONE',  ( 15.35613998199870878, 9.799999999999998934, -46.19999999999999574 ) ) ;
#2094 = APPROVAL_ROLE ( '' ) ;
#2095 = VECTOR ( 'NONE', #6505, 1000.000000000000000 ) ;
#2096 = CARTESIAN_POINT ( 'NONE',  ( 59.00000000000000711, 11.00000000000000000, -16.49999999999990408 ) ) ;
#2097 = ADVANCED_FACE ( 'NONE', ( #10563 ), #11505, .T. ) ;
#2098 = CARTESIAN_POINT ( 'NONE',  ( 45.75613998199875709, 9.799999999999998934, -4.000000000000002665 ) ) ;
#2099 = VECTOR ( 'NONE', #7194, 1000.000000000000000 ) ;
#2100 = VERTEX_POINT ( 'NONE', #3779 ) ;
#2101 = CARTESIAN_POINT ( 'NONE',  ( 26.00000000000000000, 2.000000000000000000, -32.14999999999999858 ) ) ;
#2102 = DIRECTION ( 'NONE',  ( -0.000000000000000000, -1.000000000000000000, -0.000000000000000000 ) ) ;
#2103 = FACE_OUTER_BOUND ( 'NONE', #10943, .T. ) ;
#2104 = ORIENTED_EDGE ( 'NONE', *, *, #8522, .T. ) ;
#2105 = FACE_OUTER_BOUND ( 'NONE', #3131, .T. ) ;
#2106 = EDGE_CURVE ( 'NONE', #762, #6498, #8588, .T. ) ;
#2107 = CARTESIAN_POINT ( 'NONE',  ( 29.34974746830572556, 9.799999999999998934, -39.32010101267764668 ) ) ;
#2108 = DIRECTION ( 'NONE',  ( 0.000000000000000000, 0.000000000000000000, -1.000000000000000000 ) ) ;
#2109 = ADVANCED_FACE ( 'NONE', ( #3713 ), #1823, .T. ) ;
#2110 = DIRECTION ( 'NONE',  ( -0.000000000000000000, -1.000000000000000000, -0.000000000000000000 ) ) ;
#2111 = CIRCLE ( 'NONE', #94, 2.800000000000000266 ) ;
#2112 = CARTESIAN_POINT ( 'NONE',  ( 44.47746032555851770, 9.799999999999998934, -48.32132034355964123 ) ) ;
#2113 = DIRECTION ( 'NONE',  ( 0.000000000000000000, -0.000000000000000000, 1.000000000000000000 ) ) ;
#2114 = ORIENTED_EDGE ( 'NONE', *, *, #11598, .T. ) ;
#2115 = CARTESIAN_POINT ( 'NONE',  ( -1.927470528863119049E-16, 11.00000000000000000, -4.000000000000000000 ) ) ;
#2116 = DIRECTION ( 'NONE',  ( -0.000000000000000000, -1.000000000000000000, -0.000000000000000000 ) ) ;
#2117 = CIRCLE ( 'NONE', #5762, 0.9999999999999974465 ) ;
#2118 = ORIENTED_EDGE ( 'NONE', *, *, #5407, .T. ) ;
#2119 = CARTESIAN_POINT ( 'NONE',  ( 12.00000000000000355, 11.00000000000000000, -10.99999999999993605 ) ) ;
#2120 = VECTOR ( 'NONE', #11183, 1000.000000000000000 ) ;
#2121 = EDGE_LOOP ( 'NONE', ( #2498, #3848, #3540, #5906 ) ) ;
#2122 = EDGE_LOOP ( 'NONE', ( #311, #10117, #2206, #1457 ) ) ;
#2123 = CARTESIAN_POINT ( 'NONE',  ( 53.54142135623730070, 11.00000000000000000, -3.499999999999993339 ) ) ;
#2124 = ADVANCED_FACE ( 'NONE', ( #10307 ), #5492, .T. ) ;
#2125 = CARTESIAN_POINT ( 'NONE',  ( 31.50000000000000711, 2.000000000000000000, -25.49999999999997513 ) ) ;
#2126 = VECTOR ( 'NONE', #1139, 1000.000000000000000 ) ;
#2127 = ORIENTED_EDGE ( 'NONE', *, *, #1866, .T. ) ;
#2128 = DIRECTION ( 'NONE',  ( 0.000000000000000000, 0.000000000000000000, 1.000000000000000000 ) ) ;
#2129 = EDGE_LOOP ( 'NONE', ( #4958, #341 ) ) ;
#2130 = VERTEX_POINT ( 'NONE', #684 ) ;
#2131 = CARTESIAN_POINT ( 'NONE',  ( 44.92771285725257968, 9.799999999999998934, -3.000000000000003109 ) ) ;
#2132 = FACE_OUTER_BOUND ( 'NONE', #563, .T. ) ;
#2133 = ORIENTED_EDGE ( 'NONE', *, *, #9106, .F. ) ;
#2134 = EDGE_LOOP ( 'NONE', ( #6166, #11 ) ) ;
#2135 = DIRECTION ( 'NONE',  ( 0.000000000000000000, 0.000000000000000000, 1.000000000000000000 ) ) ;
#2136 = EDGE_CURVE ( 'NONE', #1594, #10751, #12396, .T. ) ;
#2137 = CARTESIAN_POINT ( 'NONE',  ( 12.00000000000003197, 11.00000000000000000, -8.499999999999934275 ) ) ;
#2138 = ADVANCED_FACE ( 'NONE', ( #2633 ), #4542, .T. ) ;
#2139 = ORIENTED_EDGE ( 'NONE', *, *, #11461, .F. ) ;
#2140 = CARTESIAN_POINT ( 'NONE',  ( 40.00000000000000000, 2.000000000000000000, -10.74999999999995026 ) ) ;
#2141 = VERTEX_POINT ( 'NONE', #12454 ) ;
#2142 = ORIENTED_EDGE ( 'NONE', *, *, #5056, .F. ) ;
#2143 = DIRECTION ( 'NONE',  ( 0.000000000000000000, -0.000000000000000000, 1.000000000000000000 ) ) ;
#2144 = DIRECTION ( 'NONE',  ( -1.315205372940911737E-16, 0.000000000000000000, 1.000000000000000000 ) ) ;
#2145 = CARTESIAN_POINT ( 'NONE',  ( 80.00000000000000000, 11.00000000000000000, 3.100000000000000089 ) ) ;
#2146 = ORIENTED_EDGE ( 'NONE', *, *, #8759, .F. ) ;
#2147 = CIRCLE ( 'NONE', #2751, 0.9999999999999974465 ) ;
#2148 = CARTESIAN_POINT ( 'NONE',  ( 63.50000000000000000, 2.000000000000000000, -12.99999999999993250 ) ) ;
#2149 = LINE ( 'NONE', #11792, #9815 ) ;
#2150 = DIRECTION ( 'NONE',  ( 0.000000000000000000, 0.000000000000000000, 1.000000000000000000 ) ) ;
#2151 = ADVANCED_FACE ( 'NONE', ( #2693 ), #3585, .T. ) ;
#2152 = CARTESIAN_POINT ( 'NONE',  ( 44.50000000000000000, 11.00000000000000000, -11.99999999999994138 ) ) ;
#2153 = EDGE_CURVE ( 'NONE', #2369, #6698, #7011, .T. ) ;
#2154 = FACE_BOUND ( 'NONE', #3973, .T. ) ;
#2155 = AXIS2_PLACEMENT_3D ( 'NONE', #5867, #4030, #9737 ) ;
#2156 = CARTESIAN_POINT ( 'NONE',  ( 7.499999999999971578, 2.000000000000000000, -25.49999999999989697 ) ) ;
#2157 = ORIENTED_EDGE ( 'NONE', *, *, #4495, .F. ) ;
#2158 = CYLINDRICAL_SURFACE ( 'NONE', #12017, 1.000000000000000888 ) ;
#2159 = CARTESIAN_POINT ( 'NONE',  ( 53.00000000000000000, 11.00000000000000000, -31.14999999999999858 ) ) ;
#2160 = CYLINDRICAL_SURFACE ( 'NONE', #9499, 0.9999999999999940048 ) ;
#2161 = EDGE_LOOP ( 'NONE', ( #169, #11958 ) ) ;
#2162 = DIRECTION ( 'NONE',  ( 0.000000000000000000, 1.000000000000000000, -0.000000000000000000 ) ) ;
#2163 = CARTESIAN_POINT ( 'NONE',  ( 16.49999999999997868, 2.000000000000000000, -16.49999999999996447 ) ) ;
#2164 = DIRECTION ( 'NONE',  ( 0.000000000000000000, 0.000000000000000000, -1.000000000000000000 ) ) ;
#2165 = EDGE_CURVE ( 'NONE', #7188, #1676, #12330, .T. ) ;
#2166 = AXIS2_PLACEMENT_3D ( 'NONE', #8638, #92, #157 ) ;
#2167 = EDGE_CURVE ( 'NONE', #3815, #7204, #4791, .T. ) ;
#2168 = EDGE_CURVE ( 'NONE', #9808, #9788, #9241, .T. ) ;
#2169 = DIRECTION ( 'NONE',  ( 0.000000000000000000, 0.000000000000000000, 1.000000000000000000 ) ) ;
#2170 = DIRECTION ( 'NONE',  ( 0.000000000000000000, 1.000000000000000000, 0.000000000000000000 ) ) ;
#2171 = ORIENTED_EDGE ( 'NONE', *, *, #8878, .T. ) ;
#2172 = DIRECTION ( 'NONE',  ( -0.000000000000000000, -1.000000000000000000, -0.000000000000000000 ) ) ;
#2173 = EDGE_CURVE ( 'NONE', #1191, #1876, #8640, .T. ) ;
#2174 = AXIS2_PLACEMENT_3D ( 'NONE', #1921, #2051, #4131 ) ;
#2175 = CYLINDRICAL_SURFACE ( 'NONE', #9124, 1.000000000000000888 ) ;
#2176 = CIRCLE ( 'NONE', #9260, 1.000000000000000888 ) ;
#2177 = ORIENTED_EDGE ( 'NONE', *, *, #5507, .T. ) ;
#2178 = CARTESIAN_POINT ( 'NONE',  ( 63.49999999999995737, 11.00000000000000000, -25.49999999999992895 ) ) ;
#2179 = ORIENTED_EDGE ( 'NONE', *, *, #3588, .F. ) ;
#2180 = LINE ( 'NONE', #5100, #1025 ) ;
#2181 = ORIENTED_EDGE ( 'NONE', *, *, #12235, .F. ) ;
#2182 = LINE ( 'NONE', #1363, #11417 ) ;
#2183 = CARTESIAN_POINT ( 'NONE',  ( 13.50000000000000000, 5.000000000000000000, 3.100000000000000089 ) ) ;
#2184 = EDGE_CURVE ( 'NONE', #3647, #6486, #3166, .T. ) ;
#2185 = CIRCLE ( 'NONE', #4209, 0.9999999999999974465 ) ;
#2186 = CIRCLE ( 'NONE', #9268, 6.100000000000028955 ) ;
#2187 = ADVANCED_FACE ( 'NONE', ( #12517 ), #50, .F. ) ;
#2188 = ORIENTED_EDGE ( 'NONE', *, *, #99, .T. ) ;
#2189 = AXIS2_PLACEMENT_3D ( 'NONE', #3385, #9349, #4110 ) ;
#2190 = CARTESIAN_POINT ( 'NONE',  ( 17.92658079720860798, 9.799999999999998934, -3.000042224706366500 ) ) ;
#2191 = EDGE_LOOP ( 'NONE', ( #7005, #571 ) ) ;
#2192 = ORIENTED_EDGE ( 'NONE', *, *, #3640, .F. ) ;
#2193 = DIRECTION ( 'NONE',  ( 0.000000000000000000, 1.000000000000000000, 0.000000000000000000 ) ) ;
#2194 = CARTESIAN_POINT ( 'NONE',  ( 31.50000000000000711, 2.000000000000000000, -12.99999999999996980 ) ) ;
#2195 = AXIS2_PLACEMENT_3D ( 'NONE', #5773, #4951, #141 ) ;
#2196 = ORIENTED_EDGE ( 'NONE', *, *, #2935, .F. ) ;
#2197 = EDGE_LOOP ( 'NONE', ( #1069, #742, #9399, #2177 ) ) ;
#2198 = VECTOR ( 'NONE', #10628, 1000.000000000000000 ) ;
#2199 = CARTESIAN_POINT ( 'NONE',  ( 53.45857864376280588, 9.799999999999998934, -40.50000000000000711 ) ) ;
#2200 = CARTESIAN_POINT ( 'NONE',  ( 26.50000000000000000, 0.000000000000000000, -43.39999999999999858 ) ) ;
#2201 = VECTOR ( 'NONE', #3453, 1000.000000000000000 ) ;
#2202 = AXIS2_PLACEMENT_3D ( 'NONE', #5009, #4117, #8810 ) ;
#2203 = AXIS2_PLACEMENT_3D ( 'NONE', #2452, #1272, #6128 ) ;
#2204 = ADVANCED_FACE ( 'NONE', ( #11698 ), #10867, .T. ) ;
#2205 = EDGE_LOOP ( 'NONE', ( #556, #5717, #8334, #10594 ) ) ;
#2206 = ORIENTED_EDGE ( 'NONE', *, *, #6965, .F. ) ;
#2207 = ORIENTED_EDGE ( 'NONE', *, *, #6970, .T. ) ;
#2208 = FACE_OUTER_BOUND ( 'NONE', #1026, .T. ) ;
#2209 = CARTESIAN_POINT ( 'NONE',  ( 24.99999999999999645, 2.000000000000000000, -32.14999999999999858 ) ) ;
#2210 = DIRECTION ( 'NONE',  ( 0.000000000000000000, 1.000000000000000000, 0.000000000000000000 ) ) ;
#2211 = CIRCLE ( 'NONE', #9297, 0.9999999999999974465 ) ;
#2212 = ORIENTED_EDGE ( 'NONE', *, *, #8134, .T. ) ;
#2213 = DIRECTION ( 'NONE',  ( 0.000000000000000000, 1.000000000000000000, 0.000000000000000000 ) ) ;
#2214 = CARTESIAN_POINT ( 'NONE',  ( 67.99999999999994316, 11.00000000000000000, -25.49999999999996092 ) ) ;
#2215 = CIRCLE ( 'NONE', #9706, 0.9999999999999974465 ) ;
#2216 = AXIS2_PLACEMENT_3D ( 'NONE', #12212, #7584, #12408 ) ;
#2217 = EDGE_CURVE ( 'NONE', #3815, #11281, #10753, .T. ) ;
#2218 = VECTOR ( 'NONE', #1158, 1000.000000000000000 ) ;
#2219 = DIRECTION ( 'NONE',  ( 0.000000000000000000, -0.000000000000000000, 1.000000000000000000 ) ) ;
#2220 = ADVANCED_FACE ( 'NONE', ( #4857 ), #4921, .T. ) ;
#2221 = VECTOR ( 'NONE', #416, 1000.000000000000000 ) ;
#2222 = DIRECTION ( 'NONE',  ( 0.000000000000000000, 1.000000000000000000, 0.000000000000000000 ) ) ;
#2223 = ORIENTED_EDGE ( 'NONE', *, *, #9579, .T. ) ;
#2224 = ORIENTED_EDGE ( 'NONE', *, *, #12240, .F. ) ;
#2225 = PLANE ( 'NONE',  #11068 ) ;
#2226 = DIRECTION ( 'NONE',  ( 0.000000000000000000, 1.000000000000000000, 0.000000000000000000 ) ) ;
#2227 = CARTESIAN_POINT ( 'NONE',  ( 80.00000000000000000, 9.799999999999998934, -8.299999999999991829 ) ) ;
#2228 = DIRECTION ( 'NONE',  ( -0.000000000000000000, -1.000000000000000000, -0.000000000000000000 ) ) ;
#2229 = LINE ( 'NONE', #10149, #3596 ) ;
#2230 = CARTESIAN_POINT ( 'NONE',  ( 37.64386001800119175, 9.799999999999998934, -46.19999999999999574 ) ) ;
#2231 = CARTESIAN_POINT ( 'NONE',  ( 24.47867965644041277, 9.799999999999998934, -41.32010101267766089 ) ) ;
#2232 = AXIS2_PLACEMENT_3D ( 'NONE', #1190, #8784, #10871 ) ;
#2233 = CIRCLE ( 'NONE', #4258, 1.000000000000000888 ) ;
#2234 = DIRECTION ( 'NONE',  ( 0.000000000000000000, 1.000000000000000000, 0.000000000000000000 ) ) ;
#2235 = LINE ( 'NONE', #4264, #7266 ) ;
#2236 = ORIENTED_EDGE ( 'NONE', *, *, #1560, .F. ) ;
#2237 = CARTESIAN_POINT ( 'NONE',  ( 0.000000000000000000, 11.00000000000000000, -50.00000000000000000 ) ) ;
#2238 = CARTESIAN_POINT ( 'NONE',  ( 4.000000000000000888, 2.000000000000000000, -43.50000000000000000 ) ) ;
#2239 = CIRCLE ( 'NONE', #242, 0.9999999999999983347 ) ;
#2240 = ADVANCED_FACE ( 'NONE', ( #3906 ), #10809, .T. ) ;
#2241 = VERTEX_POINT ( 'NONE', #1252 ) ;
#2242 = CARTESIAN_POINT ( 'NONE',  ( 7.499999999999971578, 11.00000000000000000, -25.49999999999989697 ) ) ;
#2243 = ORIENTED_EDGE ( 'NONE', *, *, #11551, .T. ) ;
#2244 = VERTEX_POINT ( 'NONE', #11768 ) ;
#2245 = CARTESIAN_POINT ( 'NONE',  ( 44.50000000000000000, 11.00000000000000000, -16.49999999999994316 ) ) ;
#2246 = PLANE ( 'NONE',  #3586 ) ;
#2247 = EDGE_CURVE ( 'NONE', #9788, #11839, #3134, .T. ) ;
#2248 = VECTOR ( 'NONE', #1719, 1000.000000000000000 ) ;
#2249 = CARTESIAN_POINT ( 'NONE',  ( 35.49999999999999289, 2.000000000000000000, -28.99999999999996803 ) ) ;
#2250 = ORIENTED_EDGE ( 'NONE', *, *, #1148, .T. ) ;
#2251 = ADVANCED_FACE ( 'NONE', ( #2945 ), #6805, .F. ) ;
#2252 = VERTEX_POINT ( 'NONE', #8781 ) ;
#2253 = VERTEX_POINT ( 'NONE', #1064 ) ;
#2254 = DIRECTION ( 'NONE',  ( 0.000000000000000000, 0.000000000000000000, 1.000000000000000000 ) ) ;
#2255 = DIRECTION ( 'NONE',  ( -0.000000000000000000, -1.000000000000000000, -0.000000000000000000 ) ) ;
#2256 = ORIENTED_EDGE ( 'NONE', *, *, #5313, .F. ) ;
#2257 = ORIENTED_EDGE ( 'NONE', *, *, #9610, .T. ) ;
#2258 = DIRECTION ( 'NONE',  ( 1.000000000000000000, 0.000000000000000000, 0.000000000000000000 ) ) ;
#2259 = ADVANCED_FACE ( 'NONE', ( #8721 ), #110, .T. ) ;
#2260 = LINE ( 'NONE', #2445, #3353 ) ;
#2261 = EDGE_CURVE ( 'NONE', #10517, #1550, #11471, .T. ) ;
#2262 = VERTEX_POINT ( 'NONE', #5103 ) ;
#2263 = ORIENTED_EDGE ( 'NONE', *, *, #3827, .F. ) ;
#2264 = ORIENTED_EDGE ( 'NONE', *, *, #1134, .T. ) ;
#2265 = CARTESIAN_POINT ( 'NONE',  ( 58.99999999999997158, 11.00000000000000000, -25.49999999999989697 ) ) ;
#2266 = DIRECTION ( 'NONE',  ( 0.000000000000000000, 0.000000000000000000, 1.000000000000000000 ) ) ;
#2267 = DIRECTION ( 'NONE',  ( 0.000000000000000000, 1.000000000000000000, 0.000000000000000000 ) ) ;
#2268 = ORIENTED_EDGE ( 'NONE', *, *, #8144, .F. ) ;
#2269 = DIRECTION ( 'NONE',  ( 0.000000000000000000, 1.000000000000000000, 0.000000000000000000 ) ) ;
#2270 = FACE_BOUND ( 'NONE', #9452, .T. ) ;
#2271 = ADVANCED_FACE ( 'NONE', ( #7761 ), #2001, .F. ) ;
#2272 = CARTESIAN_POINT ( 'NONE',  ( 28.00000000000000355, 2.000000000000000000, 0.000000000000000000 ) ) ;
#2273 = EDGE_CURVE ( 'NONE', #6007, #1512, #3992, .T. ) ;
#2274 = VECTOR ( 'NONE', #7485, 1000.000000000000000 ) ;
#2275 = AXIS2_PLACEMENT_3D ( 'NONE', #8678, #442, #11901 ) ;
#2276 = CARTESIAN_POINT ( 'NONE',  ( 5.200000000000024158, 11.00000000000000000, -5.200000000000043698 ) ) ;
#2277 = DIRECTION ( 'NONE',  ( 0.000000000000000000, 0.000000000000000000, 1.000000000000000000 ) ) ;
#2278 = VERTEX_POINT ( 'NONE', #3009 ) ;
#2279 = ORIENTED_EDGE ( 'NONE', *, *, #11066, .T. ) ;
#2280 = DIRECTION ( 'NONE',  ( -0.000000000000000000, -1.000000000000000000, -0.000000000000000000 ) ) ;
#2281 = CYLINDRICAL_SURFACE ( 'NONE', #6297, 0.9999999999999974465 ) ;
#2282 = CARTESIAN_POINT ( 'NONE',  ( 16.50000000000000711, 11.00000000000000000, -6.499999999999969802 ) ) ;
#2283 = DIRECTION ( 'NONE',  ( -1.000000000000000000, 0.000000000000000000, -2.011680777451463154E-16 ) ) ;
#2284 = ORIENTED_EDGE ( 'NONE', *, *, #7483, .F. ) ;
#2285 = AXIS2_PLACEMENT_3D ( 'NONE', #5812, #8790, #3916 ) ;
#2286 = FACE_OUTER_BOUND ( 'NONE', #5681, .T. ) ;
#2287 = CARTESIAN_POINT ( 'NONE',  ( 27.00000000000000355, 2.000000000000000000, -32.14999999999999858 ) ) ;
#2288 = FACE_OUTER_BOUND ( 'NONE', #12177, .T. ) ;
#2289 = EDGE_CURVE ( 'NONE', #9882, #9397, #761, .T. ) ;
#2290 = EDGE_CURVE ( 'NONE', #5585, #5874, #10868, .T. ) ;
#2291 = DIRECTION ( 'NONE',  ( 0.000000000000000000, 1.000000000000000000, 0.000000000000000000 ) ) ;
#2292 = CYLINDRICAL_SURFACE ( 'NONE', #8481, 1.000000000000000888 ) ;
#2293 = EDGE_LOOP ( 'NONE', ( #6113, #1711, #9233, #10169 ) ) ;
#2294 = CYLINDRICAL_SURFACE ( 'NONE', #7818, 0.9999999999999974465 ) ;
#2295 = ORIENTED_EDGE ( 'NONE', *, *, #6442, .T. ) ;
#2296 = CARTESIAN_POINT ( 'NONE',  ( 53.50000000000000000, 0.000000000000000000, -1.700000000000003508 ) ) ;
#2297 = CARTESIAN_POINT ( 'NONE',  ( 9.900000000000009237, 5.000000000000000888, 3.100000000000000977 ) ) ;
#2298 = ORIENTED_EDGE ( 'NONE', *, *, #3106, .F. ) ;
#2299 = CARTESIAN_POINT ( 'NONE',  ( 73.50000000000000000, 2.000000000000000000, -6.500000000000004441 ) ) ;
#2300 = ORIENTED_EDGE ( 'NONE', *, *, #6320, .T. ) ;
#2301 = DIRECTION ( 'NONE',  ( 0.000000000000000000, 0.000000000000000000, 1.000000000000000000 ) ) ;
#2302 = VECTOR ( 'NONE', #8839, 1000.000000000000000 ) ;
#2303 = PLANE ( 'NONE',  #9659 ) ;
#2304 = DIRECTION ( 'NONE',  ( 0.000000000000000000, 0.000000000000000000, 1.000000000000000000 ) ) ;
#2305 = VERTEX_POINT ( 'NONE', #477 ) ;
#2306 = ADVANCED_FACE ( 'NONE', ( #3195 ), #6108, .T. ) ;
#2307 = CARTESIAN_POINT ( 'NONE',  ( 67.49999999999998579, 5.000000000000000000, -4.000000000000003553 ) ) ;
#2308 = EDGE_LOOP ( 'NONE', ( #6106, #11955, #5921, #1672 ) ) ;
#2309 = VERTEX_POINT ( 'NONE', #3382 ) ;
#2310 = DIRECTION ( 'NONE',  ( 3.469446951953611033E-15, 0.000000000000000000, 1.000000000000000000 ) ) ;
#2311 = DIRECTION ( 'NONE',  ( 0.000000000000000000, 0.000000000000000000, 1.000000000000000000 ) ) ;
#2312 = EDGE_CURVE ( 'NONE', #4562, #2655, #8132, .T. ) ;
#2313 = EDGE_LOOP ( 'NONE', ( #417, #2738, #527, #840 ) ) ;
#2314 = ORIENTED_EDGE ( 'NONE', *, *, #1266, .F. ) ;
#2315 = CARTESIAN_POINT ( 'NONE',  ( -7.210442578875449912E-14, 9.799999999999998934, -47.19999999999989626 ) ) ;
#2316 = LINE ( 'NONE', #1452, #4788 ) ;
#2317 = CIRCLE ( 'NONE', #12033, 0.9999999999999940048 ) ;
#2318 = ADVANCED_FACE ( 'NONE', ( #10935 ), #2246, .T. ) ;
#2319 = ORIENTED_EDGE ( 'NONE', *, *, #6184, .T. ) ;
#2320 = ADVANCED_FACE ( 'NONE', ( #7178 ), #8189, .F. ) ;
#2321 = VECTOR ( 'NONE', #7299, 1000.000000000000000 ) ;
#2322 = ORIENTED_EDGE ( 'NONE', *, *, #873, .F. ) ;
#2323 = ORIENTED_EDGE ( 'NONE', *, *, #967, .T. ) ;
#2324 = CARTESIAN_POINT ( 'NONE',  ( 67.99999999999991473, 11.00000000000000000, -34.49999999999996447 ) ) ;
#2325 = DIRECTION ( 'NONE',  ( 0.000000000000000000, 1.000000000000000000, 0.000000000000000000 ) ) ;
#2326 = EDGE_CURVE ( 'NONE', #2085, #3286, #1492, .T. ) ;
#2327 = LINE ( 'NONE', #10130, #1079 ) ;
#2328 = ORIENTED_EDGE ( 'NONE', *, *, #4935, .F. ) ;
#2329 = DIRECTION ( 'NONE',  ( -0.000000000000000000, -1.000000000000000000, -0.000000000000000000 ) ) ;
#2330 = FACE_BOUND ( 'NONE', #3056, .T. ) ;
#2331 = DIRECTION ( 'NONE',  ( -0.000000000000000000, -1.000000000000000000, -0.000000000000000000 ) ) ;
#2332 = CIRCLE ( 'NONE', #7195, 3.000000000000023537 ) ;
#2333 = CARTESIAN_POINT ( 'NONE',  ( 20.99999999999991473, 2.000000000000000000, -29.99999999999998934 ) ) ;
#2334 = AXIS2_PLACEMENT_3D ( 'NONE', #10516, #6894, #8861 ) ;
#2335 = DIRECTION ( 'NONE',  ( -0.000000000000000000, 1.000000000000000000, -0.000000000000000000 ) ) ;
#2336 = ORIENTED_EDGE ( 'NONE', *, *, #4090, .T. ) ;
#2337 = ORIENTED_EDGE ( 'NONE', *, *, #6150, .F. ) ;
#2338 = DIRECTION ( 'NONE',  ( 0.000000000000000000, -0.000000000000000000, 1.000000000000000000 ) ) ;
#2339 = ADVANCED_FACE ( 'NONE', ( #5291 ), #12002, .T. ) ;
#2340 = CARTESIAN_POINT ( 'NONE',  ( 24.99999999999999645, 11.00000000000000000, -32.14999999999999858 ) ) ;
#2341 = CARTESIAN_POINT ( 'NONE',  ( 11.99999999999998934, 11.00000000000000000, -17.49999999999992895 ) ) ;
#2342 = DIRECTION ( 'NONE',  ( 0.000000000000000000, 1.000000000000000000, 0.000000000000000000 ) ) ;
#2343 = ORIENTED_EDGE ( 'NONE', *, *, #8119, .T. ) ;
#2344 = CARTESIAN_POINT ( 'NONE',  ( 58.99999999999997158, 11.00000000000000000, -25.49999999999989697 ) ) ;
#2345 = FACE_OUTER_BOUND ( 'NONE', #5542, .T. ) ;
#2346 = DIRECTION ( 'NONE',  ( 0.000000000000000000, 1.000000000000000000, 0.000000000000000000 ) ) ;
#2347 = AXIS2_PLACEMENT_3D ( 'NONE', #4323, #5149, #4199 ) ;
#2348 = VECTOR ( 'NONE', #11962, 1000.000000000000000 ) ;
#2349 = LINE ( 'NONE', #5275, #7515 ) ;
#2350 = DIRECTION ( 'NONE',  ( 0.000000000000000000, 0.000000000000000000, -1.000000000000000000 ) ) ;
#2351 = EDGE_LOOP ( 'NONE', ( #7517, #3327, #4252, #9773 ) ) ;
#2352 = CARTESIAN_POINT ( 'NONE',  ( 63.50000000000000000, 11.00000000000000000, -11.99999999999993427 ) ) ;
#2353 = ADVANCED_FACE ( 'NONE', ( #350 ), #11190, .T. ) ;
#2354 = FACE_OUTER_BOUND ( 'NONE', #1936, .T. ) ;
#2355 = DIRECTION ( 'NONE',  ( 0.000000000000000000, 0.000000000000000000, 1.000000000000000000 ) ) ;
#2356 = CARTESIAN_POINT ( 'NONE',  ( 33.08736290225574095, 2.000000000000000000, -4.732233047033621354 ) ) ;
#2357 = ORIENTED_EDGE ( 'NONE', *, *, #10723, .F. ) ;
#2358 = DIRECTION ( 'NONE',  ( 0.000000000000000000, 0.000000000000000000, 1.000000000000000000 ) ) ;
#2359 = ORIENTED_EDGE ( 'NONE', *, *, #9448, .T. ) ;
#2360 = CARTESIAN_POINT ( 'NONE',  ( 72.49999999999994316, 2.000000000000000000, -24.49999999999999289 ) ) ;
#2361 = CIRCLE ( 'NONE', #1168, 0.9999999999999974465 ) ;
#2362 = CARTESIAN_POINT ( 'NONE',  ( 54.00000000000000000, 11.00000000000000000, -32.14999999999999858 ) ) ;
#2363 = CARTESIAN_POINT ( 'NONE',  ( 63.49999999999998579, 11.00000000000000000, -16.49999999999993250 ) ) ;
#2364 = LINE ( 'NONE', #2435, #1748 ) ;
#2365 = EDGE_CURVE ( 'NONE', #8902, #451, #6822, .T. ) ;
#2366 = ORIENTED_EDGE ( 'NONE', *, *, #1188, .F. ) ;
#2367 = DIRECTION ( 'NONE',  ( 0.000000000000000000, 0.000000000000000000, 1.000000000000000000 ) ) ;
#2368 = VERTEX_POINT ( 'NONE', #5349 ) ;
#2369 = VERTEX_POINT ( 'NONE', #1365 ) ;
#2370 = FACE_OUTER_BOUND ( 'NONE', #4612, .T. ) ;
#2371 = DIRECTION ( 'NONE',  ( 0.000000000000000000, 1.000000000000000000, 0.000000000000000000 ) ) ;
#2372 = VERTEX_POINT ( 'NONE', #9215 ) ;
#2373 = VERTEX_POINT ( 'NONE', #11052 ) ;
#2374 = DIRECTION ( 'NONE',  ( 0.000000000000000000, 1.000000000000000000, 0.000000000000000000 ) ) ;
#2375 = CARTESIAN_POINT ( 'NONE',  ( 7.499999999999944045, 11.00000000000000000, -34.49999999999989342 ) ) ;
#2376 = VECTOR ( 'NONE', #9306, 1000.000000000000000 ) ;
#2377 = AXIS2_PLACEMENT_3D ( 'NONE', #9507, #9569, #4624 ) ;
#2378 = ORIENTED_EDGE ( 'NONE', *, *, #10243, .F. ) ;
#2379 = VECTOR ( 'NONE', #2728, 1000.000000000000000 ) ;
#2380 = AXIS2_PLACEMENT_3D ( 'NONE', #3516, #615, #5543 ) ;
#2381 = AXIS2_PLACEMENT_3D ( 'NONE', #3344, #10316, #9425 ) ;
#2382 = ORIENTED_EDGE ( 'NONE', *, *, #3351, .T. ) ;
#2383 = VERTEX_POINT ( 'NONE', #4276 ) ;
#2384 = CARTESIAN_POINT ( 'NONE',  ( 52.63015151901650768, 11.00000000000000000, -8.299999999999991829 ) ) ;
#2385 = CARTESIAN_POINT ( 'NONE',  ( 72.49999999999991473, 11.00000000000000000, -29.99999999999998934 ) ) ;
#2386 = DIRECTION ( 'NONE',  ( 0.000000000000000000, 0.000000000000000000, 1.000000000000000000 ) ) ;
#2387 = VERTEX_POINT ( 'NONE', #4334 ) ;
#2388 = CARTESIAN_POINT ( 'NONE',  ( 24.99999999999999289, 11.00000000000000000, -10.85512985522205476 ) ) ;
#2389 = FACE_BOUND ( 'NONE', #9941, .T. ) ;
#2390 = CARTESIAN_POINT ( 'NONE',  ( 11.99999999999992006, 11.00000000000000000, -39.99999999999992184 ) ) ;
#2391 = PERSON_AND_ORGANIZATION_ROLE ( 'design_supplier' ) ;
#2392 = EDGE_CURVE ( 'NONE', #6945, #3238, #9449, .T. ) ;
#2393 = EDGE_CURVE ( 'NONE', #4585, #580, #6226, .T. ) ;
#2394 = VECTOR ( 'NONE', #825, 1000.000000000000000 ) ;
#2395 = EDGE_CURVE ( 'NONE', #7115, #84, #2430, .T. ) ;
#2396 = ORIENTED_EDGE ( 'NONE', *, *, #4468, .T. ) ;
#2397 = CARTESIAN_POINT ( 'NONE',  ( 0.9999999999999870104, 11.00000000000000000, -5.200000000000043698 ) ) ;
#2398 = DIRECTION ( 'NONE',  ( 0.000000000000000000, -0.000000000000000000, 1.000000000000000000 ) ) ;
#2399 = VERTEX_POINT ( 'NONE', #9152 ) ;
#2400 = VERTEX_POINT ( 'NONE', #8069 ) ;
#2401 = DIRECTION ( 'NONE',  ( 0.000000000000000000, 1.000000000000000000, 0.000000000000000000 ) ) ;
#2402 = AXIS2_PLACEMENT_3D ( 'NONE', #12507, #10740, #9787 ) ;
#2403 = LINE ( 'NONE', #8039, #3878 ) ;
#2404 = VECTOR ( 'NONE', #8299, 1000.000000000000000 ) ;
#2405 = EDGE_CURVE ( 'NONE', #5322, #9975, #764, .T. ) ;
#2406 = AXIS2_PLACEMENT_3D ( 'NONE', #1996, #9733, #8775 ) ;
#2407 = PLANE ( 'NONE',  #9700 ) ;
#2408 = PLANE ( 'NONE',  #776 ) ;
#2409 = AXIS2_PLACEMENT_3D ( 'NONE', #12479, #2087, #8804 ) ;
#2410 = EDGE_LOOP ( 'NONE', ( #10544, #8262 ) ) ;
#2411 = DIRECTION ( 'NONE',  ( 0.000000000000000000, 1.000000000000000000, 0.000000000000000000 ) ) ;
#2412 = CARTESIAN_POINT ( 'NONE',  ( 11.99999999999994849, 11.00000000000000000, -29.99999999999992539 ) ) ;
#2413 = DIRECTION ( 'NONE',  ( -1.063339831563103695E-15, 0.000000000000000000, 1.000000000000000000 ) ) ;
#2414 = ADVANCED_FACE ( 'NONE', ( #10166, #10992 ), #2303, .T. ) ;
#2415 = EDGE_CURVE ( 'NONE', #11378, #5108, #11279, .T. ) ;
#2416 = CIRCLE ( 'NONE', #3040, 1.000000000000000888 ) ;
#2417 = AXIS2_PLACEMENT_3D ( 'NONE', #11791, #6959, #7085 ) ;
#2418 = FACE_OUTER_BOUND ( 'NONE', #6497, .T. ) ;
#2419 = CARTESIAN_POINT ( 'NONE',  ( 9.900000000000005684, 5.000000000000000888, -4.000000000000001776 ) ) ;
#2420 = ORIENTED_EDGE ( 'NONE', *, *, #9784, .F. ) ;
#2421 = FACE_OUTER_BOUND ( 'NONE', #8527, .T. ) ;
#2422 = AXIS2_PLACEMENT_3D ( 'NONE', #10070, #8945, #5257 ) ;
#2423 = LINE ( 'NONE', #7308, #7164 ) ;
#2424 = DIRECTION ( 'NONE',  ( 0.000000000000000000, 0.000000000000000000, 1.000000000000000000 ) ) ;
#2425 = AXIS2_PLACEMENT_3D ( 'NONE', #1129, #10941, #300 ) ;
#2426 = EDGE_LOOP ( 'NONE', ( #9927, #8472 ) ) ;
#2427 = DIRECTION ( 'NONE',  ( -1.000000000000000000, -0.000000000000000000, -0.000000000000000000 ) ) ;
#2428 = ORIENTED_EDGE ( 'NONE', *, *, #4544, .T. ) ;
#2429 = CARTESIAN_POINT ( 'NONE',  ( 58.99999999999997158, 2.000000000000000000, -25.49999999999989697 ) ) ;
#2430 = LINE ( 'NONE', #419, #4194 ) ;
#2431 = EDGE_CURVE ( 'NONE', #1876, #1191, #4390, .T. ) ;
#2432 = VECTOR ( 'NONE', #9019, 1000.000000000000000 ) ;
#2433 = AXIS2_PLACEMENT_3D ( 'NONE', #5331, #8303, #9963 ) ;
#2434 = DIRECTION ( 'NONE',  ( 1.000000000000000000, 0.000000000000000000, 6.999854048275122104E-16 ) ) ;
#2435 = CARTESIAN_POINT ( 'NONE',  ( -17.63664863476197908, 1.999999999999998224, 9.363351365237997825 ) ) ;
#2436 = EDGE_LOOP ( 'NONE', ( #9945, #6811, #4092, #1322 ) ) ;
#2437 = EDGE_LOOP ( 'NONE', ( #1145, #11772, #4130, #750 ) ) ;
#2438 = ORIENTED_EDGE ( 'NONE', *, *, #11654, .F. ) ;
#2439 = CARTESIAN_POINT ( 'NONE',  ( 11.99999999999998934, 2.000000000000000000, -16.49999999999993250 ) ) ;
#2440 = FACE_OUTER_BOUND ( 'NONE', #498, .T. ) ;
#2441 = EDGE_LOOP ( 'NONE', ( #2582, #10878, #6913, #727, #2931, #12482 ) ) ;
#2442 = EDGE_LOOP ( 'NONE', ( #1373, #6993, #5451, #3036 ) ) ;
#2443 = CYLINDRICAL_SURFACE ( 'NONE', #3136, 0.9999999999999974465 ) ;
#2444 = VECTOR ( 'NONE', #219, 1000.000000000000000 ) ;
#2445 = CARTESIAN_POINT ( 'NONE',  ( 12.00000000000003197, 11.00000000000000000, -6.499999999999938716 ) ) ;
#2446 = LOCAL_TIME ( 15, 59, 51.00000000000000000, #7088 ) ;
#2447 = EDGE_CURVE ( 'NONE', #9671, #11887, #4587, .T. ) ;
#2448 = EDGE_CURVE ( 'NONE', #1255, #10296, #4463, .T. ) ;
#2449 = ORIENTED_EDGE ( 'NONE', *, *, #4223, .F. ) ;
#2450 = ORIENTED_EDGE ( 'NONE', *, *, #2917, .T. ) ;
#2451 = ORIENTED_EDGE ( 'NONE', *, *, #4806, .T. ) ;
#2452 = CARTESIAN_POINT ( 'NONE',  ( 65.76223663640863037, 1.999999999999998224, -43.50000000000000711 ) ) ;
#2453 = CARTESIAN_POINT ( 'NONE',  ( 16.49999999999993960, 11.00000000000000000, -30.99999999999995381 ) ) ;
#2454 = CARTESIAN_POINT ( 'NONE',  ( 26.45857864376269930, 9.799999999999998934, -3.499999999999993339 ) ) ;
#2455 = ORIENTED_EDGE ( 'NONE', *, *, #3011, .F. ) ;
#2456 = DIRECTION ( 'NONE',  ( 0.000000000000000000, 1.000000000000000000, 0.000000000000000000 ) ) ;
#2457 = FACE_BOUND ( 'NONE', #992, .T. ) ;
#2458 = FACE_OUTER_BOUND ( 'NONE', #11452, .T. ) ;
#2459 = COORDINATED_UNIVERSAL_TIME_OFFSET ( 1, 0, .AHEAD. ) ;
#2460 = VERTEX_POINT ( 'NONE', #2545 ) ;
#2461 = DIRECTION ( 'NONE',  ( 0.000000000000000000, 1.000000000000000000, 0.000000000000000000 ) ) ;
#2462 = CARTESIAN_POINT ( 'NONE',  ( 11.99999999999992006, 11.00000000000000000, -37.99999999999992184 ) ) ;
#2463 = ORIENTED_EDGE ( 'NONE', *, *, #2951, .T. ) ;
#2464 = ORIENTED_EDGE ( 'NONE', *, *, #8043, .T. ) ;
#2465 = CARTESIAN_POINT ( 'NONE',  ( 72.49999999999995737, 11.00000000000000000, -19.99999999999999645 ) ) ;
#2466 = DIRECTION ( 'NONE',  ( -0.000000000000000000, -1.000000000000000000, -0.000000000000000000 ) ) ;
#2467 = CARTESIAN_POINT ( 'NONE',  ( 31.50000000000000711, 11.00000000000000000, -35.49999999999997158 ) ) ;
#2468 = DIRECTION ( 'NONE',  ( -0.000000000000000000, -1.000000000000000000, -0.000000000000000000 ) ) ;
#2469 = ORIENTED_EDGE ( 'NONE', *, *, #3465, .F. ) ;
#2470 = EDGE_CURVE ( 'NONE', #11047, #5121, #158, .T. ) ;
#2471 = CARTESIAN_POINT ( 'NONE',  ( 31.70538416267119786, -0.8284271247461592047, -39.97868143219528747 ) ) ;
#2472 = FACE_OUTER_BOUND ( 'NONE', #5528, .T. ) ;
#2473 = CARTESIAN_POINT ( 'NONE',  ( 0.000000000000000000, 11.00000000000000000, 0.000000000000000000 ) ) ;
#2474 = EDGE_CURVE ( 'NONE', #2305, #2253, #2361, .T. ) ;
#2475 = CARTESIAN_POINT ( 'NONE',  ( 59.00000000000000711, 11.00000000000000000, -17.49999999999990052 ) ) ;
#2476 = DIRECTION ( 'NONE',  ( -0.000000000000000000, -1.000000000000000000, -0.000000000000000000 ) ) ;
#2477 = ORIENTED_EDGE ( 'NONE', *, *, #7940, .T. ) ;
#2478 = CIRCLE ( 'NONE', #5521, 4.445296095962649296 ) ;
#2479 = CARTESIAN_POINT ( 'NONE',  ( 23.65025253169423891, 9.799999999999998934, -39.32010101267766800 ) ) ;
#2480 = EDGE_CURVE ( 'NONE', #7124, #8250, #12280, .T. ) ;
#2481 = DIRECTION ( 'NONE',  ( 0.000000000000000000, 0.000000000000000000, 1.000000000000000000 ) ) ;
#2482 = EDGE_CURVE ( 'NONE', #5358, #4516, #2565, .T. ) ;
#2483 = DIRECTION ( 'NONE',  ( -0.000000000000000000, -1.000000000000000000, -0.000000000000000000 ) ) ;
#2484 = ORIENTED_EDGE ( 'NONE', *, *, #8201, .F. ) ;
#2485 = DIRECTION ( 'NONE',  ( 0.000000000000000000, 1.000000000000000000, 0.000000000000000000 ) ) ;
#2486 = ORIENTED_EDGE ( 'NONE', *, *, #7251, .T. ) ;
#2487 = LINE ( 'NONE', #7430, #10824 ) ;
#2488 = DIRECTION ( 'NONE',  ( 0.000000000000000000, 1.000000000000000000, 0.000000000000000000 ) ) ;
#2489 = VECTOR ( 'NONE', #5372, 1000.000000000000000 ) ;
#2490 = CARTESIAN_POINT ( 'NONE',  ( -1.927470528863119049E-16, 11.00000000000000000, -4.000000000000000000 ) ) ;
#2491 = CARTESIAN_POINT ( 'NONE',  ( 58.99999999999995737, 11.00000000000000000, -29.99999999999989342 ) ) ;
#2492 = VERTEX_POINT ( 'NONE', #605 ) ;
#2493 = ORIENTED_EDGE ( 'NONE', *, *, #561, .T. ) ;
#2494 = ORIENTED_EDGE ( 'NONE', *, *, #1674, .T. ) ;
#2495 = LINE ( 'NONE', #678, #11717 ) ;
#2496 = LINE ( 'NONE', #6363, #3624 ) ;
#2497 = ADVANCED_FACE ( 'NONE', ( #8573 ), #1620, .T. ) ;
#2498 = ORIENTED_EDGE ( 'NONE', *, *, #8689, .F. ) ;
#2499 = EDGE_LOOP ( 'NONE', ( #2263, #4292, #11941, #8374 ) ) ;
#2500 = CARTESIAN_POINT ( 'NONE',  ( 72.49999999999994316, 2.000000000000000000, -25.49999999999999289 ) ) ;
#2501 = DIRECTION ( 'NONE',  ( -0.000000000000000000, -1.000000000000000000, -0.000000000000000000 ) ) ;
#2502 = VERTEX_POINT ( 'NONE', #1806 ) ;
#2503 = EDGE_LOOP ( 'NONE', ( #9917, #9483, #11675, #4678 ) ) ;
#2504 = ORIENTED_EDGE ( 'NONE', *, *, #10783, .T. ) ;
#2505 = CARTESIAN_POINT ( 'NONE',  ( 67.99999999999995737, 11.00000000000000000, -20.99999999999996447 ) ) ;
#2506 = DIRECTION ( 'NONE',  ( -0.000000000000000000, 1.000000000000000000, -0.000000000000000000 ) ) ;
#2507 = EDGE_CURVE ( 'NONE', #5864, #5108, #11431, .T. ) ;
#2508 = AXIS2_PLACEMENT_3D ( 'NONE', #1863, #10469, #9524 ) ;
#2509 = CARTESIAN_POINT ( 'NONE',  ( 7.499999999999992895, 11.00000000000000000, -20.99999999999990052 ) ) ;
#2510 = ADVANCED_FACE ( 'NONE', ( #9346 ), #8517, .F. ) ;
#2511 = ORIENTED_EDGE ( 'NONE', *, *, #9705, .F. ) ;
#2512 = DIRECTION ( 'NONE',  ( -0.000000000000000000, 1.000000000000000000, -0.000000000000000000 ) ) ;
#2513 = FACE_BOUND ( 'NONE', #5064, .T. ) ;
#2514 = LINE ( 'NONE', #8480, #3215 ) ;
#2515 = AXIS2_PLACEMENT_3D ( 'NONE', #2807, #7682, #6726 ) ;
#2516 = EDGE_LOOP ( 'NONE', ( #10013, #8724, #3634, #1873 ) ) ;
#2517 = DIRECTION ( 'NONE',  ( -0.000000000000000000, -1.000000000000000000, -0.000000000000000000 ) ) ;
#2518 = ORIENTED_EDGE ( 'NONE', *, *, #12229, .T. ) ;
#2519 = VERTEX_POINT ( 'NONE', #4649 ) ;
#2520 = CARTESIAN_POINT ( 'NONE',  ( 48.49999999999999289, 11.00000000000000000, -24.49999999999993250 ) ) ;
#2521 = EDGE_CURVE ( 'NONE', #5585, #1312, #3508, .T. ) ;
#2522 = CARTESIAN_POINT ( 'NONE',  ( 52.71299423149120855, 9.799999999999998934, -41.50000000000000711 ) ) ;
#2523 = ORIENTED_EDGE ( 'NONE', *, *, #11584, .F. ) ;
#2524 = CARTESIAN_POINT ( 'NONE',  ( 40.99999999999999289, 2.000000000000000000, -15.00000000000000000 ) ) ;
#2525 = FACE_OUTER_BOUND ( 'NONE', #12104, .T. ) ;
#2526 = ORIENTED_EDGE ( 'NONE', *, *, #65, .F. ) ;
#2527 = LINE ( 'NONE', #9515, #9685 ) ;
#2528 = DIRECTION ( 'NONE',  ( -0.000000000000000000, 1.000000000000000000, -0.000000000000000000 ) ) ;
#2529 = FACE_OUTER_BOUND ( 'NONE', #5995, .T. ) ;
#2530 = AXIS2_PLACEMENT_3D ( 'NONE', #3551, #8362, #10510 ) ;
#2531 = DIRECTION ( 'NONE',  ( -0.000000000000000000, -1.000000000000000000, -0.000000000000000000 ) ) ;
#2532 = AXIS2_PLACEMENT_3D ( 'NONE', #5115, #7776, #3088 ) ;
#2533 = CARTESIAN_POINT ( 'NONE',  ( 58.99999999999997158, 11.00000000000000000, -25.49999999999989697 ) ) ;
#2534 = ORIENTED_EDGE ( 'NONE', *, *, #11125, .T. ) ;
#2535 = DIRECTION ( 'NONE',  ( 4.818676322157797621E-17, 0.000000000000000000, 1.000000000000000000 ) ) ;
#2536 = CARTESIAN_POINT ( 'NONE',  ( 31.50000000000000711, 2.000000000000000000, -30.99999999999996803 ) ) ;
#2537 = LINE ( 'NONE', #4384, #2120 ) ;
#2538 = CARTESIAN_POINT ( 'NONE',  ( 43.50000000000000000, 11.00000000000000000, -41.23776336359134831 ) ) ;
#2539 = VERTEX_POINT ( 'NONE', #12382 ) ;
#2540 = DIRECTION ( 'NONE',  ( -0.000000000000000000, -1.000000000000000000, -0.000000000000000000 ) ) ;
#2541 = EDGE_LOOP ( 'NONE', ( #1902, #4604, #12238, #5345 ) ) ;
#2542 = EDGE_CURVE ( 'NONE', #11817, #129, #8441, .T. ) ;
#2543 = AXIS2_PLACEMENT_3D ( 'NONE', #4433, #12413, #5636 ) ;
#2544 = DIRECTION ( 'NONE',  ( 0.000000000000000000, 0.000000000000000000, 1.000000000000000000 ) ) ;
#2545 = CARTESIAN_POINT ( 'NONE',  ( 63.49999999999991473, 2.000000000000000000, -39.99999999999992184 ) ) ;
#2546 = VECTOR ( 'NONE', #494, 1000.000000000000000 ) ;
#2547 = ADVANCED_FACE ( 'NONE', ( #5597 ), #7431, .T. ) ;
#2548 = ADVANCED_FACE ( 'NONE', ( #9405 ), #732, .T. ) ;
#2549 = EDGE_CURVE ( 'NONE', #1130, #11424, #1741, .T. ) ;
#2550 = LINE ( 'NONE', #6605, #7231 ) ;
#2551 = DIRECTION ( 'NONE',  ( -0.000000000000000000, -1.000000000000000000, -0.000000000000000000 ) ) ;
#2552 = CARTESIAN_POINT ( 'NONE',  ( 20.99999999999998224, 11.00000000000000000, -11.99999999999999645 ) ) ;
#2553 = VERTEX_POINT ( 'NONE', #7558 ) ;
#2554 = CARTESIAN_POINT ( 'NONE',  ( 63.35096679918785156, 11.00000000000000000, -46.32132034355964834 ) ) ;
#2555 = AXIS2_PLACEMENT_3D ( 'NONE', #875, #8396, #4727 ) ;
#2556 = ORIENTED_EDGE ( 'NONE', *, *, #7553, .F. ) ;
#2557 = ORIENTED_EDGE ( 'NONE', *, *, #9545, .F. ) ;
#2558 = DIRECTION ( 'NONE',  ( 1.137523590804458201E-15, 0.000000000000000000, 1.000000000000000000 ) ) ;
#2559 = CARTESIAN_POINT ( 'NONE',  ( 7.500000000000007105, 2.000000000000000000, -16.49999999999990408 ) ) ;
#2560 = EDGE_LOOP ( 'NONE', ( #11497, #1082 ) ) ;
#2561 = ORIENTED_EDGE ( 'NONE', *, *, #8357, .F. ) ;
#2562 = EDGE_CURVE ( 'NONE', #3354, #8786, #9859, .T. ) ;
#2563 = CYLINDRICAL_SURFACE ( 'NONE', #7763, 1.699999999999996625 ) ;
#2564 = CARTESIAN_POINT ( 'NONE',  ( 63.49999999999992895, 11.00000000000000000, -35.49999999999992895 ) ) ;
#2565 = CIRCLE ( 'NONE', #8225, 2.999999999999996447 ) ;
#2566 = EDGE_CURVE ( 'NONE', #1443, #2244, #5726, .T. ) ;
#2567 = VERTEX_POINT ( 'NONE', #9591 ) ;
#2568 = ORIENTED_EDGE ( 'NONE', *, *, #11823, .T. ) ;
#2569 = VERTEX_POINT ( 'NONE', #10795 ) ;
#2570 = ORIENTED_EDGE ( 'NONE', *, *, #5494, .T. ) ;
#2571 = DIRECTION ( 'NONE',  ( 0.000000000000000000, 0.000000000000000000, -1.000000000000000000 ) ) ;
#2572 = DIRECTION ( 'NONE',  ( 0.000000000000000000, 1.000000000000000000, 0.000000000000000000 ) ) ;
#2573 = DIRECTION ( 'NONE',  ( 0.000000000000000000, 1.000000000000000000, 0.000000000000000000 ) ) ;
#2574 = ORIENTED_EDGE ( 'NONE', *, *, #7181, .T. ) ;
#2575 = AXIS2_PLACEMENT_3D ( 'NONE', #1213, #4816, #6956 ) ;
#2576 = LINE ( 'NONE', #3531, #11741 ) ;
#2577 = CARTESIAN_POINT ( 'NONE',  ( 16.49999999999992539, 11.00000000000000000, -34.49999999999996447 ) ) ;
#2578 = DIRECTION ( 'NONE',  ( -0.000000000000000000, -1.000000000000000000, -0.000000000000000000 ) ) ;
#2579 = EDGE_CURVE ( 'NONE', #1316, #9476, #12490, .T. ) ;
#2580 = VECTOR ( 'NONE', #521, 1000.000000000000000 ) ;
#2581 = VECTOR ( 'NONE', #10435, 1000.000000000000000 ) ;
#2582 = ORIENTED_EDGE ( 'NONE', *, *, #6012, .F. ) ;
#2583 = DIRECTION ( 'NONE',  ( -0.000000000000000000, 1.000000000000000000, -0.000000000000000000 ) ) ;
#2584 = ORIENTED_EDGE ( 'NONE', *, *, #12076, .T. ) ;
#2585 = VERTEX_POINT ( 'NONE', #2872 ) ;
#2586 = DIRECTION ( 'NONE',  ( 0.000000000000000000, 1.000000000000000000, 0.000000000000000000 ) ) ;
#2587 = CARTESIAN_POINT ( 'NONE',  ( 35.49999999999999289, 11.00000000000000000, -25.49999999999996092 ) ) ;
#2588 = AXIS2_PLACEMENT_3D ( 'NONE', #5355, #10292, #8193 ) ;
#2589 = FACE_OUTER_BOUND ( 'NONE', #2839, .T. ) ;
#2590 = VERTEX_POINT ( 'NONE', #4014 ) ;
#2591 = DIRECTION ( 'NONE',  ( 0.000000000000000000, 0.000000000000000000, 1.000000000000000000 ) ) ;
#2592 = DIRECTION ( 'NONE',  ( 0.000000000000000000, 0.000000000000000000, -1.000000000000000000 ) ) ;
#2593 = ORIENTED_EDGE ( 'NONE', *, *, #9996, .T. ) ;
#2594 = CYLINDRICAL_SURFACE ( 'NONE', #5425, 0.9999999999999974465 ) ;
#2595 = CIRCLE ( 'NONE', #4415, 2.800000000000002931 ) ;
#2596 = CARTESIAN_POINT ( 'NONE',  ( 53.50000000000000000, 0.000000000000000000, -3.400000000000000355 ) ) ;
#2597 = AXIS2_PLACEMENT_3D ( 'NONE', #5997, #7770, #2835 ) ;
#2598 = ADVANCED_FACE ( 'NONE', ( #11682 ), #2995, .T. ) ;
#2599 = EDGE_CURVE ( 'NONE', #7826, #10612, #3180, .T. ) ;
#2600 = AXIS2_PLACEMENT_3D ( 'NONE', #5353, #9217, #4531 ) ;
#2601 = DIRECTION ( 'NONE',  ( 0.000000000000000000, 0.000000000000000000, 1.000000000000000000 ) ) ;
#2602 = AXIS2_PLACEMENT_3D ( 'NONE', #8422, #9634, #9883 ) ;
#2603 = VECTOR ( 'NONE', #12259, 999.9999999999998863 ) ;
#2604 = DIRECTION ( 'NONE',  ( 0.000000000000000000, 1.000000000000000000, 0.000000000000000000 ) ) ;
#2605 = VECTOR ( 'NONE', #7534, 1000.000000000000000 ) ;
#2606 = ORIENTED_EDGE ( 'NONE', *, *, #1261, .T. ) ;
#2607 = PLANE ( 'NONE',  #7809 ) ;
#2608 = CARTESIAN_POINT ( 'NONE',  ( 34.73223304703361691, 1.999999999999998224, -43.00553031655771008 ) ) ;
#2609 = ORIENTED_EDGE ( 'NONE', *, *, #6890, .T. ) ;
#2610 = DIRECTION ( 'NONE',  ( 0.000000000000000000, 0.000000000000000000, 1.000000000000000000 ) ) ;
#2611 = ORIENTED_EDGE ( 'NONE', *, *, #759, .T. ) ;
#2612 = DIRECTION ( 'NONE',  ( 0.000000000000000000, 0.000000000000000000, 1.000000000000000000 ) ) ;
#2613 = ORIENTED_EDGE ( 'NONE', *, *, #1279, .F. ) ;
#2614 = DIRECTION ( 'NONE',  ( 0.7071067811865436870, 0.000000000000000000, -0.7071067811865513475 ) ) ;
#2615 = CARTESIAN_POINT ( 'NONE',  ( 31.50000000000000711, 11.00000000000000000, -34.49999999999997158 ) ) ;
#2616 = AXIS2_PLACEMENT_3D ( 'NONE', #2734, #2667, #4702 ) ;
#2617 = AXIS2_PLACEMENT_3D ( 'NONE', #5127, #11973, #8991 ) ;
#2618 = DIRECTION ( 'NONE',  ( 0.000000000000000000, 1.000000000000000000, 0.000000000000000000 ) ) ;
#2619 = EDGE_CURVE ( 'NONE', #10072, #6641, #6856, .T. ) ;
#2620 = DIRECTION ( 'NONE',  ( 0.000000000000000000, 1.000000000000000000, 0.000000000000000000 ) ) ;
#2621 = CYLINDRICAL_SURFACE ( 'NONE', #12521, 0.9999999999999974465 ) ;
#2622 = AXIS2_PLACEMENT_3D ( 'NONE', #6268, #9892, #2277 ) ;
#2623 = FACE_OUTER_BOUND ( 'NONE', #165, .T. ) ;
#2624 = VECTOR ( 'NONE', #858, 1000.000000000000000 ) ;
#2625 = ORIENTED_EDGE ( 'NONE', *, *, #12099, .F. ) ;
#2626 = VERTEX_POINT ( 'NONE', #3826 ) ;
#2627 = CARTESIAN_POINT ( 'NONE',  ( 48.49999999999999289, 11.00000000000000000, -12.99999999999992895 ) ) ;
#2628 = DIRECTION ( 'NONE',  ( 0.000000000000000000, -1.000000000000000000, 0.000000000000000000 ) ) ;
#2629 = EDGE_LOOP ( 'NONE', ( #4881, #12296, #3694, #3984 ) ) ;
#2630 = EDGE_LOOP ( 'NONE', ( #931, #2677, #11193, #12287, #2671, #7312, #10334, #10433, #1482, #7305, #1901, #7370, #5813, #5049, #5800, #8309, #11405, #7445, #9416, #2511, #2890, #5720, #1211, #3150, #8139, #7736, #5689, #4109, #4461, #9117, #182, #11777, #8854, #2072, #4766, #153, #277, #10829, #511, #3986, #7051, #10144 ) ) ;
#2631 = DIRECTION ( 'NONE',  ( -0.000000000000000000, -1.000000000000000000, -0.000000000000000000 ) ) ;
#2632 = EDGE_CURVE ( 'NONE', #10756, #11362, #3062, .T. ) ;
#2633 = FACE_OUTER_BOUND ( 'NONE', #4156, .T. ) ;
#2634 = AXIS2_PLACEMENT_3D ( 'NONE', #3080, #4155, #6877 ) ;
#2635 = CIRCLE ( 'NONE', #9526, 0.9999999999999974465 ) ;
#2636 = ADVANCED_FACE ( 'NONE', ( #9719 ), #5789, .T. ) ;
#2637 = ORIENTED_EDGE ( 'NONE', *, *, #561, .F. ) ;
#2638 = VERTEX_POINT ( 'NONE', #10737 ) ;
#2639 = VERTEX_POINT ( 'NONE', #1984 ) ;
#2640 = ORIENTED_EDGE ( 'NONE', *, *, #7023, .F. ) ;
#2641 = DIRECTION ( 'NONE',  ( 0.000000000000000000, 0.000000000000000000, 1.000000000000000000 ) ) ;
#2642 = CARTESIAN_POINT ( 'NONE',  ( 79.00000000000001421, 11.00000000000000000, -2.762250190341694227E-14 ) ) ;
#2643 = EDGE_CURVE ( 'NONE', #7579, #7426, #1869, .T. ) ;
#2644 = AXIS2_PLACEMENT_3D ( 'NONE', #661, #12374, #2799 ) ;
#2645 = CARTESIAN_POINT ( 'NONE',  ( 35.49999999999999289, 11.00000000000000000, -30.99999999999996092 ) ) ;
#2646 = EDGE_LOOP ( 'NONE', ( #244, #9437 ) ) ;
#2647 = CARTESIAN_POINT ( 'NONE',  ( 43.64903320081233318, 9.799999999999998934, -46.32132034355964123 ) ) ;
#2648 = CARTESIAN_POINT ( 'NONE',  ( 67.99999999999990052, 11.00000000000000000, -38.99999999999995026 ) ) ;
#2649 = DIRECTION ( 'NONE',  ( -0.000000000000000000, -1.000000000000000000, -0.000000000000000000 ) ) ;
#2650 = EDGE_CURVE ( 'NONE', #2070, #355, #6727, .T. ) ;
#2651 = VECTOR ( 'NONE', #3361, 1000.000000000000000 ) ;
#2652 = EDGE_LOOP ( 'NONE', ( #7049, #5940, #5303, #9505 ) ) ;
#2653 = LINE ( 'NONE', #11218, #3565 ) ;
#2654 = EDGE_CURVE ( 'NONE', #10501, #11642, #1983, .T. ) ;
#2655 = VERTEX_POINT ( 'NONE', #8703 ) ;
#2656 = ORIENTED_EDGE ( 'NONE', *, *, #7090, .F. ) ;
#2657 = DIRECTION ( 'NONE',  ( 0.000000000000000000, 0.000000000000000000, -1.000000000000000000 ) ) ;
#2658 = CARTESIAN_POINT ( 'NONE',  ( 16.49999999999996447, 2.000000000000000000, -20.99999999999996447 ) ) ;
#2659 = LINE ( 'NONE', #3680, #8344 ) ;
#2660 = ORIENTED_EDGE ( 'NONE', *, *, #4570, .F. ) ;
#2661 = CARTESIAN_POINT ( 'NONE',  ( 61.24351332877357379, 9.799999999999998934, -1.000059507428522121 ) ) ;
#2662 = FACE_OUTER_BOUND ( 'NONE', #6794, .T. ) ;
#2663 = FACE_OUTER_BOUND ( 'NONE', #8768, .T. ) ;
#2664 = ADVANCED_FACE ( 'NONE', ( #34 ), #1048, .T. ) ;
#2665 = DIRECTION ( 'NONE',  ( 0.000000000000000000, 1.000000000000000000, 0.000000000000000000 ) ) ;
#2666 = CARTESIAN_POINT ( 'NONE',  ( 5.443227718325019282, 11.00000000000000000, -47.20000000000000284 ) ) ;
#2667 = DIRECTION ( 'NONE',  ( -0.000000000000000000, -1.000000000000000000, -0.000000000000000000 ) ) ;
#2668 = ORIENTED_EDGE ( 'NONE', *, *, #6663, .T. ) ;
#2669 = FACE_OUTER_BOUND ( 'NONE', #2953, .T. ) ;
#2670 = DIRECTION ( 'NONE',  ( -0.000000000000000000, -1.000000000000000000, -0.000000000000000000 ) ) ;
#2671 = ORIENTED_EDGE ( 'NONE', *, *, #4290, .T. ) ;
#2672 = DIRECTION ( 'NONE',  ( 0.000000000000000000, 1.000000000000000000, 0.000000000000000000 ) ) ;
#2673 = EDGE_CURVE ( 'NONE', #346, #1999, #5849, .T. ) ;
#2674 = EDGE_CURVE ( 'NONE', #7952, #4435, #3952, .T. ) ;
#2675 = VERTEX_POINT ( 'NONE', #1778 ) ;
#2676 = DIRECTION ( 'NONE',  ( 0.000000000000000000, 1.000000000000000000, 0.000000000000000000 ) ) ;
#2677 = ORIENTED_EDGE ( 'NONE', *, *, #4239, .F. ) ;
#2678 = CARTESIAN_POINT ( 'NONE',  ( 0.000000000000000000, 9.799999999999998934, -47.19999999999999574 ) ) ;
#2679 = CARTESIAN_POINT ( 'NONE',  ( 35.49999999999999289, 11.00000000000000000, -38.99999999999996447 ) ) ;
#2680 = VECTOR ( 'NONE', #589, 1000.000000000000000 ) ;
#2681 = DIRECTION ( 'NONE',  ( 0.000000000000000000, 1.000000000000000000, 0.000000000000000000 ) ) ;
#2682 = CARTESIAN_POINT ( 'NONE',  ( 26.45857864376269930, 9.799999999999998934, -6.299999999999991829 ) ) ;
#2683 = ORIENTED_EDGE ( 'NONE', *, *, #8530, .T. ) ;
#2684 = LINE ( 'NONE', #927, #4681 ) ;
#2685 = ORIENTED_EDGE ( 'NONE', *, *, #1529, .T. ) ;
#2686 = DIRECTION ( 'NONE',  ( 0.000000000000000000, -1.000000000000000000, 0.000000000000000000 ) ) ;
#2687 = CARTESIAN_POINT ( 'NONE',  ( 31.50000000000000711, 11.00000000000000000, -21.99999999999996803 ) ) ;
#2688 = CYLINDRICAL_SURFACE ( 'NONE', #7263, 1.000000000000000888 ) ;
#2689 = VERTEX_POINT ( 'NONE', #11535 ) ;
#2690 = VERTEX_POINT ( 'NONE', #8351 ) ;
#2691 = DIRECTION ( 'NONE',  ( -0.000000000000000000, -1.000000000000000000, -0.000000000000000000 ) ) ;
#2692 = CIRCLE ( 'NONE', #4315, 0.9999999999999974465 ) ;
#2693 = FACE_OUTER_BOUND ( 'NONE', #8150, .T. ) ;
#2694 = EDGE_CURVE ( 'NONE', #5205, #452, #9467, .T. ) ;
#2695 = AXIS2_PLACEMENT_3D ( 'NONE', #2500, #11888, #4405 ) ;
#2696 = ADVANCED_FACE ( 'NONE', ( #842 ), #5640, .F. ) ;
#2697 = VERTEX_POINT ( 'NONE', #5571 ) ;
#2698 = CARTESIAN_POINT ( 'NONE',  ( 11.99999999999993427, 11.00000000000000000, -35.49999999999992895 ) ) ;
#2699 = VERTEX_POINT ( 'NONE', #3679 ) ;
#2700 = ORIENTED_EDGE ( 'NONE', *, *, #11527, .T. ) ;
#2701 = CARTESIAN_POINT ( 'NONE',  ( 11.99999999999998934, 2.000000000000000000, -17.49999999999992895 ) ) ;
#2702 = CARTESIAN_POINT ( 'NONE',  ( 27.36984848098348522, 9.799999999999998934, -5.499999999999992895 ) ) ;
#2703 = AXIS2_PLACEMENT_3D ( 'NONE', #9711, #5018, #4898 ) ;
#2704 = CARTESIAN_POINT ( 'NONE',  ( 16.49999999999995381, 11.00000000000000000, -24.49999999999996447 ) ) ;
#2705 = ORIENTED_EDGE ( 'NONE', *, *, #6921, .T. ) ;
#2706 = CARTESIAN_POINT ( 'NONE',  ( 0.000000000000000000, 0.000000000000000000, 3.100000000000000089 ) ) ;
#2707 = LINE ( 'NONE', #11340, #920 ) ;
#2708 = DIRECTION ( 'NONE',  ( -0.000000000000000000, 1.000000000000000000, -0.000000000000000000 ) ) ;
#2709 = EDGE_CURVE ( 'NONE', #4231, #4076, #363, .T. ) ;
#2710 = CIRCLE ( 'NONE', #2912, 0.9999999999999974465 ) ;
#2711 = CIRCLE ( 'NONE', #9601, 0.9999999999999974465 ) ;
#2712 = AXIS2_PLACEMENT_3D ( 'NONE', #11168, #4249, #10014 ) ;
#2713 = EDGE_CURVE ( 'NONE', #10813, #108, #10584, .T. ) ;
#2714 = EDGE_CURVE ( 'NONE', #9820, #7321, #10332, .T. ) ;
#2715 = EDGE_CURVE ( 'NONE', #10048, #8348, #4812, .T. ) ;
#2716 = ORIENTED_EDGE ( 'NONE', *, *, #6908, .T. ) ;
#2717 = DIRECTION ( 'NONE',  ( 0.000000000000000000, 0.000000000000000000, 1.000000000000000000 ) ) ;
#2718 = AXIS2_PLACEMENT_3D ( 'NONE', #4966, #11488, #2108 ) ;
#2719 = ORIENTED_EDGE ( 'NONE', *, *, #3794, .T. ) ;
#2720 = ORIENTED_EDGE ( 'NONE', *, *, #4437, .T. ) ;
#2721 = CIRCLE ( 'NONE', #6162, 1.000000000000000888 ) ;
#2722 = FACE_OUTER_BOUND ( 'NONE', #4342, .T. ) ;
#2723 = DIRECTION ( 'NONE',  ( 0.000000000000000000, 0.000000000000000000, 1.000000000000000000 ) ) ;
#2724 = CARTESIAN_POINT ( 'NONE',  ( 77.00000000000000000, 9.799999999999998934, 0.000000000000000000 ) ) ;
#2725 = ORIENTED_EDGE ( 'NONE', *, *, #7366, .T. ) ;
#2726 = DIRECTION ( 'NONE',  ( 0.000000000000000000, 0.000000000000000000, 1.000000000000000000 ) ) ;
#2727 = DIRECTION ( 'NONE',  ( 0.000000000000000000, 1.000000000000000000, 0.000000000000000000 ) ) ;
#2728 = DIRECTION ( 'NONE',  ( -0.7071067811865513475, 0.000000000000000000, -0.7071067811865436870 ) ) ;
#2729 = CARTESIAN_POINT ( 'NONE',  ( 72.49999999999994316, 11.00000000000000000, -25.49999999999999289 ) ) ;
#2730 = VECTOR ( 'NONE', #8175, 1000.000000000000000 ) ;
#2731 = CIRCLE ( 'NONE', #6982, 0.9999999999999974465 ) ;
#2732 = EDGE_CURVE ( 'NONE', #4084, #10264, #647, .T. ) ;
#2733 = DIRECTION ( 'NONE',  ( 0.000000000000000000, 1.000000000000000000, 0.000000000000000000 ) ) ;
#2734 = CARTESIAN_POINT ( 'NONE',  ( 65.76223663640863037, 11.00000000000000000, -43.50000000000000711 ) ) ;
#2735 = ORIENTED_EDGE ( 'NONE', *, *, #1421, .T. ) ;
#2736 = CARTESIAN_POINT ( 'NONE',  ( 27.36984848098341416, 11.00000000000000000, -41.30000000000000426 ) ) ;
#2737 = DIRECTION ( 'NONE',  ( 0.000000000000000000, 0.000000000000000000, -1.000000000000000000 ) ) ;
#2738 = ORIENTED_EDGE ( 'NONE', *, *, #11215, .T. ) ;
#2739 = CARTESIAN_POINT ( 'NONE',  ( 20.99999999999991473, 11.00000000000000000, -29.99999999999998934 ) ) ;
#2740 = EDGE_LOOP ( 'NONE', ( #4598, #1199, #1543, #11967 ) ) ;
#2741 = DIRECTION ( 'NONE',  ( 0.000000000000000000, 0.000000000000000000, -1.000000000000000000 ) ) ;
#2742 = VERTEX_POINT ( 'NONE', #4501 ) ;
#2743 = FACE_OUTER_BOUND ( 'NONE', #9128, .T. ) ;
#2744 = DIRECTION ( 'NONE',  ( 0.000000000000000000, 1.000000000000000000, 0.000000000000000000 ) ) ;
#2745 = CIRCLE ( 'NONE', #127, 1.699999999999993072 ) ;
#2746 = EDGE_CURVE ( 'NONE', #8290, #2585, #10475, .T. ) ;
#2747 = CARTESIAN_POINT ( 'NONE',  ( 40.00000000000000000, 2.000000000000000000, -9.749999999999953815 ) ) ;
#2748 = DIRECTION ( 'NONE',  ( 0.000000000000000000, 0.000000000000000000, 1.000000000000000000 ) ) ;
#2749 = ORIENTED_EDGE ( 'NONE', *, *, #1238, .T. ) ;
#2750 = DIRECTION ( 'NONE',  ( 0.000000000000000000, 1.000000000000000000, 0.000000000000000000 ) ) ;
#2751 = AXIS2_PLACEMENT_3D ( 'NONE', #8931, #8259, #3454 ) ;
#2752 = ORIENTED_EDGE ( 'NONE', *, *, #7382, .F. ) ;
#2753 = ORIENTED_EDGE ( 'NONE', *, *, #6357, .F. ) ;
#2754 = CYLINDRICAL_SURFACE ( 'NONE', #2800, 0.9999999999999974465 ) ;
#2755 = CARTESIAN_POINT ( 'NONE',  ( 50.59167388793158437, 9.799999999999998934, -39.37867965644036872 ) ) ;
#2756 = ORIENTED_EDGE ( 'NONE', *, *, #4108, .F. ) ;
#2757 = ORIENTED_EDGE ( 'NONE', *, *, #4120, .F. ) ;
#2758 = DIRECTION ( 'NONE',  ( 0.000000000000000000, 0.000000000000000000, -1.000000000000000000 ) ) ;
#2759 = DIRECTION ( 'NONE',  ( -0.000000000000000000, -1.000000000000000000, -0.000000000000000000 ) ) ;
#2760 = EDGE_CURVE ( 'NONE', #6680, #1316, #6518, .T. ) ;
#2761 = AXIS2_PLACEMENT_3D ( 'NONE', #9080, #8123, #407 ) ;
#2762 = VECTOR ( 'NONE', #7947, 1000.000000000000000 ) ;
#2763 = EDGE_LOOP ( 'NONE', ( #487, #12278 ) ) ;
#2764 = CARTESIAN_POINT ( 'NONE',  ( 34.85512985522210272, 2.000000000000000000, -6.500000000000002665 ) ) ;
#2765 = EDGE_LOOP ( 'NONE', ( #839, #9020, #11704, #10805 ) ) ;
#2766 = ORIENTED_EDGE ( 'NONE', *, *, #2043, .F. ) ;
#2767 = CARTESIAN_POINT ( 'NONE',  ( 26.54142135623725451, 9.799999999999998934, -40.50000000000000711 ) ) ;
#2768 = DIRECTION ( 'NONE',  ( -0.000000000000000000, 1.000000000000000000, -0.000000000000000000 ) ) ;
#2769 = FACE_OUTER_BOUND ( 'NONE', #8646, .T. ) ;
#2770 = VERTEX_POINT ( 'NONE', #11283 ) ;
#2771 = LINE ( 'NONE', #2647, #4651 ) ;
#2772 = DIRECTION ( 'NONE',  ( -0.000000000000000000, 1.000000000000000000, -0.000000000000000000 ) ) ;
#2773 = DIRECTION ( 'NONE',  ( -0.000000000000000000, -1.000000000000000000, -0.000000000000000000 ) ) ;
#2774 = VECTOR ( 'NONE', #3699, 1000.000000000000000 ) ;
#2775 = AXIS2_PLACEMENT_3D ( 'NONE', #123, #6818, #10550 ) ;
#2776 = ORIENTED_EDGE ( 'NONE', *, *, #4804, .F. ) ;
#2777 = DIRECTION ( 'NONE',  ( -0.000000000000000000, 1.000000000000000000, -0.000000000000000000 ) ) ;
#2778 = EDGE_CURVE ( 'NONE', #4980, #2387, #4564, .T. ) ;
#2779 = AXIS2_PLACEMENT_3D ( 'NONE', #7597, #12417, #11467 ) ;
#2780 = ORIENTED_EDGE ( 'NONE', *, *, #1800, .T. ) ;
#2781 = ORIENTED_EDGE ( 'NONE', *, *, #9925, .F. ) ;
#2782 = CARTESIAN_POINT ( 'NONE',  ( 63.49999999999998579, 11.00000000000000000, -17.49999999999992895 ) ) ;
#2783 = CARTESIAN_POINT ( 'NONE',  ( 53.50000000000000000, 11.00000000000000000, -43.39999999999999858 ) ) ;
#2784 = DIRECTION ( 'NONE',  ( -0.000000000000000000, -1.000000000000000000, -0.000000000000000000 ) ) ;
#2785 = ORIENTED_EDGE ( 'NONE', *, *, #1757, .T. ) ;
#2786 = CARTESIAN_POINT ( 'NONE',  ( 35.49999999999999289, 11.00000000000000000, -16.49999999999996092 ) ) ;
#2787 = DIRECTION ( 'NONE',  ( -0.000000000000000000, -1.000000000000000000, -0.000000000000000000 ) ) ;
#2788 = CYLINDRICAL_SURFACE ( 'NONE', #4830, 0.9999999999999940048 ) ;
#2789 = CARTESIAN_POINT ( 'NONE',  ( 44.50000000000000000, 11.00000000000000000, -29.99999999999993960 ) ) ;
#2790 = ADVANCED_FACE ( 'NONE', ( #10449 ), #768, .T. ) ;
#2791 = AXIS2_PLACEMENT_3D ( 'NONE', #2344, #3177, #10020 ) ;
#2792 = AXIS2_PLACEMENT_3D ( 'NONE', #10760, #2074, #11519 ) ;
#2793 = DIRECTION ( 'NONE',  ( -0.000000000000000000, -1.000000000000000000, -0.000000000000000000 ) ) ;
#2794 = EDGE_CURVE ( 'NONE', #426, #9878, #2993, .T. ) ;
#2795 = CARTESIAN_POINT ( 'NONE',  ( 68.00000000000000000, 2.000000000000000000, -6.499999999999969802 ) ) ;
#2796 = ORIENTED_EDGE ( 'NONE', *, *, #5350, .F. ) ;
#2797 = DIRECTION ( 'NONE',  ( -0.000000000000000000, -1.000000000000000000, -0.000000000000000000 ) ) ;
#2798 = AXIS2_PLACEMENT_3D ( 'NONE', #9446, #3549, #7415 ) ;
#2799 = DIRECTION ( 'NONE',  ( 0.000000000000000000, 0.000000000000000000, -1.000000000000000000 ) ) ;
#2800 = AXIS2_PLACEMENT_3D ( 'NONE', #11678, #6851, #9777 ) ;
#2801 = CIRCLE ( 'NONE', #9280, 1.000000000000000888 ) ;
#2802 = ORIENTED_EDGE ( 'NONE', *, *, #5333, .T. ) ;
#2803 = DIRECTION ( 'NONE',  ( -0.000000000000000000, -1.000000000000000000, -0.000000000000000000 ) ) ;
#2804 = ADVANCED_FACE ( 'NONE', ( #9381 ), #6644, .F. ) ;
#2805 = CARTESIAN_POINT ( 'NONE',  ( 72.49999999999998579, 2.000000000000000000, -11.00000000000000000 ) ) ;
#2806 = EDGE_LOOP ( 'NONE', ( #5979, #2574, #11959, #4281, #6365, #3318, #9603, #11300, #7137, #3019, #5994, #5295, #2923, #9660, #9864, #10446, #8353, #9980, #2869, #6577, #5763, #2314, #2359, #12152, #6401, #1929, #9872, #5062, #1083, #11815, #7816, #8340, #4330, #3597, #6829, #2866, #7002, #2952, #11323, #6500, #11465, #6215 ) ) ;
#2807 = CARTESIAN_POINT ( 'NONE',  ( 58.99999999999997158, 11.00000000000000000, -25.49999999999989697 ) ) ;
#2808 = ADVANCED_FACE ( 'NONE', ( #12284 ), #3610, .F. ) ;
#2809 = DIRECTION ( 'NONE',  ( -0.000000000000000000, 1.000000000000000000, -0.000000000000000000 ) ) ;
#2810 = CIRCLE ( 'NONE', #7464, 3.000000000000002665 ) ;
#2811 = CIRCLE ( 'NONE', #1820, 0.9999999999999974465 ) ;
#2812 = DIRECTION ( 'NONE',  ( 0.000000000000000000, -1.000000000000000000, 0.000000000000000000 ) ) ;
#2813 = CARTESIAN_POINT ( 'NONE',  ( 48.49999999999999289, 11.00000000000000000, -28.99999999999993250 ) ) ;
#2814 = ORIENTED_EDGE ( 'NONE', *, *, #2946, .T. ) ;
#2815 = LINE ( 'NONE', #6677, #6282 ) ;
#2816 = EDGE_CURVE ( 'NONE', #4844, #5488, #2176, .T. ) ;
#2817 = ORIENTED_EDGE ( 'NONE', *, *, #12472, .F. ) ;
#2818 = DIRECTION ( 'NONE',  ( 0.000000000000000000, 1.000000000000000000, 0.000000000000000000 ) ) ;
#2819 = CARTESIAN_POINT ( 'NONE',  ( 80.00000000000000000, 11.00000000000000000, -2.999999999999992895 ) ) ;
#2820 = AXIS2_PLACEMENT_3D ( 'NONE', #4139, #4321, #8121 ) ;
#2821 = AXIS2_PLACEMENT_3D ( 'NONE', #5831, #10837, #3103 ) ;
#2822 = ORIENTED_EDGE ( 'NONE', *, *, #1421, .F. ) ;
#2823 = ORIENTED_EDGE ( 'NONE', *, *, #3465, .T. ) ;
#2824 = DIRECTION ( 'NONE',  ( 2.478176394252579760E-15, 0.000000000000000000, 1.000000000000000000 ) ) ;
#2825 = ADVANCED_FACE ( 'NONE', ( #11351 ), #1718, .F. ) ;
#2826 = PLANE ( 'NONE',  #349 ) ;
#2827 = VECTOR ( 'NONE', #9594, 1000.000000000000000 ) ;
#2828 = AXIS2_PLACEMENT_3D ( 'NONE', #10534, #11480, #7862 ) ;
#2829 = AXIS2_PLACEMENT_3D ( 'NONE', #5402, #2540, #11048 ) ;
#2830 = EDGE_LOOP ( 'NONE', ( #3548, #9190, #11349, #8436 ) ) ;
#2831 = LINE ( 'NONE', #6689, #4457 ) ;
#2832 = ORIENTED_EDGE ( 'NONE', *, *, #7429, .T. ) ;
#2833 = ORIENTED_EDGE ( 'NONE', *, *, #1553, .T. ) ;
#2834 = CARTESIAN_POINT ( 'NONE',  ( 80.00000000000000000, 0.000000000000000000, -50.00000000000000000 ) ) ;
#2835 = DIRECTION ( 'NONE',  ( 0.000000000000000000, 0.000000000000000000, 1.000000000000000000 ) ) ;
#2836 = CIRCLE ( 'NONE', #10529, 1.000000000000000888 ) ;
#2837 = DIRECTION ( 'NONE',  ( 0.000000000000000000, 1.000000000000000000, 0.000000000000000000 ) ) ;
#2838 = ORIENTED_EDGE ( 'NONE', *, *, #3415, .F. ) ;
#2839 = EDGE_LOOP ( 'NONE', ( #7698, #4293, #8718, #4483 ) ) ;
#2840 = CARTESIAN_POINT ( 'NONE',  ( 48.49999999999999289, 11.00000000000000000, -10.99999999999993427 ) ) ;
#2841 = EDGE_CURVE ( 'NONE', #649, #1130, #5004, .T. ) ;
#2842 = AXIS2_PLACEMENT_3D ( 'NONE', #3849, #4730, #8594 ) ;
#2843 = CARTESIAN_POINT ( 'NONE',  ( 67.99999999999992895, 11.00000000000000000, -29.99999999999995737 ) ) ;
#2844 = EDGE_CURVE ( 'NONE', #12211, #8333, #9880, .T. ) ;
#2845 = AXIS2_PLACEMENT_3D ( 'NONE', #11862, #4965, #5972 ) ;
#2846 = ORIENTED_EDGE ( 'NONE', *, *, #1404, .T. ) ;
#2847 = VECTOR ( 'NONE', #8959, 1000.000000000000000 ) ;
#2848 = LINE ( 'NONE', #2966, #3158 ) ;
#2849 = EDGE_LOOP ( 'NONE', ( #10806, #8871 ) ) ;
#2850 = ORIENTED_EDGE ( 'NONE', *, *, #10463, .F. ) ;
#2851 = CARTESIAN_POINT ( 'NONE',  ( 48.49999999999999289, 2.000000000000000000, -26.49999999999992539 ) ) ;
#2852 = DIRECTION ( 'NONE',  ( -0.000000000000000000, -1.000000000000000000, -0.000000000000000000 ) ) ;
#2853 = CARTESIAN_POINT ( 'NONE',  ( 22.18664863476204019, 11.00000000000000000, -39.08664863476204232 ) ) ;
#2854 = ORIENTED_EDGE ( 'NONE', *, *, #11247, .T. ) ;
#2855 = DIRECTION ( 'NONE',  ( 0.000000000000000000, 0.000000000000000000, 1.000000000000000000 ) ) ;
#2856 = DIRECTION ( 'NONE',  ( 0.000000000000000000, 1.000000000000000000, 0.000000000000000000 ) ) ;
#2857 = DIRECTION ( 'NONE',  ( -0.000000000000000000, -1.000000000000000000, -0.000000000000000000 ) ) ;
#2858 = AXIS2_PLACEMENT_3D ( 'NONE', #329, #1342, #11916 ) ;
#2859 = ADVANCED_FACE ( 'NONE', ( #7785 ), #1960, .T. ) ;
#2860 = FACE_BOUND ( 'NONE', #6378, .T. ) ;
#2861 = CYLINDRICAL_SURFACE ( 'NONE', #6463, 1.000000000000000888 ) ;
#2862 = ORIENTED_EDGE ( 'NONE', *, *, #1115, .F. ) ;
#2863 = DIRECTION ( 'NONE',  ( 0.000000000000000000, 0.000000000000000000, -1.000000000000000000 ) ) ;
#2864 = EDGE_CURVE ( 'NONE', #803, #6103, #10832, .T. ) ;
#2865 = CARTESIAN_POINT ( 'NONE',  ( 16.49999999999997868, 2.000000000000000000, -17.49999999999996447 ) ) ;
#2866 = ORIENTED_EDGE ( 'NONE', *, *, #7822, .T. ) ;
#2867 = DIRECTION ( 'NONE',  ( 0.000000000000000000, 1.000000000000000000, -0.000000000000000000 ) ) ;
#2868 = CARTESIAN_POINT ( 'NONE',  ( 48.49999999999999289, 2.000000000000000000, -11.99999999999993072 ) ) ;
#2869 = ORIENTED_EDGE ( 'NONE', *, *, #10028, .F. ) ;
#2870 = AXIS2_PLACEMENT_3D ( 'NONE', #11292, #9333, #7605 ) ;
#2871 = CARTESIAN_POINT ( 'NONE',  ( 38.47228714274731232, 9.799999999999998934, -47.19999999999999574 ) ) ;
#2872 = CARTESIAN_POINT ( 'NONE',  ( 20.99999999999990052, 11.00000000000000000, -35.49999999999999289 ) ) ;
#2873 = ADVANCED_FACE ( 'NONE', ( #10710 ), #956, .F. ) ;
#2874 = EDGE_CURVE ( 'NONE', #188, #12497, #10069, .T. ) ;
#2875 = CARTESIAN_POINT ( 'NONE',  ( 41.52771285725268768, 11.00000000000000000, -47.19999999999999574 ) ) ;
#2876 = DIRECTION ( 'NONE',  ( 0.000000000000000000, 1.000000000000000000, 0.000000000000000000 ) ) ;
#2877 = ADVANCED_FACE ( 'NONE', ( #9693 ), #8677, .F. ) ;
#2878 = CARTESIAN_POINT ( 'NONE',  ( 7.100609665440667406, 11.00000000000000000, 7.100609665440744678 ) ) ;
#2879 = ORIENTED_EDGE ( 'NONE', *, *, #9420, .F. ) ;
#2880 = ORIENTED_EDGE ( 'NONE', *, *, #819, .T. ) ;
#2881 = DIRECTION ( 'NONE',  ( 0.000000000000000000, 0.000000000000000000, 1.000000000000000000 ) ) ;
#2882 = ORIENTED_EDGE ( 'NONE', *, *, #7040, .F. ) ;
#2883 = VERTEX_POINT ( 'NONE', #7 ) ;
#2884 = PLANE ( 'NONE',  #495 ) ;
#2885 = CARTESIAN_POINT ( 'NONE',  ( -1.927470528863119049E-16, 2.000000000000000000, -4.000000000000000000 ) ) ;
#2886 = EDGE_CURVE ( 'NONE', #10788, #9645, #8664, .T. ) ;
#2887 = ADVANCED_FACE ( 'NONE', ( #72 ), #7726, .T. ) ;
#2888 = ORIENTED_EDGE ( 'NONE', *, *, #6743, .T. ) ;
#2889 = DIRECTION ( 'NONE',  ( -0.7071067811865475727, 0.000000000000000000, 0.7071067811865475727 ) ) ;
#2890 = ORIENTED_EDGE ( 'NONE', *, *, #10272, .F. ) ;
#2891 = ORIENTED_EDGE ( 'NONE', *, *, #11573, .T. ) ;
#2892 = LINE ( 'NONE', #2012, #1385 ) ;
#2893 = DIRECTION ( 'NONE',  ( 0.000000000000000000, 0.000000000000000000, 1.000000000000000000 ) ) ;
#2894 = LINE ( 'NONE', #6752, #1092 ) ;
#2895 = ORIENTED_EDGE ( 'NONE', *, *, #7672, .F. ) ;
#2896 = ORIENTED_EDGE ( 'NONE', *, *, #8485, .T. ) ;
#2897 = DIRECTION ( 'NONE',  ( 0.000000000000000000, 1.000000000000000000, 0.000000000000000000 ) ) ;
#2898 = DIRECTION ( 'NONE',  ( 0.000000000000000000, -1.000000000000000000, 0.000000000000000000 ) ) ;
#2899 = CYLINDRICAL_SURFACE ( 'NONE', #7992, 2.500000000000002220 ) ;
#2900 = CIRCLE ( 'NONE', #4725, 0.9999999999999974465 ) ;
#2901 = EDGE_CURVE ( 'NONE', #9302, #2982, #10774, .T. ) ;
#2902 = ORIENTED_EDGE ( 'NONE', *, *, #3902, .F. ) ;
#2903 = DIRECTION ( 'NONE',  ( -9.573184870828367360E-05, 0.000000000000000000, 0.9999999954177065664 ) ) ;
#2904 = ORIENTED_EDGE ( 'NONE', *, *, #12131, .T. ) ;
#2905 = ORIENTED_EDGE ( 'NONE', *, *, #4998, .F. ) ;
#2906 = CARTESIAN_POINT ( 'NONE',  ( 27.36984848098341416, 11.00000000000000000, -38.50000000000000711 ) ) ;
#2907 = CARTESIAN_POINT ( 'NONE',  ( 5.200000000000024158, 11.00000000000000000, -3.000000000000007994 ) ) ;
#2908 = DIRECTION ( 'NONE',  ( -1.000000000000000000, 0.000000000000000000, -1.527636139592259900E-15 ) ) ;
#2909 = VERTEX_POINT ( 'NONE', #7968 ) ;
#2910 = DIRECTION ( 'NONE',  ( 0.000000000000000000, 1.000000000000000000, 0.000000000000000000 ) ) ;
#2911 = CARTESIAN_POINT ( 'NONE',  ( 53.54142135623727938, 9.799999999999998934, -40.50000000000000711 ) ) ;
#2912 = AXIS2_PLACEMENT_3D ( 'NONE', #12198, #3653, #7572 ) ;
#2913 = FACE_OUTER_BOUND ( 'NONE', #11998, .T. ) ;
#2914 = CARTESIAN_POINT ( 'NONE',  ( 20.99999999999995737, 11.00000000000000000, -20.99999999999999289 ) ) ;
#2915 = PERSON_AND_ORGANIZATION ( #8464, #3667 ) ;
#2916 = VECTOR ( 'NONE', #4462, 1000.000000000000000 ) ;
#2917 = EDGE_CURVE ( 'NONE', #6945, #8798, #3097, .T. ) ;
#2918 = LINE ( 'NONE', #10651, #4254 ) ;
#2919 = CARTESIAN_POINT ( 'NONE',  ( 40.99999999999999289, 11.00000000000000000, -15.00000000000000000 ) ) ;
#2920 = EDGE_LOOP ( 'NONE', ( #11644, #149, #4472, #6551, #3873, #2028, #1061, #3035, #9060, #7152, #12336, #5112, #532, #7065, #6582, #3487, #10565, #47, #12359, #7627, #5308, #3175, #2668, #2295, #10302, #9099, #5389, #5753, #10386, #6301, #739, #9133, #9512, #1062, #1644, #6325, #9604, #7332, #12246, #6936, #3227, #12339, #1887, #2685, #406, #8732, #6876, #1630, #4708, #2118, #9411, #5569, #12475, #5553, #3043, #10930 ) ) ;
#2921 = DIRECTION ( 'NONE',  ( 0.000000000000000000, 0.000000000000000000, 1.000000000000000000 ) ) ;
#2922 = FACE_OUTER_BOUND ( 'NONE', #11800, .T. ) ;
#2923 = ORIENTED_EDGE ( 'NONE', *, *, #7616, .F. ) ;
#2924 = DIRECTION ( 'NONE',  ( 0.000000000000000000, 0.000000000000000000, 1.000000000000000000 ) ) ;
#2925 = PLANE ( 'NONE',  #9730 ) ;
#2926 = DIRECTION ( 'NONE',  ( -0.000000000000000000, -1.000000000000000000, -0.000000000000000000 ) ) ;
#2927 = VECTOR ( 'NONE', #662, 1000.000000000000000 ) ;
#2928 = CARTESIAN_POINT ( 'NONE',  ( 44.50000000000000000, 11.00000000000000000, -20.99999999999993960 ) ) ;
#2929 = CARTESIAN_POINT ( 'NONE',  ( 31.50000000000000711, 11.00000000000000000, -10.99999999999997513 ) ) ;
#2930 = DIRECTION ( 'NONE',  ( -0.000000000000000000, -1.000000000000000000, -0.000000000000000000 ) ) ;
#2931 = ORIENTED_EDGE ( 'NONE', *, *, #9771, .F. ) ;
#2932 = DIRECTION ( 'NONE',  ( 0.000000000000000000, 0.000000000000000000, 1.000000000000000000 ) ) ;
#2933 = ORIENTED_EDGE ( 'NONE', *, *, #8017, .T. ) ;
#2934 = CARTESIAN_POINT ( 'NONE',  ( 20.99999999999995737, 11.00000000000000000, -20.99999999999999289 ) ) ;
#2935 = EDGE_CURVE ( 'NONE', #4580, #1615, #263, .T. ) ;
#2936 = VERTEX_POINT ( 'NONE', #2907 ) ;
#2937 = FACE_OUTER_BOUND ( 'NONE', #10034, .T. ) ;
#2938 = DIRECTION ( 'NONE',  ( 0.000000000000000000, 0.000000000000000000, -1.000000000000000000 ) ) ;
#2939 = VERTEX_POINT ( 'NONE', #1085 ) ;
#2940 = LINE ( 'NONE', #6801, #8285 ) ;
#2941 = ORIENTED_EDGE ( 'NONE', *, *, #6978, .F. ) ;
#2942 = DIRECTION ( 'NONE',  ( 0.000000000000000000, 0.000000000000000000, 1.000000000000000000 ) ) ;
#2943 = EDGE_CURVE ( 'NONE', #676, #8328, #6768, .T. ) ;
#2944 = EDGE_CURVE ( 'NONE', #8609, #886, #9482, .T. ) ;
#2945 = FACE_OUTER_BOUND ( 'NONE', #132, .T. ) ;
#2946 = EDGE_CURVE ( 'NONE', #3963, #11522, #11494, .T. ) ;
#2947 = CIRCLE ( 'NONE', #5991, 0.9999999999999974465 ) ;
#2948 = AXIS2_PLACEMENT_3D ( 'NONE', #6451, #7472, #3482 ) ;
#2949 = ORIENTED_EDGE ( 'NONE', *, *, #9545, .T. ) ;
#2950 = CARTESIAN_POINT ( 'NONE',  ( 11.99999999999993427, 2.000000000000000000, -34.49999999999992895 ) ) ;
#2951 = EDGE_CURVE ( 'NONE', #7157, #8100, #4018, .T. ) ;
#2952 = ORIENTED_EDGE ( 'NONE', *, *, #5137, .T. ) ;
#2953 = EDGE_LOOP ( 'NONE', ( #11555, #1068, #1580, #2606 ) ) ;
#2954 = CARTESIAN_POINT ( 'NONE',  ( 26.54142135623731136, 9.799999999999998934, -6.299999999999992717 ) ) ;
#2955 = FACE_OUTER_BOUND ( 'NONE', #11285, .T. ) ;
#2956 = CARTESIAN_POINT ( 'NONE',  ( 48.49999999999999289, 2.000000000000000000, -33.49999999999992895 ) ) ;
#2957 = ORIENTED_EDGE ( 'NONE', *, *, #7777, .F. ) ;
#2958 = EDGE_LOOP ( 'NONE', ( #12009, #12139, #5367, #40 ) ) ;
#2959 = FACE_OUTER_BOUND ( 'NONE', #5690, .T. ) ;
#2960 = DIRECTION ( 'NONE',  ( -0.000000000000000000, 1.000000000000000000, -0.000000000000000000 ) ) ;
#2961 = EDGE_CURVE ( 'NONE', #680, #10813, #8245, .T. ) ;
#2962 = CARTESIAN_POINT ( 'NONE',  ( 29.34974746830583570, 11.00000000000000000, -7.479898987322322945 ) ) ;
#2963 = EDGE_CURVE ( 'NONE', #4076, #4231, #12092, .T. ) ;
#2964 = AXIS2_PLACEMENT_3D ( 'NONE', #8699, #2162, #7800 ) ;
#2965 = ORIENTED_EDGE ( 'NONE', *, *, #8534, .F. ) ;
#2966 = CARTESIAN_POINT ( 'NONE',  ( 55.00000000000000000, 11.00000000000000000, -31.14999999999999858 ) ) ;
#2967 = ORIENTED_EDGE ( 'NONE', *, *, #3698, .T. ) ;
#2968 = EDGE_LOOP ( 'NONE', ( #7487, #1631, #8514, #5120 ) ) ;
#2969 = LINE ( 'NONE', #6830, #4611 ) ;
#2970 = CARTESIAN_POINT ( 'NONE',  ( 26.50000000000000000, 11.00000000000000000, -3.400000000000000355 ) ) ;
#2971 = LINE ( 'NONE', #958, #11805 ) ;
#2972 = ORIENTED_EDGE ( 'NONE', *, *, #12456, .F. ) ;
#2973 = CARTESIAN_POINT ( 'NONE',  ( 35.49999999999999289, 2.000000000000000000, -16.49999999999996092 ) ) ;
#2974 = DIRECTION ( 'NONE',  ( 0.000000000000000000, 0.000000000000000000, -1.000000000000000000 ) ) ;
#2975 = CARTESIAN_POINT ( 'NONE',  ( 74.55677228167498072, 9.799999999999998934, -44.75291287251024386 ) ) ;
#2976 = DIRECTION ( 'NONE',  ( 0.000000000000000000, 1.000000000000000000, 0.000000000000000000 ) ) ;
#2977 = CALENDAR_DATE ( 2022, 16, 2 ) ;
#2978 = EDGE_CURVE ( 'NONE', #4980, #7070, #12149, .T. ) ;
#2979 = AXIS2_PLACEMENT_3D ( 'NONE', #2125, #3967, #5926 ) ;
#2980 = CYLINDRICAL_SURFACE ( 'NONE', #10382, 2.500000000000000444 ) ;
#2981 = CARTESIAN_POINT ( 'NONE',  ( 67.49999999999998579, 5.000000000000000000, -4.000000000000003553 ) ) ;
#2982 = VERTEX_POINT ( 'NONE', #1326 ) ;
#2983 = LINE ( 'NONE', #150, #5536 ) ;
#2984 = CARTESIAN_POINT ( 'NONE',  ( 20.87751981923999267, 9.799999999999998934, -1.878739150121992108 ) ) ;
#2985 = CYLINDRICAL_SURFACE ( 'NONE', #4832, 0.9999999999999974465 ) ;
#2986 = VERTEX_POINT ( 'NONE', #3470 ) ;
#2987 = CARTESIAN_POINT ( 'NONE',  ( 73.50000000000000000, 2.000000000000000000, -6.500000000000004441 ) ) ;
#2988 = AXIS2_PLACEMENT_3D ( 'NONE', #6917, #10850, #10792 ) ;
#2989 = AXIS2_PLACEMENT_3D ( 'NONE', #5644, #9573, #6458 ) ;
#2990 = CIRCLE ( 'NONE', #4039, 0.9999999999999974465 ) ;
#2991 = DIRECTION ( 'NONE',  ( 0.000000000000000000, -1.000000000000000000, 0.000000000000000000 ) ) ;
#2992 = DIRECTION ( 'NONE',  ( 0.000000000000000000, 1.000000000000000000, 0.000000000000000000 ) ) ;
#2993 = CIRCLE ( 'NONE', #9056, 0.9999999999999974465 ) ;
#2994 = EDGE_CURVE ( 'NONE', #3238, #3676, #3288, .T. ) ;
#2995 = CYLINDRICAL_SURFACE ( 'NONE', #8029, 1.000000000000000888 ) ;
#2996 = EDGE_CURVE ( 'NONE', #2690, #6749, #10280, .T. ) ;
#2997 = CIRCLE ( 'NONE', #6032, 1.000000000000000888 ) ;
#2998 = CARTESIAN_POINT ( 'NONE',  ( 59.00000000000000711, 11.00000000000000000, -17.49999999999990052 ) ) ;
#2999 = AXIS2_PLACEMENT_3D ( 'NONE', #3469, #9490, #7334 ) ;
#3000 = AXIS2_PLACEMENT_3D ( 'NONE', #4883, #3038, #11661 ) ;
#3001 = PLANE ( 'NONE',  #7474 ) ;
#3002 = DIRECTION ( 'NONE',  ( 1.000000000000000000, 0.000000000000000000, -0.000000000000000000 ) ) ;
#3003 = DIRECTION ( 'NONE',  ( 1.000000000000000000, 0.000000000000000000, 1.046998235667618995E-14 ) ) ;
#3004 = ORIENTED_EDGE ( 'NONE', *, *, #11928, .F. ) ;
#3005 = DIRECTION ( 'NONE',  ( 0.000000000000000000, -0.000000000000000000, 1.000000000000000000 ) ) ;
#3006 = EDGE_LOOP ( 'NONE', ( #3275, #2378 ) ) ;
#3007 = ORIENTED_EDGE ( 'NONE', *, *, #4782, .F. ) ;
#3008 = CARTESIAN_POINT ( 'NONE',  ( 55.52132034355960144, 9.799999999999998934, -41.32010101267766089 ) ) ;
#3009 = CARTESIAN_POINT ( 'NONE',  ( 65.76223663640863037, 11.00000000000000000, -46.00000000000000000 ) ) ;
#3010 = CIRCLE ( 'NONE', #4031, 0.9999999999999974465 ) ;
#3011 = EDGE_CURVE ( 'NONE', #2697, #8938, #6129, .T. ) ;
#3012 = ORIENTED_EDGE ( 'NONE', *, *, #11891, .T. ) ;
#3013 = VECTOR ( 'NONE', #7436, 1000.000000000000000 ) ;
#3014 = PLANE ( 'NONE',  #2425 ) ;
#3015 = AXIS2_PLACEMENT_3D ( 'NONE', #5574, #8354, #4568 ) ;
#3016 = AXIS2_PLACEMENT_3D ( 'NONE', #7625, #45, #4720 ) ;
#3017 = AXIS2_PLACEMENT_3D ( 'NONE', #8212, #9112, #12081 ) ;
#3018 = VERTEX_POINT ( 'NONE', #7335 ) ;
#3019 = ORIENTED_EDGE ( 'NONE', *, *, #2024, .T. ) ;
#3020 = DIRECTION ( 'NONE',  ( -0.000000000000000000, -1.000000000000000000, -0.000000000000000000 ) ) ;
#3021 = DIRECTION ( 'NONE',  ( 0.000000000000000000, 1.000000000000000000, 0.000000000000000000 ) ) ;
#3022 = EDGE_CURVE ( 'NONE', #3420, #6305, #6072, .T. ) ;
#3023 = LINE ( 'NONE', #9618, #8765 ) ;
#3024 = EDGE_LOOP ( 'NONE', ( #6433, #1566, #687, #8080 ) ) ;
#3025 = ORIENTED_EDGE ( 'NONE', *, *, #111, .T. ) ;
#3026 = DIRECTION ( 'NONE',  ( -0.000000000000000000, -0.000000000000000000, 1.000000000000000000 ) ) ;
#3027 = CARTESIAN_POINT ( 'NONE',  ( 23.65025253169417141, 9.799999999999998934, -7.479898987322344261 ) ) ;
#3028 = CARTESIAN_POINT ( 'NONE',  ( 80.00000000000000000, 9.799999999999998934, -1.000000000000003553 ) ) ;
#3029 = AXIS2_PLACEMENT_3D ( 'NONE', #3228, #2269, #3291 ) ;
#3030 = ADVANCED_FACE ( 'NONE', ( #4420 ), #9235, .F. ) ;
#3031 = VECTOR ( 'NONE', #6139, 1000.000000000000000 ) ;
#3032 = ORIENTED_EDGE ( 'NONE', *, *, #2816, .T. ) ;
#3033 = EDGE_CURVE ( 'NONE', #1698, #7519, #6631, .T. ) ;
#3034 = CARTESIAN_POINT ( 'NONE',  ( 62.52253967444167415, 9.799999999999998934, -48.32132034355966255 ) ) ;
#3035 = ORIENTED_EDGE ( 'NONE', *, *, #2289, .T. ) ;
#3036 = ORIENTED_EDGE ( 'NONE', *, *, #7940, .F. ) ;
#3037 = DIRECTION ( 'NONE',  ( 0.000000000000000000, 1.000000000000000000, 0.000000000000000000 ) ) ;
#3038 = DIRECTION ( 'NONE',  ( 0.000000000000000000, 1.000000000000000000, 0.000000000000000000 ) ) ;
#3039 = ADVANCED_FACE ( 'NONE', ( #9047 ), #7274, .T. ) ;
#3040 = AXIS2_PLACEMENT_3D ( 'NONE', #11674, #1038, #8814 ) ;
#3041 = DIRECTION ( 'NONE',  ( -0.000000000000000000, 1.000000000000000000, -0.000000000000000000 ) ) ;
#3042 = AXIS2_PLACEMENT_3D ( 'NONE', #665, #12305, #11369 ) ;
#3043 = ORIENTED_EDGE ( 'NONE', *, *, #10869, .F. ) ;
#3044 = FACE_OUTER_BOUND ( 'NONE', #7284, .T. ) ;
#3045 = FACE_BOUND ( 'NONE', #3524, .T. ) ;
#3046 = DIRECTION ( 'NONE',  ( -0.000000000000000000, 1.000000000000000000, -0.000000000000000000 ) ) ;
#3047 = AXIS2_PLACEMENT_3D ( 'NONE', #5106, #115, #6937 ) ;
#3048 = AXIS2_PLACEMENT_3D ( 'NONE', #11036, #9197, #5143 ) ;
#3049 = CYLINDRICAL_SURFACE ( 'NONE', #3736, 1.000000000000000888 ) ;
#3050 = LINE ( 'NONE', #6912, #2218 ) ;
#3051 = VERTEX_POINT ( 'NONE', #8213 ) ;
#3052 = LINE ( 'NONE', #6914, #9182 ) ;
#3053 = EDGE_CURVE ( 'NONE', #5573, #1328, #8462, .T. ) ;
#3054 = CARTESIAN_POINT ( 'NONE',  ( 34.85512985522210272, 2.000000000000000000, -4.000000000000001776 ) ) ;
#3055 = PLANE ( 'NONE',  #187 ) ;
#3056 = EDGE_LOOP ( 'NONE', ( #1750, #1383 ) ) ;
#3057 = CARTESIAN_POINT ( 'NONE',  ( 36.49999999999999289, 1.999999999999998224, -43.73776336359135541 ) ) ;
#3058 = AXIS2_PLACEMENT_3D ( 'NONE', #9849, #5982, #6039 ) ;
#3059 = LOCAL_TIME ( 15, 59, 51.00000000000000000, #10647 ) ;
#3060 = DIRECTION ( 'NONE',  ( -0.000000000000000000, 1.000000000000000000, -0.000000000000000000 ) ) ;
#3061 = DIRECTION ( 'NONE',  ( 0.000000000000000000, 1.000000000000000000, 0.000000000000000000 ) ) ;
#3062 = LINE ( 'NONE', #6920, #12501 ) ;
#3063 = CIRCLE ( 'NONE', #10346, 2.500000000000002220 ) ;
#3064 = FACE_OUTER_BOUND ( 'NONE', #4346, .T. ) ;
#3065 = CARTESIAN_POINT ( 'NONE',  ( 17.47746032555832940, 9.799999999999998934, -48.32132034355966255 ) ) ;
#3066 = ORIENTED_EDGE ( 'NONE', *, *, #11749, .F. ) ;
#3067 = CYLINDRICAL_SURFACE ( 'NONE', #11126, 0.9999999999999974465 ) ;
#3068 = EDGE_CURVE ( 'NONE', #6698, #6186, #4168, .T. ) ;
#3069 = EDGE_CURVE ( 'NONE', #1950, #346, #4824, .T. ) ;
#3070 = CARTESIAN_POINT ( 'NONE',  ( 53.45857864376280588, 9.799999999999998934, -40.50000000000000711 ) ) ;
#3071 = EDGE_LOOP ( 'NONE', ( #10581, #12077, #11580, #4359 ) ) ;
#3072 = CARTESIAN_POINT ( 'NONE',  ( 52.00000000000000000, -0.002000000000000265454, -9.819595949289308123 ) ) ;
#3073 = EDGE_LOOP ( 'NONE', ( #8266, #6202, #1514, #3925 ) ) ;
#3074 = DIRECTION ( 'NONE',  ( 0.000000000000000000, 1.000000000000000000, 0.000000000000000000 ) ) ;
#3075 = ORIENTED_EDGE ( 'NONE', *, *, #2709, .T. ) ;
#3076 = DIRECTION ( 'NONE',  ( -0.000000000000000000, 1.000000000000000000, -0.000000000000000000 ) ) ;
#3077 = DIRECTION ( 'NONE',  ( 0.000000000000000000, 0.000000000000000000, 1.000000000000000000 ) ) ;
#3078 = EDGE_CURVE ( 'NONE', #3790, #3922, #9876, .T. ) ;
#3079 = ORIENTED_EDGE ( 'NONE', *, *, #5311, .F. ) ;
#3080 = CARTESIAN_POINT ( 'NONE',  ( 35.49999999999999289, 2.000000000000000000, -34.49999999999996447 ) ) ;
#3081 = ORIENTED_EDGE ( 'NONE', *, *, #8722, .T. ) ;
#3082 = VERTEX_POINT ( 'NONE', #10000 ) ;
#3083 = DIRECTION ( 'NONE',  ( 0.000000000000000000, 0.000000000000000000, -1.000000000000000000 ) ) ;
#3084 = DIRECTION ( 'NONE',  ( 0.000000000000000000, -0.000000000000000000, 1.000000000000000000 ) ) ;
#3085 = VERTEX_POINT ( 'NONE', #5177 ) ;
#3086 = EDGE_LOOP ( 'NONE', ( #8127, #4459, #770, #4792 ) ) ;
#3087 = DIRECTION ( 'NONE',  ( -0.000000000000000000, -1.000000000000000000, -0.000000000000000000 ) ) ;
#3088 = DIRECTION ( 'NONE',  ( 0.000000000000000000, 0.000000000000000000, -1.000000000000000000 ) ) ;
#3089 = EDGE_CURVE ( 'NONE', #9489, #1537, #12025, .T. ) ;
#3090 = AXIS2_PLACEMENT_3D ( 'NONE', #4635, #7544, #6591 ) ;
#3091 = CIRCLE ( 'NONE', #8758, 0.9999999999999974465 ) ;
#3092 = ORIENTED_EDGE ( 'NONE', *, *, #582, .T. ) ;
#3093 = LINE ( 'NONE', #11129, #137 ) ;
#3094 = EDGE_LOOP ( 'NONE', ( #10245, #11235, #6175, #12500 ) ) ;
#3095 = VERTEX_POINT ( 'NONE', #8094 ) ;
#3096 = DIRECTION ( 'NONE',  ( 0.000000000000000000, 0.000000000000000000, 1.000000000000000000 ) ) ;
#3097 = LINE ( 'NONE', #9761, #7451 ) ;
#3098 = PLANE ( 'NONE',  #7130 ) ;
#3099 = ORIENTED_EDGE ( 'NONE', *, *, #5659, .T. ) ;
#3100 = EDGE_CURVE ( 'NONE', #932, #5403, #11896, .T. ) ;
#3101 = CARTESIAN_POINT ( 'NONE',  ( -1.927470528863119049E-16, 11.00000000000000000, -4.000000000000000000 ) ) ;
#3102 = FACE_BOUND ( 'NONE', #5306, .T. ) ;
#3103 = DIRECTION ( 'NONE',  ( -1.000000000000000000, 0.000000000000000000, 7.534230757946422568E-17 ) ) ;
#3104 = DIRECTION ( 'NONE',  ( -0.000000000000000000, 1.000000000000000000, -0.000000000000000000 ) ) ;
#3105 = CARTESIAN_POINT ( 'NONE',  ( 16.50000000000000711, 11.00000000000000000, -7.499999999999968914 ) ) ;
#3106 = EDGE_CURVE ( 'NONE', #3856, #9882, #1390, .T. ) ;
#3107 = VECTOR ( 'NONE', #4385, 1000.000000000000000 ) ;
#3108 = ADVANCED_FACE ( 'NONE', ( #440 ), #4295, .T. ) ;
#3109 = EDGE_CURVE ( 'NONE', #6293, #167, #4618, .T. ) ;
#3110 = CARTESIAN_POINT ( 'NONE',  ( 20.99999999999988631, 11.00000000000000000, -38.99999999999998579 ) ) ;
#3111 = LINE ( 'NONE', #385, #8 ) ;
#3112 = VECTOR ( 'NONE', #4934, 1000.000000000000000 ) ;
#3113 = ORIENTED_EDGE ( 'NONE', *, *, #1571, .F. ) ;
#3114 = CARTESIAN_POINT ( 'NONE',  ( 27.36984848098348522, 11.00000000000000000, -5.499999999999992895 ) ) ;
#3115 = LINE ( 'NONE', #3054, #11965 ) ;
#3116 = EDGE_CURVE ( 'NONE', #10097, #6999, #6376, .T. ) ;
#3117 = DIRECTION ( 'NONE',  ( 0.000000000000000000, -0.000000000000000000, 1.000000000000000000 ) ) ;
#3118 = ORIENTED_EDGE ( 'NONE', *, *, #12489, .F. ) ;
#3119 = PLANE ( 'NONE',  #8026 ) ;
#3120 = DIRECTION ( 'NONE',  ( 0.000000000000000000, 1.000000000000000000, 0.000000000000000000 ) ) ;
#3121 = DIRECTION ( 'NONE',  ( -0.000000000000000000, -1.000000000000000000, -0.000000000000000000 ) ) ;
#3122 = AXIS2_PLACEMENT_3D ( 'NONE', #2242, #9792, #4089 ) ;
#3123 = EDGE_CURVE ( 'NONE', #2383, #11162, #2186, .T. ) ;
#3124 = CARTESIAN_POINT ( 'NONE',  ( 5.200000000000024158, 9.799999999999998934, -5.200000000000043698 ) ) ;
#3125 = VERTEX_POINT ( 'NONE', #1702 ) ;
#3126 = CARTESIAN_POINT ( 'NONE',  ( 28.00000000000000355, 11.00000000000000000, -32.14999999999999858 ) ) ;
#3127 = CARTESIAN_POINT ( 'NONE',  ( 6.596088884706578439E-14, 9.799999999999998934, -6.300000000000552269 ) ) ;
#3128 = ORIENTED_EDGE ( 'NONE', *, *, #4190, .F. ) ;
#3129 = PLANE ( 'NONE',  #3122 ) ;
#3130 = CIRCLE ( 'NONE', #10211, 2.800000000000002931 ) ;
#3131 = EDGE_LOOP ( 'NONE', ( #2064, #5053, #12419, #5006 ) ) ;
#3132 = ORIENTED_EDGE ( 'NONE', *, *, #6495, .F. ) ;
#3133 = DIRECTION ( 'NONE',  ( 0.000000000000000000, 1.000000000000000000, 0.000000000000000000 ) ) ;
#3134 = LINE ( 'NONE', #10619, #2762 ) ;
#3135 = EDGE_CURVE ( 'NONE', #6429, #3438, #5422, .T. ) ;
#3136 = AXIS2_PLACEMENT_3D ( 'NONE', #6307, #10178, #1265 ) ;
#3137 = ORIENTED_EDGE ( 'NONE', *, *, #429, .T. ) ;
#3138 = DIRECTION ( 'NONE',  ( 0.000000000000000000, 1.000000000000000000, 0.000000000000000000 ) ) ;
#3139 = ORIENTED_EDGE ( 'NONE', *, *, #10777, .T. ) ;
#3140 = ORIENTED_EDGE ( 'NONE', *, *, #6230, .F. ) ;
#3141 = CARTESIAN_POINT ( 'NONE',  ( 16.49999999999992539, 2.000000000000000000, -34.49999999999996447 ) ) ;
#3142 = CARTESIAN_POINT ( 'NONE',  ( 31.70538416267119075, 11.00000000000000000, -39.97868143219527326 ) ) ;
#3143 = VERTEX_POINT ( 'NONE', #8338 ) ;
#3144 = EDGE_LOOP ( 'NONE', ( #6647, #5328, #60, #12338 ) ) ;
#3145 = CYLINDRICAL_SURFACE ( 'NONE', #8803, 0.9999999999999974465 ) ;
#3146 = AXIS2_PLACEMENT_3D ( 'NONE', #5757, #11526, #11590 ) ;
#3147 = FACE_OUTER_BOUND ( 'NONE', #10870, .T. ) ;
#3148 = EDGE_CURVE ( 'NONE', #9421, #8773, #10883, .T. ) ;
#3149 = EDGE_CURVE ( 'NONE', #12165, #580, #3665, .T. ) ;
#3150 = ORIENTED_EDGE ( 'NONE', *, *, #8444, .F. ) ;
#3151 = DIRECTION ( 'NONE',  ( 0.7071067811865467956, -0.000000000000000000, -0.7071067811865483499 ) ) ;
#3152 = EDGE_LOOP ( 'NONE', ( #10567, #10611 ) ) ;
#3153 = EDGE_LOOP ( 'NONE', ( #8473, #3467 ) ) ;
#3154 = DIRECTION ( 'NONE',  ( 0.000000000000000000, 1.000000000000000000, 0.000000000000000000 ) ) ;
#3155 = DIRECTION ( 'NONE',  ( 1.000000000000000000, 0.000000000000000000, -2.168404344971008868E-16 ) ) ;
#3156 = DIRECTION ( 'NONE',  ( -0.000000000000000000, -1.000000000000000000, 0.000000000000000000 ) ) ;
#3157 = ORIENTED_EDGE ( 'NONE', *, *, #1952, .T. ) ;
#3158 = VECTOR ( 'NONE', #11720, 1000.000000000000000 ) ;
#3159 = DIRECTION ( 'NONE',  ( 0.000000000000000000, 1.000000000000000000, 0.000000000000000000 ) ) ;
#3160 = DIRECTION ( 'NONE',  ( 0.000000000000000000, -1.000000000000000000, 0.000000000000000000 ) ) ;
#3161 = CARTESIAN_POINT ( 'NONE',  ( 76.00000000000000000, 11.00000000000000000, -43.50000000000000000 ) ) ;
#3162 = AXIS2_PLACEMENT_3D ( 'NONE', #7491, #2672, #10407 ) ;
#3163 = AXIS2_PLACEMENT_3D ( 'NONE', #11182, #3313, #10093 ) ;
#3164 = ADVANCED_FACE ( 'NONE', ( #11269 ), #6503, .F. ) ;
#3165 = CARTESIAN_POINT ( 'NONE',  ( 72.49999999999991473, 11.00000000000000000, -29.99999999999998934 ) ) ;
#3166 = CIRCLE ( 'NONE', #8020, 0.9999999999999974465 ) ;
#3167 = CYLINDRICAL_SURFACE ( 'NONE', #4051, 2.999999999999996447 ) ;
#3168 = ORIENTED_EDGE ( 'NONE', *, *, #10511, .F. ) ;
#3169 = ORIENTED_EDGE ( 'NONE', *, *, #9227, .F. ) ;
#3170 = PLANE ( 'NONE',  #7185 ) ;
#3171 = EDGE_CURVE ( 'NONE', #11898, #5446, #1578, .T. ) ;
#3172 = CARTESIAN_POINT ( 'NONE',  ( 53.50000000000000000, 11.00000000000000000, -45.09999999999999432 ) ) ;
#3173 = CARTESIAN_POINT ( 'NONE',  ( 40.00000000000000000, 11.00000000000000000, -8.749999999999955591 ) ) ;
#3174 = DIRECTION ( 'NONE',  ( 0.000000000000000000, 1.000000000000000000, 0.000000000000000000 ) ) ;
#3175 = ORIENTED_EDGE ( 'NONE', *, *, #8789, .T. ) ;
#3176 = EDGE_CURVE ( 'NONE', #11220, #7070, #7522, .T. ) ;
#3177 = DIRECTION ( 'NONE',  ( 0.000000000000000000, 1.000000000000000000, 0.000000000000000000 ) ) ;
#3178 = CYLINDRICAL_SURFACE ( 'NONE', #19, 0.9999999999999974465 ) ;
#3179 = CARTESIAN_POINT ( 'NONE',  ( 35.49999999999999289, 11.00000000000000000, -6.499999999999965361 ) ) ;
#3180 = CIRCLE ( 'NONE', #9463, 1.000000000000000888 ) ;
#3181 = ADVANCED_FACE ( 'NONE', ( #8540 ), #12403, .F. ) ;
#3182 = CARTESIAN_POINT ( 'NONE',  ( 31.50000000000000711, 2.000000000000000000, -25.49999999999997513 ) ) ;
#3183 = LINE ( 'NONE', #3311, #8493 ) ;
#3184 = ORIENTED_EDGE ( 'NONE', *, *, #11929, .F. ) ;
#3185 = DIRECTION ( 'NONE',  ( -1.000000000000000000, 0.000000000000000000, 0.000000000000000000 ) ) ;
#3186 = EDGE_CURVE ( 'NONE', #11613, #1, #9366, .T. ) ;
#3187 = DIRECTION ( 'NONE',  ( 0.000000000000000000, 0.000000000000000000, 1.000000000000000000 ) ) ;
#3188 = VECTOR ( 'NONE', #2144, 1000.000000000000000 ) ;
#3189 = ORIENTED_EDGE ( 'NONE', *, *, #264, .F. ) ;
#3190 = CARTESIAN_POINT ( 'NONE',  ( 0.000000000000000000, 9.799999999999998934, -3.000000000000003109 ) ) ;
#3191 = EDGE_CURVE ( 'NONE', #1189, #1130, #797, .T. ) ;
#3192 = VERTEX_POINT ( 'NONE', #5431 ) ;
#3193 = ORIENTED_EDGE ( 'NONE', *, *, #1485, .T. ) ;
#3194 = FACE_OUTER_BOUND ( 'NONE', #5373, .T. ) ;
#3195 = FACE_OUTER_BOUND ( 'NONE', #7768, .T. ) ;
#3196 = AXIS2_PLACEMENT_3D ( 'NONE', #8234, #3365, #5645 ) ;
#3197 = CIRCLE ( 'NONE', #10279, 0.9999999999999974465 ) ;
#3198 = EDGE_CURVE ( 'NONE', #4780, #7128, #8475, .T. ) ;
#3199 = CARTESIAN_POINT ( 'NONE',  ( 72.49999999999998579, 11.00000000000000000, -11.99999999999999645 ) ) ;
#3200 = ORIENTED_EDGE ( 'NONE', *, *, #11250, .T. ) ;
#3201 = CARTESIAN_POINT ( 'NONE',  ( 53.50000000000000000, 0.000000000000000000, -43.39999999999999858 ) ) ;
#3202 = ORIENTED_EDGE ( 'NONE', *, *, #7184, .T. ) ;
#3203 = AXIS2_PLACEMENT_3D ( 'NONE', #11310, #2618, #2169 ) ;
#3204 = ORIENTED_EDGE ( 'NONE', *, *, #10139, .T. ) ;
#3205 = CARTESIAN_POINT ( 'NONE',  ( 12.00000000000000355, 11.00000000000000000, -11.99999999999993427 ) ) ;
#3206 = DIRECTION ( 'NONE',  ( -0.000000000000000000, -1.000000000000000000, -0.000000000000000000 ) ) ;
#3207 = EDGE_CURVE ( 'NONE', #9961, #8252, #9686, .T. ) ;
#3208 = VECTOR ( 'NONE', #4300, 1000.000000000000000 ) ;
#3209 = CIRCLE ( 'NONE', #6849, 0.9999999999999974465 ) ;
#3210 = ORIENTED_EDGE ( 'NONE', *, *, #8680, .T. ) ;
#3211 = ORIENTED_EDGE ( 'NONE', *, *, #11175, .F. ) ;
#3212 = AXIS2_PLACEMENT_3D ( 'NONE', #2702, #1832, #10436 ) ;
#3213 = CARTESIAN_POINT ( 'NONE',  ( 26.45857864376273483, 11.00000000000000000, -40.50000000000000711 ) ) ;
#3214 = FACE_OUTER_BOUND ( 'NONE', #9061, .T. ) ;
#3215 = VECTOR ( 'NONE', #2708, 1000.000000000000000 ) ;
#3216 = CIRCLE ( 'NONE', #10906, 2.500000000000000444 ) ;
#3217 = VECTOR ( 'NONE', #9960, 1000.000000000000000 ) ;
#3218 = AXIS2_PLACEMENT_3D ( 'NONE', #1777, #5639, #9506 ) ;
#3219 = ORIENTED_EDGE ( 'NONE', *, *, #480, .F. ) ;
#3220 = VERTEX_POINT ( 'NONE', #12341 ) ;
#3221 = ORIENTED_EDGE ( 'NONE', *, *, #3, .F. ) ;
#3222 = DIRECTION ( 'NONE',  ( 0.000000000000000000, 1.000000000000000000, 0.000000000000000000 ) ) ;
#3223 = CARTESIAN_POINT ( 'NONE',  ( 72.49999999999995737, 11.00000000000000000, -20.99999999999999289 ) ) ;
#3224 = ADVANCED_FACE ( 'NONE', ( #8403 ), #12270, .F. ) ;
#3225 = DIRECTION ( 'NONE',  ( 0.000000000000000000, 1.000000000000000000, -0.000000000000000000 ) ) ;
#3226 = EDGE_CURVE ( 'NONE', #129, #11817, #3620, .T. ) ;
#3227 = ORIENTED_EDGE ( 'NONE', *, *, #8357, .T. ) ;
#3228 = CARTESIAN_POINT ( 'NONE',  ( 11.99999999999997513, 11.00000000000000000, -20.99999999999993250 ) ) ;
#3229 = FACE_BOUND ( 'NONE', #4561, .T. ) ;
#3230 = LINE ( 'NONE', #11082, #10080 ) ;
#3231 = AXIS2_PLACEMENT_3D ( 'NONE', #564, #2456, #9179 ) ;
#3232 = APPROVAL_ROLE ( '' ) ;
#3233 = AXIS2_PLACEMENT_3D ( 'NONE', #7980, #6200, #6085 ) ;
#3234 = DIRECTION ( 'NONE',  ( 0.000000000000000000, 0.000000000000000000, -1.000000000000000000 ) ) ;
#3235 = AXIS2_PLACEMENT_3D ( 'NONE', #12436, #6538, #5722 ) ;
#3236 = DIRECTION ( 'NONE',  ( 0.000000000000000000, 0.000000000000000000, 1.000000000000000000 ) ) ;
#3237 = EDGE_LOOP ( 'NONE', ( #9778, #7174, #3340, #1635 ) ) ;
#3238 = VERTEX_POINT ( 'NONE', #3723 ) ;
#3239 = DIRECTION ( 'NONE',  ( -0.000000000000000000, -1.000000000000000000, -0.000000000000000000 ) ) ;
#3240 = DIRECTION ( 'NONE',  ( 1.000000000000000000, -0.000000000000000000, 0.000000000000000000 ) ) ;
#3241 = DIRECTION ( 'NONE',  ( 0.000000000000000000, 0.000000000000000000, 1.000000000000000000 ) ) ;
#3242 = CARTESIAN_POINT ( 'NONE',  ( 44.50000000000000000, 11.00000000000000000, -11.99999999999994138 ) ) ;
#3243 = VERTEX_POINT ( 'NONE', #7581 ) ;
#3244 = CARTESIAN_POINT ( 'NONE',  ( 7.499999999999958256, 11.00000000000000000, -29.99999999999989342 ) ) ;
#3245 = CIRCLE ( 'NONE', #2422, 0.9999999999999974465 ) ;
#3246 = CARTESIAN_POINT ( 'NONE',  ( 19.91263709774426260, -0.002000000000000265454, -4.732233047033622242 ) ) ;
#3247 = LINE ( 'NONE', #10914, #9622 ) ;
#3248 = AXIS2_PLACEMENT_3D ( 'NONE', #11579, #10198, #12525 ) ;
#3249 = VECTOR ( 'NONE', #3120, 1000.000000000000000 ) ;
#3250 = EDGE_CURVE ( 'NONE', #6817, #6623, #6432, .T. ) ;
#3251 = CC_DESIGN_PERSON_AND_ORGANIZATION_ASSIGNMENT ( #10136, #2391, ( #5087 ) ) ;
#3252 = CARTESIAN_POINT ( 'NONE',  ( 35.49999999999999289, 11.00000000000000000, -34.49999999999996447 ) ) ;
#3253 = FACE_OUTER_BOUND ( 'NONE', #4434, .T. ) ;
#3254 = ORIENTED_EDGE ( 'NONE', *, *, #7144, .F. ) ;
#3255 = DIRECTION ( 'NONE',  ( -0.000000000000000000, 1.000000000000000000, -0.000000000000000000 ) ) ;
#3256 = VECTOR ( 'NONE', #343, 1000.000000000000000 ) ;
#3257 = LOCAL_TIME ( 15, 59, 51.00000000000000000, #2459 ) ;
#3258 = EDGE_LOOP ( 'NONE', ( #8727, #4643 ) ) ;
#3259 = DIRECTION ( 'NONE',  ( 0.000000000000000000, 1.000000000000000000, 0.000000000000000000 ) ) ;
#3260 = CARTESIAN_POINT ( 'NONE',  ( 67.99999999999990052, 2.000000000000000000, -37.99999999999995026 ) ) ;
#3261 = ORIENTED_EDGE ( 'NONE', *, *, #2405, .T. ) ;
#3262 = CARTESIAN_POINT ( 'NONE',  ( 68.00000000000000000, 11.00000000000000000, -8.499999999999966249 ) ) ;
#3263 = ORIENTED_EDGE ( 'NONE', *, *, #5929, .T. ) ;
#3264 = EDGE_CURVE ( 'NONE', #2675, #11659, #196, .T. ) ;
#3265 = DIRECTION ( 'NONE',  ( -0.000000000000000000, 1.000000000000000000, -0.000000000000000000 ) ) ;
#3266 = DIRECTION ( 'NONE',  ( 0.000000000000000000, 1.000000000000000000, 0.000000000000000000 ) ) ;
#3267 = EDGE_CURVE ( 'NONE', #11642, #676, #57, .T. ) ;
#3268 = CIRCLE ( 'NONE', #7710, 2.999999999999995559 ) ;
#3269 = ADVANCED_FACE ( 'NONE', ( #2955 ), #5052, .T. ) ;
#3270 = AXIS2_PLACEMENT_3D ( 'NONE', #404, #9014, #8240 ) ;
#3271 = CARTESIAN_POINT ( 'NONE',  ( 35.49999999999999289, 11.00000000000000000, -24.49999999999996447 ) ) ;
#3272 = EDGE_LOOP ( 'NONE', ( #10626, #306, #3738, #7886 ) ) ;
#3273 = DIRECTION ( 'NONE',  ( 0.000000000000000000, 0.000000000000000000, -1.000000000000000000 ) ) ;
#3274 = ORIENTED_EDGE ( 'NONE', *, *, #11438, .T. ) ;
#3275 = ORIENTED_EDGE ( 'NONE', *, *, #7961, .F. ) ;
#3276 = CARTESIAN_POINT ( 'NONE',  ( 16.50000000000000711, 11.00000000000000000, -8.499999999999966249 ) ) ;
#3277 = CARTESIAN_POINT ( 'NONE',  ( 35.49999999999999289, 2.000000000000000000, -38.99999999999996447 ) ) ;
#3278 = VERTEX_POINT ( 'NONE', #8729 ) ;
#3279 = EDGE_LOOP ( 'NONE', ( #9677, #6926 ) ) ;
#3280 = CARTESIAN_POINT ( 'NONE',  ( 24.99999999999999645, 2.000000000000000000, -31.14999999999999858 ) ) ;
#3281 = DIRECTION ( 'NONE',  ( 0.000000000000000000, 1.000000000000000000, -0.000000000000000000 ) ) ;
#3282 = AXIS2_PLACEMENT_3D ( 'NONE', #5203, #10213, #10024 ) ;
#3283 = EDGE_CURVE ( 'NONE', #5298, #4627, #3402, .T. ) ;
#3284 = ORIENTED_EDGE ( 'NONE', *, *, #365, .T. ) ;
#3285 = EDGE_LOOP ( 'NONE', ( #5552, #178, #2891, #5244 ) ) ;
#3286 = VERTEX_POINT ( 'NONE', #5936 ) ;
#3287 = CARTESIAN_POINT ( 'NONE',  ( 28.73223304703364533, 2.000000000000000000, -9.087362902255675223 ) ) ;
#3288 = LINE ( 'NONE', #1516, #11299 ) ;
#3289 = CARTESIAN_POINT ( 'NONE',  ( 4.000000000000005329, 2.000000000000000000, -6.500000000000000888 ) ) ;
#3290 = ORIENTED_EDGE ( 'NONE', *, *, #6012, .T. ) ;
#3291 = DIRECTION ( 'NONE',  ( 0.000000000000000000, 0.000000000000000000, 1.000000000000000000 ) ) ;
#3292 = FACE_BOUND ( 'NONE', #4855, .T. ) ;
#3293 = FACE_OUTER_BOUND ( 'NONE', #11790, .T. ) ;
#3294 = AXIS2_PLACEMENT_3D ( 'NONE', #8807, #10642, #7786 ) ;
#3295 = EDGE_CURVE ( 'NONE', #4476, #332, #10689, .T. ) ;
#3296 = PLANE ( 'NONE',  #8707 ) ;
#3297 = CARTESIAN_POINT ( 'NONE',  ( 63.49999999999994316, 2.000000000000000000, -29.99999999999992539 ) ) ;
#3298 = ORIENTED_EDGE ( 'NONE', *, *, #6588, .T. ) ;
#3299 = ORIENTED_EDGE ( 'NONE', *, *, #9153, .T. ) ;
#3300 = DIRECTION ( 'NONE',  ( 0.000000000000000000, 0.000000000000000000, 1.000000000000000000 ) ) ;
#3301 = DIRECTION ( 'NONE',  ( -0.000000000000000000, 1.000000000000000000, -0.000000000000000000 ) ) ;
#3302 = LINE ( 'NONE', #2341, #5648 ) ;
#3303 = DIRECTION ( 'NONE',  ( 0.000000000000000000, 0.000000000000000000, -1.000000000000000000 ) ) ;
#3304 = ORIENTED_EDGE ( 'NONE', *, *, #6335, .T. ) ;
#3305 = CIRCLE ( 'NONE', #5937, 0.9999999999999974465 ) ;
#3306 = CARTESIAN_POINT ( 'NONE',  ( 34.24386001800125001, 9.799999999999998934, -1.000000000000002665 ) ) ;
#3307 = CARTESIAN_POINT ( 'NONE',  ( 63.49999999999991473, 11.00000000000000000, -37.99999999999992184 ) ) ;
#3308 = CARTESIAN_POINT ( 'NONE',  ( 15.48997487421322816, 1.999999999999999556, -4.000000000000001776 ) ) ;
#3309 = EDGE_CURVE ( 'NONE', #11533, #4091, #4833, .T. ) ;
#3310 = FACE_OUTER_BOUND ( 'NONE', #1841, .T. ) ;
#3311 = CARTESIAN_POINT ( 'NONE',  ( 52.00000000000000000, 11.00000000000000000, -9.819595949289308123 ) ) ;
#3312 = ORIENTED_EDGE ( 'NONE', *, *, #7200, .F. ) ;
#3313 = DIRECTION ( 'NONE',  ( 0.000000000000000000, 1.000000000000000000, 0.000000000000000000 ) ) ;
#3314 = CARTESIAN_POINT ( 'NONE',  ( 55.00000000000000000, 2.000000000000000000, -10.85512985522207607 ) ) ;
#3315 = DIRECTION ( 'NONE',  ( 0.000000000000000000, 0.000000000000000000, -1.000000000000000000 ) ) ;
#3316 = EDGE_LOOP ( 'NONE', ( #11932, #10776, #11406, #9861 ) ) ;
#3317 = DIRECTION ( 'NONE',  ( 0.000000000000000000, -1.000000000000000000, 0.000000000000000000 ) ) ;
#3318 = ORIENTED_EDGE ( 'NONE', *, *, #9227, .T. ) ;
#3319 = DIRECTION ( 'NONE',  ( -0.000000000000000000, -1.000000000000000000, -0.000000000000000000 ) ) ;
#3320 = CIRCLE ( 'NONE', #3729, 2.999999999999998668 ) ;
#3321 = CARTESIAN_POINT ( 'NONE',  ( 7.499999999999930722, 11.00000000000000000, -38.99999999999988631 ) ) ;
#3322 = EDGE_CURVE ( 'NONE', #11882, #9731, #1200, .T. ) ;
#3323 = CARTESIAN_POINT ( 'NONE',  ( 76.00000000000000000, 2.000000000000000000, -43.50000000000000000 ) ) ;
#3324 = CIRCLE ( 'NONE', #10413, 0.9999999999999983347 ) ;
#3325 = ORIENTED_EDGE ( 'NONE', *, *, #10317, .F. ) ;
#3326 = DIRECTION ( 'NONE',  ( 0.000000000000000000, 0.000000000000000000, 1.000000000000000000 ) ) ;
#3327 = ORIENTED_EDGE ( 'NONE', *, *, #8083, .F. ) ;
#3328 = EDGE_LOOP ( 'NONE', ( #11377, #1010 ) ) ;
#3329 = CARTESIAN_POINT ( 'NONE',  ( 35.49999999999999289, 11.00000000000000000, -16.49999999999996092 ) ) ;
#3331 = EDGE_CURVE ( 'NONE', #9742, #10048, #7900, .T. ) ;
#3330 = LINE ( 'NONE', #3142, #8670 ) ;
#3332 = EDGE_CURVE ( 'NONE', #8042, #3417, #8055, .T. ) ;
#3333 = ORIENTED_EDGE ( 'NONE', *, *, #1495, .F. ) ;
#3334 = VERTEX_POINT ( 'NONE', #5876 ) ;
#3335 = CARTESIAN_POINT ( 'NONE',  ( 48.49999999999999289, 2.000000000000000000, -28.99999999999993250 ) ) ;
#3336 = EDGE_CURVE ( 'NONE', #9893, #10572, #11775, .T. ) ;
#3337 = DIRECTION ( 'NONE',  ( -0.000000000000000000, -1.000000000000000000, -0.000000000000000000 ) ) ;
#3338 = CIRCLE ( 'NONE', #7780, 1.000000000000000888 ) ;
#3339 = CIRCLE ( 'NONE', #4967, 1.000000000000000888 ) ;
#3340 = ORIENTED_EDGE ( 'NONE', *, *, #8248, .T. ) ;
#3341 = ORIENTED_EDGE ( 'NONE', *, *, #5577, .T. ) ;
#3342 = ORIENTED_EDGE ( 'NONE', *, *, #4726, .F. ) ;
#3343 = DIRECTION ( 'NONE',  ( -0.000000000000000000, -1.000000000000000000, -0.000000000000000000 ) ) ;
#3344 = CARTESIAN_POINT ( 'NONE',  ( 48.49999999999999289, 11.00000000000000000, -34.49999999999992895 ) ) ;
#3345 = EDGE_CURVE ( 'NONE', #5403, #932, #11109, .T. ) ;
#3346 = CARTESIAN_POINT ( 'NONE',  ( 74.79999999999998295, 9.799999999999998934, -1.000000000000005995 ) ) ;
#3347 = ORIENTED_EDGE ( 'NONE', *, *, #11781, .T. ) ;
#3348 = DIRECTION ( 'NONE',  ( 0.000000000000000000, 0.000000000000000000, -1.000000000000000000 ) ) ;
#3349 = FACE_BOUND ( 'NONE', #11469, .T. ) ;
#3350 = DIRECTION ( 'NONE',  ( -0.000000000000000000, -1.000000000000000000, 0.000000000000000000 ) ) ;
#3351 = EDGE_CURVE ( 'NONE', #7607, #12319, #10090, .T. ) ;
#3352 = APPROVAL_DATE_TIME ( #5377, #6574 ) ;
#3353 = VECTOR ( 'NONE', #2501, 1000.000000000000000 ) ;
#3354 = VERTEX_POINT ( 'NONE', #8788 ) ;
#3355 = DIRECTION ( 'NONE',  ( 0.000000000000000000, 1.000000000000000000, 0.000000000000000000 ) ) ;
#3356 = AXIS2_PLACEMENT_3D ( 'NONE', #7843, #10637, #3796 ) ;
#3357 = DIRECTION ( 'NONE',  ( 0.000000000000000000, 0.000000000000000000, -1.000000000000000000 ) ) ;
#3358 = ORIENTED_EDGE ( 'NONE', *, *, #8249, .T. ) ;
#3359 = VERTEX_POINT ( 'NONE', #3975 ) ;
#3360 = CARTESIAN_POINT ( 'NONE',  ( 73.50000000000000000, 2.000000000000000000, -46.00000000000000000 ) ) ;
#3361 = DIRECTION ( 'NONE',  ( -0.000000000000000000, -1.000000000000000000, -0.000000000000000000 ) ) ;
#3362 = CARTESIAN_POINT ( 'NONE',  ( 67.99999999999994316, 11.00000000000000000, -26.49999999999995737 ) ) ;
#3363 = CARTESIAN_POINT ( 'NONE',  ( 16.49999999999999289, 11.00000000000000000, -12.99999999999996270 ) ) ;
#3364 = EDGE_LOOP ( 'NONE', ( #7706, #11135 ) ) ;
#3365 = DIRECTION ( 'NONE',  ( 0.000000000000000000, 1.000000000000000000, 0.000000000000000000 ) ) ;
#3366 = ADVANCED_FACE ( 'NONE', ( #2132 ), #9866, .T. ) ;
#3367 = CARTESIAN_POINT ( 'NONE',  ( 4.000000000000005329, 2.000000000000000000, -6.500000000000000888 ) ) ;
#3368 = LINE ( 'NONE', #7227, #2730 ) ;
#3369 = VECTOR ( 'NONE', #6558, 1000.000000000000000 ) ;
#3370 = CARTESIAN_POINT ( 'NONE',  ( 20.99999999999995737, 11.00000000000000000, -19.99999999999999645 ) ) ;
#3371 = CARTESIAN_POINT ( 'NONE',  ( 16.49999999999992539, 11.00000000000000000, -33.49999999999995737 ) ) ;
#3372 = ORIENTED_EDGE ( 'NONE', *, *, #3295, .F. ) ;
#3373 = CARTESIAN_POINT ( 'NONE',  ( 54.36984848098349232, 9.799999999999998934, -5.499999999999992895 ) ) ;
#3374 = LINE ( 'NONE', #3441, #10622 ) ;
#3375 = LINE ( 'NONE', #7239, #8563 ) ;
#3376 = ADVANCED_FACE ( 'NONE', ( #4991 ), #7832, .T. ) ;
#3377 = EDGE_CURVE ( 'NONE', #1865, #12211, #6242, .T. ) ;
#3378 = VERTEX_POINT ( 'NONE', #8658 ) ;
#3379 = CARTESIAN_POINT ( 'NONE',  ( 67.99999999999991473, 11.00000000000000000, -33.49999999999995737 ) ) ;
#3380 = EDGE_LOOP ( 'NONE', ( #9471, #4309, #5191, #7345 ) ) ;
#3381 = CARTESIAN_POINT ( 'NONE',  ( 72.49999999999988631, 2.000000000000000000, -37.99999999999998579 ) ) ;
#3382 = CARTESIAN_POINT ( 'NONE',  ( 74.79999999999998295, 11.00000000000000000, -3.000000000000007994 ) ) ;
#3383 = VECTOR ( 'NONE', #3892, 1000.000000000000000 ) ;
#3384 = DIRECTION ( 'NONE',  ( -0.000000000000000000, -1.000000000000000000, -0.000000000000000000 ) ) ;
#3385 = CARTESIAN_POINT ( 'NONE',  ( 48.49999999999999289, 11.00000000000000000, -11.99999999999993072 ) ) ;
#3386 = ORIENTED_EDGE ( 'NONE', *, *, #8134, .F. ) ;
#3387 = EDGE_LOOP ( 'NONE', ( #10354, #914, #4810, #8970 ) ) ;
#3388 = ORIENTED_EDGE ( 'NONE', *, *, #3207, .F. ) ;
#3389 = DIRECTION ( 'NONE',  ( 0.000000000000000000, 0.000000000000000000, 1.000000000000000000 ) ) ;
#3390 = CARTESIAN_POINT ( 'NONE',  ( 35.49999999999999289, 11.00000000000000000, -38.99999999999996447 ) ) ;
#3391 = ORIENTED_EDGE ( 'NONE', *, *, #9925, .T. ) ;
#3392 = ORIENTED_EDGE ( 'NONE', *, *, #4596, .F. ) ;
#3393 = CARTESIAN_POINT ( 'NONE',  ( 7.100609665440667406, 9.799999999999998934, 7.100609665440744678 ) ) ;
#3394 = CARTESIAN_POINT ( 'NONE',  ( 31.70538416267119786, 11.00000000000000000, -39.97868143219528747 ) ) ;
#3395 = VECTOR ( 'NONE', #8620, 1000.000000000000000 ) ;
#3396 = VECTOR ( 'NONE', #8787, 1000.000000000000000 ) ;
#3397 = EDGE_CURVE ( 'NONE', #1470, #7224, #3853, .T. ) ;
#3398 = EDGE_CURVE ( 'NONE', #26, #2130, #5234, .T. ) ;
#3399 = ADVANCED_FACE ( 'NONE', ( #1314 ), #5360, .T. ) ;
#3400 = ORIENTED_EDGE ( 'NONE', *, *, #8380, .T. ) ;
#3401 = CIRCLE ( 'NONE', #9480, 0.9999999999999974465 ) ;
#3402 = CIRCLE ( 'NONE', #7868, 2.999999999999998668 ) ;
#3403 = VERTEX_POINT ( 'NONE', #2194 ) ;
#3404 = EDGE_LOOP ( 'NONE', ( #12197, #9750 ) ) ;
#3405 = CYLINDRICAL_SURFACE ( 'NONE', #11736, 1.000000000000000888 ) ;
#3406 = CARTESIAN_POINT ( 'NONE',  ( 52.63015151901651478, 9.799999999999998934, -5.499999999999992895 ) ) ;
#3407 = CYLINDRICAL_SURFACE ( 'NONE', #12203, 2.800000000000000266 ) ;
#3408 = EDGE_LOOP ( 'NONE', ( #11592, #4732 ) ) ;
#3409 = LINE ( 'NONE', #10892, #607 ) ;
#3410 = FACE_BOUND ( 'NONE', #3461, .T. ) ;
#3411 = DIRECTION ( 'NONE',  ( -0.000000000000000000, -1.000000000000000000, -0.000000000000000000 ) ) ;
#3412 = AXIS2_PLACEMENT_3D ( 'NONE', #4426, #1524, #4493 ) ;
#3413 = VECTOR ( 'NONE', #8170, 1000.000000000000000 ) ;
#3414 = VECTOR ( 'NONE', #10363, 1000.000000000000000 ) ;
#3415 = EDGE_CURVE ( 'NONE', #12121, #7468, #428, .T. ) ;
#3416 = ADVANCED_FACE ( 'NONE', ( #2440 ), #1260, .F. ) ;
#3417 = VERTEX_POINT ( 'NONE', #6059 ) ;
#3418 = CARTESIAN_POINT ( 'NONE',  ( 16.49999999999996447, 11.00000000000000000, -21.99999999999996092 ) ) ;
#3419 = DIRECTION ( 'NONE',  ( 0.000000000000000000, 0.000000000000000000, 1.000000000000000000 ) ) ;
#3420 = VERTEX_POINT ( 'NONE', #10115 ) ;
#3421 = ORIENTED_EDGE ( 'NONE', *, *, #5180, .F. ) ;
#3422 = DIRECTION ( 'NONE',  ( -0.000000000000000000, -1.000000000000000000, -0.000000000000000000 ) ) ;
#3423 = VECTOR ( 'NONE', #340, 1000.000000000000000 ) ;
#3424 = CARTESIAN_POINT ( 'NONE',  ( 4.000000000000006217, 2.000000000000000000, -4.956352788505171156E-16 ) ) ;
#3425 = AXIS2_PLACEMENT_3D ( 'NONE', #1393, #1462, #5374 ) ;
#3426 = DIRECTION ( 'NONE',  ( 0.000000000000000000, 1.000000000000000000, 0.000000000000000000 ) ) ;
#3427 = FACE_OUTER_BOUND ( 'NONE', #8371, .T. ) ;
#3428 = CIRCLE ( 'NONE', #6446, 0.9999999999999974465 ) ;
#3429 = EDGE_LOOP ( 'NONE', ( #2965, #1641 ) ) ;
#3430 = DIRECTION ( 'NONE',  ( 0.000000000000000000, 0.000000000000000000, 1.000000000000000000 ) ) ;
#3431 = DIRECTION ( 'NONE',  ( -0.7071067811865464625, 0.000000000000000000, 0.7071067811865486830 ) ) ;
#3432 = FACE_OUTER_BOUND ( 'NONE', #2830, .T. ) ;
#3433 = AXIS2_PLACEMENT_3D ( 'NONE', #2237, #39, #3002 ) ;
#3434 = AXIS2_PLACEMENT_3D ( 'NONE', #7175, #533, #2358 ) ;
#3435 = EDGE_CURVE ( 'NONE', #129, #409, #9985, .T. ) ;
#3436 = DIRECTION ( 'NONE',  ( 0.000000000000000000, 1.000000000000000000, 0.000000000000000000 ) ) ;
#3437 = PLANE ( 'NONE',  #2820 ) ;
#3438 = VERTEX_POINT ( 'NONE', #8975 ) ;
#3439 = DIRECTION ( 'NONE',  ( 0.000000000000000000, 0.000000000000000000, 1.000000000000000000 ) ) ;
#3440 = AXIS2_PLACEMENT_3D ( 'NONE', #4365, #10010, #8224 ) ;
#3441 = CARTESIAN_POINT ( 'NONE',  ( 67.99999999999994316, 11.00000000000000000, -24.49999999999996447 ) ) ;
#3442 = FACE_OUTER_BOUND ( 'NONE', #116, .T. ) ;
#3443 = AXIS2_PLACEMENT_3D ( 'NONE', #2764, #6621, #5688 ) ;
#3444 = AXIS2_PLACEMENT_3D ( 'NONE', #280, #8701, #155 ) ;
#3445 = EDGE_LOOP ( 'NONE', ( #5808, #3168, #4369, #12528 ) ) ;
#3446 = FACE_OUTER_BOUND ( 'NONE', #3518, .T. ) ;
#3447 = VERTEX_POINT ( 'NONE', #358 ) ;
#3448 = DIRECTION ( 'NONE',  ( -0.000000000000000000, -1.000000000000000000, -0.000000000000000000 ) ) ;
#3449 = EDGE_CURVE ( 'NONE', #11411, #1255, #2801, .T. ) ;
#3450 = AXIS2_PLACEMENT_3D ( 'NONE', #12430, #723, #4454 ) ;
#3451 = EDGE_CURVE ( 'NONE', #1859, #8535, #3820, .T. ) ;
#3452 = AXIS2_PLACEMENT_3D ( 'NONE', #2230, #8761, #4132 ) ;
#3453 = DIRECTION ( 'NONE',  ( 1.000000000000000000, 0.000000000000000000, -4.818676322157797621E-17 ) ) ;
#3454 = DIRECTION ( 'NONE',  ( 0.000000000000000000, 0.000000000000000000, 1.000000000000000000 ) ) ;
#3455 = ORIENTED_EDGE ( 'NONE', *, *, #28, .T. ) ;
#3456 = EDGE_LOOP ( 'NONE', ( #5930, #7289, #8593, #4003 ) ) ;
#3457 = ORIENTED_EDGE ( 'NONE', *, *, #228, .F. ) ;
#3458 = CARTESIAN_POINT ( 'NONE',  ( 44.50000000000000000, 11.00000000000000000, -7.499999999999941380 ) ) ;
#3459 = LINE ( 'NONE', #7569, #3414 ) ;
#3460 = VERTEX_POINT ( 'NONE', #7955 ) ;
#3461 = EDGE_LOOP ( 'NONE', ( #4057, #9111 ) ) ;
#3462 = LINE ( 'NONE', #8145, #2099 ) ;
#3463 = AXIS2_PLACEMENT_3D ( 'NONE', #4765, #6848, #8632 ) ;
#3464 = CYLINDRICAL_SURFACE ( 'NONE', #7199, 0.9999999999999974465 ) ;
#3465 = EDGE_CURVE ( 'NONE', #136, #3583, #12519, .T. ) ;
#3466 = ORIENTED_EDGE ( 'NONE', *, *, #3843, .F. ) ;
#3467 = ORIENTED_EDGE ( 'NONE', *, *, #2184, .F. ) ;
#3468 = ORIENTED_EDGE ( 'NONE', *, *, #1498, .F. ) ;
#3469 = CARTESIAN_POINT ( 'NONE',  ( 72.49999999999994316, 11.00000000000000000, -25.49999999999999289 ) ) ;
#3470 = CARTESIAN_POINT ( 'NONE',  ( 23.65025253169423891, 11.00000000000000000, -39.32010101267766800 ) ) ;
#3471 = CARTESIAN_POINT ( 'NONE',  ( 58.99999999999999289, 11.00000000000000000, -20.99999999999990052 ) ) ;
#3472 = EDGE_LOOP ( 'NONE', ( #4923, #5302, #6417, #9598 ) ) ;
#3473 = CARTESIAN_POINT ( 'NONE',  ( 3.000000000000002665, 11.00000000000000000, -5.200000000000043698 ) ) ;
#3474 = FACE_BOUND ( 'NONE', #4400, .T. ) ;
#3475 = DIRECTION ( 'NONE',  ( 0.000000000000000000, -0.000000000000000000, 1.000000000000000000 ) ) ;
#3476 = EDGE_CURVE ( 'NONE', #1888, #3556, #3330, .T. ) ;
#3477 = ORIENTED_EDGE ( 'NONE', *, *, #5423, .F. ) ;
#3478 = CARTESIAN_POINT ( 'NONE',  ( 0.9999999999999870104, 9.799999999999998934, -5.200000000000043698 ) ) ;
#3479 = ADVANCED_FACE ( 'NONE', ( #4159 ), #11001, .T. ) ;
#3480 = VERTEX_POINT ( 'NONE', #9163 ) ;
#3481 = ORIENTED_EDGE ( 'NONE', *, *, #5804, .T. ) ;
#3482 = DIRECTION ( 'NONE',  ( 0.000000000000000000, 0.000000000000000000, 1.000000000000000000 ) ) ;
#3483 = DIRECTION ( 'NONE',  ( -0.000000000000000000, 1.000000000000000000, -0.000000000000000000 ) ) ;
#3484 = EDGE_LOOP ( 'NONE', ( #2256, #5878, #3400, #10741 ) ) ;
#3485 = CARTESIAN_POINT ( 'NONE',  ( 63.50000000000002842, 11.00000000000000000, -8.499999999999934275 ) ) ;
#3486 = FACE_OUTER_BOUND ( 'NONE', #10638, .T. ) ;
#3487 = ORIENTED_EDGE ( 'NONE', *, *, #1880, .F. ) ;
#3488 = EDGE_CURVE ( 'NONE', #6293, #12243, #10945, .T. ) ;
#3489 = CARTESIAN_POINT ( 'NONE',  ( 48.49999999999999289, 11.00000000000000000, -29.99999999999992895 ) ) ;
#3490 = ADVANCED_FACE ( 'NONE', ( #12012 ), #6177, .T. ) ;
#3491 = CARTESIAN_POINT ( 'NONE',  ( 44.50000000000000000, 2.000000000000000000, -10.99999999999994316 ) ) ;
#3492 = CARTESIAN_POINT ( 'NONE',  ( 58.99999999999994316, 11.00000000000000000, -34.49999999999989342 ) ) ;
#3493 = ADVANCED_FACE ( 'NONE', ( #4216 ), #6304, .F. ) ;
#3494 = CARTESIAN_POINT ( 'NONE',  ( 48.49999999999999289, 11.00000000000000000, -15.49999999999993427 ) ) ;
#3495 = CIRCLE ( 'NONE', #9169, 0.9999999999999974465 ) ;
#3496 = CARTESIAN_POINT ( 'NONE',  ( 7.499999999999992895, 11.00000000000000000, -21.99999999999989697 ) ) ;
#3497 = ORIENTED_EDGE ( 'NONE', *, *, #11023, .T. ) ;
#3498 = AXIS2_PLACEMENT_3D ( 'NONE', #9325, #8419, #4502 ) ;
#3499 = CARTESIAN_POINT ( 'NONE',  ( 63.49999999999994316, 11.00000000000000000, -29.99999999999992539 ) ) ;
#3500 = CYLINDRICAL_SURFACE ( 'NONE', #2644, 2.500000000000002220 ) ;
#3501 = FACE_OUTER_BOUND ( 'NONE', #305, .T. ) ;
#3502 = CARTESIAN_POINT ( 'NONE',  ( 31.50000000000000711, 11.00000000000000000, -25.49999999999997513 ) ) ;
#3503 = ORIENTED_EDGE ( 'NONE', *, *, #671, .F. ) ;
#3504 = CARTESIAN_POINT ( 'NONE',  ( 0.000000000000000000, 11.00000000000000000, -50.00000000000000000 ) ) ;
#3505 = ORIENTED_EDGE ( 'NONE', *, *, #8921, .T. ) ;
#3506 = CARTESIAN_POINT ( 'NONE',  ( 7.500000000000041744, 11.00000000000000000, -7.499999999999904965 ) ) ;
#3507 = EDGE_CURVE ( 'NONE', #10296, #11391, #11515, .T. ) ;
#3508 = LINE ( 'NONE', #7373, #6410 ) ;
#3509 = AXIS2_PLACEMENT_3D ( 'NONE', #1429, #9084, #7173 ) ;
#3510 = CARTESIAN_POINT ( 'NONE',  ( 80.00000000000000000, 11.00000000000000000, -1.000000000000003553 ) ) ;
#3511 = CARTESIAN_POINT ( 'NONE',  ( 59.00000000000001421, 11.00000000000000000, -11.99999999999990230 ) ) ;
#3512 = VERTEX_POINT ( 'NONE', #5228 ) ;
#3513 = AXIS2_PLACEMENT_3D ( 'NONE', #11383, #2691, #6616 ) ;
#3514 = EDGE_LOOP ( 'NONE', ( #4818, #8524 ) ) ;
#3515 = ORIENTED_EDGE ( 'NONE', *, *, #2289, .F. ) ;
#3516 = CARTESIAN_POINT ( 'NONE',  ( 6.500000000000000888, 2.000000000000000000, -43.50000000000000000 ) ) ;
#3517 = CARTESIAN_POINT ( 'NONE',  ( 20.99999999999995737, 2.000000000000000000, -19.99999999999999645 ) ) ;
#3518 = EDGE_LOOP ( 'NONE', ( #1461, #8866, #10996, #7217 ) ) ;
#3519 = EDGE_LOOP ( 'NONE', ( #4314, #2484, #6383, #2725 ) ) ;
#3520 = DIRECTION ( 'NONE',  ( -0.000000000000000000, 1.000000000000000000, -0.000000000000000000 ) ) ;
#3521 = ADVANCED_FACE ( 'NONE', ( #9102 ), #10173, .T. ) ;
#3522 = PLANE ( 'NONE',  #12483 ) ;
#3523 = ORIENTED_EDGE ( 'NONE', *, *, #2392, .F. ) ;
#3524 = EDGE_LOOP ( 'NONE', ( #4126, #3184 ) ) ;
#3525 = ORIENTED_EDGE ( 'NONE', *, *, #1643, .T. ) ;
#3526 = ORIENTED_EDGE ( 'NONE', *, *, #9284, .T. ) ;
#3527 = DIRECTION ( 'NONE',  ( 0.000000000000000000, -0.000000000000000000, 1.000000000000000000 ) ) ;
#3528 = DIRECTION ( 'NONE',  ( 0.000000000000000000, 1.000000000000000000, 0.000000000000000000 ) ) ;
#3529 = DIRECTION ( 'NONE',  ( -0.000000000000000000, 1.000000000000000000, -0.000000000000000000 ) ) ;
#3530 = ORIENTED_EDGE ( 'NONE', *, *, #6196, .F. ) ;
#3531 = CARTESIAN_POINT ( 'NONE',  ( 20.99999999999991473, 11.00000000000000000, -28.99999999999998934 ) ) ;
#3532 = DIRECTION ( 'NONE',  ( -0.000000000000000000, -1.000000000000000000, 0.000000000000000000 ) ) ;
#3533 = AXIS2_PLACEMENT_3D ( 'NONE', #5404, #11429, #4586 ) ;
#3534 = VECTOR ( 'NONE', #4270, 1000.000000000000000 ) ;
#3535 = DIRECTION ( 'NONE',  ( -0.000000000000000000, -1.000000000000000000, -0.000000000000000000 ) ) ;
#3536 = EDGE_CURVE ( 'NONE', #8349, #5197, #5241, .T. ) ;
#3537 = ADVANCED_FACE ( 'NONE', ( #4595 ), #2688, .T. ) ;
#3538 = ORIENTED_EDGE ( 'NONE', *, *, #8373, .T. ) ;
#3539 = DIRECTION ( 'NONE',  ( -0.000000000000000000, -1.000000000000000000, -0.000000000000000000 ) ) ;
#3540 = ORIENTED_EDGE ( 'NONE', *, *, #2020, .T. ) ;
#3541 = ORIENTED_EDGE ( 'NONE', *, *, #8205, .F. ) ;
#3542 = CARTESIAN_POINT ( 'NONE',  ( 53.50000000000000000, 11.00000000000000000, -43.39999999999999858 ) ) ;
#3543 = DIRECTION ( 'NONE',  ( 0.000000000000000000, 0.000000000000000000, 1.000000000000000000 ) ) ;
#3544 = CYLINDRICAL_SURFACE ( 'NONE', #8146, 0.9999999999999974465 ) ;
#3545 = ORIENTED_EDGE ( 'NONE', *, *, #288, .F. ) ;
#3546 = DIRECTION ( 'NONE',  ( -0.000000000000000000, -1.000000000000000000, -0.000000000000000000 ) ) ;
#3547 = CARTESIAN_POINT ( 'NONE',  ( 58.99999999999997158, 11.00000000000000000, -26.49999999999989342 ) ) ;
#3548 = ORIENTED_EDGE ( 'NONE', *, *, #21, .T. ) ;
#3549 = DIRECTION ( 'NONE',  ( 0.000000000000000000, 1.000000000000000000, 0.000000000000000000 ) ) ;
#3550 = PLANE ( 'NONE',  #11161 ) ;
#3551 = CARTESIAN_POINT ( 'NONE',  ( 63.49999999999998579, 2.000000000000000000, -16.49999999999993250 ) ) ;
#3552 = AXIS2_PLACEMENT_3D ( 'NONE', #2843, #6334, #10210 ) ;
#3553 = ADVANCED_FACE ( 'NONE', ( #5544 ), #7509, .F. ) ;
#3554 = CARTESIAN_POINT ( 'NONE',  ( 12.00000000000003197, 11.00000000000000000, -7.499999999999936939 ) ) ;
#3555 = CARTESIAN_POINT ( 'NONE',  ( -3.352801296326895729E-17, 9.799999999999998934, -1.000000000000003553 ) ) ;
#3556 = VERTEX_POINT ( 'NONE', #5679 ) ;
#3557 = CARTESIAN_POINT ( 'NONE',  ( 48.49999999999999289, 11.00000000000000000, -16.49999999999993250 ) ) ;
#3558 = ADVANCED_FACE ( 'NONE', ( #9542 ), #3650, .T. ) ;
#3559 = PLANE ( 'NONE',  #2052 ) ;
#3560 = ORIENTED_EDGE ( 'NONE', *, *, #7162, .T. ) ;
#3561 = DIRECTION ( 'NONE',  ( -0.000000000000000000, 1.000000000000000000, -0.000000000000000000 ) ) ;
#3562 = ORIENTED_EDGE ( 'NONE', *, *, #798, .F. ) ;
#3563 = CYLINDRICAL_SURFACE ( 'NONE', #10523, 0.9999999999999974465 ) ;
#3564 = ORIENTED_EDGE ( 'NONE', *, *, #2024, .F. ) ;
#3565 = VECTOR ( 'NONE', #2517, 1000.000000000000000 ) ;
#3566 = LINE ( 'NONE', #4711, #10621 ) ;
#3567 = DIRECTION ( 'NONE',  ( 0.000000000000000000, 0.000000000000000000, 1.000000000000000000 ) ) ;
#3568 = CIRCLE ( 'NONE', #3163, 0.9999999999999974465 ) ;
#3569 = EDGE_CURVE ( 'NONE', #200, #7428, #3708, .T. ) ;
#3570 = ADVANCED_FACE ( 'NONE', ( #12195 ), #10423, .T. ) ;
#3571 = CARTESIAN_POINT ( 'NONE',  ( 54.36984848098349232, 9.799999999999998934, -8.299999999999991829 ) ) ;
#3572 = CYLINDRICAL_SURFACE ( 'NONE', #7259, 0.9999999999999974465 ) ;
#3573 = DIRECTION ( 'NONE',  ( 0.000000000000000000, 0.000000000000000000, 1.000000000000000000 ) ) ;
#3574 = EDGE_CURVE ( 'NONE', #2626, #3857, #2811, .T. ) ;
#3575 = VERTEX_POINT ( 'NONE', #3517 ) ;
#3576 = CARTESIAN_POINT ( 'NONE',  ( 63.35096679918785156, 9.799999999999998934, -46.32132034355964834 ) ) ;
#3577 = AXIS2_PLACEMENT_3D ( 'NONE', #2183, #1938, #6997 ) ;
#3578 = VERTEX_POINT ( 'NONE', #616 ) ;
#3579 = ORIENTED_EDGE ( 'NONE', *, *, #11697, .F. ) ;
#3580 = LINE ( 'NONE', #4473, #2003 ) ;
#3581 = DIRECTION ( 'NONE',  ( -0.7071067811865463515, -0.000000000000000000, -0.7071067811865487940 ) ) ;
#3582 = ORIENTED_EDGE ( 'NONE', *, *, #5150, .T. ) ;
#3583 = VERTEX_POINT ( 'NONE', #9414 ) ;
#3584 = FACE_OUTER_BOUND ( 'NONE', #4203, .T. ) ;
#3585 = PLANE ( 'NONE',  #147 ) ;
#3586 = AXIS2_PLACEMENT_3D ( 'NONE', #1554, #3266, #5160 ) ;
#3587 = EDGE_CURVE ( 'NONE', #26, #10484, #11380, .T. ) ;
#3588 = EDGE_CURVE ( 'NONE', #1888, #4355, #12137, .T. ) ;
#3589 = EDGE_LOOP ( 'NONE', ( #3545, #2449 ) ) ;
#3590 = VERTEX_POINT ( 'NONE', #5608 ) ;
#3591 = ORIENTED_EDGE ( 'NONE', *, *, #3606, .F. ) ;
#3592 = DIRECTION ( 'NONE',  ( 0.000000000000000000, 1.000000000000000000, -0.000000000000000000 ) ) ;
#3593 = CARTESIAN_POINT ( 'NONE',  ( 44.50000000000000000, 11.00000000000000000, -11.99999999999994138 ) ) ;
#3594 = AXIS2_PLACEMENT_3D ( 'NONE', #5586, #1793, #8630 ) ;
#3595 = DIRECTION ( 'NONE',  ( -0.000000000000000000, 1.000000000000000000, -0.000000000000000000 ) ) ;
#3596 = VECTOR ( 'NONE', #9067, 1000.000000000000000 ) ;
#3597 = ORIENTED_EDGE ( 'NONE', *, *, #7575, .T. ) ;
#3598 = VECTOR ( 'NONE', #10641, 1000.000000000000000 ) ;
#3599 = DIRECTION ( 'NONE',  ( -0.000000000000000000, -1.000000000000000000, -0.000000000000000000 ) ) ;
#3600 = DIRECTION ( 'NONE',  ( 0.000000000000000000, -0.000000000000000000, 1.000000000000000000 ) ) ;
#3601 = LINE ( 'NONE', #4153, #999 ) ;
#3602 = VECTOR ( 'NONE', #11603, 1000.000000000000000 ) ;
#3603 = EDGE_CURVE ( 'NONE', #12534, #644, #3459, .T. ) ;
#3604 = ORIENTED_EDGE ( 'NONE', *, *, #3732, .F. ) ;
#3605 = CYLINDRICAL_SURFACE ( 'NONE', #9431, 2.999999999999999112 ) ;
#3606 = EDGE_CURVE ( 'NONE', #5249, #6688, #8267, .T. ) ;
#3607 = VERTEX_POINT ( 'NONE', #2755 ) ;
#3608 = ORIENTED_EDGE ( 'NONE', *, *, #8599, .F. ) ;
#3609 = CARTESIAN_POINT ( 'NONE',  ( 48.49999999999999289, 11.00000000000000000, -34.49999999999992895 ) ) ;
#3610 = CYLINDRICAL_SURFACE ( 'NONE', #11489, 2.799999999999997158 ) ;
#3611 = CARTESIAN_POINT ( 'NONE',  ( 72.50000000000000000, 2.000000000000000000, -7.500000000000000000 ) ) ;
#3612 = VERTEX_POINT ( 'NONE', #806 ) ;
#3613 = LINE ( 'NONE', #1595, #6858 ) ;
#3614 = DIRECTION ( 'NONE',  ( 0.000000000000000000, 1.000000000000000000, 0.000000000000000000 ) ) ;
#3615 = CIRCLE ( 'NONE', #10288, 3.000000000000002665 ) ;
#3616 = DIRECTION ( 'NONE',  ( 0.000000000000000000, -0.000000000000000000, 1.000000000000000000 ) ) ;
#3617 = AXIS2_PLACEMENT_3D ( 'NONE', #6259, #7974, #8942 ) ;
#3618 = AXIS2_PLACEMENT_3D ( 'NONE', #220, #8525, #3117 ) ;
#3619 = CARTESIAN_POINT ( 'NONE',  ( 16.49999999999993960, 11.00000000000000000, -29.99999999999995737 ) ) ;
#3620 = CIRCLE ( 'NONE', #7649, 1.000000000000000888 ) ;
#3621 = AXIS2_PLACEMENT_3D ( 'NONE', #10995, #6298, #2304 ) ;
#3622 = CARTESIAN_POINT ( 'NONE',  ( 20.99999999999998224, 11.00000000000000000, -11.00000000000000000 ) ) ;
#3623 = VECTOR ( 'NONE', #962, 1000.000000000000000 ) ;
#3624 = VECTOR ( 'NONE', #7443, 1000.000000000000000 ) ;
#3625 = LINE ( 'NONE', #10727, #5256 ) ;
#3626 = AXIS2_PLACEMENT_3D ( 'NONE', #5003, #10640, #11723 ) ;
#3627 = ORIENTED_EDGE ( 'NONE', *, *, #9370, .T. ) ;
#3628 = CARTESIAN_POINT ( 'NONE',  ( 0.000000000000000000, 9.799999999999998934, 0.000000000000000000 ) ) ;
#3629 = DIRECTION ( 'NONE',  ( -0.000000000000000000, -1.000000000000000000, -0.000000000000000000 ) ) ;
#3630 = EDGE_LOOP ( 'NONE', ( #4056, #8542 ) ) ;
#3631 = CYLINDRICAL_SURFACE ( 'NONE', #3162, 2.500000000000000444 ) ;
#3632 = ORIENTED_EDGE ( 'NONE', *, *, #4581, .F. ) ;
#3633 = DIRECTION ( 'NONE',  ( -0.000000000000000000, 1.000000000000000000, -0.000000000000000000 ) ) ;
#3634 = ORIENTED_EDGE ( 'NONE', *, *, #5743, .T. ) ;
#3635 = CARTESIAN_POINT ( 'NONE',  ( 11.99999999999997513, 2.000000000000000000, -19.99999999999993605 ) ) ;
#3636 = EDGE_CURVE ( 'NONE', #11783, #4849, #2496, .T. ) ;
#3637 = CARTESIAN_POINT ( 'NONE',  ( 35.49999999999999289, 11.00000000000000000, -39.99999999999996447 ) ) ;
#3638 = VECTOR ( 'NONE', #5978, 1000.000000000000000 ) ;
#3639 = CIRCLE ( 'NONE', #11529, 1.000000000000000888 ) ;
#3640 = EDGE_CURVE ( 'NONE', #8100, #7157, #8886, .T. ) ;
#3641 = AXIS2_PLACEMENT_3D ( 'NONE', #8769, #286, #6862 ) ;
#3642 = CARTESIAN_POINT ( 'NONE',  ( 59.00000000000001421, 11.00000000000000000, -11.99999999999990230 ) ) ;
#3643 = CYLINDRICAL_SURFACE ( 'NONE', #11525, 1.000000000000000888 ) ;
#3644 = CIRCLE ( 'NONE', #11739, 0.9999999999999974465 ) ;
#3645 = DIRECTION ( 'NONE',  ( -0.000000000000000000, 1.000000000000000000, -0.000000000000000000 ) ) ;
#3646 = AXIS2_PLACEMENT_3D ( 'NONE', #2299, #11117, #8066 ) ;
#3647 = VERTEX_POINT ( 'NONE', #6420 ) ;
#3648 = DIRECTION ( 'NONE',  ( -0.000000000000000000, -1.000000000000000000, -0.000000000000000000 ) ) ;
#3649 = DIRECTION ( 'NONE',  ( -0.000000000000000000, 1.000000000000000000, -0.000000000000000000 ) ) ;
#3650 = CYLINDRICAL_SURFACE ( 'NONE', #12327, 0.9999999999999974465 ) ;
#3651 = ORIENTED_EDGE ( 'NONE', *, *, #7047, .T. ) ;
#3652 = VERTEX_POINT ( 'NONE', #10298 ) ;
#3653 = DIRECTION ( 'NONE',  ( 0.000000000000000000, 1.000000000000000000, 0.000000000000000000 ) ) ;
#3654 = EDGE_CURVE ( 'NONE', #3143, #12121, #1412, .T. ) ;
#3655 = CARTESIAN_POINT ( 'NONE',  ( 44.50000000000000000, 11.00000000000000000, -17.49999999999993960 ) ) ;
#3656 = EDGE_CURVE ( 'NONE', #448, #953, #4538, .T. ) ;
#3657 = CIRCLE ( 'NONE', #8096, 1.000000000000000888 ) ;
#3658 = CIRCLE ( 'NONE', #5685, 0.9999999999999974465 ) ;
#3659 = AXIS2_PLACEMENT_3D ( 'NONE', #8896, #9261, #11179 ) ;
#3660 = ORIENTED_EDGE ( 'NONE', *, *, #5494, .F. ) ;
#3661 = CARTESIAN_POINT ( 'NONE',  ( 35.49999999999999289, 11.00000000000000000, -33.49999999999995737 ) ) ;
#3662 = EDGE_LOOP ( 'NONE', ( #6556, #12401 ) ) ;
#3663 = ORIENTED_EDGE ( 'NONE', *, *, #2217, .F. ) ;
#3664 = CARTESIAN_POINT ( 'NONE',  ( 20.99999999999998224, 2.000000000000000000, -12.99999999999999467 ) ) ;
#3665 = LINE ( 'NONE', #883, #1798 ) ;
#3666 = CARTESIAN_POINT ( 'NONE',  ( 63.35096679918785156, 9.799999999999998934, -46.32132034355964834 ) ) ;
#3667 = ORGANIZATION ( 'UNSPECIFIED', 'UNSPECIFIED', '' ) ;
#3668 = ORIENTED_EDGE ( 'NONE', *, *, #4758, .F. ) ;
#3669 = LINE ( 'NONE', #1652, #4241 ) ;
#3670 = DIRECTION ( 'NONE',  ( 1.000000000000000000, 0.000000000000000000, -4.818676322157797621E-17 ) ) ;
#3671 = DIRECTION ( 'NONE',  ( -0.000000000000000000, -1.000000000000000000, -0.000000000000000000 ) ) ;
#3672 = EDGE_CURVE ( 'NONE', #1950, #6639, #11320, .T. ) ;
#3673 = AXIS2_PLACEMENT_3D ( 'NONE', #275, #5194, #1230 ) ;
#3674 = VERTEX_POINT ( 'NONE', #8582 ) ;
#3675 = DIRECTION ( 'NONE',  ( 0.000000000000000000, 1.000000000000000000, -0.000000000000000000 ) ) ;
#3676 = VERTEX_POINT ( 'NONE', #11858 ) ;
#3677 = VERTEX_POINT ( 'NONE', #11572 ) ;
#3678 = DIRECTION ( 'NONE',  ( 1.000000000000000000, 0.000000000000000000, -0.000000000000000000 ) ) ;
#3679 = CARTESIAN_POINT ( 'NONE',  ( 53.54142135623730070, 9.799999999999998934, -6.299999999999991829 ) ) ;
#3680 = CARTESIAN_POINT ( 'NONE',  ( 29.34974746830583570, 9.799999999999998934, -7.479898987322322945 ) ) ;
#3681 = ORIENTED_EDGE ( 'NONE', *, *, #4353, .F. ) ;
#3682 = DIRECTION ( 'NONE',  ( -0.000000000000000000, -1.000000000000000000, -0.000000000000000000 ) ) ;
#3683 = DIRECTION ( 'NONE',  ( 1.000000000000000000, -0.000000000000000000, 0.000000000000000000 ) ) ;
#3684 = DIRECTION ( 'NONE',  ( 0.000000000000000000, 0.000000000000000000, -1.000000000000000000 ) ) ;
#3685 = DIRECTION ( 'NONE',  ( 0.000000000000000000, 1.000000000000000000, 0.000000000000000000 ) ) ;
#3686 = EDGE_CURVE ( 'NONE', #5454, #437, #9600, .T. ) ;
#3687 = DIRECTION ( 'NONE',  ( -0.000000000000000000, -1.000000000000000000, -0.000000000000000000 ) ) ;
#3688 = FACE_OUTER_BOUND ( 'NONE', #4247, .T. ) ;
#3689 = ORIENTED_EDGE ( 'NONE', *, *, #12260, .T. ) ;
#3690 = DIRECTION ( 'NONE',  ( 4.408413623863775552E-15, 0.000000000000000000, 1.000000000000000000 ) ) ;
#3691 = PLANE ( 'NONE',  #8930 ) ;
#3692 = ORIENTED_EDGE ( 'NONE', *, *, #8996, .T. ) ;
#3693 = DIRECTION ( 'NONE',  ( -0.000000000000000000, -1.000000000000000000, -0.000000000000000000 ) ) ;
#3694 = ORIENTED_EDGE ( 'NONE', *, *, #4397, .T. ) ;
#3695 = FACE_OUTER_BOUND ( 'NONE', #11251, .T. ) ;
#3696 = ORIENTED_EDGE ( 'NONE', *, *, #3345, .F. ) ;
#3697 = DIRECTION ( 'NONE',  ( -0.000000000000000000, 1.000000000000000000, -0.000000000000000000 ) ) ;
#3698 = EDGE_CURVE ( 'NONE', #10261, #252, #8483, .T. ) ;
#3699 = DIRECTION ( 'NONE',  ( 0.000000000000000000, 1.000000000000000000, 0.000000000000000000 ) ) ;
#3700 = AXIS2_PLACEMENT_3D ( 'NONE', #10333, #4626, #1664 ) ;
#3701 = DIRECTION ( 'NONE',  ( 0.000000000000000000, 0.000000000000000000, 1.000000000000000000 ) ) ;
#3702 = DIRECTION ( 'NONE',  ( 0.000000000000000000, 0.000000000000000000, 1.000000000000000000 ) ) ;
#3703 = DIRECTION ( 'NONE',  ( -0.000000000000000000, 1.000000000000000000, -0.000000000000000000 ) ) ;
#3704 = PRODUCT_DEFINITION_SHAPE ( 'NONE', 'NONE',  #10919 ) ;
#3705 = ORIENTED_EDGE ( 'NONE', *, *, #4906, .T. ) ;
#3706 = VERTEX_POINT ( 'NONE', #990 ) ;
#3707 = DIRECTION ( 'NONE',  ( 0.000000000000000000, 0.000000000000000000, 1.000000000000000000 ) ) ;
#3708 = LINE ( 'NONE', #6489, #6654 ) ;
#3709 = ORIENTED_EDGE ( 'NONE', *, *, #637, .T. ) ;
#3710 = ORIENTED_EDGE ( 'NONE', *, *, #9890, .F. ) ;
#3711 = DIRECTION ( 'NONE',  ( 0.000000000000000000, -0.000000000000000000, 1.000000000000000000 ) ) ;
#3712 = CIRCLE ( 'NONE', #1494, 0.9999999999999974465 ) ;
#3713 = FACE_OUTER_BOUND ( 'NONE', #3237, .T. ) ;
#3714 = EDGE_CURVE ( 'NONE', #1339, #12319, #5862, .T. ) ;
#3715 = AXIS2_PLACEMENT_3D ( 'NONE', #62, #8925, #10698 ) ;
#3716 = ADVANCED_FACE ( 'NONE', ( #10974 ), #4916, .T. ) ;
#3717 = ORIENTED_EDGE ( 'NONE', *, *, #7604, .F. ) ;
#3718 = ADVANCED_FACE ( 'NONE', ( #105 ), #3901, .T. ) ;
#3719 = DIRECTION ( 'NONE',  ( 0.000000000000000000, 1.000000000000000000, 0.000000000000000000 ) ) ;
#3720 = ORIENTED_EDGE ( 'NONE', *, *, #4180, .T. ) ;
#3721 = ORIENTED_EDGE ( 'NONE', *, *, #4654, .T. ) ;
#3722 = CARTESIAN_POINT ( 'NONE',  ( 58.99999999999994316, 2.000000000000000000, -34.49999999999989342 ) ) ;
#3723 = CARTESIAN_POINT ( 'NONE',  ( 7.499999999999930722, 11.00000000000000000, -39.99999999999988631 ) ) ;
#3724 = EDGE_CURVE ( 'NONE', #11437, #7834, #1060, .T. ) ;
#3725 = DIRECTION ( 'NONE',  ( 1.000000000000000000, 0.000000000000000000, -4.818676322157797621E-17 ) ) ;
#3726 = ORIENTED_EDGE ( 'NONE', *, *, #8488, .F. ) ;
#3727 = LINE ( 'NONE', #12274, #8272 ) ;
#3728 = DIRECTION ( 'NONE',  ( 0.000000000000000000, 1.000000000000000000, 0.000000000000000000 ) ) ;
#3729 = AXIS2_PLACEMENT_3D ( 'NONE', #9214, #3319, #2301 ) ;
#3730 = CIRCLE ( 'NONE', #10812, 1.000000000000000888 ) ;
#3731 = CIRCLE ( 'NONE', #4744, 0.9999999999999974465 ) ;
#3732 = EDGE_CURVE ( 'NONE', #4354, #8022, #9293, .T. ) ;
#3733 = ORIENTED_EDGE ( 'NONE', *, *, #6694, .T. ) ;
#3734 = EDGE_CURVE ( 'NONE', #11503, #2936, #10559, .T. ) ;
#3735 = CARTESIAN_POINT ( 'NONE',  ( 36.49999999999999289, 1.999999999999998224, -41.23776336359135541 ) ) ;
#3736 = AXIS2_PLACEMENT_3D ( 'NONE', #7861, #1157, #10786 ) ;
#3737 = AXIS2_PLACEMENT_3D ( 'NONE', #6409, #730, #7371 ) ;
#3738 = ORIENTED_EDGE ( 'NONE', *, *, #10310, .T. ) ;
#3739 = EDGE_LOOP ( 'NONE', ( #1431, #11116, #823, #8719 ) ) ;
#3740 = CIRCLE ( 'NONE', #5550, 0.9999999999999974465 ) ;
#3741 = DIRECTION ( 'NONE',  ( 0.000000000000000000, 0.000000000000000000, 1.000000000000000000 ) ) ;
#3742 = CARTESIAN_POINT ( 'NONE',  ( 54.36984848098349232, 9.799999999999998934, -8.299999999999991829 ) ) ;
#3743 = EDGE_CURVE ( 'NONE', #8252, #9961, #591, .T. ) ;
#3744 = DIRECTION ( 'NONE',  ( 0.000000000000000000, 0.000000000000000000, 1.000000000000000000 ) ) ;
#3745 = ORIENTED_EDGE ( 'NONE', *, *, #10350, .F. ) ;
#3746 = DIRECTION ( 'NONE',  ( -0.000000000000000000, -1.000000000000000000, -0.000000000000000000 ) ) ;
#3747 = CARTESIAN_POINT ( 'NONE',  ( 20.99999999999991473, 11.00000000000000000, -28.99999999999998934 ) ) ;
#3748 = PLANE ( 'NONE',  #11894 ) ;
#3749 = CARTESIAN_POINT ( 'NONE',  ( 4.000000000000005329, 11.00000000000000000, -6.500000000000000888 ) ) ;
#3750 = AXIS2_PLACEMENT_3D ( 'NONE', #2577, #6440, #757 ) ;
#3751 = DIRECTION ( 'NONE',  ( 0.000000000000000000, 0.000000000000000000, -1.000000000000000000 ) ) ;
#3752 = CARTESIAN_POINT ( 'NONE',  ( 58.99999999999999289, 11.00000000000000000, -20.99999999999990052 ) ) ;
#3753 = ORIENTED_EDGE ( 'NONE', *, *, #2978, .T. ) ;
#3754 = DIRECTION ( 'NONE',  ( 0.000000000000000000, 0.000000000000000000, -1.000000000000000000 ) ) ;
#3755 = EDGE_CURVE ( 'NONE', #11058, #5992, #12114, .T. ) ;
#3756 = CYLINDRICAL_SURFACE ( 'NONE', #10137, 0.9999999999999974465 ) ;
#3757 = AXIS2_PLACEMENT_3D ( 'NONE', #5332, #11177, #1540 ) ;
#3758 = ORIENTED_EDGE ( 'NONE', *, *, #9533, .T. ) ;
#3759 = CARTESIAN_POINT ( 'NONE',  ( 63.49999999999991473, 11.00000000000000000, -38.99999999999992184 ) ) ;
#3760 = FACE_OUTER_BOUND ( 'NONE', #2062, .T. ) ;
#3761 = ORIENTED_EDGE ( 'NONE', *, *, #11617, .F. ) ;
#3762 = DIRECTION ( 'NONE',  ( -0.000000000000000000, -1.000000000000000000, -0.000000000000000000 ) ) ;
#3763 = DIRECTION ( 'NONE',  ( 0.000000000000000000, 1.000000000000000000, 0.000000000000000000 ) ) ;
#3764 = DIRECTION ( 'NONE',  ( 0.000000000000000000, 1.000000000000000000, 0.000000000000000000 ) ) ;
#3765 = DIRECTION ( 'NONE',  ( -1.000000000000000000, 0.000000000000000000, -3.352801296326884019E-17 ) ) ;
#3766 = CARTESIAN_POINT ( 'NONE',  ( 69.48997487421321750, 1.999999999999997113, -4.000000000000003553 ) ) ;
#3767 = ADVANCED_FACE ( 'NONE', ( #5140 ), #869, .T. ) ;
#3768 = ORIENTED_EDGE ( 'NONE', *, *, #4494, .F. ) ;
#3769 = EDGE_CURVE ( 'NONE', #3590, #3964, #10613, .T. ) ;
#3770 = FACE_OUTER_BOUND ( 'NONE', #558, .T. ) ;
#3771 = AXIS2_PLACEMENT_3D ( 'NONE', #3866, #6703, #68 ) ;
#3772 = ORIENTED_EDGE ( 'NONE', *, *, #8689, .T. ) ;
#3773 = ORIENTED_EDGE ( 'NONE', *, *, #8426, .F. ) ;
#3774 = DIRECTION ( 'NONE',  ( 0.000000000000000000, 1.000000000000000000, 0.000000000000000000 ) ) ;
#3775 = VERTEX_POINT ( 'NONE', #930 ) ;
#3776 = VERTEX_POINT ( 'NONE', #4781 ) ;
#3777 = LINE ( 'NONE', #10366, #1109 ) ;
#3778 = AXIS2_PLACEMENT_3D ( 'NONE', #7153, #6643, #7346 ) ;
#3779 = CARTESIAN_POINT ( 'NONE',  ( 72.49999999999997158, 11.00000000000000000, -15.49999999999999645 ) ) ;
#3780 = VECTOR ( 'NONE', #10984, 1000.000000000000000 ) ;
#3781 = CIRCLE ( 'NONE', #6004, 3.000000000000002665 ) ;
#3782 = VERTEX_POINT ( 'NONE', #7033 ) ;
#3783 = CARTESIAN_POINT ( 'NONE',  ( 17.13664863476204303, -21.88036781070453785, -44.13664863476203948 ) ) ;
#3784 = EDGE_LOOP ( 'NONE', ( #5637, #11586, #8662, #10019 ) ) ;
#3785 = ORIENTED_EDGE ( 'NONE', *, *, #2068, .T. ) ;
#3786 = DIRECTION ( 'NONE',  ( -0.000000000000000000, -1.000000000000000000, -0.000000000000000000 ) ) ;
#3787 = DIRECTION ( 'NONE',  ( 0.000000000000000000, 0.000000000000000000, 1.000000000000000000 ) ) ;
#3788 = CARTESIAN_POINT ( 'NONE',  ( 16.49999999999996447, 11.00000000000000000, -20.99999999999996447 ) ) ;
#3789 = ORIENTED_EDGE ( 'NONE', *, *, #12008, .F. ) ;
#3790 = VERTEX_POINT ( 'NONE', #8648 ) ;
#3791 = FACE_OUTER_BOUND ( 'NONE', #8162, .T. ) ;
#3792 = CARTESIAN_POINT ( 'NONE',  ( 58.99999999999995737, 11.00000000000000000, -29.99999999999989342 ) ) ;
#3793 = AXIS2_PLACEMENT_3D ( 'NONE', #9798, #7892, #5039 ) ;
#3794 = EDGE_CURVE ( 'NONE', #3578, #3706, #1002, .T. ) ;
#3795 = ORIENTED_EDGE ( 'NONE', *, *, #5886, .T. ) ;
#3796 = DIRECTION ( 'NONE',  ( 0.000000000000000000, 0.000000000000000000, 1.000000000000000000 ) ) ;
#3797 = ORIENTED_EDGE ( 'NONE', *, *, #7202, .T. ) ;
#3798 = EDGE_LOOP ( 'NONE', ( #11581, #232, #3193, #12146 ) ) ;
#3799 = CARTESIAN_POINT ( 'NONE',  ( 48.49999999999999289, 11.00000000000000000, -25.49999999999992895 ) ) ;
#3800 = CARTESIAN_POINT ( 'NONE',  ( 7.500000000000020428, 11.00000000000000000, -12.99999999999990052 ) ) ;
#3801 = CARTESIAN_POINT ( 'NONE',  ( 3.443928191751364240E-14, 11.00000000000000000, -49.20000000000005969 ) ) ;
#3802 = EDGE_LOOP ( 'NONE', ( #11826, #4382, #6705, #5034 ) ) ;
#3803 = ADVANCED_FACE ( 'NONE', ( #10909 ), #9662, .T. ) ;
#3804 = CYLINDRICAL_SURFACE ( 'NONE', #3829, 2.999999999999999112 ) ;
#3805 = CARTESIAN_POINT ( 'NONE',  ( 5.443227718325019282, 9.799999999999998934, -44.75291287251024386 ) ) ;
#3806 = CARTESIAN_POINT ( 'NONE',  ( 45.14487014477790439, 2.000000000000000000, -6.500000000000003553 ) ) ;
#3807 = DIRECTION ( 'NONE',  ( 0.000000000000000000, 0.000000000000000000, 1.000000000000000000 ) ) ;
#3808 = EDGE_CURVE ( 'NONE', #6142, #6958, #9702, .T. ) ;
#3809 = AXIS2_PLACEMENT_3D ( 'NONE', #7297, #1476, #10208 ) ;
#3810 = AXIS2_PLACEMENT_3D ( 'NONE', #5299, #9162, #8011 ) ;
#3811 = AXIS2_PLACEMENT_3D ( 'NONE', #7394, #6625, #10249 ) ;
#3812 = EDGE_CURVE ( 'NONE', #10389, #4200, #7879, .T. ) ;
#3813 = CARTESIAN_POINT ( 'NONE',  ( 62.07220293988400073, 9.799999999999998934, -6.000084202863472882 ) ) ;
#3814 = CARTESIAN_POINT ( 'NONE',  ( 58.99999999999999289, 11.00000000000000000, -20.99999999999990052 ) ) ;
#3815 = VERTEX_POINT ( 'NONE', #11287 ) ;
#3816 = DIRECTION ( 'NONE',  ( 1.000000000000000000, 0.000000000000000000, -4.818676322157797621E-17 ) ) ;
#3817 = AXIS2_PLACEMENT_3D ( 'NONE', #2093, #3046, #4821 ) ;
#3818 = CYLINDRICAL_SURFACE ( 'NONE', #9135, 1.000000000000000888 ) ;
#3819 = CIRCLE ( 'NONE', #8054, 2.799999999999990052 ) ;
#3820 = CIRCLE ( 'NONE', #10898, 4.200000000000036593 ) ;
#3821 = ORIENTED_EDGE ( 'NONE', *, *, #12076, .F. ) ;
#3822 = DIRECTION ( 'NONE',  ( 0.000000000000000000, 0.000000000000000000, 1.000000000000000000 ) ) ;
#3823 = CARTESIAN_POINT ( 'NONE',  ( 67.99999999999994316, 2.000000000000000000, -25.49999999999996092 ) ) ;
#3824 = VERTEX_POINT ( 'NONE', #1344 ) ;
#3825 = DIRECTION ( 'NONE',  ( -0.000000000000000000, -1.000000000000000000, -0.000000000000000000 ) ) ;
#3826 = CARTESIAN_POINT ( 'NONE',  ( 58.99999999999997158, 11.00000000000000000, -24.49999999999990052 ) ) ;
#3827 = EDGE_CURVE ( 'NONE', #5472, #11017, #9898, .T. ) ;
#3828 = CIRCLE ( 'NONE', #10701, 2.999999999999999112 ) ;
#3829 = AXIS2_PLACEMENT_3D ( 'NONE', #7659, #6522, #4695 ) ;
#3830 = AXIS2_PLACEMENT_3D ( 'NONE', #4285, #11137, #6237 ) ;
#3831 = AXIS2_PLACEMENT_3D ( 'NONE', #262, #4113, #11899 ) ;
#3832 = DIRECTION ( 'NONE',  ( 0.000000000000000000, -0.000000000000000000, 1.000000000000000000 ) ) ;
#3833 = LINE ( 'NONE', #8642, #6064 ) ;
#3834 = CARTESIAN_POINT ( 'NONE',  ( 16.49999999999997868, 11.00000000000000000, -15.49999999999996803 ) ) ;
#3835 = ORIENTED_EDGE ( 'NONE', *, *, #10121, .T. ) ;
#3836 = EDGE_LOOP ( 'NONE', ( #4945, #4219 ) ) ;
#3837 = DIRECTION ( 'NONE',  ( 0.000000000000000000, 1.000000000000000000, 0.000000000000000000 ) ) ;
#3838 = VECTOR ( 'NONE', #5435, 1000.000000000000000 ) ;
#3839 = ORIENTED_EDGE ( 'NONE', *, *, #6442, .F. ) ;
#3840 = ORIENTED_EDGE ( 'NONE', *, *, #6150, .T. ) ;
#3841 = CARTESIAN_POINT ( 'NONE',  ( 48.49999999999999289, 2.000000000000000000, -19.99999999999993250 ) ) ;
#3842 = DIRECTION ( 'NONE',  ( 0.000000000000000000, 1.000000000000000000, -0.000000000000000000 ) ) ;
#3843 = EDGE_CURVE ( 'NONE', #3607, #5948, #5388, .T. ) ;
#3844 = EDGE_CURVE ( 'NONE', #6302, #3243, #5453, .T. ) ;
#3845 = AXIS2_PLACEMENT_3D ( 'NONE', #9469, #7618, #3573 ) ;
#3846 = CIRCLE ( 'NONE', #2622, 0.9999999999999974465 ) ;
#3847 = CIRCLE ( 'NONE', #7287, 0.9999999999999983347 ) ;
#3848 = ORIENTED_EDGE ( 'NONE', *, *, #10085, .F. ) ;
#3849 = CARTESIAN_POINT ( 'NONE',  ( 44.50000000000000000, 11.00000000000000000, -38.99999999999994316 ) ) ;
#3850 = ORIENTED_EDGE ( 'NONE', *, *, #4421, .T. ) ;
#3851 = ORIENTED_EDGE ( 'NONE', *, *, #11634, .F. ) ;
#3852 = FACE_OUTER_BOUND ( 'NONE', #1355, .T. ) ;
#3853 = LINE ( 'NONE', #7709, #6850 ) ;
#3854 = AXIS2_PLACEMENT_3D ( 'NONE', #11977, #3355, #384 ) ;
#3855 = CARTESIAN_POINT ( 'NONE',  ( 67.99999999999990052, 11.00000000000000000, -39.99999999999995026 ) ) ;
#3856 = VERTEX_POINT ( 'NONE', #1414 ) ;
#3857 = VERTEX_POINT ( 'NONE', #3547 ) ;
#3858 = CARTESIAN_POINT ( 'NONE',  ( 67.49999999999998579, 5.000000000000000000, 3.100000000000000089 ) ) ;
#3859 = LINE ( 'NONE', #1011, #6336 ) ;
#3860 = CIRCLE ( 'NONE', #11143, 0.9999999999999974465 ) ;
#3861 = FACE_OUTER_BOUND ( 'NONE', #7110, .T. ) ;
#3862 = CIRCLE ( 'NONE', #10131, 1.699999999999994849 ) ;
#3863 = ADVANCED_FACE ( 'NONE', ( #9328 ), #651, .T. ) ;
#3864 = VERTEX_POINT ( 'NONE', #8355 ) ;
#3865 = VECTOR ( 'NONE', #3645, 1000.000000000000000 ) ;
#3866 = CARTESIAN_POINT ( 'NONE',  ( 36.49999999999999289, -21.88036781070453785, -41.23776336359135541 ) ) ;
#3867 = APPROVAL_PERSON_ORGANIZATION ( #3997, #10537, #2094 ) ;
#3868 = VERTEX_POINT ( 'NONE', #394 ) ;
#3869 = ORIENTED_EDGE ( 'NONE', *, *, #323, .T. ) ;
#3870 = DIRECTION ( 'NONE',  ( -0.000000000000000000, -1.000000000000000000, -0.000000000000000000 ) ) ;
#3871 = DIRECTION ( 'NONE',  ( 0.000000000000000000, 1.000000000000000000, 0.000000000000000000 ) ) ;
#3872 = CARTESIAN_POINT ( 'NONE',  ( 62.07341918567285433, 10.59999999999999964, -3.000084449405786557 ) ) ;
#3873 = ORIENTED_EDGE ( 'NONE', *, *, #12004, .T. ) ;
#3874 = DIRECTION ( 'NONE',  ( 1.000000000000000000, 0.000000000000000000, 0.000000000000000000 ) ) ;
#3875 = CARTESIAN_POINT ( 'NONE',  ( 47.04903320081221807, 9.799999999999998934, -3.878679656440370493 ) ) ;
#3876 = DIRECTION ( 'NONE',  ( -3.496519228280624712E-16, 0.000000000000000000, 1.000000000000000000 ) ) ;
#3877 = APPROVAL_STATUS ( 'not_yet_approved' ) ;
#3878 = VECTOR ( 'NONE', #3240, 1000.000000000000000 ) ;
#3879 = ADVANCED_FACE ( 'NONE', ( #10077 ), #10018, .T. ) ;
#3880 = DIRECTION ( 'NONE',  ( 0.000000000000000000, 1.000000000000000000, 0.000000000000000000 ) ) ;
#3881 = CARTESIAN_POINT ( 'NONE',  ( 26.00000000000000000, 11.00000000000000000, -31.14999999999999858 ) ) ;
#3882 = ORIENTED_EDGE ( 'NONE', *, *, #10458, .T. ) ;
#3883 = ADVANCED_FACE ( 'NONE', ( #6330 ), #519, .T. ) ;
#3884 = DIRECTION ( 'NONE',  ( -0.7071067811865506814, 0.000000000000000000, 0.7071067811865443531 ) ) ;
#3885 = ADVANCED_FACE ( 'NONE', ( #7156 ), #456, .T. ) ;
#3886 = DIRECTION ( 'NONE',  ( 0.000000000000000000, -1.000000000000000000, 0.000000000000000000 ) ) ;
#3887 = EDGE_LOOP ( 'NONE', ( #7095, #8964 ) ) ;
#3888 = EDGE_CURVE ( 'NONE', #1017, #6040, #11171, .T. ) ;
#3889 = DIRECTION ( 'NONE',  ( 0.000000000000000000, 0.000000000000000000, 1.000000000000000000 ) ) ;
#3890 = LINE ( 'NONE', #9650, #1639 ) ;
#3891 = DIRECTION ( 'NONE',  ( 0.000000000000000000, 0.000000000000000000, -1.000000000000000000 ) ) ;
#3892 = DIRECTION ( 'NONE',  ( -0.7071067811865467956, 0.000000000000000000, -0.7071067811865483499 ) ) ;
#3893 = FACE_OUTER_BOUND ( 'NONE', #10371, .T. ) ;
#3894 = PLANE ( 'NONE',  #2402 ) ;
#3895 = CARTESIAN_POINT ( 'NONE',  ( 11.99999999999994849, 2.000000000000000000, -28.99999999999992895 ) ) ;
#3896 = ORIENTED_EDGE ( 'NONE', *, *, #7841, .F. ) ;
#3897 = ADVANCED_FACE ( 'NONE', ( #579 ), #2408, .T. ) ;
#3898 = LINE ( 'NONE', #8772, #9525 ) ;
#3899 = VERTEX_POINT ( 'NONE', #3363 ) ;
#3900 = ORIENTED_EDGE ( 'NONE', *, *, #11701, .T. ) ;
#3901 = PLANE ( 'NONE',  #5042 ) ;
#3902 = EDGE_CURVE ( 'NONE', #8613, #11649, #8171, .T. ) ;
#3903 = ORIENTED_EDGE ( 'NONE', *, *, #6281, .T. ) ;
#3904 = ORIENTED_EDGE ( 'NONE', *, *, #274, .T. ) ;
#3905 = CARTESIAN_POINT ( 'NONE',  ( 5.200000000000024158, 9.799999999999998934, -5.200000000000042810 ) ) ;
#3906 = FACE_OUTER_BOUND ( 'NONE', #3739, .T. ) ;
#3907 = CIRCLE ( 'NONE', #10983, 0.9999999999999974465 ) ;
#3908 = VERTEX_POINT ( 'NONE', #12043 ) ;
#3909 = CARTESIAN_POINT ( 'NONE',  ( 35.49999999999999289, 2.000000000000000000, -26.49999999999995737 ) ) ;
#3910 = VERTEX_POINT ( 'NONE', #7223 ) ;
#3911 = ORIENTED_EDGE ( 'NONE', *, *, #701, .T. ) ;
#3912 = CARTESIAN_POINT ( 'NONE',  ( 67.99999999999998579, 2.000000000000000000, -10.99999999999996803 ) ) ;
#3913 = DIRECTION ( 'NONE',  ( -0.000000000000000000, -1.000000000000000000, -0.000000000000000000 ) ) ;
#3914 = VECTOR ( 'NONE', #9556, 1000.000000000000000 ) ;
#3915 = ADVANCED_FACE ( 'NONE', ( #3427 ), #6274, .T. ) ;
#3916 = DIRECTION ( 'NONE',  ( 0.000000000000000000, 0.000000000000000000, 1.000000000000000000 ) ) ;
#3917 = ORIENTED_EDGE ( 'NONE', *, *, #7552, .T. ) ;
#3918 = ORIENTED_EDGE ( 'NONE', *, *, #5394, .T. ) ;
#3919 = CARTESIAN_POINT ( 'NONE',  ( 32.95096679918778193, 11.00000000000000000, -3.878679656440370493 ) ) ;
#3920 = DIRECTION ( 'NONE',  ( 0.000000000000000000, 0.000000000000000000, 1.000000000000000000 ) ) ;
#3921 = CARTESIAN_POINT ( 'NONE',  ( 44.50000000000000000, 11.00000000000000000, -34.49999999999994316 ) ) ;
#3922 = VERTEX_POINT ( 'NONE', #11226 ) ;
#3923 = AXIS2_PLACEMENT_3D ( 'NONE', #3114, #4073, #10729 ) ;
#3924 = CARTESIAN_POINT ( 'NONE',  ( 9.629881652306632883E-05, 9.799999999999998934, -1.005922452988877946 ) ) ;
#3925 = ORIENTED_EDGE ( 'NONE', *, *, #11357, .F. ) ;
#3926 = ORIENTED_EDGE ( 'NONE', *, *, #7575, .F. ) ;
#3927 = DIRECTION ( 'NONE',  ( 0.000000000000000000, 1.000000000000000000, 0.000000000000000000 ) ) ;
#3928 = CARTESIAN_POINT ( 'NONE',  ( 18.75619947568033652, 9.799999999999998934, -4.000059493681638045 ) ) ;
#3929 = ADVANCED_FACE ( 'NONE', ( #3486 ), #7295, .T. ) ;
#3930 = CARTESIAN_POINT ( 'NONE',  ( 25.63015151901658228, 9.799999999999998934, -41.30000000000000426 ) ) ;
#3931 = ADVANCED_FACE ( 'NONE', ( #2525 ), #6394, .F. ) ;
#3932 = EDGE_LOOP ( 'NONE', ( #11094, #9940 ) ) ;
#3933 = CYLINDRICAL_SURFACE ( 'NONE', #7664, 1.000000000000000888 ) ;
#3934 = CARTESIAN_POINT ( 'NONE',  ( 72.50000000000000000, 2.000000000000000000, -7.500000000000000000 ) ) ;
#3935 = AXIS2_PLACEMENT_3D ( 'NONE', #5989, #7760, #5925 ) ;
#3936 = DIRECTION ( 'NONE',  ( 0.000000000000000000, 0.000000000000000000, -1.000000000000000000 ) ) ;
#3937 = DIRECTION ( 'NONE',  ( 0.000000000000000000, 1.000000000000000000, -0.000000000000000000 ) ) ;
#3938 = APPROVAL_STATUS ( 'not_yet_approved' ) ;
#3939 = AXIS2_PLACEMENT_3D ( 'NONE', #12438, #11681, #156 ) ;
#3940 = DIRECTION ( 'NONE',  ( 0.000000000000000000, 1.000000000000000000, 0.000000000000000000 ) ) ;
#3941 = CARTESIAN_POINT ( 'NONE',  ( 63.49999999999992895, 11.00000000000000000, -34.49999999999992895 ) ) ;
#3942 = VERTEX_POINT ( 'NONE', #4820 ) ;
#3943 = CARTESIAN_POINT ( 'NONE',  ( 59.00000000000001421, 11.00000000000000000, -11.99999999999990230 ) ) ;
#3944 = DIRECTION ( 'NONE',  ( -0.000000000000000000, -1.000000000000000000, -0.000000000000000000 ) ) ;
#3945 = DIRECTION ( 'NONE',  ( -0.000000000000000000, -1.000000000000000000, -0.000000000000000000 ) ) ;
#3946 = ORIENTED_EDGE ( 'NONE', *, *, #11551, .F. ) ;
#3947 = DIRECTION ( 'NONE',  ( -1.000000000000000000, 0.000000000000000000, -2.011680777451463154E-16 ) ) ;
#3948 = DIRECTION ( 'NONE',  ( 0.000000000000000000, 1.000000000000000000, 0.000000000000000000 ) ) ;
#3949 = ADVANCED_FACE ( 'NONE', ( #4696 ), #5711, .T. ) ;
#3950 = CARTESIAN_POINT ( 'NONE',  ( 63.49999999999994316, 2.000000000000000000, -29.99999999999992539 ) ) ;
#3951 = AXIS2_PLACEMENT_3D ( 'NONE', #5466, #10095, #12119 ) ;
#3952 = LINE ( 'NONE', #3742, #6827 ) ;
#3953 = EDGE_CURVE ( 'NONE', #9477, #3085, #6426, .T. ) ;
#3954 = DIRECTION ( 'NONE',  ( 0.000000000000000000, 1.000000000000000000, 0.000000000000000000 ) ) ;
#3955 = AXIS2_PLACEMENT_3D ( 'NONE', #7717, #8606, #12232 ) ;
#3956 = CARTESIAN_POINT ( 'NONE',  ( 67.99999999999994316, 11.00000000000000000, -25.49999999999996092 ) ) ;
#3957 = CARTESIAN_POINT ( 'NONE',  ( 11.99999999999994849, 11.00000000000000000, -28.99999999999992895 ) ) ;
#3958 = ORIENTED_EDGE ( 'NONE', *, *, #11438, .F. ) ;
#3959 = DIRECTION ( 'NONE',  ( 0.000000000000000000, 0.000000000000000000, -1.000000000000000000 ) ) ;
#3960 = ORIENTED_EDGE ( 'NONE', *, *, #5311, .T. ) ;
#3961 = CARTESIAN_POINT ( 'NONE',  ( 67.99999999999990052, 2.000000000000000000, -38.99999999999995026 ) ) ;
#3962 = DIRECTION ( 'NONE',  ( 0.000000000000000000, 1.000000000000000000, 0.000000000000000000 ) ) ;
#3963 = VERTEX_POINT ( 'NONE', #7478 ) ;
#3964 = VERTEX_POINT ( 'NONE', #11473 ) ;
#3965 = EDGE_CURVE ( 'NONE', #4235, #9527, #8862, .T. ) ;
#3966 = DIRECTION ( 'NONE',  ( 0.000000000000000000, -0.000000000000000000, 1.000000000000000000 ) ) ;
#3967 = DIRECTION ( 'NONE',  ( 0.000000000000000000, 1.000000000000000000, 0.000000000000000000 ) ) ;
#3968 = EDGE_CURVE ( 'NONE', #6143, #6737, #9265, .T. ) ;
#3969 = EDGE_CURVE ( 'NONE', #9087, #8802, #4823, .T. ) ;
#3970 = ORIENTED_EDGE ( 'NONE', *, *, #10369, .F. ) ;
#3971 = LINE ( 'NONE', #7827, #5271 ) ;
#3972 = ORIENTED_EDGE ( 'NONE', *, *, #599, .T. ) ;
#3973 = EDGE_LOOP ( 'NONE', ( #10707, #11550 ) ) ;
#3974 = DIRECTION ( 'NONE',  ( -0.000000000000000000, -1.000000000000000000, -0.000000000000000000 ) ) ;
#3975 = CARTESIAN_POINT ( 'NONE',  ( 72.49999999999994316, 11.00000000000000000, -26.49999999999998934 ) ) ;
#3976 = PLANE ( 'NONE',  #5740 ) ;
#3977 = ORIENTED_EDGE ( 'NONE', *, *, #2542, .F. ) ;
#3978 = EDGE_LOOP ( 'NONE', ( #5216, #8675, #3284, #11243 ) ) ;
#3979 = LINE ( 'NONE', #6001, #9592 ) ;
#3980 = VECTOR ( 'NONE', #11611, 1000.000000000000000 ) ;
#3981 = DIRECTION ( 'NONE',  ( 0.000000000000000000, 1.000000000000000000, 0.000000000000000000 ) ) ;
#3982 = AXIS2_PLACEMENT_3D ( 'NONE', #2987, #2867, #9901 ) ;
#3983 = EDGE_CURVE ( 'NONE', #4938, #5417, #4610, .T. ) ;
#3984 = ORIENTED_EDGE ( 'NONE', *, *, #4861, .F. ) ;
#3985 = DIRECTION ( 'NONE',  ( 0.000000000000000000, 0.000000000000000000, -1.000000000000000000 ) ) ;
#3986 = ORIENTED_EDGE ( 'NONE', *, *, #1952, .F. ) ;
#3987 = ORIENTED_EDGE ( 'NONE', *, *, #4180, .F. ) ;
#3988 = CARTESIAN_POINT ( 'NONE',  ( -6.035042332354375410E-16, 9.799999999999998934, -2.999999999999992895 ) ) ;
#3989 = DIRECTION ( 'NONE',  ( 0.000000000000000000, 0.000000000000000000, 1.000000000000000000 ) ) ;
#3990 = DIRECTION ( 'NONE',  ( 0.000000000000000000, 1.000000000000000000, 0.000000000000000000 ) ) ;
#3991 = VERTEX_POINT ( 'NONE', #4755 ) ;
#3992 = CIRCLE ( 'NONE', #2979, 0.9999999999999974465 ) ;
#3993 = DIRECTION ( 'NONE',  ( -1.000000000000000000, 0.000000000000000000, 1.046998235667619153E-14 ) ) ;
#3994 = DIRECTION ( 'NONE',  ( -0.000000000000000000, 1.000000000000000000, -0.000000000000000000 ) ) ;
#3995 = DIRECTION ( 'NONE',  ( -0.000000000000000000, -1.000000000000000000, -0.000000000000000000 ) ) ;
#3996 = CARTESIAN_POINT ( 'NONE',  ( 11.99999999999998934, 11.00000000000000000, -17.49999999999992895 ) ) ;
#3997 = PERSON_AND_ORGANIZATION ( #8464, #3667 ) ;
#3998 = EDGE_CURVE ( 'NONE', #5588, #644, #12361, .T. ) ;
#3999 = ADVANCED_FACE ( 'NONE', ( #2662 ), #5771, .T. ) ;
#4000 = VECTOR ( 'NONE', #8763, 1000.000000000000000 ) ;
#4001 = DIRECTION ( 'NONE',  ( 0.000000000000000000, 1.000000000000000000, 0.000000000000000000 ) ) ;
#4002 = PLANE ( 'NONE',  #2828 ) ;
#4003 = ORIENTED_EDGE ( 'NONE', *, *, #573, .T. ) ;
#4004 = DIRECTION ( 'NONE',  ( 0.9999999954177064554, 0.000000000000000000, 9.573184870828367360E-05 ) ) ;
#4005 = DIRECTION ( 'NONE',  ( 0.000000000000000000, 0.000000000000000000, 1.000000000000000000 ) ) ;
#4006 = CARTESIAN_POINT ( 'NONE',  ( 27.36984848098349232, 9.799999999999998934, -8.299999999999991829 ) ) ;
#4007 = VERTEX_POINT ( 'NONE', #1723 ) ;
#4008 = AXIS2_PLACEMENT_3D ( 'NONE', #7933, #11806, #8855 ) ;
#4009 = CYLINDRICAL_SURFACE ( 'NONE', #1183, 1.000000000000000888 ) ;
#4010 = AXIS2_PLACEMENT_3D ( 'NONE', #10266, #8498, #11542 ) ;
#4011 = AXIS2_PLACEMENT_3D ( 'NONE', #1006, #9615, #7831 ) ;
#4012 = DIRECTION ( 'NONE',  ( 0.000000000000000000, 1.000000000000000000, 0.000000000000000000 ) ) ;
#4013 = CARTESIAN_POINT ( 'NONE',  ( 7.499999999999944045, 11.00000000000000000, -33.49999999999989342 ) ) ;
#4014 = CARTESIAN_POINT ( 'NONE',  ( 45.26776695296636177, 11.00000000000000000, -43.00553031655772429 ) ) ;
#4015 = AXIS2_PLACEMENT_3D ( 'NONE', #12362, #2976, #10838 ) ;
#4016 = CARTESIAN_POINT ( 'NONE',  ( 26.50000000000000000, 11.00000000000000000, -37.29999999999996874 ) ) ;
#4017 = AXIS2_PLACEMENT_3D ( 'NONE', #11255, #9413, #2558 ) ;
#4018 = CIRCLE ( 'NONE', #1187, 0.9999999999999974465 ) ;
#4019 = CARTESIAN_POINT ( 'NONE',  ( 67.99999999999992895, 11.00000000000000000, -29.99999999999995737 ) ) ;
#4020 = VERTEX_POINT ( 'NONE', #3875 ) ;
#4021 = DIRECTION ( 'NONE',  ( 0.000000000000000000, 0.000000000000000000, -1.000000000000000000 ) ) ;
#4022 = PLANE ( 'NONE',  #6288 ) ;
#4023 = ORIENTED_EDGE ( 'NONE', *, *, #7910, .T. ) ;
#4024 = CARTESIAN_POINT ( 'NONE',  ( 20.99999999999994316, 11.00000000000000000, -25.49999999999999289 ) ) ;
#4025 = EDGE_CURVE ( 'NONE', #1454, #3864, #5518, .T. ) ;
#4026 = EDGE_LOOP ( 'NONE', ( #4925, #9263 ) ) ;
#4027 = CARTESIAN_POINT ( 'NONE',  ( 16.49999999999993960, 2.000000000000000000, -29.99999999999995737 ) ) ;
#4028 = ORIENTED_EDGE ( 'NONE', *, *, #5470, .F. ) ;
#4029 = CYLINDRICAL_SURFACE ( 'NONE', #1909, 1.000000000000000888 ) ;
#4030 = DIRECTION ( 'NONE',  ( -0.000000000000000000, 0.000000000000000000, -1.000000000000000000 ) ) ;
#4031 = AXIS2_PLACEMENT_3D ( 'NONE', #7059, #9155, #12129 ) ;
#4032 = AXIS2_PLACEMENT_3D ( 'NONE', #578, #3426, #8040 ) ;
#4033 = AXIS2_PLACEMENT_3D ( 'NONE', #1239, #1111, #6033 ) ;
#4034 = EDGE_LOOP ( 'NONE', ( #366, #11523, #9688, #11118 ) ) ;
#4035 = VECTOR ( 'NONE', #11495, 1000.000000000000000 ) ;
#4036 = DIRECTION ( 'NONE',  ( 0.000000000000000000, 0.000000000000000000, 1.000000000000000000 ) ) ;
#4037 = AXIS2_PLACEMENT_3D ( 'NONE', #9006, #11984, #4372 ) ;
#4038 = AXIS2_PLACEMENT_3D ( 'NONE', #2559, #10237, #8327 ) ;
#4039 = AXIS2_PLACEMENT_3D ( 'NONE', #8350, #2586, #9380 ) ;
#4040 = EDGE_LOOP ( 'NONE', ( #2192, #5860 ) ) ;
#4041 = EDGE_LOOP ( 'NONE', ( #3204, #3850 ) ) ;
#4042 = FACE_OUTER_BOUND ( 'NONE', #10844, .T. ) ;
#4044 = EDGE_CURVE ( 'NONE', #4091, #11533, #8045, .T. ) ;
#4043 = DIRECTION ( 'NONE',  ( 0.000000000000000000, 1.000000000000000000, 0.000000000000000000 ) ) ;
#4045 = EDGE_CURVE ( 'NONE', #7272, #4976, #7539, .T. ) ;
#4046 = EDGE_LOOP ( 'NONE', ( #7723, #8405, #438, #10625 ) ) ;
#4047 = ORIENTED_EDGE ( 'NONE', *, *, #9258, .F. ) ;
#4048 = LINE ( 'NONE', #9680, #12034 ) ;
#4049 = EDGE_CURVE ( 'NONE', #8075, #10072, #9465, .T. ) ;
#4050 = DIRECTION ( 'NONE',  ( -1.000000000000000000, 0.000000000000000000, -3.352801296326884019E-17 ) ) ;
#4051 = AXIS2_PLACEMENT_3D ( 'NONE', #5259, #325, #3236 ) ;
#4052 = CIRCLE ( 'NONE', #3029, 0.9999999999999974465 ) ;
#4053 = AXIS2_PLACEMENT_3D ( 'NONE', #6715, #9770, #1915 ) ;
#4054 = ORIENTED_EDGE ( 'NONE', *, *, #7429, .F. ) ;
#4055 = CARTESIAN_POINT ( 'NONE',  ( 63.49999999999991473, 11.00000000000000000, -39.99999999999992184 ) ) ;
#4056 = ORIENTED_EDGE ( 'NONE', *, *, #12473, .T. ) ;
#4057 = ORIENTED_EDGE ( 'NONE', *, *, #3808, .F. ) ;
#4058 = CARTESIAN_POINT ( 'NONE',  ( 11.99999999999993427, 2.000000000000000000, -35.49999999999992895 ) ) ;
#4059 = DIRECTION ( 'NONE',  ( 0.000000000000000000, 0.000000000000000000, 1.000000000000000000 ) ) ;
#4060 = CIRCLE ( 'NONE', #7081, 1.700000000000000178 ) ;
#4061 = DIRECTION ( 'NONE',  ( -0.000000000000000000, 1.000000000000000000, -0.000000000000000000 ) ) ;
#4062 = AXIS2_PLACEMENT_3D ( 'NONE', #8635, #10353, #1679 ) ;
#4063 = ORIENTED_EDGE ( 'NONE', *, *, #11014, .T. ) ;
#4064 = CARTESIAN_POINT ( 'NONE',  ( 13.50000000000000000, 5.000000000000000000, 3.100000000000000089 ) ) ;
#4065 = DIRECTION ( 'NONE',  ( -0.000000000000000000, -1.000000000000000000, -0.000000000000000000 ) ) ;
#4066 = CARTESIAN_POINT ( 'NONE',  ( 31.50000000000000711, 2.000000000000000000, -34.49999999999997158 ) ) ;
#4067 = EDGE_CURVE ( 'NONE', #10267, #8570, #2185, .T. ) ;
#4068 = AXIS2_PLACEMENT_3D ( 'NONE', #9266, #7996, #5340 ) ;
#4069 = CYLINDRICAL_SURFACE ( 'NONE', #5334, 2.999999999999999112 ) ;
#4070 = VECTOR ( 'NONE', #1051, 999.9999999999998863 ) ;
#4071 = CARTESIAN_POINT ( 'NONE',  ( 16.49999999999999289, 11.00000000000000000, -11.99999999999996625 ) ) ;
#4072 = EDGE_LOOP ( 'NONE', ( #4328, #11571, #10443, #11966 ) ) ;
#4073 = DIRECTION ( 'NONE',  ( 0.000000000000000000, 1.000000000000000000, 0.000000000000000000 ) ) ;
#4074 = FACE_OUTER_BOUND ( 'NONE', #2293, .T. ) ;
#4075 = DIRECTION ( 'NONE',  ( 0.000000000000000000, 0.000000000000000000, 1.000000000000000000 ) ) ;
#4076 = VERTEX_POINT ( 'NONE', #8423 ) ;
#4077 = DIRECTION ( 'NONE',  ( 0.000000000000000000, -0.000000000000000000, 1.000000000000000000 ) ) ;
#4078 = EDGE_CURVE ( 'NONE', #5362, #4546, #6628, .T. ) ;
#4079 = VECTOR ( 'NONE', #11802, 1000.000000000000000 ) ;
#4080 = AXIS2_PLACEMENT_3D ( 'NONE', #1601, #3685, #3807 ) ;
#4081 = FACE_OUTER_BOUND ( 'NONE', #11462, .T. ) ;
#4082 = CARTESIAN_POINT ( 'NONE',  ( 35.49999999999999289, 11.00000000000000000, -15.49999999999996447 ) ) ;
#4083 = FACE_OUTER_BOUND ( 'NONE', #10313, .T. ) ;
#4084 = VERTEX_POINT ( 'NONE', #6585 ) ;
#4085 = CYLINDRICAL_SURFACE ( 'NONE', #4858, 2.500000000000000444 ) ;
#4086 = FACE_OUTER_BOUND ( 'NONE', #4198, .T. ) ;
#4087 = VECTOR ( 'NONE', #12236, 1000.000000000000000 ) ;
#4088 = ORIENTED_EDGE ( 'NONE', *, *, #5775, .F. ) ;
#4089 = DIRECTION ( 'NONE',  ( 0.000000000000000000, -0.000000000000000000, 1.000000000000000000 ) ) ;
#4090 = EDGE_CURVE ( 'NONE', #991, #11090, #5207, .T. ) ;
#4091 = VERTEX_POINT ( 'NONE', #3747 ) ;
#4092 = ORIENTED_EDGE ( 'NONE', *, *, #1013, .T. ) ;
#4093 = CARTESIAN_POINT ( 'NONE',  ( 35.49999999999999289, 11.00000000000000000, -29.99999999999996447 ) ) ;
#4094 = DIRECTION ( 'NONE',  ( 0.000000000000000000, -0.000000000000000000, 1.000000000000000000 ) ) ;
#4095 = EDGE_LOOP ( 'NONE', ( #10283, #10524 ) ) ;
#4096 = DIRECTION ( 'NONE',  ( 0.000000000000000000, 1.000000000000000000, 0.000000000000000000 ) ) ;
#4097 = ORIENTED_EDGE ( 'NONE', *, *, #4654, .F. ) ;
#4098 = VERTEX_POINT ( 'NONE', #7601 ) ;
#4099 = DIRECTION ( 'NONE',  ( 0.000000000000000000, 0.000000000000000000, 1.000000000000000000 ) ) ;
#4100 = DIRECTION ( 'NONE',  ( 0.000000000000000000, 0.000000000000000000, 1.000000000000000000 ) ) ;
#4101 = EDGE_LOOP ( 'NONE', ( #10911, #10232, #3564, #6358 ) ) ;
#4102 = VECTOR ( 'NONE', #2793, 1000.000000000000000 ) ;
#4103 = ORIENTED_EDGE ( 'NONE', *, *, #2673, .T. ) ;
#4104 = CARTESIAN_POINT ( 'NONE',  ( 44.50000000000000000, 11.00000000000000000, -34.49999999999994316 ) ) ;
#4105 = CARTESIAN_POINT ( 'NONE',  ( 57.00060966544094754, 9.799999999999998934, 22.99939033455901694 ) ) ;
#4106 = EDGE_CURVE ( 'NONE', #6680, #2567, #12292, .T. ) ;
#4107 = CIRCLE ( 'NONE', #7543, 1.000000000000000888 ) ;
#4108 = EDGE_CURVE ( 'NONE', #6185, #7460, #9134, .T. ) ;
#4109 = ORIENTED_EDGE ( 'NONE', *, *, #6350, .T. ) ;
#4110 = DIRECTION ( 'NONE',  ( 0.000000000000000000, 0.000000000000000000, -1.000000000000000000 ) ) ;
#4111 = ORIENTED_EDGE ( 'NONE', *, *, #10979, .T. ) ;
#4112 = VERTEX_POINT ( 'NONE', #11174 ) ;
#4113 = DIRECTION ( 'NONE',  ( -0.000000000000000000, 1.000000000000000000, -0.000000000000000000 ) ) ;
#4114 = CARTESIAN_POINT ( 'NONE',  ( 80.00000000000007105, 11.00000000000000000, -47.19999999999989626 ) ) ;
#4115 = DIRECTION ( 'NONE',  ( 0.7071067811865513475, 0.000000000000000000, 0.7071067811865435759 ) ) ;
#4116 = ORIENTED_EDGE ( 'NONE', *, *, #11978, .T. ) ;
#4117 = DIRECTION ( 'NONE',  ( 0.000000000000000000, 1.000000000000000000, 0.000000000000000000 ) ) ;
#4118 = FACE_BOUND ( 'NONE', #8757, .T. ) ;
#4119 = LINE ( 'NONE', #7281, #7648 ) ;
#4120 = EDGE_CURVE ( 'NONE', #9489, #10097, #333, .T. ) ;
#4121 = EDGE_CURVE ( 'NONE', #5709, #7595, #1185, .T. ) ;
#4122 = EDGE_CURVE ( 'NONE', #1328, #10275, #7101, .T. ) ;
#4123 = CARTESIAN_POINT ( 'NONE',  ( 12.00000000000000355, 2.000000000000000000, -11.99999999999993427 ) ) ;
#4124 = FACE_OUTER_BOUND ( 'NONE', #1955, .T. ) ;
#4125 = VECTOR ( 'NONE', #7775, 1000.000000000000000 ) ;
#4126 = ORIENTED_EDGE ( 'NONE', *, *, #11701, .F. ) ;
#4127 = DIRECTION ( 'NONE',  ( -0.000000000000000000, -1.000000000000000000, -0.000000000000000000 ) ) ;
#4128 = DIRECTION ( 'NONE',  ( -0.000000000000000000, -1.000000000000000000, -0.000000000000000000 ) ) ;
#4129 = DIRECTION ( 'NONE',  ( 0.000000000000000000, 1.000000000000000000, 0.000000000000000000 ) ) ;
#4130 = ORIENTED_EDGE ( 'NONE', *, *, #11005, .F. ) ;
#4131 = DIRECTION ( 'NONE',  ( 1.000000000000000000, 0.000000000000000000, 0.000000000000000000 ) ) ;
#4132 = DIRECTION ( 'NONE',  ( 0.000000000000000000, 0.000000000000000000, 1.000000000000000000 ) ) ;
#4133 = CARTESIAN_POINT ( 'NONE',  ( 35.49999999999999289, 2.000000000000000000, -30.99999999999996092 ) ) ;
#4134 = ADVANCED_FACE ( 'NONE', ( #2286 ), #10912, .F. ) ;
#4135 = VECTOR ( 'NONE', #3520, 1000.000000000000000 ) ;
#4136 = AXIS2_PLACEMENT_3D ( 'NONE', #10903, #12098, #9191 ) ;
#4137 = EDGE_CURVE ( 'NONE', #8786, #3354, #1985, .T. ) ;
#4138 = CARTESIAN_POINT ( 'NONE',  ( 16.49999999999997868, 11.00000000000000000, -15.49999999999996803 ) ) ;
#4139 = CARTESIAN_POINT ( 'NONE',  ( 24.99999999999999645, 11.00000000000000000, -32.14999999999999858 ) ) ;
#4140 = ORIENTED_EDGE ( 'NONE', *, *, #321, .F. ) ;
#4141 = CARTESIAN_POINT ( 'NONE',  ( 39.00000000000000000, 2.000000000000000000, -15.00000000000000000 ) ) ;
#4142 = CIRCLE ( 'NONE', #3737, 4.200000000000036593 ) ;
#4143 = ORIENTED_EDGE ( 'NONE', *, *, #8735, .F. ) ;
#4144 = LINE ( 'NONE', #3190, #9200 ) ;
#4145 = AXIS2_PLACEMENT_3D ( 'NONE', #1770, #946, #5628 ) ;
#4146 = ORIENTED_EDGE ( 'NONE', *, *, #5551, .T. ) ;
#4147 = EDGE_LOOP ( 'NONE', ( #3821, #299, #11595, #302 ) ) ;
#4148 = CARTESIAN_POINT ( 'NONE',  ( 55.73223304703363112, -0.002000000000000265454, -9.087362902255708974 ) ) ;
#4149 = DIRECTION ( 'NONE',  ( 0.7071067811865517916, 0.000000000000000000, 0.7071067811865433539 ) ) ;
#4150 = CIRCLE ( 'NONE', #8800, 0.9999999999999974465 ) ;
#4151 = ADVANCED_FACE ( 'NONE', ( #1538 ), #581, .T. ) ;
#4152 = ADVANCED_FACE ( 'NONE', ( #9196 ), #9962, .T. ) ;
#4153 = CARTESIAN_POINT ( 'NONE',  ( 3.443928191751364240E-14, 9.799999999999998934, -49.20000000000005969 ) ) ;
#4154 = ORIENTED_EDGE ( 'NONE', *, *, #6010, .F. ) ;
#4155 = DIRECTION ( 'NONE',  ( 0.000000000000000000, 1.000000000000000000, 0.000000000000000000 ) ) ;
#4156 = EDGE_LOOP ( 'NONE', ( #546, #3140, #9326, #2207 ) ) ;
#4157 = VERTEX_POINT ( 'NONE', #12105 ) ;
#4158 = CARTESIAN_POINT ( 'NONE',  ( 0.000000000000000000, 9.799999999999998934, -8.299999999999991829 ) ) ;
#4159 = FACE_OUTER_BOUND ( 'NONE', #8028, .T. ) ;
#4160 = ORIENTED_EDGE ( 'NONE', *, *, #9769, .F. ) ;
#4161 = VERTEX_POINT ( 'NONE', #5142 ) ;
#4162 = DIRECTION ( 'NONE',  ( 0.000000000000000000, 0.000000000000000000, 1.000000000000000000 ) ) ;
#4163 = LINE ( 'NONE', #4105, #12455 ) ;
#4164 = ORIENTED_EDGE ( 'NONE', *, *, #4671, .F. ) ;
#4165 = ORIENTED_EDGE ( 'NONE', *, *, #5966, .T. ) ;
#4166 = EDGE_LOOP ( 'NONE', ( #1690, #1906, #7406, #7123 ) ) ;
#4167 = CARTESIAN_POINT ( 'NONE',  ( 16.49999999999996447, 11.00000000000000000, -19.99999999999996447 ) ) ;
#4168 = LINE ( 'NONE', #2453, #7860 ) ;
#4169 = CIRCLE ( 'NONE', #4790, 0.9999999999999983347 ) ;
#4170 = DIRECTION ( 'NONE',  ( 0.000000000000000000, -0.000000000000000000, 1.000000000000000000 ) ) ;
#4171 = ORIENTED_EDGE ( 'NONE', *, *, #11536, .F. ) ;
#4172 = CIRCLE ( 'NONE', #10442, 1.000000000000000888 ) ;
#4173 = CARTESIAN_POINT ( 'NONE',  ( 48.49999999999999289, 2.000000000000000000, -25.49999999999992895 ) ) ;
#4174 = FACE_BOUND ( 'NONE', #12273, .T. ) ;
#4175 = DIRECTION ( 'NONE',  ( 0.000000000000000000, 0.000000000000000000, 1.000000000000000000 ) ) ;
#4176 = EDGE_CURVE ( 'NONE', #5923, #4731, #11492, .T. ) ;
#4177 = AXIS2_PLACEMENT_3D ( 'NONE', #8331, #7072, #10050 ) ;
#4178 = DIRECTION ( 'NONE',  ( 0.000000000000000000, -1.000000000000000000, 0.000000000000000000 ) ) ;
#4179 = VECTOR ( 'NONE', #11421, 1000.000000000000000 ) ;
#4180 = EDGE_CURVE ( 'NONE', #11659, #11609, #2229, .T. ) ;
#4181 = CARTESIAN_POINT ( 'NONE',  ( 62.52253967444167415, 9.799999999999998934, -48.32132034355966255 ) ) ;
#4182 = VERTEX_POINT ( 'NONE', #9009 ) ;
#4183 = ORIENTED_EDGE ( 'NONE', *, *, #2599, .F. ) ;
#4184 = CARTESIAN_POINT ( 'NONE',  ( 58.99999999999999289, 11.00000000000000000, -19.99999999999990408 ) ) ;
#4185 = DIRECTION ( 'NONE',  ( 0.000000000000000000, 0.000000000000000000, 1.000000000000000000 ) ) ;
#4186 = DIRECTION ( 'NONE',  ( -0.000000000000000000, -0.000000000000000000, 1.000000000000000000 ) ) ;
#4187 = CARTESIAN_POINT ( 'NONE',  ( 17.09999999999999432, 5.000000000000000000, 3.100000000000000089 ) ) ;
#4188 = VERTEX_POINT ( 'NONE', #10976 ) ;
#4189 = LINE ( 'NONE', #8044, #2580 ) ;
#4190 = EDGE_CURVE ( 'NONE', #5417, #11093, #4189, .T. ) ;
#4191 = DIRECTION ( 'NONE',  ( 0.000000000000000000, 1.000000000000000000, 0.000000000000000000 ) ) ;
#4192 = DIRECTION ( 'NONE',  ( 0.000000000000000000, 0.000000000000000000, 1.000000000000000000 ) ) ;
#4193 = EDGE_CURVE ( 'NONE', #9878, #426, #6217, .T. ) ;
#4194 = VECTOR ( 'NONE', #4392, 1000.000000000000000 ) ;
#4195 = CYLINDRICAL_SURFACE ( 'NONE', #3270, 0.9999999999999974465 ) ;
#4196 = CARTESIAN_POINT ( 'NONE',  ( 44.50000000000000000, 11.00000000000000000, -7.499999999999941380 ) ) ;
#4197 = CIRCLE ( 'NONE', #9055, 1.000000000000000888 ) ;
#4198 = EDGE_LOOP ( 'NONE', ( #1610, #444, #2058, #7724 ) ) ;
#4199 = DIRECTION ( 'NONE',  ( 0.000000000000000000, 0.000000000000000000, -1.000000000000000000 ) ) ;
#4200 = VERTEX_POINT ( 'NONE', #4375 ) ;
#4201 = CARTESIAN_POINT ( 'NONE',  ( 7.500000000000007105, 11.00000000000000000, -16.49999999999990408 ) ) ;
#4202 = DIRECTION ( 'NONE',  ( 0.000000000000000000, 1.000000000000000000, 0.000000000000000000 ) ) ;
#4203 = EDGE_LOOP ( 'NONE', ( #10177, #8934 ) ) ;
#4204 = DIRECTION ( 'NONE',  ( 0.000000000000000000, 1.000000000000000000, 0.000000000000000000 ) ) ;
#4205 = ORIENTED_EDGE ( 'NONE', *, *, #11461, .T. ) ;
#4206 = CARTESIAN_POINT ( 'NONE',  ( 3.000000000000002665, 11.00000000000000000, 0.000000000000000000 ) ) ;
#4207 = EDGE_CURVE ( 'NONE', #1017, #6642, #5421, .T. ) ;
#4208 = DIRECTION ( 'NONE',  ( 0.000000000000000000, 0.000000000000000000, 1.000000000000000000 ) ) ;
#4209 = AXIS2_PLACEMENT_3D ( 'NONE', #4569, #10395, #7660 ) ;
#4210 = AXIS2_PLACEMENT_3D ( 'NONE', #9046, #1389, #372 ) ;
#4211 = VECTOR ( 'NONE', #5893, 1000.000000000000000 ) ;
#4212 = LINE ( 'NONE', #4336, #4225 ) ;
#4213 = ORIENTED_EDGE ( 'NONE', *, *, #8522, .F. ) ;
#4214 = ORIENTED_EDGE ( 'NONE', *, *, #3109, .F. ) ;
#4215 = DIRECTION ( 'NONE',  ( 4.818676322157797621E-17, 0.000000000000000000, 1.000000000000000000 ) ) ;
#4216 = FACE_OUTER_BOUND ( 'NONE', #7113, .T. ) ;
#4217 = AXIS2_PLACEMENT_3D ( 'NONE', #3806, #3937, #2150 ) ;
#4218 = VECTOR ( 'NONE', #8140, 1000.000000000000000 ) ;
#4219 = ORIENTED_EDGE ( 'NONE', *, *, #6799, .F. ) ;
#4220 = ORIENTED_EDGE ( 'NONE', *, *, #2392, .T. ) ;
#4221 = VECTOR ( 'NONE', #2572, 1000.000000000000000 ) ;
#4222 = DIRECTION ( 'NONE',  ( 0.000000000000000000, -1.000000000000000000, 0.000000000000000000 ) ) ;
#4223 = EDGE_CURVE ( 'NONE', #9394, #108, #175, .T. ) ;
#4224 = LINE ( 'NONE', #8087, #2348 ) ;
#4225 = VECTOR ( 'NONE', #10939, 1000.000000000000000 ) ;
#4226 = VECTOR ( 'NONE', #8940, 1000.000000000000000 ) ;
#4227 = AXIS2_PLACEMENT_3D ( 'NONE', #11033, #2342, #6206 ) ;
#4228 = AXIS2_PLACEMENT_3D ( 'NONE', #1592, #10331, #897 ) ;
#4229 = ORIENTED_EDGE ( 'NONE', *, *, #2715, .T. ) ;
#4230 = ORIENTED_EDGE ( 'NONE', *, *, #8248, .F. ) ;
#4231 = VERTEX_POINT ( 'NONE', #11987 ) ;
#4232 = FACE_OUTER_BOUND ( 'NONE', #7476, .T. ) ;
#4233 = DIRECTION ( 'NONE',  ( -0.000000000000000000, -1.000000000000000000, -0.000000000000000000 ) ) ;
#4234 = DIRECTION ( 'NONE',  ( 0.000000000000000000, 0.000000000000000000, 1.000000000000000000 ) ) ;
#4235 = VERTEX_POINT ( 'NONE', #3306 ) ;
#4236 = DIRECTION ( 'NONE',  ( 0.000000000000000000, 0.000000000000000000, 1.000000000000000000 ) ) ;
#4237 = FACE_BOUND ( 'NONE', #5532, .T. ) ;
#4238 = CYLINDRICAL_SURFACE ( 'NONE', #7858, 0.9999999999999974465 ) ;
#4239 = EDGE_CURVE ( 'NONE', #5446, #6347, #7035, .T. ) ;
#4240 = AXIS2_PLACEMENT_3D ( 'NONE', #4019, #231, #4843 ) ;
#4241 = VECTOR ( 'NONE', #11458, 1000.000000000000000 ) ;
#4242 = AXIS2_PLACEMENT_3D ( 'NONE', #3126, #3185, #11686 ) ;
#4243 = AXIS2_PLACEMENT_3D ( 'NONE', #2156, #7149, #1468 ) ;
#4244 = CARTESIAN_POINT ( 'NONE',  ( 7.499999999999958256, 2.000000000000000000, -29.99999999999989342 ) ) ;
#4245 = AXIS2_PLACEMENT_3D ( 'NONE', #12499, #1803, #5786 ) ;
#4246 = FACE_OUTER_BOUND ( 'NONE', #7256, .T. ) ;
#4247 = EDGE_LOOP ( 'NONE', ( #5233, #4220 ) ) ;
#4248 = ORIENTED_EDGE ( 'NONE', *, *, #638, .F. ) ;
#4249 = DIRECTION ( 'NONE',  ( 0.000000000000000000, 1.000000000000000000, 0.000000000000000000 ) ) ;
#4250 = FACE_OUTER_BOUND ( 'NONE', #10495, .T. ) ;
#4251 = DIRECTION ( 'NONE',  ( 0.000000000000000000, -1.000000000000000000, 0.000000000000000000 ) ) ;
#4252 = ORIENTED_EDGE ( 'NONE', *, *, #3724, .T. ) ;
#4253 = DIRECTION ( 'NONE',  ( 0.000000000000000000, 1.000000000000000000, 0.000000000000000000 ) ) ;
#4254 = VECTOR ( 'NONE', #5777, 999.9999999999998863 ) ;
#4255 = DIRECTION ( 'NONE',  ( 0.000000000000000000, 0.000000000000000000, -1.000000000000000000 ) ) ;
#4256 = CARTESIAN_POINT ( 'NONE',  ( 35.49999999999999289, 11.00000000000000000, -29.99999999999996447 ) ) ;
#4257 = AXIS2_PLACEMENT_3D ( 'NONE', #9097, #12007, #3326 ) ;
#4258 = AXIS2_PLACEMENT_3D ( 'NONE', #12363, #7603, #9331 ) ;
#4259 = EDGE_CURVE ( 'NONE', #4731, #5923, #12090, .T. ) ;
#4260 = AXIS2_PLACEMENT_3D ( 'NONE', #9723, #230, #8708 ) ;
#4261 = ADVANCED_FACE ( 'NONE', ( #7540 ), #3748, .F. ) ;
#4262 = EDGE_CURVE ( 'NONE', #11047, #1376, #11228, .T. ) ;
#4263 = DIRECTION ( 'NONE',  ( 0.000000000000000000, 0.000000000000000000, 1.000000000000000000 ) ) ;
#4264 = CARTESIAN_POINT ( 'NONE',  ( 61.86511866750601030, 9.799999999999998934, -1.000000000000005551 ) ) ;
#4265 = ORIENTED_EDGE ( 'NONE', *, *, #3507, .F. ) ;
#4266 = CARTESIAN_POINT ( 'NONE',  ( 35.07228714274742032, 11.00000000000000000, -3.000000000000003109 ) ) ;
#4267 = EDGE_CURVE ( 'NONE', #803, #7045, #367, .T. ) ;
#4268 = VECTOR ( 'NONE', #987, 1000.000000000000000 ) ;
#4269 = SECURITY_CLASSIFICATION ( '', '', #9950 ) ;
#4270 = DIRECTION ( 'NONE',  ( -0.000000000000000000, 1.000000000000000000, -0.000000000000000000 ) ) ;
#4271 = DIRECTION ( 'NONE',  ( 0.000000000000000000, 0.000000000000000000, 1.000000000000000000 ) ) ;
#4272 = VERTEX_POINT ( 'NONE', #1598 ) ;
#4273 = DIRECTION ( 'NONE',  ( 0.000000000000000000, 1.000000000000000000, 0.000000000000000000 ) ) ;
#4274 = VERTEX_POINT ( 'NONE', #10268 ) ;
#4275 = LINE ( 'NONE', #4148, #9188 ) ;
#4276 = CARTESIAN_POINT ( 'NONE',  ( 30.51814099834517080, 2.000000000000000000, -38.81038749811947497 ) ) ;
#4277 = CIRCLE ( 'NONE', #9338, 0.9999999999999983347 ) ;
#4278 = EDGE_CURVE ( 'NONE', #3942, #1163, #186, .T. ) ;
#4279 = DIRECTION ( 'NONE',  ( 0.000000000000000000, -0.000000000000000000, 1.000000000000000000 ) ) ;
#4280 = EDGE_CURVE ( 'NONE', #11220, #2387, #846, .T. ) ;
#4281 = ORIENTED_EDGE ( 'NONE', *, *, #5998, .T. ) ;
#4282 = ORIENTED_EDGE ( 'NONE', *, *, #2521, .F. ) ;
#4283 = ORIENTED_EDGE ( 'NONE', *, *, #8373, .F. ) ;
#4284 = DIRECTION ( 'NONE',  ( -0.000000000000000000, 1.000000000000000000, -0.000000000000000000 ) ) ;
#4285 = CARTESIAN_POINT ( 'NONE',  ( 44.50000000000000000, 11.00000000000000000, -7.499999999999941380 ) ) ;
#4286 = ORIENTED_EDGE ( 'NONE', *, *, #8050, .T. ) ;
#4287 = ORIENTED_EDGE ( 'NONE', *, *, #6838, .T. ) ;
#4288 = CARTESIAN_POINT ( 'NONE',  ( 31.50000000000000711, 11.00000000000000000, -21.99999999999996803 ) ) ;
#4289 = LINE ( 'NONE', #9107, #8840 ) ;
#4290 = EDGE_CURVE ( 'NONE', #2539, #7795, #7355, .T. ) ;
#4291 = ORIENTED_EDGE ( 'NONE', *, *, #10591, .T. ) ;
#4292 = ORIENTED_EDGE ( 'NONE', *, *, #7234, .T. ) ;
#4293 = ORIENTED_EDGE ( 'NONE', *, *, #256, .F. ) ;
#4294 = CARTESIAN_POINT ( 'NONE',  ( 63.50000000000002842, 2.000000000000000000, -8.499999999999934275 ) ) ;
#4295 = CYLINDRICAL_SURFACE ( 'NONE', #2381, 1.000000000000000888 ) ;
#4296 = FACE_OUTER_BOUND ( 'NONE', #3630, .T. ) ;
#4297 = EDGE_LOOP ( 'NONE', ( #7203, #3562, #4885, #11099 ) ) ;
#4298 = CARTESIAN_POINT ( 'NONE',  ( 31.50000000000000711, 11.00000000000000000, -29.99999999999997158 ) ) ;
#4299 = FACE_BOUND ( 'NONE', #5357, .T. ) ;
#4300 = DIRECTION ( 'NONE',  ( 1.000000000000000000, 0.000000000000000000, -1.527636139592259900E-15 ) ) ;
#4301 = PERSON_AND_ORGANIZATION_ROLE ( 'classification_officer' ) ;
#4302 = VECTOR ( 'NONE', #577, 1000.000000000000000 ) ;
#4303 = EDGE_CURVE ( 'NONE', #6347, #8389, #12230, .T. ) ;
#4304 = EDGE_LOOP ( 'NONE', ( #5619, #7704 ) ) ;
#4305 = CARTESIAN_POINT ( 'NONE',  ( 44.50000000000000000, 2.000000000000000000, -37.99999999999995026 ) ) ;
#4306 = ADVANCED_FACE ( 'NONE', ( #8556 ), #2594, .T. ) ;
#4307 = DIRECTION ( 'NONE',  ( -0.000000000000000000, -1.000000000000000000, -0.000000000000000000 ) ) ;
#4308 = ORIENTED_EDGE ( 'NONE', *, *, #8877, .F. ) ;
#4309 = ORIENTED_EDGE ( 'NONE', *, *, #1169, .T. ) ;
#4310 = CARTESIAN_POINT ( 'NONE',  ( 11.99999999999996270, 11.00000000000000000, -26.49999999999992539 ) ) ;
#4311 = LINE ( 'NONE', #10905, #2651 ) ;
#4312 = CARTESIAN_POINT ( 'NONE',  ( 67.49999999999998579, 5.000000000000000000, 3.100000000000000977 ) ) ;
#4313 = DIRECTION ( 'NONE',  ( -0.000000000000000000, -1.000000000000000000, -0.000000000000000000 ) ) ;
#4314 = ORIENTED_EDGE ( 'NONE', *, *, #4652, .T. ) ;
#4315 = AXIS2_PLACEMENT_3D ( 'NONE', #1135, #9210, #4271 ) ;
#4316 = DIRECTION ( 'NONE',  ( -0.000000000000000000, -1.000000000000000000, -0.000000000000000000 ) ) ;
#4317 = CARTESIAN_POINT ( 'NONE',  ( 63.49999999999991473, 11.00000000000000000, -38.99999999999992184 ) ) ;
#4318 = DIRECTION ( 'NONE',  ( 0.000000000000000000, -1.000000000000000000, -0.000000000000000000 ) ) ;
#4319 = CIRCLE ( 'NONE', #5745, 1.699999999999993072 ) ;
#4320 = DIRECTION ( 'NONE',  ( 0.000000000000000000, -0.000000000000000000, 1.000000000000000000 ) ) ;
#4321 = DIRECTION ( 'NONE',  ( 0.000000000000000000, 0.000000000000000000, 1.000000000000000000 ) ) ;
#4322 = ORIENTED_EDGE ( 'NONE', *, *, #6116, .T. ) ;
#4323 = CARTESIAN_POINT ( 'NONE',  ( 20.99999999999994316, 11.00000000000000000, -25.49999999999999289 ) ) ;
#4324 = DIRECTION ( 'NONE',  ( 0.000000000000000000, 1.000000000000000000, 0.000000000000000000 ) ) ;
#4325 = EDGE_CURVE ( 'NONE', #8802, #9087, #10457, .T. ) ;
#4326 = CARTESIAN_POINT ( 'NONE',  ( 16.49999999999997868, 11.00000000000000000, -16.49999999999996447 ) ) ;
#4327 = CARTESIAN_POINT ( 'NONE',  ( 35.49999999999999289, 11.00000000000000000, -34.49999999999996447 ) ) ;
#4328 = ORIENTED_EDGE ( 'NONE', *, *, #8530, .F. ) ;
#4329 = DIRECTION ( 'NONE',  ( 0.000000000000000000, -0.000000000000000000, 1.000000000000000000 ) ) ;
#4330 = ORIENTED_EDGE ( 'NONE', *, *, #1663, .F. ) ;
#4331 = CARTESIAN_POINT ( 'NONE',  ( 26.00000000000000000, 11.00000000000000000, -31.14999999999999858 ) ) ;
#4332 = AXIS2_PLACEMENT_3D ( 'NONE', #6557, #11259, #8529 ) ;
#4333 = ADVANCED_FACE ( 'NONE', ( #5712 ), #2788, .T. ) ;
#4334 = CARTESIAN_POINT ( 'NONE',  ( 16.00553031655771363, 1.999999999999998224, -45.26776695296637598 ) ) ;
#4335 = PRODUCT_RELATED_PRODUCT_CATEGORY ( 'detail', '', ( #5631 ) ) ;
#4336 = CARTESIAN_POINT ( 'NONE',  ( 59.95088259632437655, 9.799999999999998934, -3.878763859303826500 ) ) ;
#4337 = CIRCLE ( 'NONE', #11640, 1.000000000000000888 ) ;
#4338 = DIRECTION ( 'NONE',  ( 0.000000000000000000, 0.000000000000000000, -1.000000000000000000 ) ) ;
#4339 = VERTEX_POINT ( 'NONE', #1784 ) ;
#4340 = CARTESIAN_POINT ( 'NONE',  ( 31.50000000000000711, 2.000000000000000000, -20.99999999999997158 ) ) ;
#4341 = ADVANCED_FACE ( 'NONE', ( #2663 ), #12170, .T. ) ;
#4342 = EDGE_LOOP ( 'NONE', ( #6506, #11195, #457, #11217 ) ) ;
#4343 = ORIENTED_EDGE ( 'NONE', *, *, #10994, .F. ) ;
#4344 = DIRECTION ( 'NONE',  ( -0.000000000000000000, -1.000000000000000000, -0.000000000000000000 ) ) ;
#4345 = DIRECTION ( 'NONE',  ( -0.000000000000000000, -1.000000000000000000, -0.000000000000000000 ) ) ;
#4346 = EDGE_LOOP ( 'NONE', ( #1298, #1055, #12220, #3200 ) ) ;
#4347 = ORIENTED_EDGE ( 'NONE', *, *, #6122, .F. ) ;
#4348 = DIRECTION ( 'NONE',  ( 0.000000000000000000, 0.000000000000000000, 1.000000000000000000 ) ) ;
#4349 = EDGE_CURVE ( 'NONE', #12085, #12014, #6524, .T. ) ;
#4350 = CARTESIAN_POINT ( 'NONE',  ( 21.58517677218592468, 9.799999999999998934, 21.58517677218592468 ) ) ;
#4351 = AXIS2_PLACEMENT_3D ( 'NONE', #6855, #5724, #9590 ) ;
#4352 = CIRCLE ( 'NONE', #3715, 2.999999999999996447 ) ;
#4353 = EDGE_CURVE ( 'NONE', #1865, #3991, #2527, .T. ) ;
#4354 = VERTEX_POINT ( 'NONE', #653 ) ;
#4355 = VERTEX_POINT ( 'NONE', #5576 ) ;
#4356 = CARTESIAN_POINT ( 'NONE',  ( 72.49999999999994316, 11.00000000000000000, -25.49999999999999289 ) ) ;
#4357 = CARTESIAN_POINT ( 'NONE',  ( 54.28700576850885540, 9.799999999999998934, -41.50000000000000711 ) ) ;
#4358 = CYLINDRICAL_SURFACE ( 'NONE', #8149, 0.9999999999999974465 ) ;
#4359 = ORIENTED_EDGE ( 'NONE', *, *, #12186, .F. ) ;
#4360 = DIRECTION ( 'NONE',  ( 0.000000000000000000, -0.000000000000000000, 1.000000000000000000 ) ) ;
#4361 = FACE_BOUND ( 'NONE', #9819, .T. ) ;
#4362 = FACE_OUTER_BOUND ( 'NONE', #1818, .T. ) ;
#4363 = EDGE_CURVE ( 'NONE', #10788, #5511, #4508, .T. ) ;
#4364 = EDGE_LOOP ( 'NONE', ( #10506, #3911 ) ) ;
#4365 = CARTESIAN_POINT ( 'NONE',  ( 57.00060966544094754, 9.799999999999998934, 22.99939033455901694 ) ) ;
#4366 = VECTOR ( 'NONE', #8547, 1000.000000000000114 ) ;
#4367 = DIRECTION ( 'NONE',  ( 0.000000000000000000, 0.000000000000000000, 1.000000000000000000 ) ) ;
#4368 = ORIENTED_EDGE ( 'NONE', *, *, #8118, .T. ) ;
#4369 = ORIENTED_EDGE ( 'NONE', *, *, #11045, .T. ) ;
#4370 = DIRECTION ( 'NONE',  ( -0.000000000000000000, -1.000000000000000000, -0.000000000000000000 ) ) ;
#4371 = DIRECTION ( 'NONE',  ( -0.000000000000000000, -1.000000000000000000, -0.000000000000000000 ) ) ;
#4372 = DIRECTION ( 'NONE',  ( 0.000000000000000000, -0.000000000000000000, 1.000000000000000000 ) ) ;
#4373 = DIRECTION ( 'NONE',  ( -9.573184870828367360E-05, 0.000000000000000000, -0.9999999954177065664 ) ) ;
#4374 = ORIENTED_EDGE ( 'NONE', *, *, #6583, .F. ) ;
#4375 = CARTESIAN_POINT ( 'NONE',  ( 20.99999999999998224, 2.000000000000000000, -11.00000000000000000 ) ) ;
#4376 = LINE ( 'NONE', #3246, #4673 ) ;
#4377 = CARTESIAN_POINT ( 'NONE',  ( 74.79999999999998295, 9.799999999999998934, -1.000000000000005995 ) ) ;
#4378 = ADVANCED_FACE ( 'NONE', ( #5519 ), #712, .T. ) ;
#4379 = ADVANCED_FACE ( 'NONE', ( #4629 ), #8499, .T. ) ;
#4380 = CARTESIAN_POINT ( 'NONE',  ( 14.52771285725248873, 11.00000000000000000, -44.19999999999999574 ) ) ;
#4381 = DIRECTION ( 'NONE',  ( -0.7071067811865474617, 0.000000000000000000, -0.7071067811865474617 ) ) ;
#4382 = ORIENTED_EDGE ( 'NONE', *, *, #2778, .F. ) ;
#4383 = CARTESIAN_POINT ( 'NONE',  ( 7.500000000000020428, 2.000000000000000000, -10.99999999999990585 ) ) ;
#4384 = CARTESIAN_POINT ( 'NONE',  ( 0.000000000000000000, 11.00000000000000000, 0.000000000000000000 ) ) ;
#4385 = DIRECTION ( 'NONE',  ( -0.000000000000000000, -1.000000000000000000, -0.000000000000000000 ) ) ;
#4386 = ORIENTED_EDGE ( 'NONE', *, *, #1947, .T. ) ;
#4387 = CARTESIAN_POINT ( 'NONE',  ( 11.99999999999992006, 2.000000000000000000, -38.99999999999992184 ) ) ;
#4388 = EDGE_LOOP ( 'NONE', ( #575, #1678 ) ) ;
#4389 = CARTESIAN_POINT ( 'NONE',  ( 25.63015151901650768, 9.799999999999998934, -5.499999999999992895 ) ) ;
#4390 = CIRCLE ( 'NONE', #11069, 0.9999999999999974465 ) ;
#4391 = EDGE_CURVE ( 'NONE', #7460, #8785, #5842, .T. ) ;
#4392 = DIRECTION ( 'NONE',  ( -0.000000000000000000, 1.000000000000000000, -0.000000000000000000 ) ) ;
#4393 = AXIS2_PLACEMENT_3D ( 'NONE', #154, #10734, #3947 ) ;
#4394 = CARTESIAN_POINT ( 'NONE',  ( 11.99999999999994849, 11.00000000000000000, -29.99999999999992539 ) ) ;
#4395 = LINE ( 'NONE', #610, #12128 ) ;
#4396 = EDGE_LOOP ( 'NONE', ( #8477, #9401 ) ) ;
#4397 = EDGE_CURVE ( 'NONE', #4976, #9982, #3401, .T. ) ;
#4398 = PLANE ( 'NONE',  #8291 ) ;
#4399 = ORIENTED_EDGE ( 'NONE', *, *, #9610, .F. ) ;
#4400 = EDGE_LOOP ( 'NONE', ( #5021, #11451 ) ) ;
#4401 = CARTESIAN_POINT ( 'NONE',  ( 44.50000000000000000, 11.00000000000000000, -6.499999999999943157 ) ) ;
#4402 = CARTESIAN_POINT ( 'NONE',  ( 67.99999999999998579, 11.00000000000000000, -10.99999999999996803 ) ) ;
#4403 = ORIENTED_EDGE ( 'NONE', *, *, #1569, .F. ) ;
#4404 = ORIENTED_EDGE ( 'NONE', *, *, #11105, .F. ) ;
#4405 = DIRECTION ( 'NONE',  ( 0.000000000000000000, 0.000000000000000000, 1.000000000000000000 ) ) ;
#4406 = CARTESIAN_POINT ( 'NONE',  ( 11.99999999999994849, 11.00000000000000000, -30.99999999999992184 ) ) ;
#4407 = AXIS2_PLACEMENT_3D ( 'NONE', #12421, #772, #10455 ) ;
#4408 = CIRCLE ( 'NONE', #3810, 3.000000000000002665 ) ;
#4409 = AXIS2_PLACEMENT_3D ( 'NONE', #4357, #8988, #7080 ) ;
#4410 = ADVANCED_FACE ( 'NONE', ( #7790 ), #6017, .T. ) ;
#4411 = EDGE_CURVE ( 'NONE', #7204, #11456, #1155, .T. ) ;
#4412 = VERTEX_POINT ( 'NONE', #10589 ) ;
#4413 = ADVANCED_FACE ( 'NONE', ( #6837 ), #10717, .T. ) ;
#4414 = VECTOR ( 'NONE', #1724, 1000.000000000000000 ) ;
#4415 = AXIS2_PLACEMENT_3D ( 'NONE', #7869, #4129, #4075 ) ;
#4416 = VECTOR ( 'NONE', #4928, 1000.000000000000000 ) ;
#4417 = EDGE_LOOP ( 'NONE', ( #2526, #10352, #10902, #10969 ) ) ;
#4418 = VERTEX_POINT ( 'NONE', #3996 ) ;
#4419 = CARTESIAN_POINT ( 'NONE',  ( 40.99999999999999289, 11.00000000000000000, -41.23776336359134831 ) ) ;
#4420 = FACE_OUTER_BOUND ( 'NONE', #3978, .T. ) ;
#4421 = EDGE_CURVE ( 'NONE', #1990, #8197, #5632, .T. ) ;
#4422 = LINE ( 'NONE', #7396, #10383 ) ;
#4423 = ORIENTED_EDGE ( 'NONE', *, *, #2760, .F. ) ;
#4424 = DIRECTION ( 'NONE',  ( 0.000000000000000000, 0.000000000000000000, 1.000000000000000000 ) ) ;
#4425 = FACE_BOUND ( 'NONE', #3006, .T. ) ;
#4426 = CARTESIAN_POINT ( 'NONE',  ( 31.50000000000000711, 11.00000000000000000, -29.99999999999997158 ) ) ;
#4427 = AXIS2_PLACEMENT_3D ( 'NONE', #11274, #3671, #4615 ) ;
#4428 = CIRCLE ( 'NONE', #1206, 0.9999999999999974465 ) ;
#4429 = EDGE_CURVE ( 'NONE', #5737, #5488, #11730, .T. ) ;
#4430 = AXIS2_PLACEMENT_3D ( 'NONE', #8041, #4851, #12449 ) ;
#4431 = AXIS2_PLACEMENT_3D ( 'NONE', #6676, #11312, #3702 ) ;
#4432 = ORIENTED_EDGE ( 'NONE', *, *, #3100, .T. ) ;
#4433 = CARTESIAN_POINT ( 'NONE',  ( 44.50000000000000000, 2.000000000000000000, -16.49999999999994316 ) ) ;
#4434 = EDGE_LOOP ( 'NONE', ( #7787, #9972, #4638, #1270 ) ) ;
#4435 = VERTEX_POINT ( 'NONE', #5899 ) ;
#4436 = DIRECTION ( 'NONE',  ( 0.000000000000000000, 1.000000000000000000, -0.000000000000000000 ) ) ;
#4437 = EDGE_CURVE ( 'NONE', #3922, #3790, #12298, .T. ) ;
#4438 = FACE_OUTER_BOUND ( 'NONE', #4602, .T. ) ;
#4439 = CIRCLE ( 'NONE', #818, 0.9999999999999974465 ) ;
#4440 = EDGE_LOOP ( 'NONE', ( #6724, #10970, #9793, #1039 ) ) ;
#4441 = CARTESIAN_POINT ( 'NONE',  ( 79.99999999999992895, 9.799999999999998934, -6.300000000000552269 ) ) ;
#4442 = CARTESIAN_POINT ( 'NONE',  ( 48.49999999999999289, 11.00000000000000000, -20.99999999999992895 ) ) ;
#4443 = VERTEX_POINT ( 'NONE', #7662 ) ;
#4444 = CARTESIAN_POINT ( 'NONE',  ( 79.00000000000000000, 9.799999999999998934, -44.89029455227312582 ) ) ;
#4445 = FACE_OUTER_BOUND ( 'NONE', #12451, .T. ) ;
#4446 = CARTESIAN_POINT ( 'NONE',  ( 44.50000000000000000, 11.00000000000000000, -25.49999999999993960 ) ) ;
#4447 = CIRCLE ( 'NONE', #11131, 1.000000000000000888 ) ;
#4448 = CIRCLE ( 'NONE', #9721, 0.9999999999999974465 ) ;
#4449 = DIRECTION ( 'NONE',  ( -0.000000000000000000, -1.000000000000000000, -0.000000000000000000 ) ) ;
#4450 = LINE ( 'NONE', #3496, #6874 ) ;
#4451 = ORIENTED_EDGE ( 'NONE', *, *, #2136, .T. ) ;
#4452 = DIRECTION ( 'NONE',  ( 1.000000000000000000, 0.000000000000000000, -4.818676322157797621E-17 ) ) ;
#4453 = EDGE_CURVE ( 'NONE', #5044, #1376, #4616, .T. ) ;
#4454 = DIRECTION ( 'NONE',  ( 0.000000000000000000, 0.000000000000000000, -1.000000000000000000 ) ) ;
#4455 = CARTESIAN_POINT ( 'NONE',  ( 61.85512985522206009, 2.000000000000000000, -6.500000000000003553 ) ) ;
#4456 = CARTESIAN_POINT ( 'NONE',  ( 57.81335136523794915, 1.999999999999998224, -39.08664863476203521 ) ) ;
#4457 = VECTOR ( 'NONE', #10566, 1000.000000000000000 ) ;
#4458 = AXIS2_PLACEMENT_3D ( 'NONE', #2789, #5578, #5520 ) ;
#4459 = ORIENTED_EDGE ( 'NONE', *, *, #8160, .T. ) ;
#4460 = DIRECTION ( 'NONE',  ( -0.000000000000000000, -1.000000000000000000, -0.000000000000000000 ) ) ;
#4461 = ORIENTED_EDGE ( 'NONE', *, *, #1115, .T. ) ;
#4462 = DIRECTION ( 'NONE',  ( 0.000000000000000000, -1.000000000000000000, 0.000000000000000000 ) ) ;
#4463 = LINE ( 'NONE', #3637, #5405 ) ;
#4464 = AXIS2_PLACEMENT_3D ( 'NONE', #1811, #9353, #8387 ) ;
#4465 = CIRCLE ( 'NONE', #1453, 0.9999999999999974465 ) ;
#4466 = FACE_OUTER_BOUND ( 'NONE', #1301, .T. ) ;
#4467 = DIRECTION ( 'NONE',  ( -0.000000000000000000, 1.000000000000000000, -0.000000000000000000 ) ) ;
#4468 = EDGE_CURVE ( 'NONE', #8333, #3991, #6840, .T. ) ;
#4469 = ORIENTED_EDGE ( 'NONE', *, *, #11641, .T. ) ;
#4470 = EDGE_CURVE ( 'NONE', #8457, #3243, #2997, .T. ) ;
#4471 = ORIENTED_EDGE ( 'NONE', *, *, #3755, .F. ) ;
#4472 = ORIENTED_EDGE ( 'NONE', *, *, #2643, .F. ) ;
#4473 = CARTESIAN_POINT ( 'NONE',  ( 0.000000000000000000, 11.00000000000000000, -49.20000000000000284 ) ) ;
#4474 = CARTESIAN_POINT ( 'NONE',  ( 26.50000000000000000, 11.00000000000000000, -43.39999999999999858 ) ) ;
#4475 = ORIENTED_EDGE ( 'NONE', *, *, #7857, .F. ) ;
#4476 = VERTEX_POINT ( 'NONE', #6962 ) ;
#4477 = DIRECTION ( 'NONE',  ( -0.000000000000000000, -1.000000000000000000, 0.000000000000000000 ) ) ;
#4478 = AXIS2_PLACEMENT_3D ( 'NONE', #11983, #3301, #7154 ) ;
#4479 = DIRECTION ( 'NONE',  ( 0.000000000000000000, 0.000000000000000000, 1.000000000000000000 ) ) ;
#4480 = AXIS2_PLACEMENT_3D ( 'NONE', #5395, #7105, #8120 ) ;
#4481 = AXIS2_PLACEMENT_3D ( 'NONE', #11466, #8491, #3741 ) ;
#4482 = ORIENTED_EDGE ( 'NONE', *, *, #1721, .F. ) ;
#4483 = ORIENTED_EDGE ( 'NONE', *, *, #4653, .T. ) ;
#4484 = ORIENTED_EDGE ( 'NONE', *, *, #3968, .T. ) ;
#4485 = VERTEX_POINT ( 'NONE', #9636 ) ;
#4486 = CARTESIAN_POINT ( 'NONE',  ( 28.73223304703364533, 11.00000000000000000, -9.087362902255675223 ) ) ;
#4487 = DIRECTION ( 'NONE',  ( 0.000000000000000000, 0.000000000000000000, 1.000000000000000000 ) ) ;
#4488 = DIRECTION ( 'NONE',  ( 0.000000000000000000, 0.000000000000000000, 1.000000000000000000 ) ) ;
#4489 = ORIENTED_EDGE ( 'NONE', *, *, #3998, .F. ) ;
#4490 = ADVANCED_FACE ( 'NONE', ( #8812 ), #7855, .F. ) ;
#4491 = DIRECTION ( 'NONE',  ( 1.000000000000000000, 0.000000000000000000, -4.408413623863775552E-15 ) ) ;
#4492 = FACE_BOUND ( 'NONE', #10140, .T. ) ;
#4493 = DIRECTION ( 'NONE',  ( 0.000000000000000000, 0.000000000000000000, -1.000000000000000000 ) ) ;
#4494 = EDGE_CURVE ( 'NONE', #10813, #680, #1384, .T. ) ;
#4495 = EDGE_CURVE ( 'NONE', #9816, #1345, #1968, .T. ) ;
#4496 = ORIENTED_EDGE ( 'NONE', *, *, #12349, .F. ) ;
#4497 = CARTESIAN_POINT ( 'NONE',  ( 52.00000000000000000, 11.00000000000000000, -31.14999999999999858 ) ) ;
#4498 = ORIENTED_EDGE ( 'NONE', *, *, #3331, .T. ) ;
#4499 = ORIENTED_EDGE ( 'NONE', *, *, #3053, .T. ) ;
#4500 = DIRECTION ( 'NONE',  ( 0.000000000000000000, 0.000000000000000000, 1.000000000000000000 ) ) ;
#4501 = CARTESIAN_POINT ( 'NONE',  ( 20.99999999999995737, 2.000000000000000000, -21.99999999999999289 ) ) ;
#4502 = DIRECTION ( 'NONE',  ( 0.000000000000000000, 0.000000000000000000, -1.000000000000000000 ) ) ;
#4503 = ORIENTED_EDGE ( 'NONE', *, *, #8249, .F. ) ;
#4504 = EDGE_CURVE ( 'NONE', #10612, #11702, #1031, .T. ) ;
#4505 = DIRECTION ( 'NONE',  ( 0.000000000000000000, 0.000000000000000000, 1.000000000000000000 ) ) ;
#4506 = DIRECTION ( 'NONE',  ( -0.000000000000000000, -1.000000000000000000, -0.000000000000000000 ) ) ;
#4507 = VERTEX_POINT ( 'NONE', #77 ) ;
#4508 = LINE ( 'NONE', #1668, #583 ) ;
#4509 = CARTESIAN_POINT ( 'NONE',  ( 32.12253967444160452, 9.799999999999998934, -1.878679656440361612 ) ) ;
#4510 = DIRECTION ( 'NONE',  ( 0.000000000000000000, 0.000000000000000000, -1.000000000000000000 ) ) ;
#4511 = VECTOR ( 'NONE', #3041, 1000.000000000000000 ) ;
#4512 = EDGE_CURVE ( 'NONE', #257, #3776, #10781, .T. ) ;
#4513 = EDGE_CURVE ( 'NONE', #4585, #4854, #208, .T. ) ;
#4514 = CARTESIAN_POINT ( 'NONE',  ( 35.49999999999999289, 11.00000000000000000, -26.49999999999995737 ) ) ;
#4515 = DIRECTION ( 'NONE',  ( 0.000000000000000000, 1.000000000000000000, -0.000000000000000000 ) ) ;
#4516 = VERTEX_POINT ( 'NONE', #1278 ) ;
#4517 = VECTOR ( 'NONE', #2784, 1000.000000000000000 ) ;
#4518 = DIRECTION ( 'NONE',  ( 0.000000000000000000, 0.000000000000000000, 1.000000000000000000 ) ) ;
#4519 = DIRECTION ( 'NONE',  ( 0.000000000000000000, 0.000000000000000000, -1.000000000000000000 ) ) ;
#4520 = DIRECTION ( 'NONE',  ( -0.000000000000000000, 1.000000000000000000, 0.000000000000000000 ) ) ;
#4521 = DIRECTION ( 'NONE',  ( 0.000000000000000000, 1.000000000000000000, 0.000000000000000000 ) ) ;
#4522 = VERTEX_POINT ( 'NONE', #11975 ) ;
#4523 = FACE_OUTER_BOUND ( 'NONE', #3144, .T. ) ;
#4524 = ORIENTED_EDGE ( 'NONE', *, *, #8095, .F. ) ;
#4525 = FACE_OUTER_BOUND ( 'NONE', #959, .T. ) ;
#4526 = EDGE_CURVE ( 'NONE', #2400, #5445, #7087, .T. ) ;
#4527 = DIRECTION ( 'NONE',  ( 0.000000000000000000, 0.000000000000000000, 1.000000000000000000 ) ) ;
#4528 = AXIS2_PLACEMENT_3D ( 'NONE', #3788, #10571, #10762 ) ;
#4529 = EDGE_CURVE ( 'NONE', #7325, #4844, #378, .T. ) ;
#4530 = CARTESIAN_POINT ( 'NONE',  ( 3.443928191751364240E-14, 9.799999999999998934, -49.20000000000005969 ) ) ;
#4531 = DIRECTION ( 'NONE',  ( 0.000000000000000000, -0.000000000000000000, 1.000000000000000000 ) ) ;
#4532 = DIRECTION ( 'NONE',  ( 0.000000000000000000, 0.000000000000000000, 1.000000000000000000 ) ) ;
#4533 = CARTESIAN_POINT ( 'NONE',  ( 53.50000000000000000, 11.00000000000000000, -41.70000000000000995 ) ) ;
#4534 = VECTOR ( 'NONE', #11576, 1000.000000000000000 ) ;
#4535 = EDGE_LOOP ( 'NONE', ( #938, #1208, #7782, #549 ) ) ;
#4536 = ORIENTED_EDGE ( 'NONE', *, *, #2482, .F. ) ;
#4537 = DIRECTION ( 'NONE',  ( 0.000000000000000000, 1.000000000000000000, 0.000000000000000000 ) ) ;
#4538 = LINE ( 'NONE', #8391, #2603 ) ;
#4539 = EDGE_LOOP ( 'NONE', ( #5754, #11147 ) ) ;
#4540 = ORIENTED_EDGE ( 'NONE', *, *, #10123, .T. ) ;
#4541 = DIRECTION ( 'NONE',  ( -0.000000000000000000, 1.000000000000000000, -0.000000000000000000 ) ) ;
#4542 = CYLINDRICAL_SURFACE ( 'NONE', #2555, 2.999999999999999112 ) ;
#4543 = EDGE_CURVE ( 'NONE', #5054, #11227, #4119, .T. ) ;
#4544 = EDGE_CURVE ( 'NONE', #11883, #5511, #10896, .T. ) ;
#4545 = ORIENTED_EDGE ( 'NONE', *, *, #10937, .T. ) ;
#4546 = VERTEX_POINT ( 'NONE', #5075 ) ;
#4547 = VERTEX_POINT ( 'NONE', #12089 ) ;
#4548 = EDGE_LOOP ( 'NONE', ( #6600, #4164, #1920, #8456 ) ) ;
#4549 = LINE ( 'NONE', #11335, #6629 ) ;
#4550 = DIRECTION ( 'NONE',  ( -0.000000000000000000, -1.000000000000000000, -0.000000000000000000 ) ) ;
#4551 = CIRCLE ( 'NONE', #2508, 2.800000000000000266 ) ;
#4552 = LINE ( 'NONE', #10250, #683 ) ;
#4553 = VERTEX_POINT ( 'NONE', #269 ) ;
#4554 = CARTESIAN_POINT ( 'NONE',  ( 48.49999999999999289, 11.00000000000000000, -21.99999999999992539 ) ) ;
#4555 = DIRECTION ( 'NONE',  ( 0.000000000000000000, 0.000000000000000000, 1.000000000000000000 ) ) ;
#4556 = VECTOR ( 'NONE', #1246, 1000.000000000000000 ) ;
#4557 = LINE ( 'NONE', #7401, #11512 ) ;
#4558 = AXIS2_PLACEMENT_3D ( 'NONE', #4997, #11653, #64 ) ;
#4559 = ORIENTED_EDGE ( 'NONE', *, *, #6308, .F. ) ;
#4560 = CARTESIAN_POINT ( 'NONE',  ( 7.499999999999992895, 11.00000000000000000, -20.99999999999990052 ) ) ;
#4561 = EDGE_LOOP ( 'NONE', ( #5797, #8978 ) ) ;
#4562 = VERTEX_POINT ( 'NONE', #11157 ) ;
#4563 = DIRECTION ( 'NONE',  ( -0.000000000000000000, 1.000000000000000000, -0.000000000000000000 ) ) ;
#4564 = LINE ( 'NONE', #1662, #12086 ) ;
#4565 = ADVANCED_FACE ( 'NONE', ( #2458 ), #8994, .T. ) ;
#4566 = DIRECTION ( 'NONE',  ( -0.000000000000000000, -1.000000000000000000, -0.000000000000000000 ) ) ;
#4567 = EDGE_LOOP ( 'NONE', ( #4482, #499, #7384, #12268 ) ) ;
#4568 = DIRECTION ( 'NONE',  ( 0.000000000000000000, 0.000000000000000000, 1.000000000000000000 ) ) ;
#4569 = CARTESIAN_POINT ( 'NONE',  ( 16.49999999999996447, 11.00000000000000000, -20.99999999999996447 ) ) ;
#4570 = EDGE_CURVE ( 'NONE', #2697, #326, #12106, .T. ) ;
#4571 = DIRECTION ( 'NONE',  ( -1.000000000000000000, 0.000000000000000000, -1.527636139592259900E-15 ) ) ;
#4572 = LINE ( 'NONE', #4509, #10755 ) ;
#4573 = EDGE_CURVE ( 'NONE', #5165, #9049, #5230, .T. ) ;
#4574 = DIRECTION ( 'NONE',  ( -0.000000000000000000, -1.000000000000000000, -0.000000000000000000 ) ) ;
#4575 = DIRECTION ( 'NONE',  ( 0.000000000000000000, 0.000000000000000000, 1.000000000000000000 ) ) ;
#4576 = VERTEX_POINT ( 'NONE', #3161 ) ;
#4577 = CARTESIAN_POINT ( 'NONE',  ( 6.500000000000000888, 2.000000000000000000, -46.00000000000000000 ) ) ;
#4578 = ADVANCED_FACE ( 'NONE', ( #4362 ), #10894, .T. ) ;
#4579 = DIRECTION ( 'NONE',  ( 0.000000000000000000, -0.000000000000000000, 1.000000000000000000 ) ) ;
#4580 = VERTEX_POINT ( 'NONE', #5184 ) ;
#4581 = EDGE_CURVE ( 'NONE', #10756, #7383, #8052, .T. ) ;
#4582 = DIRECTION ( 'NONE',  ( -0.000000000000000000, -1.000000000000000000, -0.000000000000000000 ) ) ;
#4583 = EDGE_LOOP ( 'NONE', ( #3970, #5501, #11705, #2593 ) ) ;
#4584 = DIRECTION ( 'NONE',  ( -0.000000000000000000, -1.000000000000000000, -0.000000000000000000 ) ) ;
#4585 = VERTEX_POINT ( 'NONE', #11905 ) ;
#4586 = DIRECTION ( 'NONE',  ( 0.000000000000000000, 0.000000000000000000, 1.000000000000000000 ) ) ;
#4587 = LINE ( 'NONE', #5667, #11478 ) ;
#4588 = DIRECTION ( 'NONE',  ( 0.000000000000000000, 0.000000000000000000, 1.000000000000000000 ) ) ;
#4589 = CARTESIAN_POINT ( 'NONE',  ( 58.99999999999995737, 2.000000000000000000, -29.99999999999989342 ) ) ;
#4590 = LINE ( 'NONE', #3576, #8104 ) ;
#4591 = AXIS2_PLACEMENT_3D ( 'NONE', #9228, #553, #12142 ) ;
#4592 = ORIENTED_EDGE ( 'NONE', *, *, #10785, .T. ) ;
#4593 = ORIENTED_EDGE ( 'NONE', *, *, #4349, .T. ) ;
#4594 = CARTESIAN_POINT ( 'NONE',  ( 7.500000000000020428, 11.00000000000000000, -12.99999999999990052 ) ) ;
#4595 = FACE_OUTER_BOUND ( 'NONE', #4687, .T. ) ;
#4596 = EDGE_CURVE ( 'NONE', #6118, #11199, #3230, .T. ) ;
#4597 = VERTEX_POINT ( 'NONE', #9053 ) ;
#4598 = ORIENTED_EDGE ( 'NONE', *, *, #3449, .F. ) ;
#4599 = DIRECTION ( 'NONE',  ( 0.000000000000000000, 1.000000000000000000, 0.000000000000000000 ) ) ;
#4600 = DIRECTION ( 'NONE',  ( 0.000000000000000000, 0.000000000000000000, 1.000000000000000000 ) ) ;
#4601 = ORIENTED_EDGE ( 'NONE', *, *, #9740, .F. ) ;
#4602 = EDGE_LOOP ( 'NONE', ( #4828, #12343 ) ) ;
#4603 = CARTESIAN_POINT ( 'NONE',  ( 65.76223663640863037, -21.88036781070453785, -43.50000000000000711 ) ) ;
#4604 = ORIENTED_EDGE ( 'NONE', *, *, #287, .T. ) ;
#4605 = ORIENTED_EDGE ( 'NONE', *, *, #5378, .F. ) ;
#4606 = DIRECTION ( 'NONE',  ( 0.000000000000000000, 0.000000000000000000, 1.000000000000000000 ) ) ;
#4607 = DIRECTION ( 'NONE',  ( 0.000000000000000000, 1.000000000000000000, -0.000000000000000000 ) ) ;
#4608 = ADVANCED_FACE ( 'NONE', ( #10007 ), #4238, .T. ) ;
#4609 = CARTESIAN_POINT ( 'NONE',  ( 39.99999999999999289, 2.000000000000000000, -15.00000000000000000 ) ) ;
#4610 = CIRCLE ( 'NONE', #2989, 0.9999999999999983347 ) ;
#4611 = VECTOR ( 'NONE', #11787, 1000.000000000000114 ) ;
#4612 = EDGE_LOOP ( 'NONE', ( #2236, #1215, #3304, #2015 ) ) ;
#4613 = DIRECTION ( 'NONE',  ( -0.000000000000000000, -0.000000000000000000, 1.000000000000000000 ) ) ;
#4614 = PLANE ( 'NONE',  #7587 ) ;
#4615 = DIRECTION ( 'NONE',  ( 0.000000000000000000, 0.000000000000000000, -1.000000000000000000 ) ) ;
#4616 = CIRCLE ( 'NONE', #8668, 1.000000000000000888 ) ;
#4617 = CIRCLE ( 'NONE', #7641, 1.000000000000000888 ) ;
#4618 = CIRCLE ( 'NONE', #981, 0.9999999999999974465 ) ;
#4619 = ORIENTED_EDGE ( 'NONE', *, *, #2290, .T. ) ;
#4620 = CARTESIAN_POINT ( 'NONE',  ( 16.49999999999999289, 11.00000000000000000, -11.99999999999996625 ) ) ;
#4621 = ORIENTED_EDGE ( 'NONE', *, *, #2816, .F. ) ;
#4622 = ORIENTED_EDGE ( 'NONE', *, *, #11275, .T. ) ;
#4623 = DIRECTION ( 'NONE',  ( 0.000000000000000000, 1.000000000000000000, 0.000000000000000000 ) ) ;
#4624 = DIRECTION ( 'NONE',  ( 0.000000000000000000, 0.000000000000000000, 1.000000000000000000 ) ) ;
#4625 = ADVANCED_FACE ( 'NONE', ( #3293 ), #7145, .T. ) ;
#4626 = DIRECTION ( 'NONE',  ( -0.000000000000000000, -1.000000000000000000, -0.000000000000000000 ) ) ;
#4627 = VERTEX_POINT ( 'NONE', #10135 ) ;
#4628 = DIRECTION ( 'NONE',  ( 0.000000000000000000, 1.000000000000000000, 0.000000000000000000 ) ) ;
#4629 = FACE_OUTER_BOUND ( 'NONE', #11241, .T. ) ;
#4630 = AXIS2_PLACEMENT_3D ( 'NONE', #6171, #10167, #1369 ) ;
#4631 = VECTOR ( 'NONE', #6916, 1000.000000000000114 ) ;
#4632 = CARTESIAN_POINT ( 'NONE',  ( 58.99999999999994316, 11.00000000000000000, -34.49999999999989342 ) ) ;
#4633 = AXIS2_PLACEMENT_3D ( 'NONE', #12209, #4607, #5556 ) ;
#4634 = AXIS2_PLACEMENT_3D ( 'NONE', #10025, #9078, #11867 ) ;
#4635 = CARTESIAN_POINT ( 'NONE',  ( 31.50000000000000711, 2.000000000000000000, -16.49999999999997158 ) ) ;
#4636 = CIRCLE ( 'NONE', #8686, 2.500000000000000444 ) ;
#4637 = CARTESIAN_POINT ( 'NONE',  ( 35.07228714274742032, 9.799999999999998934, -3.000000000000003109 ) ) ;
#4638 = ORIENTED_EDGE ( 'NONE', *, *, #4453, .T. ) ;
#4639 = DIRECTION ( 'NONE',  ( 0.000000000000000000, 0.000000000000000000, 1.000000000000000000 ) ) ;
#4640 = DIRECTION ( 'NONE',  ( 0.000000000000000000, 1.000000000000000000, 0.000000000000000000 ) ) ;
#4641 = ORIENTED_EDGE ( 'NONE', *, *, #9492, .T. ) ;
#4642 = CYLINDRICAL_SURFACE ( 'NONE', #7815, 0.9999999999999974465 ) ;
#4643 = ORIENTED_EDGE ( 'NONE', *, *, #4453, .F. ) ;
#4644 = CARTESIAN_POINT ( 'NONE',  ( 53.50000000000000000, 1.999999999999998224, -43.39999999999999858 ) ) ;
#4645 = AXIS2_PLACEMENT_3D ( 'NONE', #2491, #10168, #7912 ) ;
#4646 = ORIENTED_EDGE ( 'NONE', *, *, #11402, .F. ) ;
#4647 = EDGE_CURVE ( 'NONE', #1626, #5839, #9289, .T. ) ;
#4648 = DIRECTION ( 'NONE',  ( -0.7071067811865513475, 0.000000000000000000, -0.7071067811865436870 ) ) ;
#4649 = CARTESIAN_POINT ( 'NONE',  ( 62.07341919221814663, 11.00000000000000000, -3.000063337055368429 ) ) ;
#4650 = VECTOR ( 'NONE', #11853, 1000.000000000000000 ) ;
#4651 = VECTOR ( 'NONE', #11272, 1000.000000000000000 ) ;
#4652 = EDGE_CURVE ( 'NONE', #3512, #2502, #7865, .T. ) ;
#4653 = EDGE_CURVE ( 'NONE', #6641, #8085, #5239, .T. ) ;
#4654 = EDGE_CURVE ( 'NONE', #6447, #6749, #1583, .T. ) ;
#4655 = CIRCLE ( 'NONE', #4053, 0.9999999999999974465 ) ;
#4656 = CARTESIAN_POINT ( 'NONE',  ( 72.49999999999994316, 11.00000000000000000, -26.49999999999998934 ) ) ;
#4657 = FACE_OUTER_BOUND ( 'NONE', #3472, .T. ) ;
#4658 = ORIENTED_EDGE ( 'NONE', *, *, #226, .F. ) ;
#4659 = AXIS2_PLACEMENT_3D ( 'NONE', #2950, #9743, #2071 ) ;
#4660 = CARTESIAN_POINT ( 'NONE',  ( 7.500000000000041744, 11.00000000000000000, -8.499999999999904077 ) ) ;
#4661 = CIRCLE ( 'NONE', #1629, 0.9999999999999974465 ) ;
#4662 = ORIENTED_EDGE ( 'NONE', *, *, #6370, .T. ) ;
#4663 = ORIENTED_EDGE ( 'NONE', *, *, #10066, .F. ) ;
#4664 = CARTESIAN_POINT ( 'NONE',  ( 42.35613998199887931, 9.799999999999998934, -49.20000000000000284 ) ) ;
#4665 = CARTESIAN_POINT ( 'NONE',  ( 7.499999999999944045, 11.00000000000000000, -34.49999999999989342 ) ) ;
#4666 = ORIENTED_EDGE ( 'NONE', *, *, #8443, .F. ) ;
#4667 = ORIENTED_EDGE ( 'NONE', *, *, #12173, .T. ) ;
#4668 = ADVANCED_FACE ( 'NONE', ( #11213 ), #1654, .T. ) ;
#4669 = DIRECTION ( 'NONE',  ( 0.000000000000000000, 0.000000000000000000, 1.000000000000000000 ) ) ;
#4670 = DIRECTION ( 'NONE',  ( 0.000000000000000000, 1.000000000000000000, 0.000000000000000000 ) ) ;
#4671 = EDGE_CURVE ( 'NONE', #2372, #260, #2514, .T. ) ;
#4672 = CIRCLE ( 'NONE', #3443, 2.500000000000000444 ) ;
#4673 = VECTOR ( 'NONE', #12108, 1000.000000000000000 ) ;
#4674 = ADVANCED_FACE ( 'NONE', ( #6573 ), #10193, .T. ) ;
#4675 = ORIENTED_EDGE ( 'NONE', *, *, #12019, .T. ) ;
#4676 = LINE ( 'NONE', #2698, #622 ) ;
#4677 = EDGE_LOOP ( 'NONE', ( #6539, #9529 ) ) ;
#4678 = ORIENTED_EDGE ( 'NONE', *, *, #5981, .F. ) ;
#4679 = DIRECTION ( 'NONE',  ( 0.000000000000000000, 0.000000000000000000, -1.000000000000000000 ) ) ;
#4680 = DIRECTION ( 'NONE',  ( 0.000000000000000000, 0.000000000000000000, 1.000000000000000000 ) ) ;
#4681 = VECTOR ( 'NONE', #4717, 1000.000000000000000 ) ;
#4682 = DIRECTION ( 'NONE',  ( 0.000000000000000000, 0.000000000000000000, -1.000000000000000000 ) ) ;
#4683 = EDGE_LOOP ( 'NONE', ( #9642, #2523, #11859, #3210 ) ) ;
#4684 = CARTESIAN_POINT ( 'NONE',  ( 72.49999999999988631, 2.000000000000000000, -39.99999999999998579 ) ) ;
#4685 = CARTESIAN_POINT ( 'NONE',  ( 16.49999999999996447, 2.000000000000000000, -21.99999999999996092 ) ) ;
#4686 = ADVANCED_FACE ( 'NONE', ( #10322 ), #5376, .T. ) ;
#4687 = EDGE_LOOP ( 'NONE', ( #5384, #9043, #4498, #4229 ) ) ;
#4688 = DIRECTION ( 'NONE',  ( -0.000000000000000000, 1.000000000000000000, -0.000000000000000000 ) ) ;
#4689 = VERTEX_POINT ( 'NONE', #11400 ) ;
#4690 = ORIENTED_EDGE ( 'NONE', *, *, #1553, .F. ) ;
#4691 = CYLINDRICAL_SURFACE ( 'NONE', #395, 1.700000000000000178 ) ;
#4692 = DIRECTION ( 'NONE',  ( 0.000000000000000000, 1.000000000000000000, 0.000000000000000000 ) ) ;
#4693 = DIRECTION ( 'NONE',  ( 0.000000000000000000, 1.000000000000000000, 0.000000000000000000 ) ) ;
#4694 = ORIENTED_EDGE ( 'NONE', *, *, #726, .F. ) ;
#4695 = DIRECTION ( 'NONE',  ( 0.000000000000000000, 0.000000000000000000, 1.000000000000000000 ) ) ;
#4696 = FACE_OUTER_BOUND ( 'NONE', #3408, .T. ) ;
#4697 = DIRECTION ( 'NONE',  ( 1.000000000000000000, 0.000000000000000000, -4.818676322157797621E-17 ) ) ;
#4698 = DIRECTION ( 'NONE',  ( 0.000000000000000000, 1.000000000000000000, 0.000000000000000000 ) ) ;
#4699 = EDGE_CURVE ( 'NONE', #2010, #12193, #4557, .T. ) ;
#4700 = ADVANCED_FACE ( 'NONE', ( #697 ), #5505, .T. ) ;
#4701 = DIRECTION ( 'NONE',  ( 0.000000000000000000, 1.000000000000000000, 0.000000000000000000 ) ) ;
#4702 = DIRECTION ( 'NONE',  ( 0.000000000000000000, 0.000000000000000000, 1.000000000000000000 ) ) ;
#4703 = EDGE_LOOP ( 'NONE', ( #6748, #880, #12354, #238 ) ) ;
#4704 = LINE ( 'NONE', #12372, #143 ) ;
#4705 = CARTESIAN_POINT ( 'NONE',  ( 51.47867965644034882, 9.799999999999998934, -5.479898987322321169 ) ) ;
#4706 = ORIENTED_EDGE ( 'NONE', *, *, #11764, .F. ) ;
#4707 = DIRECTION ( 'NONE',  ( 0.000000000000000000, 0.000000000000000000, -1.000000000000000000 ) ) ;
#4708 = ORIENTED_EDGE ( 'NONE', *, *, #8995, .T. ) ;
#4709 = CARTESIAN_POINT ( 'NONE',  ( -1.697239245187543841E-13, 9.799999999999998934, -38.49999999999977973 ) ) ;
#4710 = EDGE_LOOP ( 'NONE', ( #10834, #12013 ) ) ;
#4711 = CARTESIAN_POINT ( 'NONE',  ( 31.91482322781384084, 9.799999999999998934, -31.91482322781411796 ) ) ;
#4712 = DIRECTION ( 'NONE',  ( 0.000000000000000000, 1.000000000000000000, 0.000000000000000000 ) ) ;
#4713 = CIRCLE ( 'NONE', #6137, 0.9999999999999974465 ) ;
#4714 = AXIS2_PLACEMENT_3D ( 'NONE', #5768, #73, #6709 ) ;
#4715 = CARTESIAN_POINT ( 'NONE',  ( 26.50000000000000000, 0.000000000000000000, -43.39999999999999858 ) ) ;
#4716 = CARTESIAN_POINT ( 'NONE',  ( 48.49999999999999289, 11.00000000000000000, -29.99999999999992895 ) ) ;
#4717 = DIRECTION ( 'NONE',  ( -1.000000000000000000, -0.000000000000000000, -0.000000000000000000 ) ) ;
#4718 = VERTEX_POINT ( 'NONE', #6510 ) ;
#4719 = ORIENTED_EDGE ( 'NONE', *, *, #3069, .F. ) ;
#4720 = DIRECTION ( 'NONE',  ( 0.000000000000000000, -0.000000000000000000, 1.000000000000000000 ) ) ;
#4721 = EDGE_CURVE ( 'NONE', #886, #8609, #9091, .T. ) ;
#4722 = ORIENTED_EDGE ( 'NONE', *, *, #638, .T. ) ;
#4723 = ORIENTED_EDGE ( 'NONE', *, *, #3449, .T. ) ;
#4724 = CARTESIAN_POINT ( 'NONE',  ( 48.49999999999999289, 11.00000000000000000, -30.99999999999992539 ) ) ;
#4725 = AXIS2_PLACEMENT_3D ( 'NONE', #7524, #693, #12342 ) ;
#4726 = EDGE_CURVE ( 'NONE', #7658, #945, #9240, .T. ) ;
#4727 = DIRECTION ( 'NONE',  ( 0.000000000000000000, 0.000000000000000000, 1.000000000000000000 ) ) ;
#4728 = ADVANCED_FACE ( 'NONE', ( #5563 ), #9430, .T. ) ;
#4729 = ORIENTED_EDGE ( 'NONE', *, *, #3574, .F. ) ;
#4730 = DIRECTION ( 'NONE',  ( -0.000000000000000000, -1.000000000000000000, -0.000000000000000000 ) ) ;
#4731 = VERTEX_POINT ( 'NONE', #12214 ) ;
#4732 = ORIENTED_EDGE ( 'NONE', *, *, #4067, .T. ) ;
#4733 = DIRECTION ( 'NONE',  ( 0.000000000000000000, 1.000000000000000000, 0.000000000000000000 ) ) ;
#4734 = CARTESIAN_POINT ( 'NONE',  ( 22.18664863476204019, -21.88036781070453785, -39.08664863476204232 ) ) ;
#4735 = EDGE_CURVE ( 'NONE', #12211, #1865, #588, .T. ) ;
#4736 = DIRECTION ( 'NONE',  ( 0.000000000000000000, -0.000000000000000000, 1.000000000000000000 ) ) ;
#4737 = EDGE_LOOP ( 'NONE', ( #4154, #10630 ) ) ;
#4738 = ORIENTED_EDGE ( 'NONE', *, *, #2794, .T. ) ;
#4739 = FACE_OUTER_BOUND ( 'NONE', #2046, .T. ) ;
#4740 = CARTESIAN_POINT ( 'NONE',  ( 71.09999999999998010, 5.000000000000000000, -4.000000000000003553 ) ) ;
#4741 = ADVANCED_FACE ( 'NONE', ( #9313 ), #7528, .T. ) ;
#4742 = CARTESIAN_POINT ( 'NONE',  ( 67.99999999999990052, 11.00000000000000000, -37.99999999999995026 ) ) ;
#4743 = VECTOR ( 'NONE', #7116, 1000.000000000000000 ) ;
#4744 = AXIS2_PLACEMENT_3D ( 'NONE', #7219, #6271, #388 ) ;
#4745 = ORIENTED_EDGE ( 'NONE', *, *, #671, .T. ) ;
#4746 = CYLINDRICAL_SURFACE ( 'NONE', #3771, 2.500000000000002220 ) ;
#4747 = CIRCLE ( 'NONE', #10412, 0.9999999999999974465 ) ;
#4748 = ORIENTED_EDGE ( 'NONE', *, *, #4822, .T. ) ;
#4749 = ORIENTED_EDGE ( 'NONE', *, *, #7683, .F. ) ;
#4750 = CYLINDRICAL_SURFACE ( 'NONE', #2009, 0.9999999999999974465 ) ;
#4751 = DIRECTION ( 'NONE',  ( 0.000000000000000000, 0.000000000000000000, 1.000000000000000000 ) ) ;
#4752 = LINE ( 'NONE', #6832, #7741 ) ;
#4753 = ORIENTED_EDGE ( 'NONE', *, *, #3569, .T. ) ;
#4754 = DIRECTION ( 'NONE',  ( 0.000000000000000000, 0.000000000000000000, 1.000000000000000000 ) ) ;
#4755 = CARTESIAN_POINT ( 'NONE',  ( 67.99999999999992895, 2.000000000000000000, -30.99999999999995381 ) ) ;
#4756 = CARTESIAN_POINT ( 'NONE',  ( 24.99999999999999645, 11.00000000000000000, -31.14999999999999858 ) ) ;
#4757 = DIRECTION ( 'NONE',  ( 0.000000000000000000, 0.000000000000000000, 1.000000000000000000 ) ) ;
#4758 = EDGE_CURVE ( 'NONE', #11111, #3447, #3601, .T. ) ;
#4759 = CARTESIAN_POINT ( 'NONE',  ( 31.50000000000000711, 2.000000000000000000, -11.99999999999997335 ) ) ;
#4760 = VECTOR ( 'NONE', #9560, 1000.000000000000000 ) ;
#4761 = DIRECTION ( 'NONE',  ( 0.000000000000000000, 1.000000000000000000, 0.000000000000000000 ) ) ;
#4762 = DIRECTION ( 'NONE',  ( 0.000000000000000000, 0.000000000000000000, 1.000000000000000000 ) ) ;
#4763 = ORIENTED_EDGE ( 'NONE', *, *, #3116, .F. ) ;
#4764 = CARTESIAN_POINT ( 'NONE',  ( 11.99999999999996270, 2.000000000000000000, -25.49999999999992895 ) ) ;
#4765 = CARTESIAN_POINT ( 'NONE',  ( 67.99999999999997158, 11.00000000000000000, -16.49999999999996447 ) ) ;
#4766 = ORIENTED_EDGE ( 'NONE', *, *, #10547, .T. ) ;
#4767 = DIRECTION ( 'NONE',  ( 0.000000000000000000, 0.000000000000000000, 1.000000000000000000 ) ) ;
#4768 = EDGE_CURVE ( 'NONE', #2909, #7694, #4212, .T. ) ;
#4769 = EDGE_CURVE ( 'NONE', #426, #1626, #1556, .T. ) ;
#4770 = DIRECTION ( 'NONE',  ( 0.000000000000000000, 1.000000000000000000, 0.000000000000000000 ) ) ;
#4771 = ORIENTED_EDGE ( 'NONE', *, *, #2996, .F. ) ;
#4772 = CYLINDRICAL_SURFACE ( 'NONE', #5561, 0.9999999999999974465 ) ;
#4773 = DIRECTION ( 'NONE',  ( -0.000000000000000000, -1.000000000000000000, -0.000000000000000000 ) ) ;
#4774 = CIRCLE ( 'NONE', #9638, 0.9999999999999974465 ) ;
#4775 = FACE_OUTER_BOUND ( 'NONE', #6792, .T. ) ;
#4776 = CARTESIAN_POINT ( 'NONE',  ( 0.000000000000000000, 0.000000000000000000, -50.00000000000000000 ) ) ;
#4777 = DIRECTION ( 'NONE',  ( -0.000000000000000000, 1.000000000000000000, -0.000000000000000000 ) ) ;
#4778 = CIRCLE ( 'NONE', #5181, 0.9999999999999974465 ) ;
#4779 = ORIENTED_EDGE ( 'NONE', *, *, #11457, .T. ) ;
#4780 = VERTEX_POINT ( 'NONE', #8135 ) ;
#4781 = CARTESIAN_POINT ( 'NONE',  ( 55.00000000000000000, 2.000000000000000000, -31.14999999999999858 ) ) ;
#4782 = EDGE_CURVE ( 'NONE', #9211, #1949, #12312, .T. ) ;
#4783 = VECTOR ( 'NONE', #3693, 1000.000000000000000 ) ;
#4784 = ORIENTED_EDGE ( 'NONE', *, *, #8952, .F. ) ;
#4785 = AXIS2_PLACEMENT_3D ( 'NONE', #8058, #2535, #4452 ) ;
#4786 = ORIENTED_EDGE ( 'NONE', *, *, #9440, .T. ) ;
#4787 = FACE_OUTER_BOUND ( 'NONE', #11645, .T. ) ;
#4788 = VECTOR ( 'NONE', #434, 1000.000000000000000 ) ;
#4789 = CARTESIAN_POINT ( 'NONE',  ( 22.99939033455905601, 9.799999999999998934, 22.99939033455901694 ) ) ;
#4790 = AXIS2_PLACEMENT_3D ( 'NONE', #722, #660, #4518 ) ;
#4791 = CIRCLE ( 'NONE', #9653, 4.445296095962649296 ) ;
#4792 = ORIENTED_EDGE ( 'NONE', *, *, #8410, .F. ) ;
#4793 = LINE ( 'NONE', #5747, #7690 ) ;
#4794 = ORIENTED_EDGE ( 'NONE', *, *, #10028, .T. ) ;
#4795 = ORIENTED_EDGE ( 'NONE', *, *, #441, .F. ) ;
#4796 = DIRECTION ( 'NONE',  ( 0.000000000000000000, 1.000000000000000000, 0.000000000000000000 ) ) ;
#4797 = DIRECTION ( 'NONE',  ( 0.000000000000000000, 0.000000000000000000, 1.000000000000000000 ) ) ;
#4798 = CYLINDRICAL_SURFACE ( 'NONE', #4528, 0.9999999999999974465 ) ;
#4799 = VERTEX_POINT ( 'NONE', #9095 ) ;
#4800 = ORIENTED_EDGE ( 'NONE', *, *, #396, .T. ) ;
#4801 = CARTESIAN_POINT ( 'NONE',  ( 13.50000000000000000, 5.000000000000000000, -4.000000000000001776 ) ) ;
#4802 = DIRECTION ( 'NONE',  ( 0.000000000000000000, -0.000000000000000000, 1.000000000000000000 ) ) ;
#4803 = LINE ( 'NONE', #4377, #11652 ) ;
#4804 = EDGE_CURVE ( 'NONE', #1676, #791, #3010, .T. ) ;
#4805 = AXIS2_PLACEMENT_3D ( 'NONE', #10225, #9977, #4149 ) ;
#4806 = EDGE_CURVE ( 'NONE', #11687, #5071, #482, .T. ) ;
#4807 = EDGE_CURVE ( 'NONE', #4576, #9808, #12062, .T. ) ;
#4808 = AXIS2_PLACEMENT_3D ( 'NONE', #9837, #4964, #8820 ) ;
#4809 = ADVANCED_FACE ( 'NONE', ( #7180 ), #1496, .T. ) ;
#4810 = ORIENTED_EDGE ( 'NONE', *, *, #9623, .F. ) ;
#4811 = CARTESIAN_POINT ( 'NONE',  ( 72.49999999999995737, 2.000000000000000000, -19.99999999999999645 ) ) ;
#4812 = CIRCLE ( 'NONE', #7228, 1.000000000000000888 ) ;
#4813 = EDGE_LOOP ( 'NONE', ( #7576, #9520 ) ) ;
#4814 = VERTEX_POINT ( 'NONE', #2249 ) ;
#4815 = FACE_OUTER_BOUND ( 'NONE', #702, .T. ) ;
#4816 = DIRECTION ( 'NONE',  ( -0.000000000000000000, -1.000000000000000000, -0.000000000000000000 ) ) ;
#4817 = DIRECTION ( 'NONE',  ( -0.000000000000000000, -1.000000000000000000, -0.000000000000000000 ) ) ;
#4818 = ORIENTED_EDGE ( 'NONE', *, *, #8590, .T. ) ;
#4819 = LINE ( 'NONE', #9764, #3623 ) ;
#4820 = CARTESIAN_POINT ( 'NONE',  ( 35.49999999999999289, 2.000000000000000000, -21.99999999999996092 ) ) ;
#4821 = DIRECTION ( 'NONE',  ( 0.000000000000000000, 0.000000000000000000, 1.000000000000000000 ) ) ;
#4822 = EDGE_CURVE ( 'NONE', #12511, #2141, #11191, .T. ) ;
#4823 = CIRCLE ( 'NONE', #10681, 3.599999999999992095 ) ;
#4824 = CIRCLE ( 'NONE', #6427, 0.9999999999999974465 ) ;
#4825 = EDGE_CURVE ( 'NONE', #1772, #11887, #6354, .T. ) ;
#4826 = CARTESIAN_POINT ( 'NONE',  ( 52.00000000000000000, 2.000000000000000000, -9.819595949289308123 ) ) ;
#4827 = CARTESIAN_POINT ( 'NONE',  ( 74.55677228167498072, 11.00000000000000000, -47.20000000000000284 ) ) ;
#4828 = ORIENTED_EDGE ( 'NONE', *, *, #12470, .T. ) ;
#4829 = DIRECTION ( 'NONE',  ( -0.000000000000000000, -1.000000000000000000, -0.000000000000000000 ) ) ;
#4830 = AXIS2_PLACEMENT_3D ( 'NONE', #6396, #9575, #10527 ) ;
#4831 = CARTESIAN_POINT ( 'NONE',  ( 16.49999999999995381, 11.00000000000000000, -26.49999999999995737 ) ) ;
#4832 = AXIS2_PLACEMENT_3D ( 'NONE', #9836, #3945, #7798 ) ;
#4833 = CIRCLE ( 'NONE', #2597, 0.9999999999999974465 ) ;
#4834 = ORIENTED_EDGE ( 'NONE', *, *, #5048, .F. ) ;
#4835 = CARTESIAN_POINT ( 'NONE',  ( 35.52253967444148230, 11.00000000000000000, -48.32132034355964123 ) ) ;
#4836 = CARTESIAN_POINT ( 'NONE',  ( 72.49999999999998579, 11.00000000000000000, -11.99999999999999645 ) ) ;
#4837 = FACE_OUTER_BOUND ( 'NONE', #8294, .T. ) ;
#4838 = DIRECTION ( 'NONE',  ( 0.000000000000000000, 0.000000000000000000, 1.000000000000000000 ) ) ;
#4839 = VECTOR ( 'NONE', #2578, 1000.000000000000000 ) ;
#4840 = CIRCLE ( 'NONE', #5240, 1.000000000000000888 ) ;
#4841 = CIRCLE ( 'NONE', #3626, 0.9999999999999974465 ) ;
#4842 = ADVANCED_FACE ( 'NONE', ( #8969 ), #6110, .T. ) ;
#4843 = DIRECTION ( 'NONE',  ( 0.000000000000000000, -0.000000000000000000, 1.000000000000000000 ) ) ;
#4844 = VERTEX_POINT ( 'NONE', #10038 ) ;
#4845 = LINE ( 'NONE', #7995, #1623 ) ;
#4846 = ORIENTED_EDGE ( 'NONE', *, *, #8083, .T. ) ;
#4847 = CARTESIAN_POINT ( 'NONE',  ( 44.50000000000000000, 11.00000000000000000, -30.99999999999993605 ) ) ;
#4848 = VECTOR ( 'NONE', #5480, 1000.000000000000000 ) ;
#4849 = VERTEX_POINT ( 'NONE', #297 ) ;
#4850 = ORIENTED_EDGE ( 'NONE', *, *, #5201, .T. ) ;
#4851 = DIRECTION ( 'NONE',  ( -0.000000000000000000, 1.000000000000000000, -0.000000000000000000 ) ) ;
#4852 = AXIS2_PLACEMENT_3D ( 'NONE', #7044, #6099, #2350 ) ;
#4853 = AXIS2_PLACEMENT_3D ( 'NONE', #9946, #5315, #1276 ) ;
#4854 = VERTEX_POINT ( 'NONE', #11879 ) ;
#4855 = EDGE_LOOP ( 'NONE', ( #6828, #10246 ) ) ;
#4856 = CARTESIAN_POINT ( 'NONE',  ( 63.49999999999997158, 2.000000000000000000, -20.99999999999993250 ) ) ;
#4857 = FACE_OUTER_BOUND ( 'NONE', #6057, .T. ) ;
#4858 = AXIS2_PLACEMENT_3D ( 'NONE', #5095, #10857, #10923 ) ;
#4859 = ADVANCED_FACE ( 'NONE', ( #9979 ), #11053, .T. ) ;
#4860 = AXIS2_PLACEMENT_3D ( 'NONE', #2981, #1972, #4957 ) ;
#4861 = EDGE_CURVE ( 'NONE', #6550, #9982, #5161, .T. ) ;
#4862 = AXIS2_PLACEMENT_3D ( 'NONE', #4387, #11242, #12122 ) ;
#4863 = ORIENTED_EDGE ( 'NONE', *, *, #2025, .F. ) ;
#4864 = DIRECTION ( 'NONE',  ( 0.000000000000000000, 0.000000000000000000, -1.000000000000000000 ) ) ;
#4865 = ORIENTED_EDGE ( 'NONE', *, *, #837, .T. ) ;
#4866 = ORIENTED_EDGE ( 'NONE', *, *, #1100, .F. ) ;
#4867 = LINE ( 'NONE', #7769, #777 ) ;
#4868 = CARTESIAN_POINT ( 'NONE',  ( 14.52771285725251715, 9.799999999999998934, -47.19999999999998863 ) ) ;
#4869 = CARTESIAN_POINT ( 'NONE',  ( 31.50000000000000711, 2.000000000000000000, -29.99999999999997158 ) ) ;
#4870 = ORIENTED_EDGE ( 'NONE', *, *, #2714, .F. ) ;
#4871 = ORIENTED_EDGE ( 'NONE', *, *, #4960, .F. ) ;
#4872 = LINE ( 'NONE', #8733, #2126 ) ;
#4873 = CIRCLE ( 'NONE', #3047, 1.000000000000000888 ) ;
#4874 = CARTESIAN_POINT ( 'NONE',  ( 49.49999999999999289, 11.00000000000000000, -10.85512985522205121 ) ) ;
#4875 = CIRCLE ( 'NONE', #11949, 0.9999999999999974465 ) ;
#4876 = ORIENTED_EDGE ( 'NONE', *, *, #1619, .T. ) ;
#4877 = VECTOR ( 'NONE', #11314, 1000.000000000000000 ) ;
#4878 = FACE_OUTER_BOUND ( 'NONE', #10054, .T. ) ;
#4879 = EDGE_CURVE ( 'NONE', #945, #5509, #8468, .T. ) ;
#4880 = VERTEX_POINT ( 'NONE', #11950 ) ;
#4881 = ORIENTED_EDGE ( 'NONE', *, *, #5033, .F. ) ;
#4882 = CARTESIAN_POINT ( 'NONE',  ( 79.00000000000000000, 11.00000000000000000, -44.89029455227312582 ) ) ;
#4883 = CARTESIAN_POINT ( 'NONE',  ( 12.00000000000000355, 11.00000000000000000, -11.99999999999993427 ) ) ;
#4884 = DIRECTION ( 'NONE',  ( 0.000000000000000000, 0.000000000000000000, -1.000000000000000000 ) ) ;
#4885 = ORIENTED_EDGE ( 'NONE', *, *, #942, .T. ) ;
#4886 = DIRECTION ( 'NONE',  ( 0.7071067811865467956, 0.000000000000000000, -0.7071067811865483499 ) ) ;
#4887 = FACE_BOUND ( 'NONE', #2646, .T. ) ;
#4888 = FACE_OUTER_BOUND ( 'NONE', #6406, .T. ) ;
#4889 = DIRECTION ( 'NONE',  ( -0.000000000000000000, -1.000000000000000000, -0.000000000000000000 ) ) ;
#4890 = EDGE_CURVE ( 'NONE', #11090, #9794, #10087, .T. ) ;
#4891 = DATE_TIME_ROLE ( 'creation_date' ) ;
#4892 = EDGE_CURVE ( 'NONE', #3575, #2742, #11915, .T. ) ;
#4893 = AXIS2_PLACEMENT_3D ( 'NONE', #1041, #2048, #9775 ) ;
#4894 = CARTESIAN_POINT ( 'NONE',  ( 58.99999999999994316, 2.000000000000000000, -35.49999999999989342 ) ) ;
#4895 = ADVANCED_FACE ( 'NONE', ( #5222 ), #422, .T. ) ;
#4896 = DIRECTION ( 'NONE',  ( -0.000000000000000000, -1.000000000000000000, -0.000000000000000000 ) ) ;
#4897 = EDGE_LOOP ( 'NONE', ( #4763, #2757, #8009, #9423 ) ) ;
#4898 = DIRECTION ( 'NONE',  ( 0.000000000000000000, 0.000000000000000000, -1.000000000000000000 ) ) ;
#4899 = CARTESIAN_POINT ( 'NONE',  ( 42.35613998199887931, 11.00000000000000000, -49.20000000000000284 ) ) ;
#4900 = LINE ( 'NONE', #7984, #5426 ) ;
#4901 = ORIENTED_EDGE ( 'NONE', *, *, #7672, .T. ) ;
#4902 = DIRECTION ( 'NONE',  ( -0.000000000000000000, -1.000000000000000000, -0.000000000000000000 ) ) ;
#4903 = EDGE_CURVE ( 'NONE', #6076, #9378, #11716, .T. ) ;
#4904 = DIRECTION ( 'NONE',  ( -0.000000000000000000, -1.000000000000000000, -0.000000000000000000 ) ) ;
#4905 = CARTESIAN_POINT ( 'NONE',  ( 31.50000000000000711, 11.00000000000000000, -16.49999999999997158 ) ) ;
#4906 = EDGE_CURVE ( 'NONE', #3578, #7772, #8384, .T. ) ;
#4907 = CARTESIAN_POINT ( 'NONE',  ( 72.49999999999991473, 11.00000000000000000, -30.99999999999998579 ) ) ;
#4908 = DIRECTION ( 'NONE',  ( 0.000000000000000000, 1.000000000000000000, -0.000000000000000000 ) ) ;
#4909 = DIRECTION ( 'NONE',  ( -1.000000000000000000, 0.000000000000000000, 0.000000000000000000 ) ) ;
#4910 = CYLINDRICAL_SURFACE ( 'NONE', #3641, 0.9999999999999974465 ) ;
#4911 = EDGE_LOOP ( 'NONE', ( #8368, #8973 ) ) ;
#4912 = DIRECTION ( 'NONE',  ( 0.000000000000000000, 0.000000000000000000, -1.000000000000000000 ) ) ;
#4913 = EDGE_CURVE ( 'NONE', #6447, #9969, #11321, .T. ) ;
#4914 = ORIENTED_EDGE ( 'NONE', *, *, #7329, .F. ) ;
#4915 = LINE ( 'NONE', #2119, #6759 ) ;
#4916 = PLANE ( 'NONE',  #3016 ) ;
#4917 = ORIENTED_EDGE ( 'NONE', *, *, #1997, .T. ) ;
#4918 = EDGE_LOOP ( 'NONE', ( #11712, #3663, #12412, #3099 ) ) ;
#4919 = CYLINDRICAL_SURFACE ( 'NONE', #12020, 0.9999999999999974465 ) ;
#4920 = ADVANCED_FACE ( 'NONE', ( #4466 ), #609, .T. ) ;
#4921 = CYLINDRICAL_SURFACE ( 'NONE', #6807, 1.000000000000000888 ) ;
#4922 = VECTOR ( 'NONE', #5178, 1000.000000000000000 ) ;
#4923 = ORIENTED_EDGE ( 'NONE', *, *, #582, .F. ) ;
#4924 = CARTESIAN_POINT ( 'NONE',  ( 13.50000000000000000, 5.000000000000000000, -4.000000000000001776 ) ) ;
#4925 = ORIENTED_EDGE ( 'NONE', *, *, #7122, .F. ) ;
#4926 = ORIENTED_EDGE ( 'NONE', *, *, #10548, .F. ) ;
#4927 = PLANE ( 'NONE',  #8661 ) ;
#4928 = DIRECTION ( 'NONE',  ( 0.000000000000000000, 0.000000000000000000, -1.000000000000000000 ) ) ;
#4929 = VECTOR ( 'NONE', #531, 1000.000000000000000 ) ;
#4930 = CARTESIAN_POINT ( 'NONE',  ( 59.00000000000001421, 11.00000000000000000, -11.99999999999990230 ) ) ;
#4931 = ORIENTED_EDGE ( 'NONE', *, *, #2566, .F. ) ;
#4932 = ORIENTED_EDGE ( 'NONE', *, *, #1849, .F. ) ;
#4933 = FACE_OUTER_BOUND ( 'NONE', #9846, .T. ) ;
#4934 = DIRECTION ( 'NONE',  ( -0.000000000000000000, -1.000000000000000000, -0.000000000000000000 ) ) ;
#4935 = EDGE_CURVE ( 'NONE', #9158, #260, #11106, .T. ) ;
#4936 = CARTESIAN_POINT ( 'NONE',  ( 31.70538416267119786, 2.000000000000000000, -39.97868143219528747 ) ) ;
#4937 = EDGE_CURVE ( 'NONE', #11522, #3963, #5850, .T. ) ;
#4938 = VERTEX_POINT ( 'NONE', #8321 ) ;
#4939 = FACE_OUTER_BOUND ( 'NONE', #2541, .T. ) ;
#4940 = VERTEX_POINT ( 'NONE', #12443 ) ;
#4941 = ORIENTED_EDGE ( 'NONE', *, *, #4513, .F. ) ;
#4942 = CARTESIAN_POINT ( 'NONE',  ( 47.04903320081221807, 9.799999999999998934, -3.878679656440370493 ) ) ;
#4943 = DIRECTION ( 'NONE',  ( 0.000000000000000000, 1.000000000000000000, 0.000000000000000000 ) ) ;
#4944 = CARTESIAN_POINT ( 'NONE',  ( 16.50000000000000711, 11.00000000000000000, -7.499999999999968914 ) ) ;
#4945 = ORIENTED_EDGE ( 'NONE', *, *, #323, .F. ) ;
#4946 = DIRECTION ( 'NONE',  ( -0.000000000000000000, -1.000000000000000000, -0.000000000000000000 ) ) ;
#4947 = FACE_BOUND ( 'NONE', #8577, .T. ) ;
#4948 = VECTOR ( 'NONE', #11119, 1000.000000000000000 ) ;
#4949 = CYLINDRICAL_SURFACE ( 'NONE', #6868, 2.447087127489769198 ) ;
#4950 = CLOSED_SHELL ( 'NONE', ( #2251, #2187, #1686, #338, #8749, #11158, #8843, #3108, #4333, #3399, #12367, #9324, #1912, #9530, #3479, #9301, #1166, #10400, #10952, #3521, #4955, #2548, #5686, #5267, #957, #1758, #1815, #7591, #833, #8130, #11214, #876, #9948, #11951, #12174, #6428, #7631, #4608, #10554, #6757, #9683, #11306, #9811, #8033, #9704, #8409, #7434, #6424, #12326, #10767, #9797, #4728, #9259, #6682, #6499, #8838, #5836, #3366, #10015, #12065, #3883, #8754, #6260, #49, #6983, #1170, #9157, #4668, #6081, #1584, #8306, #4809, #12314, #1367, #12383, #935, #12048, #12271, #9419, #1729, #1396, #2240, #4578, #9242, #6589, #10381, #3929, #9701, #4920, #9649, #9403, #8059, #4306, #3915, #1898, #2877, #879, #2804, #2696, #10888, #8360, #8771, #7748, #1604, #364, #1726, #7632, #9303, #5185, #9933, #9993, #1222, #1221, #461, #8806, #7278, #10649, #9389, #6728, #9298, #5219, #9617, #3931, #6729, #2825, #171, #3999, #5818, #298, #12202, #5674, #6385, #10384, #11008, #2109, #11508, #4985, #7433, #6635, #3885, #4859, #6910, #8073, #2056, #4565, #2069, #421, #8572, #7302, #907, #8220, #6496, #93, #8842, #10271, #4152, #10368, #5077, #2887, #2353, #8983, #5043, #10223, #5119, #7693, #4379, #1710, #10491, #9687, #408, #2636, #3718, #11780, #2259, #6619, #7929, #5238, #11670, #12450, #2547, #10936, #8610, #7746, #11436, #6666, #6136, #7939, #10711, #11852, #6462, #322, #6197, #5535, #7893, #6532, #2339, #10620, #951, #2859, #8208, #8191, #7446, #3863, #6164, #3558, #10618, #555, #11509, #6906, #8826, #11925, #6661, #745, #128, #7395, #3949, #4413, #4674, #7300, #552, #6411, #7811, #8004, #11861, #86, #81, #6891, #9206, #11556, #10306, #6866, #5111, #443, #4378, #1366, #9171, #3537, #1897, #6479, #5506, #4625, #9842, #7873, #5346, #9013, #7131, #12244, #3716, #6195, #6278, #9406, #10858, #7718, #9741, #2598, #1035, #2414, #7541, #2318, #3269, #8098, #1450, #6519, #10965, #1334, #10617, #3376, #10460, #11906, #10059, #10174, #5580, #2151, #3803, #11327, #4686, #7092, #1526, #7977, #2097, #11963, #4741, #5151, #7838, #3490, #7432, #4895, #5202, #5162, #12522, #3767, #9029, #3570, #9186, #5700, #10700, #9563, #7354, #2664, #3879, #9562, #1657, #4842, #2790, #10001, #784, #8822, #9140, #12474, #11002, #5366, #2220, #5612, #5759, #10684, #164, #7467, #1034, #4151, #9229, #7733, #12520, #3181, #180, #8347, #9089, #1870, #713, #8332, #2124, #6211, #6067, #2320, #10398, #8914, #5419, #10256, #2084, #10229, #7949, #3416, #891, #5105, #11731, #7513, #11876, #5739, #8395, #6130, #1705, #10661, #6760, #2497, #5671, #2271, #11708, #5438, #11089, #3164, #9457, #9012, #6655, #1291, #9965, #1254, #4261, #12049, #4700, #9350, #10682, #11388, #11246, #5583, #12331, #3224, #10916, #1184, #11714, #2138, #7876, #5279, #5090, #5970, #4341, #478, #6097, #1303, #4490, #5915, #10745, #12285, #2510, #1742, #3897, #2873, #731, #7316, #5985, #10470, #8531, #4410, #3039, #5186, #3030, #9602, #6888, #5732, #3493, #2306, #8859, #6710, #11782, #625, #10153, #6853, #2808, #3553, #6963, #4134, #11422, #5790, #1792, #7901, #11329, #11372, #2204 ) ) ;
#4951 = DIRECTION ( 'NONE',  ( -0.000000000000000000, -1.000000000000000000, -0.000000000000000000 ) ) ;
#4952 = CARTESIAN_POINT ( 'NONE',  ( 61.85512985522206009, 11.00000000000000000, -4.000000000000002665 ) ) ;
#4953 = AXIS2_PLACEMENT_3D ( 'NONE', #7313, #1805, #11371 ) ;
#4954 = CIRCLE ( 'NONE', #5765, 2.800000000000002931 ) ;
#4955 = ADVANCED_FACE ( 'NONE', ( #9537 ), #3572, .T. ) ;
#4956 = DIRECTION ( 'NONE',  ( -0.7071067811865436870, 0.000000000000000000, -0.7071067811865514585 ) ) ;
#4957 = DIRECTION ( 'NONE',  ( 1.000000000000000000, 0.000000000000000000, 0.000000000000000000 ) ) ;
#4958 = ORIENTED_EDGE ( 'NONE', *, *, #2562, .F. ) ;
#4959 = DIRECTION ( 'NONE',  ( -0.000000000000000000, -1.000000000000000000, -0.000000000000000000 ) ) ;
#4960 = EDGE_CURVE ( 'NONE', #10751, #10998, #2810, .T. ) ;
#4961 = CYLINDRICAL_SURFACE ( 'NONE', #11160, 0.9999999999999974465 ) ;
#4962 = CARTESIAN_POINT ( 'NONE',  ( 28.00000000000000355, 2.000000000000000000, -9.819595949289306347 ) ) ;
#4963 = ORIENTED_EDGE ( 'NONE', *, *, #256, .T. ) ;
#4964 = DIRECTION ( 'NONE',  ( -0.000000000000000000, -1.000000000000000000, -0.000000000000000000 ) ) ;
#4965 = DIRECTION ( 'NONE',  ( 0.000000000000000000, -1.000000000000000000, 0.000000000000000000 ) ) ;
#4966 = CARTESIAN_POINT ( 'NONE',  ( 67.99999999999990052, 11.00000000000000000, -38.99999999999995026 ) ) ;
#4967 = AXIS2_PLACEMENT_3D ( 'NONE', #8204, #8268, #4162 ) ;
#4968 = DIRECTION ( 'NONE',  ( 0.000000000000000000, 1.000000000000000000, 0.000000000000000000 ) ) ;
#4969 = EDGE_CURVE ( 'NONE', #11656, #1859, #734, .T. ) ;
#4970 = CARTESIAN_POINT ( 'NONE',  ( 26.50000000000000000, 11.00000000000000000, -5.099999999999993427 ) ) ;
#4971 = DIRECTION ( 'NONE',  ( 0.000000000000000000, -0.000000000000000000, 1.000000000000000000 ) ) ;
#4972 = ORIENTED_EDGE ( 'NONE', *, *, #5841, .F. ) ;
#4973 = DIRECTION ( 'NONE',  ( 0.000000000000000000, 0.000000000000000000, 1.000000000000000000 ) ) ;
#4974 = EDGE_CURVE ( 'NONE', #8194, #3963, #10481, .T. ) ;
#4975 = DIRECTION ( 'NONE',  ( -0.000000000000000000, -1.000000000000000000, -0.000000000000000000 ) ) ;
#4976 = VERTEX_POINT ( 'NONE', #9468 ) ;
#4977 = LINE ( 'NONE', #9913, #4556 ) ;
#4978 = ORIENTED_EDGE ( 'NONE', *, *, #948, .F. ) ;
#4979 = CARTESIAN_POINT ( 'NONE',  ( 44.50000000000000000, 11.00000000000000000, -7.499999999999941380 ) ) ;
#4980 = VERTEX_POINT ( 'NONE', #1745 ) ;
#4981 = LINE ( 'NONE', #6685, #2302 ) ;
#4982 = CARTESIAN_POINT ( 'NONE',  ( 5.443227718325019282, 9.799999999999998934, -49.20000000000000284 ) ) ;
#4983 = EDGE_CURVE ( 'NONE', #9149, #2492, #6483, .T. ) ;
#4984 = VECTOR ( 'NONE', #6951, 1000.000000000000000 ) ;
#4985 = ADVANCED_FACE ( 'NONE', ( #11248 ), #12315, .T. ) ;
#4986 = ORIENTED_EDGE ( 'NONE', *, *, #3397, .F. ) ;
#4987 = CARTESIAN_POINT ( 'NONE',  ( 50.59167388793158437, 11.00000000000000000, -39.37867965644036872 ) ) ;
#4988 = VERTEX_POINT ( 'NONE', #9407 ) ;
#4989 = EDGE_LOOP ( 'NONE', ( #5489, #11313, #5887, #10873 ) ) ;
#4990 = CARTESIAN_POINT ( 'NONE',  ( 18.14487014477789728, 2.000000000000000000, -4.000000000000000888 ) ) ;
#4991 = FACE_OUTER_BOUND ( 'NONE', #2191, .T. ) ;
#4992 = FACE_OUTER_BOUND ( 'NONE', #11288, .T. ) ;
#4993 = VERTEX_POINT ( 'NONE', #10357 ) ;
#4994 = EDGE_LOOP ( 'NONE', ( #10557, #10573, #2343, #4230 ) ) ;
#4995 = DIRECTION ( 'NONE',  ( -0.000000000000000000, 1.000000000000000000, -0.000000000000000000 ) ) ;
#4996 = DIRECTION ( 'NONE',  ( 0.000000000000000000, 0.000000000000000000, -1.000000000000000000 ) ) ;
#4997 = CARTESIAN_POINT ( 'NONE',  ( 35.49999999999999289, 11.00000000000000000, -16.49999999999996092 ) ) ;
#4998 = EDGE_CURVE ( 'NONE', #8938, #10319, #11330, .T. ) ;
#4999 = ORIENTED_EDGE ( 'NONE', *, *, #2393, .F. ) ;
#5000 = CARTESIAN_POINT ( 'NONE',  ( 16.49999999999997868, 11.00000000000000000, -16.49999999999996447 ) ) ;
#5001 = EDGE_LOOP ( 'NONE', ( #3392, #2337, #1917, #7029 ) ) ;
#5002 = ORIENTED_EDGE ( 'NONE', *, *, #5273, .T. ) ;
#5003 = CARTESIAN_POINT ( 'NONE',  ( 67.99999999999998579, 11.00000000000000000, -11.99999999999996625 ) ) ;
#5004 = LINE ( 'NONE', #2209, #3188 ) ;
#5005 = DIRECTION ( 'NONE',  ( -0.000000000000000000, -1.000000000000000000, -0.000000000000000000 ) ) ;
#5006 = ORIENTED_EDGE ( 'NONE', *, *, #3507, .T. ) ;
#5007 = AXIS2_PLACEMENT_3D ( 'NONE', #7422, #8369, #6594 ) ;
#5008 = AXIS2_PLACEMENT_3D ( 'NONE', #12309, #7498, #12441 ) ;
#5009 = CARTESIAN_POINT ( 'NONE',  ( 35.49999999999999289, 11.00000000000000000, -25.49999999999996092 ) ) ;
#5010 = FACE_OUTER_BOUND ( 'NONE', #2920, .T. ) ;
#5011 = DIRECTION ( 'NONE',  ( -0.000000000000000000, -0.000000000000000000, -1.000000000000000000 ) ) ;
#5012 = PERSON_AND_ORGANIZATION ( #8464, #3667 ) ;
#5013 = VECTOR ( 'NONE', #12222, 1000.000000000000000 ) ;
#5014 = EDGE_CURVE ( 'NONE', #3359, #12021, #673, .T. ) ;
#5015 = CARTESIAN_POINT ( 'NONE',  ( 0.000000000000000000, 2.000000000000000000, -46.00000000000000000 ) ) ;
#5016 = CARTESIAN_POINT ( 'NONE',  ( 52.00000000000000000, 11.00000000000000000, -32.14999999999999858 ) ) ;
#5017 = VERTEX_POINT ( 'NONE', #8519 ) ;
#5018 = DIRECTION ( 'NONE',  ( -0.000000000000000000, -1.000000000000000000, -0.000000000000000000 ) ) ;
#5019 = CARTESIAN_POINT ( 'NONE',  ( 7.499999999999958256, 11.00000000000000000, -30.99999999999989342 ) ) ;
#5020 = DIRECTION ( 'NONE',  ( -0.000000000000000000, -1.000000000000000000, -0.000000000000000000 ) ) ;
#5021 = ORIENTED_EDGE ( 'NONE', *, *, #5670, .F. ) ;
#5022 = CYLINDRICAL_SURFACE ( 'NONE', #4008, 1.000000000000000888 ) ;
#5023 = VECTOR ( 'NONE', #7225, 1000.000000000000000 ) ;
#5024 = CIRCLE ( 'NONE', #2999, 0.9999999999999974465 ) ;
#5025 = LINE ( 'NONE', #10735, #5070 ) ;
#5026 = CYLINDRICAL_SURFACE ( 'NONE', #12442, 0.9999999999999974465 ) ;
#5027 = AXIS2_PLACEMENT_3D ( 'NONE', #10128, #5310, #8278 ) ;
#5028 = VECTOR ( 'NONE', #4889, 1000.000000000000000 ) ;
#5029 = PLANE ( 'NONE',  #4240 ) ;
#5030 = ORIENTED_EDGE ( 'NONE', *, *, #8776, .T. ) ;
#5031 = DIRECTION ( 'NONE',  ( -0.7071067811865516806, 0.000000000000000000, 0.7071067811865434649 ) ) ;
#5032 = CARTESIAN_POINT ( 'NONE',  ( 59.00000000000001421, 2.000000000000000000, -10.99999999999990585 ) ) ;
#5033 = EDGE_CURVE ( 'NONE', #7272, #6550, #5253, .T. ) ;
#5034 = ORIENTED_EDGE ( 'NONE', *, *, #1509, .F. ) ;
#5035 = FACE_OUTER_BOUND ( 'NONE', #11390, .T. ) ;
#5036 = ORIENTED_EDGE ( 'NONE', *, *, #3267, .F. ) ;
#5037 = VERTEX_POINT ( 'NONE', #799 ) ;
#5038 = LINE ( 'NONE', #8780, #4534 ) ;
#5039 = DIRECTION ( 'NONE',  ( 0.000000000000000000, 0.000000000000000000, 1.000000000000000000 ) ) ;
#5040 = VECTOR ( 'NONE', #7119, 1000.000000000000000 ) ;
#5041 = CIRCLE ( 'NONE', #8071, 0.9999999999999974465 ) ;
#5042 = AXIS2_PLACEMENT_3D ( 'NONE', #7099, #3774, #7814 ) ;
#5043 = ADVANCED_FACE ( 'NONE', ( #7561 ), #11433, .T. ) ;
#5044 = VERTEX_POINT ( 'NONE', #1927 ) ;
#5045 = VECTOR ( 'NONE', #8641, 1000.000000000000000 ) ;
#5046 = DIRECTION ( 'NONE',  ( 1.000000000000000000, 0.000000000000000000, 0.000000000000000000 ) ) ;
#5047 = CIRCLE ( 'NONE', #12127, 0.9999999999999974465 ) ;
#5048 = EDGE_CURVE ( 'NONE', #11130, #11721, #8076, .T. ) ;
#5049 = ORIENTED_EDGE ( 'NONE', *, *, #10663, .T. ) ;
#5050 = ORIENTED_EDGE ( 'NONE', *, *, #8943, .F. ) ;
#5051 = CARTESIAN_POINT ( 'NONE',  ( -1.927470528863119049E-16, 2.000000000000000000, -4.000000000000000000 ) ) ;
#5052 = CYLINDRICAL_SURFACE ( 'NONE', #1603, 0.9999999999999974465 ) ;
#5053 = ORIENTED_EDGE ( 'NONE', *, *, #7716, .F. ) ;
#5054 = VERTEX_POINT ( 'NONE', #6861 ) ;
#5055 = LINE ( 'NONE', #6946, #4125 ) ;
#5056 = EDGE_CURVE ( 'NONE', #10759, #1737, #10666, .T. ) ;
#5057 = LINE ( 'NONE', #8927, #10840 ) ;
#5058 = AXIS2_PLACEMENT_3D ( 'NONE', #2552, #9873, #4338 ) ;
#5059 = EDGE_CURVE ( 'NONE', #2492, #11656, #7688, .T. ) ;
#5060 = CIRCLE ( 'NONE', #4860, 3.599999999999992095 ) ;
#5061 = CIRCLE ( 'NONE', #11940, 0.9999999999999974465 ) ;
#5062 = ORIENTED_EDGE ( 'NONE', *, *, #95, .T. ) ;
#5063 = DIRECTION ( 'NONE',  ( 0.7071067811865463515, 0.000000000000000000, 0.7071067811865487940 ) ) ;
#5064 = EDGE_LOOP ( 'NONE', ( #11837, #8242 ) ) ;
#5065 = ORIENTED_EDGE ( 'NONE', *, *, #4935, .T. ) ;
#5066 = DIRECTION ( 'NONE',  ( 0.000000000000000000, 1.000000000000000000, 0.000000000000000000 ) ) ;
#5067 = DIRECTION ( 'NONE',  ( 0.000000000000000000, 0.000000000000000000, 1.000000000000000000 ) ) ;
#5068 = AXIS2_PLACEMENT_3D ( 'NONE', #937, #7705, #9187 ) ;
#5069 = CARTESIAN_POINT ( 'NONE',  ( 20.99999999999998224, 11.00000000000000000, -11.99999999999999645 ) ) ;
#5070 = VECTOR ( 'NONE', #8890, 1000.000000000000000 ) ;
#5071 = VERTEX_POINT ( 'NONE', #160 ) ;
#5072 = DIRECTION ( 'NONE',  ( 4.818676322157797621E-17, 0.000000000000000000, 1.000000000000000000 ) ) ;
#5073 = FACE_BOUND ( 'NONE', #12407, .T. ) ;
#5074 = EDGE_CURVE ( 'NONE', #10261, #8783, #6987, .T. ) ;
#5075 = CARTESIAN_POINT ( 'NONE',  ( 20.99999999999998224, 11.00000000000000000, -12.99999999999999467 ) ) ;
#5076 = FACE_OUTER_BOUND ( 'NONE', #2436, .T. ) ;
#5077 = ADVANCED_FACE ( 'NONE', ( #11566 ), #5029, .T. ) ;
#5078 = CC_DESIGN_APPROVAL ( #8827, ( #5087 ) ) ;
#5079 = CARTESIAN_POINT ( 'NONE',  ( 55.00000000000000000, 11.00000000000000000, -31.14999999999999858 ) ) ;
#5080 = CARTESIAN_POINT ( 'NONE',  ( 72.49999999999990052, 2.000000000000000000, -34.49999999999998579 ) ) ;
#5081 = ORIENTED_EDGE ( 'NONE', *, *, #5714, .T. ) ;
#5082 = LINE ( 'NONE', #24, #5946 ) ;
#5083 = DIRECTION ( 'NONE',  ( 0.000000000000000000, 0.000000000000000000, 1.000000000000000000 ) ) ;
#5084 = DIRECTION ( 'NONE',  ( 0.000000000000000000, 0.000000000000000000, 1.000000000000000000 ) ) ;
#5085 = CARTESIAN_POINT ( 'NONE',  ( 17.92779706011599927, 9.799999999999998934, -6.000084202863472882 ) ) ;
#5086 = VECTOR ( 'NONE', #11031, 1000.000000000000000 ) ;
#5087 = PRODUCT_DEFINITION_FORMATION_WITH_SPECIFIED_SOURCE ( 'ANY', '', #5631, .NOT_KNOWN. ) ;
#5088 = CARTESIAN_POINT ( 'NONE',  ( 18.14487014477789728, 2.000000000000000000, -4.000000000000000888 ) ) ;
#5089 = CARTESIAN_POINT ( 'NONE',  ( 57.50000000000000000, 2.000000000000000000, -10.85512985522207607 ) ) ;
#5090 = ADVANCED_FACE ( 'NONE', ( #8829 ), #6922, .T. ) ;
#5091 = EDGE_CURVE ( 'NONE', #11017, #5472, #5863, .T. ) ;
#5092 = DIRECTION ( 'NONE',  ( 0.000000000000000000, 0.000000000000000000, 1.000000000000000000 ) ) ;
#5093 = CARTESIAN_POINT ( 'NONE',  ( 58.41482322781407532, 9.799999999999998934, 21.58517677218592468 ) ) ;
#5094 = ORIENTED_EDGE ( 'NONE', *, *, #11796, .F. ) ;
#5095 = CARTESIAN_POINT ( 'NONE',  ( 34.85512985522210272, 2.000000000000000000, -6.500000000000002665 ) ) ;
#5096 = FACE_OUTER_BOUND ( 'NONE', #2082, .T. ) ;
#5097 = EDGE_LOOP ( 'NONE', ( #2933, #3466, #3773, #6127 ) ) ;
#5098 = DIRECTION ( 'NONE',  ( -0.7071067811865437980, 0.000000000000000000, -0.7071067811865513475 ) ) ;
#5099 = ORIENTED_EDGE ( 'NONE', *, *, #1687, .F. ) ;
#5100 = CARTESIAN_POINT ( 'NONE',  ( 61.85512985522206009, 2.000000000000000000, -4.000000000000002665 ) ) ;
#5101 = ORIENTED_EDGE ( 'NONE', *, *, #7161, .F. ) ;
#5102 = DIRECTION ( 'NONE',  ( -0.000000000000000000, 1.000000000000000000, -0.000000000000000000 ) ) ;
#5103 = CARTESIAN_POINT ( 'NONE',  ( 65.47228714274748995, 9.799999999999998934, -47.19999999999998863 ) ) ;
#5104 = ORIENTED_EDGE ( 'NONE', *, *, #10633, .T. ) ;
#5105 = ADVANCED_FACE ( 'NONE', ( #1052 ), #924, .F. ) ;
#5106 = CARTESIAN_POINT ( 'NONE',  ( 48.49999999999999289, 2.000000000000000000, -34.49999999999992895 ) ) ;
#5107 = ORIENTED_EDGE ( 'NONE', *, *, #921, .T. ) ;
#5108 = VERTEX_POINT ( 'NONE', #2875 ) ;
#5109 = DIRECTION ( 'NONE',  ( 1.000000000000000000, 0.000000000000000000, -0.000000000000000000 ) ) ;
#5110 = CARTESIAN_POINT ( 'NONE',  ( 67.99999999999991473, 11.00000000000000000, -35.49999999999996447 ) ) ;
#5111 = ADVANCED_FACE ( 'NONE', ( #4083 ), #3001, .T. ) ;
#5112 = ORIENTED_EDGE ( 'NONE', *, *, #1304, .F. ) ;
#5113 = CIRCLE ( 'NONE', #6720, 0.9999999999999974465 ) ;
#5114 = DIRECTION ( 'NONE',  ( 0.000000000000000000, 1.000000000000000000, 0.000000000000000000 ) ) ;
#5115 = CARTESIAN_POINT ( 'NONE',  ( 35.49999999999999289, 11.00000000000000000, -25.49999999999996092 ) ) ;
#5116 = EDGE_CURVE ( 'NONE', #3856, #5606, #37, .T. ) ;
#5117 = AXIS2_PLACEMENT_3D ( 'NONE', #8494, #4566, #1534 ) ;
#5118 = ORIENTED_EDGE ( 'NONE', *, *, #4411, .T. ) ;
#5119 = ADVANCED_FACE ( 'NONE', ( #4775 ), #3894, .T. ) ;
#5120 = ORIENTED_EDGE ( 'NONE', *, *, #7109, .T. ) ;
#5121 = VERTEX_POINT ( 'NONE', #7936 ) ;
#5122 = CARTESIAN_POINT ( 'NONE',  ( 63.50000000000000000, 11.00000000000000000, -10.99999999999993605 ) ) ;
#5123 = DIRECTION ( 'NONE',  ( 0.000000000000000000, 0.000000000000000000, 1.000000000000000000 ) ) ;
#5124 = EDGE_CURVE ( 'NONE', #10751, #8389, #97, .T. ) ;
#5125 = CARTESIAN_POINT ( 'NONE',  ( 26.50000000000000000, 0.000000000000000000, -3.400000000000000355 ) ) ;
#5126 = ORIENTED_EDGE ( 'NONE', *, *, #6618, .F. ) ;
#5127 = CARTESIAN_POINT ( 'NONE',  ( 7.499999999999930722, 2.000000000000000000, -38.99999999999988631 ) ) ;
#5128 = CARTESIAN_POINT ( 'NONE',  ( 72.49999999999991473, 11.00000000000000000, -30.99999999999998579 ) ) ;
#5129 = DIRECTION ( 'NONE',  ( -0.7071067811865516806, 0.000000000000000000, 0.7071067811865434649 ) ) ;
#5130 = VECTOR ( 'NONE', #5877, 1000.000000000000000 ) ;
#5131 = PLANE ( 'NONE',  #3440 ) ;
#5132 = PLANE ( 'NONE',  #6673 ) ;
#5133 = CIRCLE ( 'NONE', #3513, 2.799999999999997158 ) ;
#5134 = ORIENTED_EDGE ( 'NONE', *, *, #3377, .T. ) ;
#5135 = ORIENTED_EDGE ( 'NONE', *, *, #1180, .T. ) ;
#5136 = DIRECTION ( 'NONE',  ( -0.000000000000000000, 1.000000000000000000, -0.000000000000000000 ) ) ;
#5137 = EDGE_CURVE ( 'NONE', #3480, #4007, #606, .T. ) ;
#5138 = DIRECTION ( 'NONE',  ( -1.619075244245022269E-14, 0.000000000000000000, 1.000000000000000000 ) ) ;
#5139 = DIRECTION ( 'NONE',  ( -0.000000000000000000, -1.000000000000000000, -0.000000000000000000 ) ) ;
#5140 = FACE_OUTER_BOUND ( 'NONE', #743, .T. ) ;
#5141 = EDGE_LOOP ( 'NONE', ( #5924, #881, #10578, #4662 ) ) ;
#5142 = CARTESIAN_POINT ( 'NONE',  ( 59.00000000000001421, 11.00000000000000000, -12.99999999999990052 ) ) ;
#5143 = DIRECTION ( 'NONE',  ( -3.496519228280624712E-16, 0.000000000000000000, 1.000000000000000000 ) ) ;
#5144 = CARTESIAN_POINT ( 'NONE',  ( 0.000000000000000000, 2.000000000000000000, -46.00000000000000000 ) ) ;
#5145 = VECTOR ( 'NONE', #9541, 1000.000000000000000 ) ;
#5146 = CARTESIAN_POINT ( 'NONE',  ( 20.99999999999994316, 11.00000000000000000, -24.49999999999999289 ) ) ;
#5147 = DIRECTION ( 'NONE',  ( -0.000000000000000000, -1.000000000000000000, -0.000000000000000000 ) ) ;
#5148 = ORIENTED_EDGE ( 'NONE', *, *, #12410, .T. ) ;
#5149 = DIRECTION ( 'NONE',  ( -0.000000000000000000, -1.000000000000000000, -0.000000000000000000 ) ) ;
#5150 = EDGE_CURVE ( 'NONE', #11659, #2675, #10102, .T. ) ;
#5151 = ADVANCED_FACE ( 'NONE', ( #11623 ), #6791, .T. ) ;
#5152 = CARTESIAN_POINT ( 'NONE',  ( 6.500000000000000888, 2.000000000000000000, -46.00000000000000000 ) ) ;
#5153 = CIRCLE ( 'NONE', #6763, 2.500000000000000444 ) ;
#5154 = ORIENTED_EDGE ( 'NONE', *, *, #10509, .F. ) ;
#5155 = DIRECTION ( 'NONE',  ( -0.000000000000000000, 1.000000000000000000, -0.000000000000000000 ) ) ;
#5156 = CIRCLE ( 'NONE', #11836, 0.9999999999999974465 ) ;
#5157 = VERTEX_POINT ( 'NONE', #11685 ) ;
#5158 = EDGE_LOOP ( 'NONE', ( #2888, #2967 ) ) ;
#5159 = DIRECTION ( 'NONE',  ( -0.000000000000000000, -1.000000000000000000, -0.000000000000000000 ) ) ;
#5160 = DIRECTION ( 'NONE',  ( 0.000000000000000000, -0.000000000000000000, 1.000000000000000000 ) ) ;
#5161 = LINE ( 'NONE', #10107, #12524 ) ;
#5162 = ADVANCED_FACE ( 'NONE', ( #10921 ), #6156, .T. ) ;
#5163 = ORIENTED_EDGE ( 'NONE', *, *, #5725, .T. ) ;
#5164 = ORIENTED_EDGE ( 'NONE', *, *, #9579, .F. ) ;
#5165 = VERTEX_POINT ( 'NONE', #8241 ) ;
#5166 = DIRECTION ( 'NONE',  ( -0.000000000000000000, -1.000000000000000000, -0.000000000000000000 ) ) ;
#5167 = CARTESIAN_POINT ( 'NONE',  ( -17.63664863476197908, -21.88036781070453785, 9.363351365237997825 ) ) ;
#5168 = ORIENTED_EDGE ( 'NONE', *, *, #5703, .F. ) ;
#5169 = EDGE_LOOP ( 'NONE', ( #9540, #5094, #9344, #8486 ) ) ;
#5170 = CARTESIAN_POINT ( 'NONE',  ( 31.50000000000000711, 11.00000000000000000, -20.99999999999997158 ) ) ;
#5171 = CARTESIAN_POINT ( 'NONE',  ( 72.49999999999991473, 11.00000000000000000, -28.99999999999998934 ) ) ;
#5172 = AXIS2_PLACEMENT_3D ( 'NONE', #2375, #10242, #11203 ) ;
#5173 = ORIENTED_EDGE ( 'NONE', *, *, #11655, .F. ) ;
#5174 = ORIENTED_EDGE ( 'NONE', *, *, #174, .F. ) ;
#5175 = EDGE_LOOP ( 'NONE', ( #3079, #4171 ) ) ;
#5176 = DIRECTION ( 'NONE',  ( 0.000000000000000000, 0.000000000000000000, -1.000000000000000000 ) ) ;
#5177 = CARTESIAN_POINT ( 'NONE',  ( 3.000000000000002665, 9.799999999999998934, -44.89029455227312582 ) ) ;
#5178 = DIRECTION ( 'NONE',  ( -0.000000000000000000, 1.000000000000000000, -0.000000000000000000 ) ) ;
#5179 = ORIENTED_EDGE ( 'NONE', *, *, #11175, .T. ) ;
#5180 = EDGE_CURVE ( 'NONE', #3824, #2010, #12538, .T. ) ;
#5181 = AXIS2_PLACEMENT_3D ( 'NONE', #4560, #2461, #12217 ) ;
#5182 = DIRECTION ( 'NONE',  ( 0.7071067811865513475, 0.000000000000000000, 0.7071067811865435759 ) ) ;
#5183 = FACE_BOUND ( 'NONE', #859, .T. ) ;
#5184 = CARTESIAN_POINT ( 'NONE',  ( 28.52132034355965473, 9.799999999999998934, -5.479898987322321169 ) ) ;
#5185 = ADVANCED_FACE ( 'NONE', ( #5337, #10155, #284, #7166, #5204 ), #1354, .T. ) ;
#5186 = ADVANCED_FACE ( 'NONE', ( #1240 ), #526, .T. ) ;
#5187 = EDGE_CURVE ( 'NONE', #4516, #1499, #7993, .T. ) ;
#5188 = DIRECTION ( 'NONE',  ( 0.000000000000000000, 1.000000000000000000, 0.000000000000000000 ) ) ;
#5189 = VECTOR ( 'NONE', #2759, 1000.000000000000000 ) ;
#5190 = CARTESIAN_POINT ( 'NONE',  ( 11.99999999999997513, 11.00000000000000000, -19.99999999999993605 ) ) ;
#5191 = ORIENTED_EDGE ( 'NONE', *, *, #251, .T. ) ;
#5192 = ORIENTED_EDGE ( 'NONE', *, *, #6122, .T. ) ;
#5193 = CARTESIAN_POINT ( 'NONE',  ( 35.52253967444148230, 9.799999999999998934, -48.32132034355964123 ) ) ;
#5194 = DIRECTION ( 'NONE',  ( -0.000000000000000000, -1.000000000000000000, -0.000000000000000000 ) ) ;
#5195 = CARTESIAN_POINT ( 'NONE',  ( 57.50000000000000000, 11.00000000000000000, -10.85512985522207607 ) ) ;
#5196 = DIRECTION ( 'NONE',  ( 0.000000000000000000, 1.000000000000000000, 0.000000000000000000 ) ) ;
#5197 = VERTEX_POINT ( 'NONE', #8179 ) ;
#5198 = DIRECTION ( 'NONE',  ( -0.7071067811865513475, 0.000000000000000000, 0.7071067811865437980 ) ) ;
#5199 = DIRECTION ( 'NONE',  ( -0.000000000000000000, -1.000000000000000000, -0.000000000000000000 ) ) ;
#5200 = LINE ( 'NONE', #3179, #6571 ) ;
#5201 = EDGE_CURVE ( 'NONE', #3460, #11613, #2235, .T. ) ;
#5202 = ADVANCED_FACE ( 'NONE', ( #6036 ), #11110, .T. ) ;
#5203 = CARTESIAN_POINT ( 'NONE',  ( 44.50000000000000000, 2.000000000000000000, -25.49999999999993960 ) ) ;
#5204 = FACE_OUTER_BOUND ( 'NONE', #3024, .T. ) ;
#5205 = VERTEX_POINT ( 'NONE', #8956 ) ;
#5206 = CARTESIAN_POINT ( 'NONE',  ( 35.49999999999999289, 11.00000000000000000, -30.99999999999996092 ) ) ;
#5207 = CIRCLE ( 'NONE', #4407, 6.100000000000028955 ) ;
#5208 = DIRECTION ( 'NONE',  ( 0.000000000000000000, 1.000000000000000000, 0.000000000000000000 ) ) ;
#5209 = AXIS2_PLACEMENT_3D ( 'NONE', #3799, #3927, #2143 ) ;
#5210 = VECTOR ( 'NONE', #9439, 1000.000000000000000 ) ;
#5211 = ORIENTED_EDGE ( 'NONE', *, *, #2874, .T. ) ;
#5212 = DIRECTION ( 'NONE',  ( 0.000000000000000000, 1.000000000000000000, 0.000000000000000000 ) ) ;
#5213 = DIRECTION ( 'NONE',  ( 0.000000000000000000, 0.000000000000000000, 1.000000000000000000 ) ) ;
#5214 = EDGE_LOOP ( 'NONE', ( #2850, #5933, #4028, #2832 ) ) ;
#5215 = FACE_OUTER_BOUND ( 'NONE', #10239, .T. ) ;
#5216 = ORIENTED_EDGE ( 'NONE', *, *, #6725, .F. ) ;
#5217 = DIRECTION ( 'NONE',  ( 0.000000000000000000, 1.000000000000000000, 0.000000000000000000 ) ) ;
#5218 = DIRECTION ( 'NONE',  ( 0.000000000000000000, 1.000000000000000000, 0.000000000000000000 ) ) ;
#5219 = ADVANCED_FACE ( 'NONE', ( #12115 ), #3437, .F. ) ;
#5220 = AXIS2_PLACEMENT_3D ( 'NONE', #5455, #6460, #4571 ) ;
#5221 = AXIS2_PLACEMENT_3D ( 'NONE', #7458, #7580, #2641 ) ;
#5222 = FACE_OUTER_BOUND ( 'NONE', #4813, .T. ) ;
#5223 = ORIENTED_EDGE ( 'NONE', *, *, #28, .F. ) ;
#5224 = DIRECTION ( 'NONE',  ( 0.000000000000000000, 0.000000000000000000, 1.000000000000000000 ) ) ;
#5225 = ORIENTED_EDGE ( 'NONE', *, *, #7452, .F. ) ;
#5226 = ORIENTED_EDGE ( 'NONE', *, *, #1619, .F. ) ;
#5227 = DIRECTION ( 'NONE',  ( -0.000000000000000000, -1.000000000000000000, -0.000000000000000000 ) ) ;
#5228 = CARTESIAN_POINT ( 'NONE',  ( 51.47867965644034882, 11.00000000000000000, -5.479898987322321169 ) ) ;
#5229 = CIRCLE ( 'NONE', #1399, 2.500000000000000444 ) ;
#5230 = CIRCLE ( 'NONE', #995, 0.9999999999999974465 ) ;
#5231 = VECTOR ( 'NONE', #8818, 1000.000000000000000 ) ;
#5232 = ORIENTED_EDGE ( 'NONE', *, *, #8488, .T. ) ;
#5233 = ORIENTED_EDGE ( 'NONE', *, *, #6341, .T. ) ;
#5234 = CIRCLE ( 'NONE', #11718, 0.9999999999999974465 ) ;
#5235 = DIRECTION ( 'NONE',  ( 0.000000000000000000, 0.000000000000000000, -1.000000000000000000 ) ) ;
#5236 = CARTESIAN_POINT ( 'NONE',  ( 20.99999999999995737, 11.00000000000000000, -19.99999999999999645 ) ) ;
#5237 = EDGE_CURVE ( 'NONE', #2010, #10598, #3183, .T. ) ;
#5238 = ADVANCED_FACE ( 'NONE', ( #11991 ), #11040, .T. ) ;
#5239 = CIRCLE ( 'NONE', #6443, 0.9999999999999974465 ) ;
#5240 = AXIS2_PLACEMENT_3D ( 'NONE', #7600, #4628, #11541 ) ;
#5241 = CIRCLE ( 'NONE', #10499, 2.499999999999999556 ) ;
#5242 = AXIS2_PLACEMENT_3D ( 'NONE', #7725, #7655, #11534 ) ;
#5243 = ORIENTED_EDGE ( 'NONE', *, *, #3536, .T. ) ;
#5244 = ORIENTED_EDGE ( 'NONE', *, *, #7060, .F. ) ;
#5245 = ORIENTED_EDGE ( 'NONE', *, *, #1321, .F. ) ;
#5246 = DIRECTION ( 'NONE',  ( 0.000000000000000000, 1.000000000000000000, 0.000000000000000000 ) ) ;
#5247 = CARTESIAN_POINT ( 'NONE',  ( 44.13664863476203948, 1.999999999999998224, -44.13664863476203948 ) ) ;
#5248 = DIRECTION ( 'NONE',  ( 0.000000000000000000, -1.000000000000000000, 0.000000000000000000 ) ) ;
#5249 = VERTEX_POINT ( 'NONE', #9968 ) ;
#5250 = DIRECTION ( 'NONE',  ( -0.000000000000000000, -1.000000000000000000, 0.000000000000000000 ) ) ;
#5251 = FACE_BOUND ( 'NONE', #11832, .T. ) ;
#5252 = DIRECTION ( 'NONE',  ( 0.000000000000000000, 0.000000000000000000, -1.000000000000000000 ) ) ;
#5253 = CIRCLE ( 'NONE', #9299, 0.9999999999999974465 ) ;
#5254 = AXIS2_PLACEMENT_3D ( 'NONE', #1966, #5830, #4886 ) ;
#5255 = EDGE_CURVE ( 'NONE', #12477, #260, #1297, .T. ) ;
#5256 = VECTOR ( 'NONE', #2045, 1000.000000000000000 ) ;
#5257 = DIRECTION ( 'NONE',  ( 0.000000000000000000, 0.000000000000000000, 1.000000000000000000 ) ) ;
#5258 = AXIS2_PLACEMENT_3D ( 'NONE', #4027, #3074, #6929 ) ;
#5259 = CARTESIAN_POINT ( 'NONE',  ( 35.07228714274742742, 9.799999999999998934, -6.000000000000002665 ) ) ;
#5260 = ORIENTED_EDGE ( 'NONE', *, *, #3654, .F. ) ;
#5261 = VERTEX_POINT ( 'NONE', #8056 ) ;
#5262 = DIRECTION ( 'NONE',  ( 0.000000000000000000, 0.000000000000000000, 1.000000000000000000 ) ) ;
#5263 = FACE_OUTER_BOUND ( 'NONE', #11187, .T. ) ;
#5264 = LINE ( 'NONE', #9131, #3413 ) ;
#5265 = CARTESIAN_POINT ( 'NONE',  ( 50.59167388793158437, 9.799999999999998934, -39.37867965644036872 ) ) ;
#5266 = VERTEX_POINT ( 'NONE', #2419 ) ;
#5267 = ADVANCED_FACE ( 'NONE', ( #3253 ), #2292, .T. ) ;
#5268 = CARTESIAN_POINT ( 'NONE',  ( 26.45857864376274549, 11.00000000000000000, -43.30000000000000426 ) ) ;
#5269 = CARTESIAN_POINT ( 'NONE',  ( 0.000000000000000000, 11.00000000000000000, -50.00000000000000000 ) ) ;
#5270 = CARTESIAN_POINT ( 'NONE',  ( 5.443227718325019282, 11.00000000000000000, -44.75291287251024386 ) ) ;
#5271 = VECTOR ( 'NONE', #9801, 1000.000000000000000 ) ;
#5272 = AXIS2_PLACEMENT_3D ( 'NONE', #4836, #6979, #1165 ) ;
#5273 = EDGE_CURVE ( 'NONE', #2639, #12324, #12052, .T. ) ;
#5274 = AXIS2_PLACEMENT_3D ( 'NONE', #4380, #1480, #1541 ) ;
#5275 = CARTESIAN_POINT ( 'NONE',  ( 16.49999999999989697, 11.00000000000000000, -37.99999999999995026 ) ) ;
#5276 = DIRECTION ( 'NONE',  ( 0.000000000000000000, -1.000000000000000000, 0.000000000000000000 ) ) ;
#5277 = EDGE_LOOP ( 'NONE', ( #4343, #2477, #8924, #8434 ) ) ;
#5278 = DIRECTION ( 'NONE',  ( 0.000000000000000000, 0.000000000000000000, 1.000000000000000000 ) ) ;
#5279 = ADVANCED_FACE ( 'NONE', ( #1481 ), #6400, .T. ) ;
#5280 = AXIS2_PLACEMENT_3D ( 'NONE', #865, #9539, #11498 ) ;
#5281 = CARTESIAN_POINT ( 'NONE',  ( 24.47867965644041277, 11.00000000000000000, -41.32010101267766089 ) ) ;
#5282 = AXIS2_PLACEMENT_3D ( 'NONE', #2729, #7665, #5457 ) ;
#5283 = CYLINDRICAL_SURFACE ( 'NONE', #8797, 2.499999999999999556 ) ;
#5284 = EDGE_CURVE ( 'NONE', #3908, #4940, #11926, .T. ) ;
#5285 = CARTESIAN_POINT ( 'NONE',  ( 52.00000000000000000, 2.000000000000000000, -10.85512985522205121 ) ) ;
#5286 = ORIENTED_EDGE ( 'NONE', *, *, #1247, .F. ) ;
#5287 = CARTESIAN_POINT ( 'NONE',  ( 26.00000000000000000, 11.00000000000000000, -32.14999999999999858 ) ) ;
#5288 = ORIENTED_EDGE ( 'NONE', *, *, #3135, .F. ) ;
#5289 = CIRCLE ( 'NONE', #243, 1.000000000000000888 ) ;
#5290 = CARTESIAN_POINT ( 'NONE',  ( 31.50000000000000711, 11.00000000000000000, -17.49999999999997158 ) ) ;
#5291 = FACE_OUTER_BOUND ( 'NONE', #2122, .T. ) ;
#5292 = VECTOR ( 'NONE', #8433, 1000.000000000000000 ) ;
#5293 = DIRECTION ( 'NONE',  ( 0.000000000000000000, 0.000000000000000000, 1.000000000000000000 ) ) ;
#5294 = LINE ( 'NONE', #10108, #9841 ) ;
#5295 = ORIENTED_EDGE ( 'NONE', *, *, #365, .F. ) ;
#5296 = DIRECTION ( 'NONE',  ( -1.000000000000000000, 0.000000000000000000, 1.046998235667618995E-14 ) ) ;
#5297 = ORIENTED_EDGE ( 'NONE', *, *, #1493, .F. ) ;
#5298 = VERTEX_POINT ( 'NONE', #12370 ) ;
#5299 = CARTESIAN_POINT ( 'NONE',  ( 15.35613998199870878, 11.00000000000000000, -46.19999999999999574 ) ) ;
#5300 = CARTESIAN_POINT ( 'NONE',  ( 18.14487014477789728, 11.00000000000000000, -6.500000000000001776 ) ) ;
#5301 = EDGE_CURVE ( 'NONE', #5445, #12534, #6453, .T. ) ;
#5302 = ORIENTED_EDGE ( 'NONE', *, *, #8050, .F. ) ;
#5303 = ORIENTED_EDGE ( 'NONE', *, *, #481, .F. ) ;
#5304 = FACE_OUTER_BOUND ( 'NONE', #8376, .T. ) ;
#5305 = PLANE ( 'NONE',  #5172 ) ;
#5306 = EDGE_LOOP ( 'NONE', ( #2905, #6125 ) ) ;
#5307 = ORIENTED_EDGE ( 'NONE', *, *, #10810, .F. ) ;
#5308 = ORIENTED_EDGE ( 'NONE', *, *, #11889, .F. ) ;
#5309 = CARTESIAN_POINT ( 'NONE',  ( 35.49999999999999289, 11.00000000000000000, -20.99999999999996447 ) ) ;
#5310 = DIRECTION ( 'NONE',  ( 0.000000000000000000, 1.000000000000000000, 0.000000000000000000 ) ) ;
#5311 = EDGE_CURVE ( 'NONE', #9997, #9620, #7877, .T. ) ;
#5312 = CARTESIAN_POINT ( 'NONE',  ( 44.50000000000000000, 11.00000000000000000, -8.499999999999939604 ) ) ;
#5313 = EDGE_CURVE ( 'NONE', #2278, #11839, #10402, .T. ) ;
#5314 = ORIENTED_EDGE ( 'NONE', *, *, #8095, .T. ) ;
#5315 = DIRECTION ( 'NONE',  ( 0.000000000000000000, 1.000000000000000000, 0.000000000000000000 ) ) ;
#5316 = FACE_BOUND ( 'NONE', #1506, .T. ) ;
#5317 = DIRECTION ( 'NONE',  ( 4.956352788505157943E-15, 0.000000000000000000, 1.000000000000000000 ) ) ;
#5318 = VECTOR ( 'NONE', #11352, 1000.000000000000000 ) ;
#5319 = ORIENTED_EDGE ( 'NONE', *, *, #12083, .F. ) ;
#5320 = LINE ( 'NONE', #10141, #6469 ) ;
#5321 = CARTESIAN_POINT ( 'NONE',  ( 35.49999999999999289, 2.000000000000000000, -17.49999999999996092 ) ) ;
#5322 = VERTEX_POINT ( 'NONE', #1790 ) ;
#5323 = ORIENTED_EDGE ( 'NONE', *, *, #8214, .T. ) ;
#5324 = CYLINDRICAL_SURFACE ( 'NONE', #6533, 1.000000000000000888 ) ;
#5325 = CARTESIAN_POINT ( 'NONE',  ( 20.99999999999997158, 11.00000000000000000, -16.49999999999999289 ) ) ;
#5326 = CARTESIAN_POINT ( 'NONE',  ( 7.499999999999958256, 2.000000000000000000, -29.99999999999989342 ) ) ;
#5327 = DIRECTION ( 'NONE',  ( 0.000000000000000000, 0.000000000000000000, -1.000000000000000000 ) ) ;
#5328 = ORIENTED_EDGE ( 'NONE', *, *, #6618, .T. ) ;
#5329 = AXIS2_PLACEMENT_3D ( 'NONE', #11114, #11997, #3315 ) ;
#5330 = CARTESIAN_POINT ( 'NONE',  ( 67.99999999999990052, 2.000000000000000000, -38.99999999999995026 ) ) ;
#5331 = CARTESIAN_POINT ( 'NONE',  ( 20.99999999999997158, 11.00000000000000000, -16.49999999999999289 ) ) ;
#5332 = CARTESIAN_POINT ( 'NONE',  ( 53.50000000000000000, 11.00000000000000000, -43.39999999999999858 ) ) ;
#5333 = EDGE_CURVE ( 'NONE', #11166, #2278, #7669, .T. ) ;
#5334 = AXIS2_PLACEMENT_3D ( 'NONE', #3813, #6779, #9640 ) ;
#5335 = VECTOR ( 'NONE', #6243, 1000.000000000000000 ) ;
#5336 = DIRECTION ( 'NONE',  ( 0.000000000000000000, 0.000000000000000000, 1.000000000000000000 ) ) ;
#5337 = FACE_BOUND ( 'NONE', #8743, .T. ) ;
#5338 = ORIENTED_EDGE ( 'NONE', *, *, #9308, .F. ) ;
#5339 = LINE ( 'NONE', #5206, #10244 ) ;
#5340 = DIRECTION ( 'NONE',  ( 0.000000000000000000, 0.000000000000000000, 1.000000000000000000 ) ) ;
#5341 = CARTESIAN_POINT ( 'NONE',  ( 63.49999999999991473, 2.000000000000000000, -38.99999999999992184 ) ) ;
#5342 = CARTESIAN_POINT ( 'NONE',  ( 55.73223304703363112, 2.000000000000000000, -9.087362902255708974 ) ) ;
#5343 = ORIENTED_EDGE ( 'NONE', *, *, #7010, .T. ) ;
#5344 = DIRECTION ( 'NONE',  ( 0.000000000000000000, 0.000000000000000000, 1.000000000000000000 ) ) ;
#5345 = ORIENTED_EDGE ( 'NONE', *, *, #7738, .F. ) ;
#5346 = ADVANCED_FACE ( 'NONE', ( #3688 ), #10214, .T. ) ;
#5347 = CARTESIAN_POINT ( 'NONE',  ( 72.49999999999988631, 11.00000000000000000, -38.99999999999998579 ) ) ;
#5348 = VECTOR ( 'NONE', #10934, 1000.000000000000114 ) ;
#5349 = CARTESIAN_POINT ( 'NONE',  ( 11.99999999999998934, 2.000000000000000000, -15.49999999999993427 ) ) ;
#5350 = EDGE_CURVE ( 'NONE', #10568, #2368, #10464, .T. ) ;
#5351 = EDGE_CURVE ( 'NONE', #2241, #11090, #6338, .T. ) ;
#5352 = EDGE_CURVE ( 'NONE', #2100, #10955, #2215, .T. ) ;
#5353 = CARTESIAN_POINT ( 'NONE',  ( 40.00000000000000000, 11.00000000000000000, -9.749999999999953815 ) ) ;
#5354 = AXIS2_PLACEMENT_3D ( 'NONE', #9947, #8992, #2974 ) ;
#5355 = CARTESIAN_POINT ( 'NONE',  ( 63.49999999999992895, 11.00000000000000000, -34.49999999999992895 ) ) ;
#5356 = EDGE_LOOP ( 'NONE', ( #8329, #11338, #681, #8023 ) ) ;
#5357 = EDGE_LOOP ( 'NONE', ( #8698, #1340 ) ) ;
#5358 = VERTEX_POINT ( 'NONE', #4637 ) ;
#5359 = FACE_OUTER_BOUND ( 'NONE', #6422, .T. ) ;
#5360 = CYLINDRICAL_SURFACE ( 'NONE', #12110, 0.9999999999999974465 ) ;
#5361 = ORIENTED_EDGE ( 'NONE', *, *, #5929, .F. ) ;
#5362 = VERTEX_POINT ( 'NONE', #12427 ) ;
#5363 = CARTESIAN_POINT ( 'NONE',  ( 17.92658079720860798, 9.799999999999998934, -3.000042224706366500 ) ) ;
#5364 = FACE_OUTER_BOUND ( 'NONE', #2313, .T. ) ;
#5365 = CIRCLE ( 'NONE', #9209, 2.500000000000000444 ) ;
#5366 = ADVANCED_FACE ( 'NONE', ( #9334 ), #720, .T. ) ;
#5367 = ORIENTED_EDGE ( 'NONE', *, *, #9813, .T. ) ;
#5368 = VERTEX_POINT ( 'NONE', #1542 ) ;
#5369 = ORIENTED_EDGE ( 'NONE', *, *, #10979, .F. ) ;
#5370 = DIRECTION ( 'NONE',  ( -0.000000000000000000, 1.000000000000000000, -0.000000000000000000 ) ) ;
#5371 = DIRECTION ( 'NONE',  ( -0.000000000000000000, -1.000000000000000000, -0.000000000000000000 ) ) ;
#5372 = DIRECTION ( 'NONE',  ( -0.7071067811865507924, -0.000000000000000000, -0.7071067811865441310 ) ) ;
#5373 = EDGE_LOOP ( 'NONE', ( #4183, #2705, #69, #6408 ) ) ;
#5374 = DIRECTION ( 'NONE',  ( 0.000000000000000000, -0.000000000000000000, 1.000000000000000000 ) ) ;
#5375 = FACE_BOUND ( 'NONE', #10654, .T. ) ;
#5376 = CYLINDRICAL_SURFACE ( 'NONE', #3412, 0.9999999999999974465 ) ;
#5377 = DATE_AND_TIME ( #1280, #2446 ) ;
#5378 = EDGE_CURVE ( 'NONE', #3857, #2626, #1627, .T. ) ;
#5379 = ORIENTED_EDGE ( 'NONE', *, *, #12229, .F. ) ;
#5380 = CARTESIAN_POINT ( 'NONE',  ( 17.92779706011599927, 9.799999999999998934, -6.000084202863472882 ) ) ;
#5381 = CIRCLE ( 'NONE', #7404, 0.9999999999999974465 ) ;
#5382 = DIRECTION ( 'NONE',  ( 0.000000000000000000, 0.000000000000000000, 1.000000000000000000 ) ) ;
#5383 = ORIENTED_EDGE ( 'NONE', *, *, #8559, .T. ) ;
#5384 = ORIENTED_EDGE ( 'NONE', *, *, #1350, .F. ) ;
#5385 = FACE_OUTER_BOUND ( 'NONE', #6764, .T. ) ;
#5386 = CARTESIAN_POINT ( 'NONE',  ( 26.54142135623725451, 9.799999999999998934, -43.30000000000000426 ) ) ;
#5387 = DIRECTION ( 'NONE',  ( 0.000000000000000000, 0.000000000000000000, -1.000000000000000000 ) ) ;
#5388 = LINE ( 'NONE', #5265, #5441 ) ;
#5389 = ORIENTED_EDGE ( 'NONE', *, *, #6495, .T. ) ;
#5390 = DIRECTION ( 'NONE',  ( 0.000000000000000000, 1.000000000000000000, 0.000000000000000000 ) ) ;
#5391 = FACE_OUTER_BOUND ( 'NONE', #9178, .T. ) ;
#5392 = PLANE ( 'NONE',  #11038 ) ;
#5393 = EDGE_CURVE ( 'NONE', #8057, #4355, #8704, .T. ) ;
#5394 = EDGE_CURVE ( 'NONE', #4157, #9961, #4450, .T. ) ;
#5395 = CARTESIAN_POINT ( 'NONE',  ( 11.99999999999997513, 2.000000000000000000, -20.99999999999993250 ) ) ;
#5396 = CARTESIAN_POINT ( 'NONE',  ( 7.499999999999930722, 11.00000000000000000, -38.99999999999988631 ) ) ;
#5397 = VERTEX_POINT ( 'NONE', #7360 ) ;
#5398 = CARTESIAN_POINT ( 'NONE',  ( 52.71299423149123697, 9.799999999999998934, -38.50000000000000711 ) ) ;
#5399 = LINE ( 'NONE', #8183, #3534 ) ;
#5400 = CARTESIAN_POINT ( 'NONE',  ( 0.000000000000000000, 11.00000000000000000, -46.00000000000000000 ) ) ;
#5401 = ORIENTED_EDGE ( 'NONE', *, *, #986, .F. ) ;
#5402 = CARTESIAN_POINT ( 'NONE',  ( 11.99999999999998934, 11.00000000000000000, -16.49999999999993250 ) ) ;
#5403 = VERTEX_POINT ( 'NONE', #658 ) ;
#5404 = CARTESIAN_POINT ( 'NONE',  ( 72.49999999999997158, 11.00000000000000000, -16.49999999999999289 ) ) ;
#5405 = VECTOR ( 'NONE', #6672, 1000.000000000000000 ) ;
#5406 = DIRECTION ( 'NONE',  ( 0.000000000000000000, 0.000000000000000000, 1.000000000000000000 ) ) ;
#5407 = EDGE_CURVE ( 'NONE', #12388, #4689, #1023, .T. ) ;
#5408 = AXIS2_PLACEMENT_3D ( 'NONE', #11843, #3155, #2031 ) ;
#5409 = DIRECTION ( 'NONE',  ( 0.000000000000000000, 1.000000000000000000, 0.000000000000000000 ) ) ;
#5410 = FACE_OUTER_BOUND ( 'NONE', #6808, .T. ) ;
#5411 = EDGE_LOOP ( 'NONE', ( #3608, #9611, #1527, #12466 ) ) ;
#5412 = ORIENTED_EDGE ( 'NONE', *, *, #3968, .F. ) ;
#5413 = EDGE_LOOP ( 'NONE', ( #3627, #488, #2494, #11722 ) ) ;
#5414 = DIRECTION ( 'NONE',  ( 0.000000000000000000, 0.000000000000000000, 1.000000000000000000 ) ) ;
#5415 = DIRECTION ( 'NONE',  ( 0.000000000000000000, 1.000000000000000000, 0.000000000000000000 ) ) ;
#5416 = ORIENTED_EDGE ( 'NONE', *, *, #7162, .F. ) ;
#5417 = VERTEX_POINT ( 'NONE', #8429 ) ;
#5418 = CARTESIAN_POINT ( 'NONE',  ( 7.499999999999971578, 11.00000000000000000, -25.49999999999989697 ) ) ;
#5419 = ADVANCED_FACE ( 'NONE', ( #12237 ), #12295, .F. ) ;
#5420 = FACE_OUTER_BOUND ( 'NONE', #4989, .T. ) ;
#5421 = CIRCLE ( 'NONE', #12504, 0.9999999999999974465 ) ;
#5422 = CIRCLE ( 'NONE', #3811, 1.000000000000000888 ) ;
#5423 = EDGE_CURVE ( 'NONE', #4546, #10389, #3625, .T. ) ;
#5424 = EDGE_LOOP ( 'NONE', ( #9833, #3333, #617, #8546 ) ) ;
#5425 = AXIS2_PLACEMENT_3D ( 'NONE', #6586, #7479, #3684 ) ;
#5426 = VECTOR ( 'NONE', #5084, 1000.000000000000000 ) ;
#5427 = AXIS2_PLACEMENT_3D ( 'NONE', #11647, #119, #2893 ) ;
#5428 = VERTEX_POINT ( 'NONE', #5716 ) ;
#5429 = ORIENTED_EDGE ( 'NONE', *, *, #10065, .F. ) ;
#5430 = DIRECTION ( 'NONE',  ( 0.000000000000000000, 0.000000000000000000, -1.000000000000000000 ) ) ;
#5431 = CARTESIAN_POINT ( 'NONE',  ( 53.50000000000000000, 0.000000000000000000, -5.099999999999996980 ) ) ;
#5432 = EDGE_CURVE ( 'NONE', #7963, #7753, #817, .T. ) ;
#5433 = DIRECTION ( 'NONE',  ( -0.7071067811865513475, 0.000000000000000000, 0.7071067811865437980 ) ) ;
#5434 = ORIENTED_EDGE ( 'NONE', *, *, #8877, .T. ) ;
#5435 = DIRECTION ( 'NONE',  ( 1.000000000000000000, 0.000000000000000000, 0.000000000000000000 ) ) ;
#5436 = FACE_BOUND ( 'NONE', #8801, .T. ) ;
#5437 = DIRECTION ( 'NONE',  ( 0.000000000000000000, 1.000000000000000000, 0.000000000000000000 ) ) ;
#5438 = ADVANCED_FACE ( 'NONE', ( #9581 ), #5905, .F. ) ;
#5439 = AXIS2_PLACEMENT_3D ( 'NONE', #10230, #9031, #4279 ) ;
#5440 = AXIS2_PLACEMENT_3D ( 'NONE', #5643, #5710, #7538 ) ;
#5441 = VECTOR ( 'NONE', #7413, 1000.000000000000000 ) ;
#5442 = ORIENTED_EDGE ( 'NONE', *, *, #10890, .F. ) ;
#5443 = CYLINDRICAL_SURFACE ( 'NONE', #337, 0.9999999999999974465 ) ;
#5444 = EDGE_CURVE ( 'NONE', #5368, #4443, #8502, .T. ) ;
#5445 = VERTEX_POINT ( 'NONE', #4827 ) ;
#5446 = VERTEX_POINT ( 'NONE', #5838 ) ;
#5447 = CYLINDRICAL_SURFACE ( 'NONE', #6826, 0.9999999999999974465 ) ;
#5448 = AXIS2_PLACEMENT_3D ( 'NONE', #9202, #11931, #10855 ) ;
#5449 = DIRECTION ( 'NONE',  ( 0.000000000000000000, 0.000000000000000000, 1.000000000000000000 ) ) ;
#5450 = AXIS2_PLACEMENT_3D ( 'NONE', #2973, #6834, #206 ) ;
#5451 = ORIENTED_EDGE ( 'NONE', *, *, #9284, .F. ) ;
#5452 = DIRECTION ( 'NONE',  ( 0.000000000000000000, 0.000000000000000000, 1.000000000000000000 ) ) ;
#5453 = LINE ( 'NONE', #10148, #7057 ) ;
#5454 = VERTEX_POINT ( 'NONE', #2919 ) ;
#5455 = CARTESIAN_POINT ( 'NONE',  ( 80.00000000000007105, 9.799999999999998934, -47.19999999999989626 ) ) ;
#5456 = EDGE_CURVE ( 'NONE', #9908, #6737, #6780, .T. ) ;
#5457 = DIRECTION ( 'NONE',  ( 0.000000000000000000, 0.000000000000000000, -1.000000000000000000 ) ) ;
#5458 = CARTESIAN_POINT ( 'NONE',  ( 35.49999999999999289, 2.000000000000000000, -7.499999999999963585 ) ) ;
#5459 = CIRCLE ( 'NONE', #9509, 0.9999999999999974465 ) ;
#5460 = CIRCLE ( 'NONE', #612, 6.100000000000028955 ) ;
#5461 = CARTESIAN_POINT ( 'NONE',  ( 48.49999999999999289, 2.000000000000000000, -29.99999999999992895 ) ) ;
#5462 = DIRECTION ( 'NONE',  ( -0.000000000000000000, -1.000000000000000000, -0.000000000000000000 ) ) ;
#5463 = EDGE_LOOP ( 'NONE', ( #2941, #10615, #8438, #3900 ) ) ;
#5464 = CARTESIAN_POINT ( 'NONE',  ( 48.49999999999999289, 11.00000000000000000, -20.99999999999992895 ) ) ;
#5465 = DIRECTION ( 'NONE',  ( 0.000000000000000000, 0.000000000000000000, -1.000000000000000000 ) ) ;
#5466 = CARTESIAN_POINT ( 'NONE',  ( 67.49999999999998579, 5.000000000000000000, 3.100000000000000977 ) ) ;
#5467 = CARTESIAN_POINT ( 'NONE',  ( 48.49999999999999289, 11.00000000000000000, -34.49999999999992895 ) ) ;
#5468 = EDGE_CURVE ( 'NONE', #4443, #5368, #10324, .T. ) ;
#5469 = AXIS2_PLACEMENT_3D ( 'NONE', #10814, #5806, #2128 ) ;
#5470 = EDGE_CURVE ( 'NONE', #3652, #9302, #2416, .T. ) ;
#5471 = CIRCLE ( 'NONE', #7083, 2.999999999999999112 ) ;
#5472 = VERTEX_POINT ( 'NONE', #7673 ) ;
#5473 = LINE ( 'NONE', #3504, #9314 ) ;
#5474 = VERTEX_POINT ( 'NONE', #11742 ) ;
#5475 = DIRECTION ( 'NONE',  ( 0.000000000000000000, 0.000000000000000000, 1.000000000000000000 ) ) ;
#5476 = DIRECTION ( 'NONE',  ( 0.000000000000000000, 1.000000000000000000, 0.000000000000000000 ) ) ;
#5477 = AXIS2_PLACEMENT_3D ( 'NONE', #12446, #2750, #11252 ) ;
#5478 = CARTESIAN_POINT ( 'NONE',  ( 35.49999999999999289, 11.00000000000000000, -8.499999999999960920 ) ) ;
#5479 = DIRECTION ( 'NONE',  ( 0.000000000000000000, 0.000000000000000000, -1.000000000000000000 ) ) ;
#5480 = DIRECTION ( 'NONE',  ( 0.000000000000000000, -1.000000000000000000, 0.000000000000000000 ) ) ;
#5481 = ORIENTED_EDGE ( 'NONE', *, *, #3636, .F. ) ;
#5482 = CARTESIAN_POINT ( 'NONE',  ( 31.91482322781384084, 9.799999999999998934, -31.91482322781411796 ) ) ;
#5483 = CIRCLE ( 'NONE', #10341, 0.9999999999999974465 ) ;
#5484 = ORIENTED_EDGE ( 'NONE', *, *, #4122, .F. ) ;
#5485 = ORIENTED_EDGE ( 'NONE', *, *, #3672, .T. ) ;
#5486 = FACE_OUTER_BOUND ( 'NONE', #6053, .T. ) ;
#5487 = DIRECTION ( 'NONE',  ( 0.000000000000000000, -1.000000000000000000, 0.000000000000000000 ) ) ;
#5488 = VERTEX_POINT ( 'NONE', #1096 ) ;
#5489 = ORIENTED_EDGE ( 'NONE', *, *, #6044, .F. ) ;
#5490 = CYLINDRICAL_SURFACE ( 'NONE', #12215, 3.000000000000009770 ) ;
#5491 = VECTOR ( 'NONE', #843, 1000.000000000000000 ) ;
#5492 = CYLINDRICAL_SURFACE ( 'NONE', #1561, 2.800000000000002931 ) ;
#5493 = EDGE_CURVE ( 'NONE', #425, #3334, #5060, .T. ) ;
#5494 = EDGE_CURVE ( 'NONE', #290, #1264, #9709, .T. ) ;
#5495 = EDGE_LOOP ( 'NONE', ( #4559, #3761, #3689, #4593 ) ) ;
#5496 = EDGE_LOOP ( 'NONE', ( #9379, #6823, #9877, #5749 ) ) ;
#5497 = ORIENTED_EDGE ( 'NONE', *, *, #1571, .T. ) ;
#5498 = CYLINDRICAL_SURFACE ( 'NONE', #12300, 0.9999999999999974465 ) ;
#5499 = DIRECTION ( 'NONE',  ( 3.496519228280624712E-16, 0.000000000000000000, 1.000000000000000000 ) ) ;
#5500 = DIRECTION ( 'NONE',  ( -0.000000000000000000, -1.000000000000000000, -0.000000000000000000 ) ) ;
#5501 = ORIENTED_EDGE ( 'NONE', *, *, #2480, .F. ) ;
#5502 = CIRCLE ( 'NONE', #3282, 0.9999999999999974465 ) ;
#5503 = CARTESIAN_POINT ( 'NONE',  ( 61.24351332877357379, 11.00000000000000000, -1.000059507428522121 ) ) ;
#5504 = CARTESIAN_POINT ( 'NONE',  ( 54.28700576850885540, 9.799999999999998934, -41.50000000000000711 ) ) ;
#5505 = PLANE ( 'NONE',  #8070 ) ;
#5506 = ADVANCED_FACE ( 'NONE', ( #5778 ), #4002, .T. ) ;
#5507 = EDGE_CURVE ( 'NONE', #7957, #7277, #611, .T. ) ;
#5508 = EDGE_CURVE ( 'NONE', #3085, #7624, #3050, .T. ) ;
#5509 = VERTEX_POINT ( 'NONE', #11608 ) ;
#5510 = DIRECTION ( 'NONE',  ( -0.000000000000000000, 1.000000000000000000, -0.000000000000000000 ) ) ;
#5511 = VERTEX_POINT ( 'NONE', #2795 ) ;
#5512 = ORIENTED_EDGE ( 'NONE', *, *, #9275, .T. ) ;
#5513 = CARTESIAN_POINT ( 'NONE',  ( 53.50000000000000000, 0.000000000000000000, -45.10000000000000142 ) ) ;
#5514 = DIRECTION ( 'NONE',  ( 0.000000000000000000, 0.000000000000000000, 1.000000000000000000 ) ) ;
#5515 = CYLINDRICAL_SURFACE ( 'NONE', #11394, 2.999999999999995559 ) ;
#5516 = EDGE_LOOP ( 'NONE', ( #10815, #12514 ) ) ;
#5517 = DIRECTION ( 'NONE',  ( 0.000000000000000000, 1.000000000000000000, 0.000000000000000000 ) ) ;
#5518 = LINE ( 'NONE', #10588, #1585 ) ;
#5519 = FACE_OUTER_BOUND ( 'NONE', #5764, .T. ) ;
#5520 = DIRECTION ( 'NONE',  ( 0.000000000000000000, 0.000000000000000000, -1.000000000000000000 ) ) ;
#5521 = AXIS2_PLACEMENT_3D ( 'NONE', #9177, #1327, #2386 ) ;
#5522 = EDGE_CURVE ( 'NONE', #4562, #9421, #969, .T. ) ;
#5523 = CARTESIAN_POINT ( 'NONE',  ( 7.499999999999992895, 2.000000000000000000, -19.99999999999990408 ) ) ;
#5524 = DIRECTION ( 'NONE',  ( 0.000000000000000000, 0.000000000000000000, 1.000000000000000000 ) ) ;
#5525 = ORIENTED_EDGE ( 'NONE', *, *, #7330, .F. ) ;
#5526 = LINE ( 'NONE', #9395, #10664 ) ;
#5527 = DIRECTION ( 'NONE',  ( 1.000000000000000000, 0.000000000000000000, -4.818676322157797621E-17 ) ) ;
#5528 = EDGE_LOOP ( 'NONE', ( #3007, #8860, #5609, #1931 ) ) ;
#5529 = DIRECTION ( 'NONE',  ( -0.000000000000000000, -1.000000000000000000, -0.000000000000000000 ) ) ;
#5530 = ORIENTED_EDGE ( 'NONE', *, *, #5858, .F. ) ;
#5531 = DIRECTION ( 'NONE',  ( -1.000000000000000000, -0.000000000000000000, -0.000000000000000000 ) ) ;
#5532 = EDGE_LOOP ( 'NONE', ( #3710, #2469 ) ) ;
#5533 = PLANE ( 'NONE',  #10006 ) ;
#5534 = DIRECTION ( 'NONE',  ( 0.000000000000000000, -0.000000000000000000, 1.000000000000000000 ) ) ;
#5535 = ADVANCED_FACE ( 'NONE', ( #22 ), #2861, .T. ) ;
#5536 = VECTOR ( 'NONE', #4004, 1000.000000000000114 ) ;
#5537 = DIRECTION ( 'NONE',  ( -0.000000000000000000, -1.000000000000000000, -0.000000000000000000 ) ) ;
#5538 = PLANE ( 'NONE',  #10915 ) ;
#5539 = DIRECTION ( 'NONE',  ( 0.7071067811865506814, 0.000000000000000000, 0.7071067811865443531 ) ) ;
#5540 = CIRCLE ( 'NONE', #6141, 0.9999999999999974465 ) ;
#5541 = ORIENTED_EDGE ( 'NONE', *, *, #6645, .T. ) ;
#5542 = EDGE_LOOP ( 'NONE', ( #3560, #10488, #6421, #10539 ) ) ;
#5543 = DIRECTION ( 'NONE',  ( 0.000000000000000000, 0.000000000000000000, 1.000000000000000000 ) ) ;
#5544 = FACE_OUTER_BOUND ( 'NONE', #10073, .T. ) ;
#5545 = ORIENTED_EDGE ( 'NONE', *, *, #1479, .T. ) ;
#5546 = ORIENTED_EDGE ( 'NONE', *, *, #8559, .F. ) ;
#5547 = CARTESIAN_POINT ( 'NONE',  ( 58.99999999999999289, 11.00000000000000000, -20.99999999999990052 ) ) ;
#5548 = DIRECTION ( 'NONE',  ( 0.000000000000000000, -0.000000000000000000, 1.000000000000000000 ) ) ;
#5549 = VECTOR ( 'NONE', #3762, 1000.000000000000000 ) ;
#5550 = AXIS2_PLACEMENT_3D ( 'NONE', #12055, #11937, #6404 ) ;
#5551 = EDGE_CURVE ( 'NONE', #8752, #6269, #3644, .T. ) ;
#5552 = ORIENTED_EDGE ( 'NONE', *, *, #12201, .F. ) ;
#5553 = ORIENTED_EDGE ( 'NONE', *, *, #7764, .T. ) ;
#5554 = ORIENTED_EDGE ( 'NONE', *, *, #194, .F. ) ;
#5555 = DIRECTION ( 'NONE',  ( 0.000000000000000000, 1.000000000000000000, 0.000000000000000000 ) ) ;
#5556 = DIRECTION ( 'NONE',  ( 0.000000000000000000, 0.000000000000000000, 1.000000000000000000 ) ) ;
#5557 = CARTESIAN_POINT ( 'NONE',  ( 72.49999999999991473, 11.00000000000000000, -29.99999999999998934 ) ) ;
#5558 = ORIENTED_EDGE ( 'NONE', *, *, #4937, .T. ) ;
#5559 = DIRECTION ( 'NONE',  ( 0.7071067811865467956, 0.000000000000000000, -0.7071067811865483499 ) ) ;
#5560 = DIRECTION ( 'NONE',  ( 0.000000000000000000, 0.000000000000000000, -1.000000000000000000 ) ) ;
#5561 = AXIS2_PLACEMENT_3D ( 'NONE', #8637, #3825, #11562 ) ;
#5562 = CIRCLE ( 'NONE', #5354, 1.000000000000000888 ) ;
#5563 = FACE_OUTER_BOUND ( 'NONE', #12053, .T. ) ;
#5564 = AXIS2_PLACEMENT_3D ( 'NONE', #5816, #11779, #9681 ) ;
#5565 = ORIENTED_EDGE ( 'NONE', *, *, #11864, .T. ) ;
#5566 = DIRECTION ( 'NONE',  ( 0.000000000000000000, 1.000000000000000000, -0.000000000000000000 ) ) ;
#5567 = EDGE_CURVE ( 'NONE', #2085, #3782, #9720, .T. ) ;
#5568 = ORIENTED_EDGE ( 'NONE', *, *, #251, .F. ) ;
#5569 = ORIENTED_EDGE ( 'NONE', *, *, #4325, .T. ) ;
#5570 = PLANE ( 'NONE',  #7880 ) ;
#5571 = CARTESIAN_POINT ( 'NONE',  ( 40.00000000000000000, 11.00000000000000000, -10.74999999999995026 ) ) ;
#5572 = DIRECTION ( 'NONE',  ( 0.000000000000000000, -1.000000000000000000, 0.000000000000000000 ) ) ;
#5573 = VERTEX_POINT ( 'NONE', #7794 ) ;
#5574 = CARTESIAN_POINT ( 'NONE',  ( 68.00000000000000000, 2.000000000000000000, -7.499999999999968914 ) ) ;
#5575 = CARTESIAN_POINT ( 'NONE',  ( 20.99999999999998224, 11.00000000000000000, -11.99999999999999645 ) ) ;
#5576 = CARTESIAN_POINT ( 'NONE',  ( 30.51814099834517791, 11.00000000000000000, -38.81038749811948207 ) ) ;
#5577 = EDGE_CURVE ( 'NONE', #3095, #1859, #8628, .T. ) ;
#5578 = DIRECTION ( 'NONE',  ( -0.000000000000000000, -1.000000000000000000, -0.000000000000000000 ) ) ;
#5579 = AXIS2_PLACEMENT_3D ( 'NONE', #1570, #6309, #6244 ) ;
#5580 = ADVANCED_FACE ( 'NONE', ( #12037 ), #7093, .T. ) ;
#5581 = AXIS2_PLACEMENT_3D ( 'NONE', #3924, #2903, #5821 ) ;
#5582 = DIRECTION ( 'NONE',  ( -0.000000000000000000, -1.000000000000000000, -0.000000000000000000 ) ) ;
#5583 = ADVANCED_FACE ( 'NONE', ( #8946 ), #3167, .T. ) ;
#5584 = DIRECTION ( 'NONE',  ( -0.000000000000000000, 1.000000000000000000, -0.000000000000000000 ) ) ;
#5585 = VERTEX_POINT ( 'NONE', #5190 ) ;
#5586 = CARTESIAN_POINT ( 'NONE',  ( 20.99999999999997158, 11.00000000000000000, -16.49999999999999289 ) ) ;
#5587 = DIRECTION ( 'NONE',  ( 0.000000000000000000, -1.000000000000000000, 0.000000000000000000 ) ) ;
#5588 = VERTEX_POINT ( 'NONE', #8035 ) ;
#5589 = CYLINDRICAL_SURFACE ( 'NONE', #716, 0.9999999999999974465 ) ;
#5590 = AXIS2_PLACEMENT_3D ( 'NONE', #7928, #6847, #1974 ) ;
#5591 = EDGE_CURVE ( 'NONE', #3899, #10047, #5459, .T. ) ;
#5592 = ORIENTED_EDGE ( 'NONE', *, *, #1180, .F. ) ;
#5593 = CARTESIAN_POINT ( 'NONE',  ( 65.76223663640863037, 2.000000000000000000, -46.00000000000000000 ) ) ;
#5594 = EDGE_LOOP ( 'NONE', ( #7077, #7674, #5429, #1144 ) ) ;
#5595 = DIRECTION ( 'NONE',  ( 0.7071067811865506814, 0.000000000000000000, 0.7071067811865443531 ) ) ;
#5596 = EDGE_CURVE ( 'NONE', #3868, #4849, #4447, .T. ) ;
#5597 = FACE_OUTER_BOUND ( 'NONE', #11003, .T. ) ;
#5598 = VECTOR ( 'NONE', #9204, 1000.000000000000000 ) ;
#5599 = VECTOR ( 'NONE', #10427, 1000.000000000000000 ) ;
#5600 = DIRECTION ( 'NONE',  ( 0.000000000000000000, 0.000000000000000000, 1.000000000000000000 ) ) ;
#5601 = DIRECTION ( 'NONE',  ( -1.000000000000000000, -0.000000000000000000, -0.000000000000000000 ) ) ;
#5602 = ORIENTED_EDGE ( 'NONE', *, *, #7604, .T. ) ;
#5603 = CARTESIAN_POINT ( 'NONE',  ( 5.443227718325019282, 9.799999999999998934, -47.20000000000000284 ) ) ;
#5604 = AXIS2_PLACEMENT_3D ( 'NONE', #1436, #11877, #7054 ) ;
#5605 = ORIENTED_EDGE ( 'NONE', *, *, #10849, .T. ) ;
#5606 = VERTEX_POINT ( 'NONE', #216 ) ;
#5607 = DIRECTION ( 'NONE',  ( 0.000000000000000000, 1.000000000000000000, 0.000000000000000000 ) ) ;
#5608 = CARTESIAN_POINT ( 'NONE',  ( 44.50000000000000000, 11.00000000000000000, -35.49999999999993605 ) ) ;
#5609 = ORIENTED_EDGE ( 'NONE', *, *, #10243, .T. ) ;
#5610 = ORIENTED_EDGE ( 'NONE', *, *, #8286, .T. ) ;
#5611 = CARTESIAN_POINT ( 'NONE',  ( 73.50000000000000000, 11.00000000000000000, -43.50000000000000000 ) ) ;
#5612 = ADVANCED_FACE ( 'NONE', ( #6020 ), #10843, .T. ) ;
#5613 = FACE_OUTER_BOUND ( 'NONE', #2763, .T. ) ;
#5614 = AXIS2_PLACEMENT_3D ( 'NONE', #2928, #7745, #11618 ) ;
#5615 = ORIENTED_EDGE ( 'NONE', *, *, #11692, .F. ) ;
#5616 = DIRECTION ( 'NONE',  ( 0.000000000000000000, -0.000000000000000000, 1.000000000000000000 ) ) ;
#5617 = VERTEX_POINT ( 'NONE', #5321 ) ;
#5618 = AXIS2_PLACEMENT_3D ( 'NONE', #4801, #12535, #7714 ) ;
#5619 = ORIENTED_EDGE ( 'NONE', *, *, #11849, .F. ) ;
#5620 = CYLINDRICAL_SURFACE ( 'NONE', #7236, 0.9999999999999974465 ) ;
#5621 = CARTESIAN_POINT ( 'NONE',  ( 67.99999999999991473, 11.00000000000000000, -34.49999999999996447 ) ) ;
#5622 = CARTESIAN_POINT ( 'NONE',  ( 27.00000000000000355, 11.00000000000000000, -31.14999999999999858 ) ) ;
#5623 = AXIS2_PLACEMENT_3D ( 'NONE', #12045, #2411, #3430 ) ;
#5624 = AXIS2_PLACEMENT_3D ( 'NONE', #6692, #8728, #12530 ) ;
#5625 = VERTEX_POINT ( 'NONE', #4181 ) ;
#5626 = AXIS2_PLACEMENT_3D ( 'NONE', #10887, #3871, #4059 ) ;
#5627 = DIRECTION ( 'NONE',  ( 0.000000000000000000, 0.000000000000000000, 1.000000000000000000 ) ) ;
#5628 = DIRECTION ( 'NONE',  ( 0.000000000000000000, 0.000000000000000000, 1.000000000000000000 ) ) ;
#5629 = EDGE_CURVE ( 'NONE', #1977, #12243, #3846, .T. ) ;
#5630 = EDGE_CURVE ( 'NONE', #7650, #11609, #8905, .T. ) ;
#5631 = PRODUCT ( 'heatsink', 'heatsink', '', ( #9768 ) ) ;
#5632 = CIRCLE ( 'NONE', #10493, 0.9999999999999974465 ) ;
#5633 = AXIS2_PLACEMENT_3D ( 'NONE', #8756, #11746, #2049 ) ;
#5634 = AXIS2_PLACEMENT_3D ( 'NONE', #753, #3528, #4487 ) ;
#5635 = ORIENTED_EDGE ( 'NONE', *, *, #4267, .F. ) ;
#5636 = DIRECTION ( 'NONE',  ( 0.000000000000000000, 0.000000000000000000, 1.000000000000000000 ) ) ;
#5637 = ORIENTED_EDGE ( 'NONE', *, *, #9141, .F. ) ;
#5638 = ORIENTED_EDGE ( 'NONE', *, *, #6295, .F. ) ;
#5639 = DIRECTION ( 'NONE',  ( 0.000000000000000000, 1.000000000000000000, 0.000000000000000000 ) ) ;
#5640 = CYLINDRICAL_SURFACE ( 'NONE', #2377, 1.699999999999993072 ) ;
#5641 = CARTESIAN_POINT ( 'NONE',  ( 44.50000000000000000, 11.00000000000000000, -26.49999999999993605 ) ) ;
#5642 = VERTEX_POINT ( 'NONE', #7027 ) ;
#5643 = CARTESIAN_POINT ( 'NONE',  ( 34.24386001800125001, 9.799999999999998934, -4.000000000000002665 ) ) ;
#5644 = CARTESIAN_POINT ( 'NONE',  ( 72.50000000000000000, 11.00000000000000000, -7.500000000000000000 ) ) ;
#5645 = DIRECTION ( 'NONE',  ( 0.000000000000000000, 0.000000000000000000, 1.000000000000000000 ) ) ;
#5646 = AXIS2_PLACEMENT_3D ( 'NONE', #5785, #1164, #975 ) ;
#5647 = AXIS2_PLACEMENT_3D ( 'NONE', #5672, #5409, #8448 ) ;
#5648 = VECTOR ( 'NONE', #6205, 1000.000000000000000 ) ;
#5649 = DIRECTION ( 'NONE',  ( 0.000000000000000000, 0.000000000000000000, -1.000000000000000000 ) ) ;
#5650 = AXIS2_PLACEMENT_3D ( 'NONE', #6436, #9307, #11393 ) ;
#5651 = EDGE_CURVE ( 'NONE', #4098, #1791, #9914, .T. ) ;
#5652 = AXIS2_PLACEMENT_3D ( 'NONE', #8897, #1112, #8767 ) ;
#5653 = LINE ( 'NONE', #5715, #4087 ) ;
#5654 = VECTOR ( 'NONE', #4491, 1000.000000000000000 ) ;
#5655 = AXIS2_PLACEMENT_3D ( 'NONE', #9065, #9195, #2592 ) ;
#5656 = CARTESIAN_POINT ( 'NONE',  ( 20.99999999999994316, 11.00000000000000000, -25.49999999999999289 ) ) ;
#5657 = ORIENTED_EDGE ( 'NONE', *, *, #10784, .T. ) ;
#5658 = DIRECTION ( 'NONE',  ( 0.000000000000000000, 1.000000000000000000, 0.000000000000000000 ) ) ;
#5659 = EDGE_CURVE ( 'NONE', #10998, #4993, #3111, .T. ) ;
#5660 = CARTESIAN_POINT ( 'NONE',  ( 11.99999999999997513, 11.00000000000000000, -20.99999999999993250 ) ) ;
#5661 = VERTEX_POINT ( 'NONE', #11979 ) ;
#5662 = CARTESIAN_POINT ( 'NONE',  ( 35.49999999999999289, 11.00000000000000000, -19.99999999999996447 ) ) ;
#5663 = ORIENTED_EDGE ( 'NONE', *, *, #4106, .F. ) ;
#5664 = DIRECTION ( 'NONE',  ( 0.000000000000000000, 0.000000000000000000, 1.000000000000000000 ) ) ;
#5665 = VERTEX_POINT ( 'NONE', #9954 ) ;
#5666 = DIRECTION ( 'NONE',  ( 0.000000000000000000, 0.000000000000000000, 1.000000000000000000 ) ) ;
#5667 = CARTESIAN_POINT ( 'NONE',  ( 26.00000000000000000, 11.00000000000000000, -32.14999999999999858 ) ) ;
#5668 = AXIS2_PLACEMENT_3D ( 'NONE', #11799, #11092, #2398 ) ;
#5669 = AXIS2_PLACEMENT_3D ( 'NONE', #6632, #1581, #888 ) ;
#5670 = EDGE_CURVE ( 'NONE', #5509, #945, #1825, .T. ) ;
#5671 = ADVANCED_FACE ( 'NONE', ( #4246 ), #11027, .T. ) ;
#5672 = CARTESIAN_POINT ( 'NONE',  ( 7.500000000000041744, 2.000000000000000000, -7.499999999999904965 ) ) ;
#5673 = PLANE ( 'NONE',  #12317 ) ;
#5674 = ADVANCED_FACE ( 'NONE', ( #10900 ), #9126, .T. ) ;
#5675 = CIRCLE ( 'NONE', #2634, 1.000000000000000888 ) ;
#5676 = CARTESIAN_POINT ( 'NONE',  ( 53.50000000000000000, 11.00000000000000000, -5.099999999999993427 ) ) ;
#5677 = ORIENTED_EDGE ( 'NONE', *, *, #11547, .T. ) ;
#5678 = CARTESIAN_POINT ( 'NONE',  ( 11.99999999999997513, 2.000000000000000000, -21.99999999999992895 ) ) ;
#5679 = CARTESIAN_POINT ( 'NONE',  ( 31.70538416267119786, 2.000000000000000000, -39.97868143219528747 ) ) ;
#5680 = ORIENTED_EDGE ( 'NONE', *, *, #967, .F. ) ;
#5681 = EDGE_LOOP ( 'NONE', ( #9916, #11913, #11258, #7889 ) ) ;
#5682 = DIRECTION ( 'NONE',  ( 0.000000000000000000, 0.000000000000000000, 1.000000000000000000 ) ) ;
#5683 = CARTESIAN_POINT ( 'NONE',  ( 31.50000000000000711, 11.00000000000000000, -34.49999999999997158 ) ) ;
#5684 = VECTOR ( 'NONE', #469, 1000.000000000000000 ) ;
#5685 = AXIS2_PLACEMENT_3D ( 'NONE', #9010, #4191, #6279 ) ;
#5686 = ADVANCED_FACE ( 'NONE', ( #4124 ), #1405, .T. ) ;
#5687 = ORIENTED_EDGE ( 'NONE', *, *, #5629, .F. ) ;
#5688 = DIRECTION ( 'NONE',  ( 0.000000000000000000, 0.000000000000000000, 1.000000000000000000 ) ) ;
#5689 = ORIENTED_EDGE ( 'NONE', *, *, #3283, .F. ) ;
#5690 = EDGE_LOOP ( 'NONE', ( #3839, #5101, #6721, #4795 ) ) ;
#5691 = CARTESIAN_POINT ( 'NONE',  ( 55.00000000000000000, 11.00000000000000000, -10.85512985522207607 ) ) ;
#5692 = DIRECTION ( 'NONE',  ( 1.706285386206687401E-15, 0.000000000000000000, 1.000000000000000000 ) ) ;
#5693 = CYLINDRICAL_SURFACE ( 'NONE', #6942, 1.000000000000000888 ) ;
#5694 = CIRCLE ( 'NONE', #4080, 1.000000000000000888 ) ;
#5695 = ORIENTED_EDGE ( 'NONE', *, *, #6513, .F. ) ;
#5696 = ORIENTED_EDGE ( 'NONE', *, *, #3264, .T. ) ;
#5697 = CARTESIAN_POINT ( 'NONE',  ( 33.60060966544087080, 9.799999999999998934, -46.39939033455902262 ) ) ;
#5698 = DIRECTION ( 'NONE',  ( -0.000000000000000000, 1.000000000000000000, -0.000000000000000000 ) ) ;
#5699 = DIRECTION ( 'NONE',  ( 0.000000000000000000, 0.000000000000000000, -1.000000000000000000 ) ) ;
#5700 = ADVANCED_FACE ( 'NONE', ( #1282 ), #5132, .T. ) ;
#5701 = ORIENTED_EDGE ( 'NONE', *, *, #2963, .T. ) ;
#5702 = CARTESIAN_POINT ( 'NONE',  ( 7.499999999999930722, 2.000000000000000000, -37.99999999999988631 ) ) ;
#5703 = EDGE_CURVE ( 'NONE', #2130, #1835, #878, .T. ) ;
#5704 = ORIENTED_EDGE ( 'NONE', *, *, #3488, .T. ) ;
#5705 = ORIENTED_EDGE ( 'NONE', *, *, #3109, .T. ) ;
#5706 = CARTESIAN_POINT ( 'NONE',  ( 35.49999999999999289, 11.00000000000000000, -26.49999999999995737 ) ) ;
#5707 = DIRECTION ( 'NONE',  ( 0.000000000000000000, 1.000000000000000000, 0.000000000000000000 ) ) ;
#5708 = DIRECTION ( 'NONE',  ( 0.000000000000000000, 0.000000000000000000, 1.000000000000000000 ) ) ;
#5709 = VERTEX_POINT ( 'NONE', #1886 ) ;
#5710 = DIRECTION ( 'NONE',  ( -0.000000000000000000, 1.000000000000000000, -0.000000000000000000 ) ) ;
#5711 = PLANE ( 'NONE',  #7640 ) ;
#5712 = FACE_OUTER_BOUND ( 'NONE', #4535, .T. ) ;
#5713 = CARTESIAN_POINT ( 'NONE',  ( 67.99999999999994316, 2.000000000000000000, -26.49999999999995737 ) ) ;
#5714 = EDGE_CURVE ( 'NONE', #7658, #6475, #8284, .T. ) ;
#5715 = CARTESIAN_POINT ( 'NONE',  ( 53.45857864376269220, 9.799999999999998934, -6.299999999999992717 ) ) ;
#5716 = CARTESIAN_POINT ( 'NONE',  ( 52.71299423149123697, 11.00000000000000000, -38.50000000000000711 ) ) ;
#5717 = ORIENTED_EDGE ( 'NONE', *, *, #1098, .T. ) ;
#5718 = FACE_OUTER_BOUND ( 'NONE', #9791, .T. ) ;
#5719 = FACE_OUTER_BOUND ( 'NONE', #3380, .T. ) ;
#5720 = ORIENTED_EDGE ( 'NONE', *, *, #7184, .F. ) ;
#5721 = FACE_OUTER_BOUND ( 'NONE', #11971, .T. ) ;
#5722 = DIRECTION ( 'NONE',  ( 0.000000000000000000, 0.000000000000000000, 1.000000000000000000 ) ) ;
#5723 = ORIENTED_EDGE ( 'NONE', *, *, #8764, .F. ) ;
#5724 = DIRECTION ( 'NONE',  ( 0.000000000000000000, 1.000000000000000000, 0.000000000000000000 ) ) ;
#5725 = EDGE_CURVE ( 'NONE', #11980, #7128, #1036, .T. ) ;
#5726 = LINE ( 'NONE', #11752, #9245 ) ;
#5727 = AXIS2_PLACEMENT_3D ( 'NONE', #315, #3156, #9048 ) ;
#5728 = DIRECTION ( 'NONE',  ( 0.000000000000000000, 1.000000000000000000, 0.000000000000000000 ) ) ;
#5729 = DIRECTION ( 'NONE',  ( 0.000000000000000000, 1.000000000000000000, 0.000000000000000000 ) ) ;
#5730 = ORIENTED_EDGE ( 'NONE', *, *, #1049, .T. ) ;
#5731 = PLANE ( 'NONE',  #12364 ) ;
#5732 = ADVANCED_FACE ( 'NONE', ( #8226 ), #12095, .T. ) ;
#5733 = ORIENTED_EDGE ( 'NONE', *, *, #317, .T. ) ;
#5734 = ORIENTED_EDGE ( 'NONE', *, *, #6908, .F. ) ;
#5735 = DIRECTION ( 'NONE',  ( -0.000000000000000000, -1.000000000000000000, -0.000000000000000000 ) ) ;
#5736 = EDGE_LOOP ( 'NONE', ( #6765, #8000 ) ) ;
#5737 = VERTEX_POINT ( 'NONE', #2462 ) ;
#5738 = DIRECTION ( 'NONE',  ( 0.000000000000000000, 0.000000000000000000, -1.000000000000000000 ) ) ;
#5739 = ADVANCED_FACE ( 'NONE', ( #6747 ), #7288, .T. ) ;
#5740 = AXIS2_PLACEMENT_3D ( 'NONE', #885, #7711, #4736 ) ;
#5741 = EDGE_CURVE ( 'NONE', #167, #6293, #12143, .T. ) ;
#5742 = CARTESIAN_POINT ( 'NONE',  ( 63.50000000000000000, 11.00000000000000000, -11.99999999999993427 ) ) ;
#5743 = EDGE_CURVE ( 'NONE', #3085, #4007, #4793, .T. ) ;
#5744 = VECTOR ( 'NONE', #3884, 1000.000000000000114 ) ;
#5745 = AXIS2_PLACEMENT_3D ( 'NONE', #9810, #1201, #8794 ) ;
#5746 = EDGE_LOOP ( 'NONE', ( #10535, #3457 ) ) ;
#5747 = CARTESIAN_POINT ( 'NONE',  ( 3.000000000000002665, 9.799999999999998934, 0.000000000000000000 ) ) ;
#5748 = ORIENTED_EDGE ( 'NONE', *, *, #10226, .F. ) ;
#5749 = ORIENTED_EDGE ( 'NONE', *, *, #6335, .F. ) ;
#5750 = CARTESIAN_POINT ( 'NONE',  ( 67.99999999999991473, 2.000000000000000000, -34.49999999999996447 ) ) ;
#5751 = DIRECTION ( 'NONE',  ( 0.000000000000000000, 1.000000000000000000, 0.000000000000000000 ) ) ;
#5752 = CARTESIAN_POINT ( 'NONE',  ( 40.00000000000000000, 11.00000000000000000, -9.749999999999953815 ) ) ;
#5753 = ORIENTED_EDGE ( 'NONE', *, *, #2261, .T. ) ;
#5754 = ORIENTED_EDGE ( 'NONE', *, *, #12491, .T. ) ;
#5755 = CARTESIAN_POINT ( 'NONE',  ( 35.52253967444148230, 9.799999999999998934, -48.32132034355964123 ) ) ;
#5756 = DIRECTION ( 'NONE',  ( -0.000000000000000000, -1.000000000000000000, 0.000000000000000000 ) ) ;
#5757 = CARTESIAN_POINT ( 'NONE',  ( 25.63015151901650768, 9.799999999999998934, -5.499999999999992895 ) ) ;
#5758 = AXIS2_PLACEMENT_3D ( 'NONE', #11767, #6803, #9736 ) ;
#5759 = ADVANCED_FACE ( 'NONE', ( #1530 ), #9551, .T. ) ;
#5760 = ORIENTED_EDGE ( 'NONE', *, *, #11145, .T. ) ;
#5761 = CARTESIAN_POINT ( 'NONE',  ( 61.24351332877357379, 9.799999999999998934, -1.000059507428522121 ) ) ;
#5762 = AXIS2_PLACEMENT_3D ( 'NONE', #6225, #10100, #1434 ) ;
#5763 = ORIENTED_EDGE ( 'NONE', *, *, #7752, .F. ) ;
#5764 = EDGE_LOOP ( 'NONE', ( #4786, #2464 ) ) ;
#5765 = AXIS2_PLACEMENT_3D ( 'NONE', #11239, #9083, #11113 ) ;
#5766 = LINE ( 'NONE', #8676, #9094 ) ;
#5767 = DIRECTION ( 'NONE',  ( 0.000000000000000000, 0.000000000000000000, 1.000000000000000000 ) ) ;
#5768 = CARTESIAN_POINT ( 'NONE',  ( 67.99999999999992895, 2.000000000000000000, -29.99999999999995737 ) ) ;
#5769 = EDGE_LOOP ( 'NONE', ( #7136, #7344, #10901, #3391 ) ) ;
#5770 = CARTESIAN_POINT ( 'NONE',  ( 7.499999999999930722, 11.00000000000000000, -38.99999999999988631 ) ) ;
#5771 = CYLINDRICAL_SURFACE ( 'NONE', #9874, 0.9999999999999974465 ) ;
#5772 = LINE ( 'NONE', #7661, #1423 ) ;
#5773 = CARTESIAN_POINT ( 'NONE',  ( 11.99999999999997513, 11.00000000000000000, -20.99999999999993250 ) ) ;
#5774 = CARTESIAN_POINT ( 'NONE',  ( 0.000000000000000000, 0.000000000000000000, 0.000000000000000000 ) ) ;
#5775 = EDGE_CURVE ( 'NONE', #649, #9671, #11753, .T. ) ;
#5776 = VECTOR ( 'NONE', #7160, 1000.000000000000000 ) ;
#5777 = DIRECTION ( 'NONE',  ( 0.7071067811865464625, 0.000000000000000000, 0.7071067811865486830 ) ) ;
#5778 = FACE_OUTER_BOUND ( 'NONE', #12070, .T. ) ;
#5779 = VERTEX_POINT ( 'NONE', #821 ) ;
#5780 = DIRECTION ( 'NONE',  ( -0.000000000000000000, -1.000000000000000000, -0.000000000000000000 ) ) ;
#5781 = DIRECTION ( 'NONE',  ( 0.000000000000000000, 0.000000000000000000, -1.000000000000000000 ) ) ;
#5782 = AXIS2_PLACEMENT_3D ( 'NONE', #7751, #1114, #11625 ) ;
#5783 = AXIS2_PLACEMENT_3D ( 'NONE', #5144, #11037, #1420 ) ;
#5784 = ORIENTED_EDGE ( 'NONE', *, *, #8962, .T. ) ;
#5785 = CARTESIAN_POINT ( 'NONE',  ( 72.49999999999990052, 2.000000000000000000, -34.49999999999998579 ) ) ;
#5786 = DIRECTION ( 'NONE',  ( 0.000000000000000000, 0.000000000000000000, 1.000000000000000000 ) ) ;
#5787 = CYLINDRICAL_SURFACE ( 'NONE', #2718, 1.000000000000000888 ) ;
#5788 = EDGE_CURVE ( 'NONE', #8042, #10053, #4676, .T. ) ;
#5789 = CYLINDRICAL_SURFACE ( 'NONE', #5822, 1.000000000000000888 ) ;
#5790 = ADVANCED_FACE ( 'NONE', ( #1828 ), #749, .F. ) ;
#5791 = CARTESIAN_POINT ( 'NONE',  ( 44.50000000000000000, 2.000000000000000000, -28.99999999999994316 ) ) ;
#5792 = DIRECTION ( 'NONE',  ( 0.000000000000000000, 0.000000000000000000, 1.000000000000000000 ) ) ;
#5793 = FACE_OUTER_BOUND ( 'NONE', #1567, .T. ) ;
#5794 = CIRCLE ( 'NONE', #336, 0.9999999999999974465 ) ;
#5795 = DIRECTION ( 'NONE',  ( 0.000000000000000000, 0.000000000000000000, 1.000000000000000000 ) ) ;
#5796 = VECTOR ( 'NONE', #1528, 1000.000000000000000 ) ;
#5797 = ORIENTED_EDGE ( 'NONE', *, *, #11810, .F. ) ;
#5798 = ORIENTED_EDGE ( 'NONE', *, *, #5468, .F. ) ;
#5799 = CARTESIAN_POINT ( 'NONE',  ( 7.499999999999992895, 2.000000000000000000, -20.99999999999990052 ) ) ;
#5800 = ORIENTED_EDGE ( 'NONE', *, *, #7041, .T. ) ;
#5801 = VERTEX_POINT ( 'NONE', #3661 ) ;
#5802 = DIRECTION ( 'NONE',  ( 0.000000000000000000, 1.000000000000000000, 0.000000000000000000 ) ) ;
#5803 = CARTESIAN_POINT ( 'NONE',  ( 67.49999999999998579, 5.000000000000000000, 3.100000000000000089 ) ) ;
#5804 = EDGE_CURVE ( 'NONE', #2309, #644, #7492, .T. ) ;
#5805 = ORIENTED_EDGE ( 'NONE', *, *, #11343, .F. ) ;
#5806 = DIRECTION ( 'NONE',  ( -0.000000000000000000, -1.000000000000000000, -0.000000000000000000 ) ) ;
#5807 = ORIENTED_EDGE ( 'NONE', *, *, #3022, .T. ) ;
#5808 = ORIENTED_EDGE ( 'NONE', *, *, #11386, .F. ) ;
#5809 = DIRECTION ( 'NONE',  ( 0.000000000000000000, 0.000000000000000000, 1.000000000000000000 ) ) ;
#5810 = CARTESIAN_POINT ( 'NONE',  ( 67.99999999999998579, 11.00000000000000000, -11.99999999999996625 ) ) ;
#5811 = EDGE_CURVE ( 'NONE', #11726, #11424, #10432, .T. ) ;
#5812 = CARTESIAN_POINT ( 'NONE',  ( 7.500000000000041744, 11.00000000000000000, -7.499999999999904965 ) ) ;
#5813 = ORIENTED_EDGE ( 'NONE', *, *, #6212, .T. ) ;
#5814 = EDGE_LOOP ( 'NONE', ( #870, #11078 ) ) ;
#5815 = DIRECTION ( 'NONE',  ( 0.000000000000000000, 0.000000000000000000, -1.000000000000000000 ) ) ;
#5816 = CARTESIAN_POINT ( 'NONE',  ( 0.000000000000000000, 0.000000000000000000, 3.100000000000000089 ) ) ;
#5817 = VECTOR ( 'NONE', #7615, 1000.000000000000000 ) ;
#5818 = ADVANCED_FACE ( 'NONE', ( #9612 ), #9485, .T. ) ;
#5819 = ORIENTED_EDGE ( 'NONE', *, *, #7147, .T. ) ;
#5820 = EDGE_CURVE ( 'NONE', #7468, #6185, #4672, .T. ) ;
#5821 = DIRECTION ( 'NONE',  ( 0.9999999954177064554, 0.000000000000000000, 9.573184870828366005E-05 ) ) ;
#5822 = AXIS2_PLACEMENT_3D ( 'NONE', #9785, #5975, #1108 ) ;
#5823 = ORIENTED_EDGE ( 'NONE', *, *, #8904, .F. ) ;
#5824 = ORIENTED_EDGE ( 'NONE', *, *, #8432, .F. ) ;
#5825 = FACE_OUTER_BOUND ( 'NONE', #1829, .T. ) ;
#5826 = DIRECTION ( 'NONE',  ( -0.000000000000000000, 1.000000000000000000, -0.000000000000000000 ) ) ;
#5827 = EDGE_CURVE ( 'NONE', #953, #5665, #2831, .T. ) ;
#5828 = FACE_OUTER_BOUND ( 'NONE', #59, .T. ) ;
#5829 = EDGE_LOOP ( 'NONE', ( #2243, #9442, #9317, #5030 ) ) ;
#5830 = DIRECTION ( 'NONE',  ( 0.7071067811865483499, 0.000000000000000000, 0.7071067811865467956 ) ) ;
#5831 = CARTESIAN_POINT ( 'NONE',  ( -7.534230757946416405E-17, 9.799999999999998934, -0.9999999999999991118 ) ) ;
#5832 = DIRECTION ( 'NONE',  ( 0.000000000000000000, 0.000000000000000000, 1.000000000000000000 ) ) ;
#5833 = AXIS2_PLACEMENT_3D ( 'NONE', #397, #4253, #8114 ) ;
#5834 = AXIS2_PLACEMENT_3D ( 'NONE', #183, #3786, #9746 ) ;
#5835 = AXIS2_PLACEMENT_3D ( 'NONE', #134, #4943, #3989 ) ;
#5836 = ADVANCED_FACE ( 'NONE', ( #8007 ), #5931, .T. ) ;
#5837 = CARTESIAN_POINT ( 'NONE',  ( 38.99999999999999289, -21.88036781070453785, -41.23776336359135541 ) ) ;
#5838 = CARTESIAN_POINT ( 'NONE',  ( 26.45857864376274549, 11.00000000000000000, -40.50000000000000000 ) ) ;
#5839 = VERTEX_POINT ( 'NONE', #3909 ) ;
#5840 = DIRECTION ( 'NONE',  ( 0.000000000000000000, 0.000000000000000000, -1.000000000000000000 ) ) ;
#5841 = EDGE_CURVE ( 'NONE', #3417, #8042, #18, .T. ) ;
#5842 = CIRCLE ( 'NONE', #4217, 2.499999999999999556 ) ;
#5843 = CYLINDRICAL_SURFACE ( 'NONE', #4893, 3.000000000000023537 ) ;
#5844 = CIRCLE ( 'NONE', #10089, 1.000000000000000888 ) ;
#5845 = DIRECTION ( 'NONE',  ( 0.000000000000000000, 1.000000000000000000, 0.000000000000000000 ) ) ;
#5846 = CYLINDRICAL_SURFACE ( 'NONE', #11263, 6.100000000000028955 ) ;
#5847 = CARTESIAN_POINT ( 'NONE',  ( 67.99999999999992895, 11.00000000000000000, -28.99999999999996092 ) ) ;
#5848 = DIRECTION ( 'NONE',  ( 0.000000000000000000, 1.000000000000000000, -0.000000000000000000 ) ) ;
#5849 = LINE ( 'NONE', #4907, #4000 ) ;
#5850 = CIRCLE ( 'NONE', #5647, 0.9999999999999983347 ) ;
#5851 = VECTOR ( 'NONE', #3746, 1000.000000000000000 ) ;
#5852 = VECTOR ( 'NONE', #9007, 1000.000000000000000 ) ;
#5853 = CIRCLE ( 'NONE', #3218, 0.9999999999999983347 ) ;
#5854 = CARTESIAN_POINT ( 'NONE',  ( 35.49999999999999289, 11.00000000000000000, -34.49999999999996447 ) ) ;
#5855 = DIRECTION ( 'NONE',  ( 0.000000000000000000, 1.000000000000000000, -0.000000000000000000 ) ) ;
#5856 = EDGE_CURVE ( 'NONE', #2569, #10053, #6265, .T. ) ;
#5857 = ORIENTED_EDGE ( 'NONE', *, *, #7118, .F. ) ;
#5858 = EDGE_CURVE ( 'NONE', #3220, #7389, #4873, .T. ) ;
#5859 = CARTESIAN_POINT ( 'NONE',  ( 44.50000000000000000, 2.000000000000000000, -24.49999999999994316 ) ) ;
#5860 = ORIENTED_EDGE ( 'NONE', *, *, #2951, .F. ) ;
#5861 = DIRECTION ( 'NONE',  ( -1.000000000000000000, 0.000000000000000000, 0.000000000000000000 ) ) ;
#5862 = LINE ( 'NONE', #4187, #6049 ) ;
#5863 = CIRCLE ( 'NONE', #10308, 0.9999999999999983347 ) ;
#5864 = VERTEX_POINT ( 'NONE', #179 ) ;
#5865 = ORIENTED_EDGE ( 'NONE', *, *, #4470, .F. ) ;
#5866 = CARTESIAN_POINT ( 'NONE',  ( 31.50000000000000711, 11.00000000000000000, -26.49999999999997158 ) ) ;
#5867 = CARTESIAN_POINT ( 'NONE',  ( 0.000000000000000000, 9.799999999999998934, -3.000000000000003109 ) ) ;
#5868 = CIRCLE ( 'NONE', #5782, 2.800000000000002043 ) ;
#5869 = AXIS2_PLACEMENT_3D ( 'NONE', #8880, #10593, #12493 ) ;
#5870 = AXIS2_PLACEMENT_3D ( 'NONE', #3823, #2676, #8513 ) ;
#5871 = ORIENTED_EDGE ( 'NONE', *, *, #7329, .T. ) ;
#5872 = DIRECTION ( 'NONE',  ( -0.000000000000000000, -1.000000000000000000, -0.000000000000000000 ) ) ;
#5873 = ORIENTED_EDGE ( 'NONE', *, *, #4121, .F. ) ;
#5874 = VERTEX_POINT ( 'NONE', #2007 ) ;
#5875 = CARTESIAN_POINT ( 'NONE',  ( 26.54142135623730780, 9.799999999999998934, -3.499999999999993339 ) ) ;
#5876 = CARTESIAN_POINT ( 'NONE',  ( 63.89999999999999858, 5.000000000000000888, -4.000000000000003553 ) ) ;
#5877 = DIRECTION ( 'NONE',  ( -0.000000000000000000, 1.000000000000000000, -0.000000000000000000 ) ) ;
#5878 = ORIENTED_EDGE ( 'NONE', *, *, #12489, .T. ) ;
#5879 = ORIENTED_EDGE ( 'NONE', *, *, #6778, .T. ) ;
#5880 = DIRECTION ( 'NONE',  ( 0.000000000000000000, 1.000000000000000000, 0.000000000000000000 ) ) ;
#5881 = CIRCLE ( 'NONE', #420, 0.9999999999999974465 ) ;
#5882 = DIRECTION ( 'NONE',  ( 3.352801296326884019E-17, 0.000000000000000000, -1.000000000000000000 ) ) ;
#5883 = CIRCLE ( 'NONE', #6482, 1.699999999999996625 ) ;
#5884 = EDGE_CURVE ( 'NONE', #7997, #6515, #831, .T. ) ;
#5885 = AXIS2_PLACEMENT_3D ( 'NONE', #9906, #3954, #7805 ) ;
#5886 = EDGE_CURVE ( 'NONE', #9908, #9564, #4060, .T. ) ;
#5887 = ORIENTED_EDGE ( 'NONE', *, *, #6799, .T. ) ;
#5888 = AXIS2_PLACEMENT_3D ( 'NONE', #11688, #6795, #4912 ) ;
#5889 = PLANE ( 'NONE',  #7804 ) ;
#5890 = ORIENTED_EDGE ( 'NONE', *, *, #12310, .T. ) ;
#5891 = VERTEX_POINT ( 'NONE', #1000 ) ;
#5892 = DIRECTION ( 'NONE',  ( -0.000000000000000000, 1.000000000000000000, -0.000000000000000000 ) ) ;
#5893 = DIRECTION ( 'NONE',  ( -0.000000000000000000, 1.000000000000000000, -0.000000000000000000 ) ) ;
#5894 = DIRECTION ( 'NONE',  ( 0.000000000000000000, 0.000000000000000000, 1.000000000000000000 ) ) ;
#5895 = ORIENTED_EDGE ( 'NONE', *, *, #2579, .T. ) ;
#5896 = EDGE_CURVE ( 'NONE', #11391, #10296, #3657, .T. ) ;
#5897 = CARTESIAN_POINT ( 'NONE',  ( 44.50000000000000000, 11.00000000000000000, -39.99999999999993605 ) ) ;
#5898 = LINE ( 'NONE', #2911, #12440 ) ;
#5899 = CARTESIAN_POINT ( 'NONE',  ( 54.36984848098349232, 11.00000000000000000, -8.299999999999991829 ) ) ;
#5900 = CYLINDRICAL_SURFACE ( 'NONE', #8932, 2.499999999999999556 ) ;
#5901 = EDGE_CURVE ( 'NONE', #5266, #1345, #10530, .T. ) ;
#5902 = EDGE_CURVE ( 'NONE', #5891, #4547, #3971, .T. ) ;
#5903 = CARTESIAN_POINT ( 'NONE',  ( 20.99999999999995737, 11.00000000000000000, -21.99999999999999289 ) ) ;
#5904 = CIRCLE ( 'NONE', #2948, 6.100000000000028955 ) ;
#5905 = CYLINDRICAL_SURFACE ( 'NONE', #6065, 2.999999999999998668 ) ;
#5906 = ORIENTED_EDGE ( 'NONE', *, *, #10445, .T. ) ;
#5907 = DIRECTION ( 'NONE',  ( 0.000000000000000000, 1.000000000000000000, 0.000000000000000000 ) ) ;
#5908 = DIRECTION ( 'NONE',  ( 0.000000000000000000, 0.000000000000000000, -1.000000000000000000 ) ) ;
#5909 = DIRECTION ( 'NONE',  ( 0.000000000000000000, 1.000000000000000000, -0.000000000000000000 ) ) ;
#5910 = EDGE_LOOP ( 'NONE', ( #4729, #2716, #2223, #8791 ) ) ;
#5911 = DIRECTION ( 'NONE',  ( -0.000000000000000000, -1.000000000000000000, -0.000000000000000000 ) ) ;
#5912 = CARTESIAN_POINT ( 'NONE',  ( 53.50000000000000000, 11.00000000000000000, -5.099999999999996980 ) ) ;
#5913 = CARTESIAN_POINT ( 'NONE',  ( 31.50000000000000711, 2.000000000000000000, -35.49999999999997158 ) ) ;
#5914 = DIRECTION ( 'NONE',  ( 0.000000000000000000, 0.000000000000000000, 1.000000000000000000 ) ) ;
#5915 = ADVANCED_FACE ( 'NONE', ( #11703 ), #3014, .F. ) ;
#5916 = DIRECTION ( 'NONE',  ( -0.000000000000000000, -1.000000000000000000, -0.000000000000000000 ) ) ;
#5917 = DIRECTION ( 'NONE',  ( -0.9999999954177064554, 0.000000000000000000, 9.573184870828367360E-05 ) ) ;
#5918 = ORIENTED_EDGE ( 'NONE', *, *, #7841, .T. ) ;
#5919 = FACE_OUTER_BOUND ( 'NONE', #7471, .T. ) ;
#5920 = DIRECTION ( 'NONE',  ( -1.046998235667618995E-14, 0.000000000000000000, 1.000000000000000000 ) ) ;
#5921 = ORIENTED_EDGE ( 'NONE', *, *, #1304, .T. ) ;
#5922 = DIRECTION ( 'NONE',  ( 0.000000000000000000, 1.000000000000000000, 0.000000000000000000 ) ) ;
#5923 = VERTEX_POINT ( 'NONE', #11643 ) ;
#5924 = ORIENTED_EDGE ( 'NONE', *, *, #1121, .T. ) ;
#5925 = DIRECTION ( 'NONE',  ( 0.000000000000000000, 0.000000000000000000, 1.000000000000000000 ) ) ;
#5926 = DIRECTION ( 'NONE',  ( 0.000000000000000000, 0.000000000000000000, 1.000000000000000000 ) ) ;
#5927 = CIRCLE ( 'NONE', #10576, 0.9999999999999974465 ) ;
#5928 = CIRCLE ( 'NONE', #3294, 1.000000000000000888 ) ;
#5929 = EDGE_CURVE ( 'NONE', #557, #4112, #11759, .T. ) ;
#5930 = ORIENTED_EDGE ( 'NONE', *, *, #11202, .F. ) ;
#5931 = CYLINDRICAL_SURFACE ( 'NONE', #8912, 0.9999999999999974465 ) ;
#5932 = AXIS2_PLACEMENT_3D ( 'NONE', #3110, #3880, #7734 ) ;
#5933 = ORIENTED_EDGE ( 'NONE', *, *, #2901, .F. ) ;
#5934 = ORIENTED_EDGE ( 'NONE', *, *, #3123, .F. ) ;
#5935 = CARTESIAN_POINT ( 'NONE',  ( 16.64903320081215199, 9.799999999999998934, -46.32132034355964834 ) ) ;
#5936 = CARTESIAN_POINT ( 'NONE',  ( 63.49999999999992895, 2.000000000000000000, -35.49999999999992895 ) ) ;
#5937 = AXIS2_PLACEMENT_3D ( 'NONE', #7367, #7309, #12056 ) ;
#5938 = CARTESIAN_POINT ( 'NONE',  ( 44.50000000000000000, 11.00000000000000000, -20.99999999999993960 ) ) ;
#5939 = ORIENTED_EDGE ( 'NONE', *, *, #3574, .T. ) ;
#5940 = ORIENTED_EDGE ( 'NONE', *, *, #794, .F. ) ;
#5941 = DIRECTION ( 'NONE',  ( -1.000000000000000000, -0.000000000000000000, -0.000000000000000000 ) ) ;
#5942 = CARTESIAN_POINT ( 'NONE',  ( 5.200000000000024158, 11.00000000000000000, -1.000000000000005995 ) ) ;
#5943 = EDGE_CURVE ( 'NONE', #9975, #5322, #3860, .T. ) ;
#5944 = AXIS2_PLACEMENT_3D ( 'NONE', #10948, #432, #10118 ) ;
#5945 = EDGE_LOOP ( 'NONE', ( #4496, #38, #3012, #12138 ) ) ;
#5946 = VECTOR ( 'NONE', #4959, 1000.000000000000000 ) ;
#5947 = CARTESIAN_POINT ( 'NONE',  ( 63.49999999999995737, 11.00000000000000000, -25.49999999999992895 ) ) ;
#5948 = VERTEX_POINT ( 'NONE', #4987 ) ;
#5949 = VERTEX_POINT ( 'NONE', #11771 ) ;
#5950 = CARTESIAN_POINT ( 'NONE',  ( 0.000000000000000000, 11.00000000000000000, -50.00000000000000000 ) ) ;
#5951 = DIRECTION ( 'NONE',  ( 0.000000000000000000, 1.000000000000000000, 0.000000000000000000 ) ) ;
#5952 = CARTESIAN_POINT ( 'NONE',  ( 63.49999999999991473, 2.000000000000000000, -38.99999999999992184 ) ) ;
#5953 = ORIENTED_EDGE ( 'NONE', *, *, #6165, .F. ) ;
#5954 = DIRECTION ( 'NONE',  ( 0.000000000000000000, 0.000000000000000000, 1.000000000000000000 ) ) ;
#5955 = CARTESIAN_POINT ( 'NONE',  ( 44.47746032555851770, 11.00000000000000000, -48.32132034355964123 ) ) ;
#5956 = CIRCLE ( 'NONE', #7565, 0.9999999999999974465 ) ;
#5957 = CARTESIAN_POINT ( 'NONE',  ( 55.00000000000000000, 2.000000000000000000, -32.14999999999999858 ) ) ;
#5958 = DATE_AND_TIME ( #11605, #11559 ) ;
#5959 = AXIS2_PLACEMENT_3D ( 'NONE', #1614, #10540, #4767 ) ;
#5960 = EDGE_CURVE ( 'NONE', #4274, #7834, #5675, .T. ) ;
#5961 = AXIS2_PLACEMENT_3D ( 'NONE', #4389, #5102, #7053 ) ;
#5962 = AXIS2_PLACEMENT_3D ( 'NONE', #7813, #5155, #9021 ) ;
#5963 = LINE ( 'NONE', #5837, #8501 ) ;
#5964 = DIRECTION ( 'NONE',  ( -0.000000000000000000, 1.000000000000000000, -0.000000000000000000 ) ) ;
#5965 = ORIENTED_EDGE ( 'NONE', *, *, #11655, .T. ) ;
#5966 = EDGE_CURVE ( 'NONE', #7377, #5864, #8510, .T. ) ;
#5967 = CARTESIAN_POINT ( 'NONE',  ( 68.00000000000000000, 11.00000000000000000, -8.499999999999966249 ) ) ;
#5968 = FACE_OUTER_BOUND ( 'NONE', #4677, .T. ) ;
#5969 = DIRECTION ( 'NONE',  ( 0.000000000000000000, 0.000000000000000000, -1.000000000000000000 ) ) ;
#5970 = ADVANCED_FACE ( 'NONE', ( #5993 ), #11881, .T. ) ;
#5971 = CARTESIAN_POINT ( 'NONE',  ( 67.99999999999990052, 11.00000000000000000, -38.99999999999995026 ) ) ;
#5972 = DIRECTION ( 'NONE',  ( 0.000000000000000000, 0.000000000000000000, -1.000000000000000000 ) ) ;
#5973 = FACE_OUTER_BOUND ( 'NONE', #5910, .T. ) ;
#5974 = AXIS2_PLACEMENT_3D ( 'NONE', #4104, #1076, #7904 ) ;
#5975 = DIRECTION ( 'NONE',  ( -0.000000000000000000, -1.000000000000000000, -0.000000000000000000 ) ) ;
#5976 = EDGE_CURVE ( 'NONE', #1004, #9657, #1236, .T. ) ;
#5977 = DIRECTION ( 'NONE',  ( 0.000000000000000000, 0.000000000000000000, 1.000000000000000000 ) ) ;
#5978 = DIRECTION ( 'NONE',  ( -0.000000000000000000, 1.000000000000000000, -0.000000000000000000 ) ) ;
#5979 = ORIENTED_EDGE ( 'NONE', *, *, #7191, .T. ) ;
#5980 = DIRECTION ( 'NONE',  ( -0.000000000000000000, -1.000000000000000000, -0.000000000000000000 ) ) ;
#5981 = EDGE_CURVE ( 'NONE', #645, #11503, #11738, .T. ) ;
#5982 = DIRECTION ( 'NONE',  ( -0.000000000000000000, -1.000000000000000000, -0.000000000000000000 ) ) ;
#5983 = ORIENTED_EDGE ( 'NONE', *, *, #11946, .T. ) ;
#5984 = LINE ( 'NONE', #7887, #8379 ) ;
#5985 = ADVANCED_FACE ( 'NONE', ( #7000 ), #4398, .T. ) ;
#5986 = ORIENTED_EDGE ( 'NONE', *, *, #539, .T. ) ;
#5987 = DIRECTION ( 'NONE',  ( 0.000000000000000000, -1.000000000000000000, 0.000000000000000000 ) ) ;
#5988 = EDGE_LOOP ( 'NONE', ( #5871, #1659 ) ) ;
#5989 = CARTESIAN_POINT ( 'NONE',  ( 53.45857864376280588, 9.799999999999998934, -43.30000000000000426 ) ) ;
#5990 = CARTESIAN_POINT ( 'NONE',  ( 72.49999999999998579, 11.00000000000000000, -11.99999999999999645 ) ) ;
#5991 = AXIS2_PLACEMENT_3D ( 'NONE', #4123, #449, #7979 ) ;
#5992 = VERTEX_POINT ( 'NONE', #10233 ) ;
#5993 = FACE_OUTER_BOUND ( 'NONE', #12207, .T. ) ;
#5994 = ORIENTED_EDGE ( 'NONE', *, *, #11947, .T. ) ;
#5995 = EDGE_LOOP ( 'NONE', ( #11134, #9150, #2396, #3681 ) ) ;
#5996 = LINE ( 'NONE', #10114, #11102 ) ;
#5997 = CARTESIAN_POINT ( 'NONE',  ( 20.99999999999991473, 11.00000000000000000, -29.99999999999998934 ) ) ;
#5998 = EDGE_CURVE ( 'NONE', #10759, #12085, #11345, .T. ) ;
#5999 = ORIENTED_EDGE ( 'NONE', *, *, #1418, .T. ) ;
#6000 = EDGE_LOOP ( 'NONE', ( #5798, #629, #12192, #7830 ) ) ;
#6001 = CARTESIAN_POINT ( 'NONE',  ( 24.99999999999999645, 2.000000000000000000, -32.14999999999999858 ) ) ;
#6002 = AXIS2_PLACEMENT_3D ( 'NONE', #783, #3690, #7548 ) ;
#6003 = CARTESIAN_POINT ( 'NONE',  ( 27.00000000000000355, 11.00000000000000000, -32.14999999999999858 ) ) ;
#6004 = AXIS2_PLACEMENT_3D ( 'NONE', #12200, #6123, #8147 ) ;
#6005 = EDGE_LOOP ( 'NONE', ( #7994, #11257, #10003, #10932 ) ) ;
#6006 = PLANE ( 'NONE',  #816 ) ;
#6007 = VERTEX_POINT ( 'NONE', #7121 ) ;
#6008 = LINE ( 'NONE', #4942, #10722 ) ;
#6009 = DIRECTION ( 'NONE',  ( -0.000000000000000000, 1.000000000000000000, -0.000000000000000000 ) ) ;
#6010 = EDGE_CURVE ( 'NONE', #6697, #2244, #11545, .T. ) ;
#6011 = DIRECTION ( 'NONE',  ( 0.000000000000000000, 1.000000000000000000, 0.000000000000000000 ) ) ;
#6012 = EDGE_CURVE ( 'NONE', #3334, #8802, #7285, .T. ) ;
#6013 = ORIENTED_EDGE ( 'NONE', *, *, #7589, .F. ) ;
#6014 = AXIS2_PLACEMENT_3D ( 'NONE', #9025, #5218, #1308 ) ;
#6015 = LINE ( 'NONE', #3101, #4226 ) ;
#6016 = FACE_BOUND ( 'NONE', #688, .T. ) ;
#6017 = CYLINDRICAL_SURFACE ( 'NONE', #1599, 2.799999999999997158 ) ;
#6018 = DIRECTION ( 'NONE',  ( 0.000000000000000000, 0.000000000000000000, 1.000000000000000000 ) ) ;
#6019 = DIRECTION ( 'NONE',  ( 0.000000000000000000, 1.000000000000000000, 0.000000000000000000 ) ) ;
#6020 = FACE_OUTER_BOUND ( 'NONE', #3279, .T. ) ;
#6021 = ORIENTED_EDGE ( 'NONE', *, *, #9952, .F. ) ;
#6022 = DIRECTION ( 'NONE',  ( -0.000000000000000000, -1.000000000000000000, -0.000000000000000000 ) ) ;
#6023 = FACE_OUTER_BOUND ( 'NONE', #8650, .T. ) ;
#6024 = PLANE ( 'NONE',  #3618 ) ;
#6025 = ORIENTED_EDGE ( 'NONE', *, *, #7824, .F. ) ;
#6026 = DIRECTION ( 'NONE',  ( -0.000000000000000000, -1.000000000000000000, -0.000000000000000000 ) ) ;
#6027 = AXIS2_PLACEMENT_3D ( 'NONE', #11985, #11098, #3303 ) ;
#6028 = VECTOR ( 'NONE', #56, 1000.000000000000000 ) ;
#6029 = DIRECTION ( 'NONE',  ( 0.000000000000000000, 0.000000000000000000, -1.000000000000000000 ) ) ;
#6030 = CARTESIAN_POINT ( 'NONE',  ( 79.00000000000001421, 9.799999999999998934, -5.200000000000043698 ) ) ;
#6031 = AXIS2_PLACEMENT_3D ( 'NONE', #3223, #10958, #2266 ) ;
#6032 = AXIS2_PLACEMENT_3D ( 'NONE', #11543, #7922, #6714 ) ;
#6033 = DIRECTION ( 'NONE',  ( 0.000000000000000000, 0.000000000000000000, 1.000000000000000000 ) ) ;
#6034 = AXIS2_PLACEMENT_3D ( 'NONE', #1287, #5909, #3707 ) ;
#6035 = AXIS2_PLACEMENT_3D ( 'NONE', #9805, #1890, #12531 ) ;
#6036 = FACE_OUTER_BOUND ( 'NONE', #5169, .T. ) ;
#6037 = EDGE_LOOP ( 'NONE', ( #6598, #7755, #10820, #8090 ) ) ;
#6038 = DIRECTION ( 'NONE',  ( 0.000000000000000000, 0.000000000000000000, -1.000000000000000000 ) ) ;
#6039 = DIRECTION ( 'NONE',  ( 0.000000000000000000, 0.000000000000000000, 1.000000000000000000 ) ) ;
#6040 = VERTEX_POINT ( 'NONE', #10042 ) ;
#6041 = CARTESIAN_POINT ( 'NONE',  ( 48.49999999999999289, 2.000000000000000000, -11.99999999999993072 ) ) ;
#6042 = EDGE_LOOP ( 'NONE', ( #2882, #5288 ) ) ;
#6043 = ORIENTED_EDGE ( 'NONE', *, *, #5394, .F. ) ;
#6044 = EDGE_CURVE ( 'NONE', #5417, #4938, #10938, .T. ) ;
#6045 = LINE ( 'NONE', #9088, #10199 ) ;
#6046 = CARTESIAN_POINT ( 'NONE',  ( 18.14487014477789728, 2.000000000000000000, -6.500000000000001776 ) ) ;
#6047 = AXIS2_PLACEMENT_3D ( 'NONE', #11341, #5437, #3475 ) ;
#6048 = CIRCLE ( 'NONE', #2602, 0.9999999999999974465 ) ;
#6049 = VECTOR ( 'NONE', #11501, 1000.000000000000000 ) ;
#6050 = CIRCLE ( 'NONE', #8446, 0.9999999999999974465 ) ;
#6051 = EDGE_CURVE ( 'NONE', #2770, #12071, #9728, .T. ) ;
#6052 = EDGE_CURVE ( 'NONE', #6623, #6817, #5881, .T. ) ;
#6053 = EDGE_LOOP ( 'NONE', ( #9035, #1131, #8715, #1406 ) ) ;
#6054 = CARTESIAN_POINT ( 'NONE',  ( 17.92658079720860798, 10.19999999999999929, -3.000000000000005329 ) ) ;
#6055 = AXIS2_PLACEMENT_3D ( 'NONE', #7279, #2329, #3348 ) ;
#6056 = EDGE_LOOP ( 'NONE', ( #12392, #310, #5525, #3758 ) ) ;
#6057 = EDGE_LOOP ( 'NONE', ( #5050, #4749, #11011, #10293 ) ) ;
#6058 = DIRECTION ( 'NONE',  ( 0.000000000000000000, -0.000000000000000000, 1.000000000000000000 ) ) ;
#6059 = CARTESIAN_POINT ( 'NONE',  ( 11.99999999999993427, 11.00000000000000000, -33.49999999999992895 ) ) ;
#6060 = ORIENTED_EDGE ( 'NONE', *, *, #2994, .F. ) ;
#6061 = ORIENTED_EDGE ( 'NONE', *, *, #3149, .F. ) ;
#6062 = CYLINDRICAL_SURFACE ( 'NONE', #7172, 2.800000000000003819 ) ;
#6063 = CARTESIAN_POINT ( 'NONE',  ( 24.26776695296635467, 11.00000000000000000, -9.087362902255671671 ) ) ;
#6064 = VECTOR ( 'NONE', #8386, 1000.000000000000000 ) ;
#6065 = AXIS2_PLACEMENT_3D ( 'NONE', #2098, #6716, #1916 ) ;
#6066 = CIRCLE ( 'NONE', #4245, 1.000000000000000888 ) ;
#6067 = ADVANCED_FACE ( 'NONE', ( #6233 ), #10111, .T. ) ;
#6068 = ORIENTED_EDGE ( 'NONE', *, *, #4906, .F. ) ;
#6069 = ORIENTED_EDGE ( 'NONE', *, *, #7529, .T. ) ;
#6070 = EDGE_LOOP ( 'NONE', ( #7613, #11719, #11318, #9504 ) ) ;
#6071 = DIRECTION ( 'NONE',  ( -0.000000000000000000, 1.000000000000000000, -0.000000000000000000 ) ) ;
#6072 = LINE ( 'NONE', #6314, #10696 ) ;
#6073 = AXIS2_PLACEMENT_3D ( 'NONE', #11389, #6561, #7634 ) ;
#6074 = LINE ( 'NONE', #2145, #4922 ) ;
#6075 = CIRCLE ( 'NONE', #8099, 1.000000000000000888 ) ;
#6076 = VERTEX_POINT ( 'NONE', #8578 ) ;
#6077 = LINE ( 'NONE', #9118, #10309 ) ;
#6078 = CARTESIAN_POINT ( 'NONE',  ( 39.99999999999999289, 11.00000000000000000, -15.00000000000000000 ) ) ;
#6079 = DIRECTION ( 'NONE',  ( -0.000000000000000000, -1.000000000000000000, -0.000000000000000000 ) ) ;
#6080 = CALENDAR_DATE ( 2022, 16, 2 ) ;
#6081 = ADVANCED_FACE ( 'NONE', ( #8645 ), #10419, .T. ) ;
#6082 = CIRCLE ( 'NONE', #11769, 0.9999999999999974465 ) ;
#6083 = EDGE_CURVE ( 'NONE', #4339, #3964, #7905, .T. ) ;
#6084 = FACE_OUTER_BOUND ( 'NONE', #370, .T. ) ;
#6085 = DIRECTION ( 'NONE',  ( 0.000000000000000000, 0.000000000000000000, -1.000000000000000000 ) ) ;
#6086 = ORIENTED_EDGE ( 'NONE', *, *, #9216, .T. ) ;
#6087 = ORIENTED_EDGE ( 'NONE', *, *, #2713, .T. ) ;
#6088 = DIRECTION ( 'NONE',  ( 0.000000000000000000, 1.000000000000000000, 0.000000000000000000 ) ) ;
#6089 = CARTESIAN_POINT ( 'NONE',  ( 26.50000000000000000, 11.00000000000000000, -41.70000000000000995 ) ) ;
#6090 = LINE ( 'NONE', #3173, #9486 ) ;
#6091 = DIRECTION ( 'NONE',  ( -0.000000000000000000, -1.000000000000000000, 0.000000000000000000 ) ) ;
#6092 = ORIENTED_EDGE ( 'NONE', *, *, #9647, .F. ) ;
#6093 = DIRECTION ( 'NONE',  ( 1.000000000000000000, 0.000000000000000000, -4.818676322157797621E-17 ) ) ;
#6094 = VECTOR ( 'NONE', #1161, 1000.000000000000000 ) ;
#6095 = PLANE ( 'NONE',  #3048 ) ;
#6096 = PLANE ( 'NONE',  #5783 ) ;
#6097 = ADVANCED_FACE ( 'NONE', ( #10556 ), #10359, .F. ) ;
#6098 = FACE_OUTER_BOUND ( 'NONE', #7494, .T. ) ;
#6099 = DIRECTION ( 'NONE',  ( -0.000000000000000000, -1.000000000000000000, -0.000000000000000000 ) ) ;
#6100 = ORIENTED_EDGE ( 'NONE', *, *, #5943, .T. ) ;
#6101 = DIRECTION ( 'NONE',  ( 0.000000000000000000, -1.000000000000000000, 0.000000000000000000 ) ) ;
#6102 = CARTESIAN_POINT ( 'NONE',  ( 35.49999999999999289, 11.00000000000000000, -7.499999999999963585 ) ) ;
#6103 = VERTEX_POINT ( 'NONE', #1688 ) ;
#6104 = DIRECTION ( 'NONE',  ( 0.000000000000000000, 1.000000000000000000, 0.000000000000000000 ) ) ;
#6105 = ORIENTED_EDGE ( 'NONE', *, *, #2732, .T. ) ;
#6106 = ORIENTED_EDGE ( 'NONE', *, *, #8690, .F. ) ;
#6107 = LINE ( 'NONE', #348, #1709 ) ;
#6108 = CYLINDRICAL_SURFACE ( 'NONE', #6014, 6.100000000000028955 ) ;
#6109 = EDGE_CURVE ( 'NONE', #8075, #8085, #12255, .T. ) ;
#6110 = PLANE ( 'NONE',  #5439 ) ;
#6111 = ORIENTED_EDGE ( 'NONE', *, *, #4581, .T. ) ;
#6112 = EDGE_LOOP ( 'NONE', ( #5554, #1210 ) ) ;
#6113 = ORIENTED_EDGE ( 'NONE', *, *, #3148, .F. ) ;
#6114 = DIRECTION ( 'NONE',  ( 0.000000000000000000, 0.000000000000000000, -1.000000000000000000 ) ) ;
#6116 = EDGE_CURVE ( 'NONE', #2655, #6683, #2684, .T. ) ;
#6115 = CARTESIAN_POINT ( 'NONE',  ( 5.200000000000024158, 11.00000000000000000, -5.200000000000042810 ) ) ;
#6117 = EDGE_CURVE ( 'NONE', #2262, #2400, #12387, .T. ) ;
#6118 = VERTEX_POINT ( 'NONE', #2554 ) ;
#6119 = VERTEX_POINT ( 'NONE', #5676 ) ;
#6120 = DIRECTION ( 'NONE',  ( 0.000000000000000000, 0.000000000000000000, 1.000000000000000000 ) ) ;
#6121 = VECTOR ( 'NONE', #2908, 1000.000000000000000 ) ;
#6122 = EDGE_CURVE ( 'NONE', #9552, #11522, #1747, .T. ) ;
#6123 = DIRECTION ( 'NONE',  ( -0.000000000000000000, -1.000000000000000000, 0.000000000000000000 ) ) ;
#6124 = AXIS2_PLACEMENT_3D ( 'NONE', #11209, #9426, #4488 ) ;
#6125 = ORIENTED_EDGE ( 'NONE', *, *, #9966, .F. ) ;
#6126 = ORIENTED_EDGE ( 'NONE', *, *, #6382, .T. ) ;
#6127 = ORIENTED_EDGE ( 'NONE', *, *, #11584, .T. ) ;
#6128 = DIRECTION ( 'NONE',  ( 0.000000000000000000, 0.000000000000000000, 1.000000000000000000 ) ) ;
#6129 = LINE ( 'NONE', #560, #9072 ) ;
#6130 = ADVANCED_FACE ( 'NONE', ( #3770 ), #10294, .T. ) ;
#6131 = CARTESIAN_POINT ( 'NONE',  ( 31.50000000000000711, 11.00000000000000000, -29.99999999999997158 ) ) ;
#6132 = ORIENTED_EDGE ( 'NONE', *, *, #4768, .F. ) ;
#6133 = LINE ( 'NONE', #445, #210 ) ;
#6134 = FACE_BOUND ( 'NONE', #1475, .T. ) ;
#6135 = DIRECTION ( 'NONE',  ( 0.000000000000000000, 0.000000000000000000, 1.000000000000000000 ) ) ;
#6136 = ADVANCED_FACE ( 'NONE', ( #6548 ), #12318, .T. ) ;
#6137 = AXIS2_PLACEMENT_3D ( 'NONE', #1971, #4001, #10725 ) ;
#6138 = VECTOR ( 'NONE', #3725, 1000.000000000000000 ) ;
#6139 = DIRECTION ( 'NONE',  ( -0.000000000000000000, 1.000000000000000000, -0.000000000000000000 ) ) ;
#6140 = CARTESIAN_POINT ( 'NONE',  ( 44.50000000000000000, 2.000000000000000000, -20.99999999999993960 ) ) ;
#6141 = AXIS2_PLACEMENT_3D ( 'NONE', #4856, #8720, #48 ) ;
#6142 = VERTEX_POINT ( 'NONE', #675 ) ;
#6143 = VERTEX_POINT ( 'NONE', #4533 ) ;
#6144 = CARTESIAN_POINT ( 'NONE',  ( 20.99999999999991473, 11.00000000000000000, -29.99999999999998934 ) ) ;
#6145 = DIRECTION ( 'NONE',  ( -0.000000000000000000, -1.000000000000000000, -0.000000000000000000 ) ) ;
#6146 = DIRECTION ( 'NONE',  ( 0.7071067811865470176, 0.000000000000000000, -0.7071067811865480168 ) ) ;
#6147 = DIRECTION ( 'NONE',  ( 0.000000000000000000, 0.000000000000000000, 1.000000000000000000 ) ) ;
#6148 = ORIENTED_EDGE ( 'NONE', *, *, #7523, .T. ) ;
#6149 = DIRECTION ( 'NONE',  ( 0.000000000000000000, 0.000000000000000000, 1.000000000000000000 ) ) ;
#6150 = EDGE_CURVE ( 'NONE', #7218, #6118, #4590, .T. ) ;
#6151 = CYLINDRICAL_SURFACE ( 'NONE', #2433, 0.9999999999999974465 ) ;
#6152 = FACE_OUTER_BOUND ( 'NONE', #3484, .T. ) ;
#6153 = AXIS2_PLACEMENT_3D ( 'NONE', #792, #8515, #10794 ) ;
#6154 = AXIS2_PLACEMENT_3D ( 'NONE', #2063, #166, #345 ) ;
#6155 = DIRECTION ( 'NONE',  ( -0.000000000000000000, -1.000000000000000000, -0.000000000000000000 ) ) ;
#6156 = PLANE ( 'NONE',  #1621 ) ;
#6157 = ORIENTED_EDGE ( 'NONE', *, *, #10547, .F. ) ;
#6158 = DIRECTION ( 'NONE',  ( 0.000000000000000000, 1.000000000000000000, 0.000000000000000000 ) ) ;
#6159 = VECTOR ( 'NONE', #10978, 1000.000000000000000 ) ;
#6160 = ORIENTED_EDGE ( 'NONE', *, *, #8063, .T. ) ;
#6161 = CARTESIAN_POINT ( 'NONE',  ( 44.50000000000000000, 11.00000000000000000, -12.99999999999993783 ) ) ;
#6162 = AXIS2_PLACEMENT_3D ( 'NONE', #10986, #10030, #1358 ) ;
#6163 = LINE ( 'NONE', #6536, #10008 ) ;
#6164 = ADVANCED_FACE ( 'NONE', ( #2623 ), #5731, .T. ) ;
#6165 = EDGE_CURVE ( 'NONE', #8136, #1118, #8451, .T. ) ;
#6166 = ORIENTED_EDGE ( 'NONE', *, *, #7821, .T. ) ;
#6167 = CARTESIAN_POINT ( 'NONE',  ( 11.99999999999996270, 11.00000000000000000, -25.49999999999992895 ) ) ;
#6168 = EDGE_LOOP ( 'NONE', ( #2902, #7919, #2570, #10922 ) ) ;
#6169 = LINE ( 'NONE', #8068, #5348 ) ;
#6170 = CARTESIAN_POINT ( 'NONE',  ( 20.99999999999988631, 11.00000000000000000, -38.99999999999998579 ) ) ;
#6171 = CARTESIAN_POINT ( 'NONE',  ( 20.99999999999995737, 2.000000000000000000, -20.99999999999999289 ) ) ;
#6172 = ORIENTED_EDGE ( 'NONE', *, *, #7792, .T. ) ;
#6173 = DIRECTION ( 'NONE',  ( 1.000000000000000000, 0.000000000000000000, 0.000000000000000000 ) ) ;
#6174 = VERTEX_POINT ( 'NONE', #7620 ) ;
#6175 = ORIENTED_EDGE ( 'NONE', *, *, #11023, .F. ) ;
#6176 = CARTESIAN_POINT ( 'NONE',  ( 16.49999999999995381, 2.000000000000000000, -25.49999999999996092 ) ) ;
#6177 = PLANE ( 'NONE',  #11325 ) ;
#6178 = ORIENTED_EDGE ( 'NONE', *, *, #4353, .T. ) ;
#6179 = ORIENTED_EDGE ( 'NONE', *, *, #1663, .T. ) ;
#6180 = DIRECTION ( 'NONE',  ( 1.000000000000000000, 0.000000000000000000, -1.527636139592259900E-15 ) ) ;
#6181 = CARTESIAN_POINT ( 'NONE',  ( 44.50000000000000000, 2.000000000000000000, -12.99999999999993783 ) ) ;
#6182 = EDGE_CURVE ( 'NONE', #7563, #3824, #2815, .T. ) ;
#6183 = AXIS2_PLACEMENT_3D ( 'NONE', #7651, #6640, #1143 ) ;
#6184 = EDGE_CURVE ( 'NONE', #9477, #8328, #11376, .T. ) ;
#6185 = VERTEX_POINT ( 'NONE', #7564 ) ;
#6186 = VERTEX_POINT ( 'NONE', #11439 ) ;
#6187 = ORIENTED_EDGE ( 'NONE', *, *, #6588, .F. ) ;
#6188 = CARTESIAN_POINT ( 'NONE',  ( 48.49999999999999289, 11.00000000000000000, -19.99999999999993250 ) ) ;
#6189 = DIRECTION ( 'NONE',  ( 0.000000000000000000, 0.000000000000000000, 1.000000000000000000 ) ) ;
#6190 = DIRECTION ( 'NONE',  ( 0.7071067811865516806, 0.000000000000000000, 0.7071067811865434649 ) ) ;
#6191 = ORIENTED_EDGE ( 'NONE', *, *, #429, .F. ) ;
#6192 = CARTESIAN_POINT ( 'NONE',  ( 27.00000000000000355, 2.000000000000000000, -31.14999999999999858 ) ) ;
#6193 = FACE_BOUND ( 'NONE', #8325, .T. ) ;
#6194 = DIRECTION ( 'NONE',  ( 0.000000000000000000, 0.000000000000000000, -1.000000000000000000 ) ) ;
#6195 = ADVANCED_FACE ( 'NONE', ( #4086 ), #101, .T. ) ;
#6196 = EDGE_CURVE ( 'NONE', #2689, #2399, #6082, .T. ) ;
#6197 = ADVANCED_FACE ( 'NONE', ( #11814 ), #2175, .T. ) ;
#6198 = CARTESIAN_POINT ( 'NONE',  ( 63.49999999999991473, 11.00000000000000000, -37.99999999999992184 ) ) ;
#6199 = AXIS2_PLACEMENT_3D ( 'NONE', #10367, #12264, #7629 ) ;
#6200 = DIRECTION ( 'NONE',  ( -0.000000000000000000, -1.000000000000000000, -0.000000000000000000 ) ) ;
#6201 = ORIENTED_EDGE ( 'NONE', *, *, #11477, .F. ) ;
#6202 = ORIENTED_EDGE ( 'NONE', *, *, #7452, .T. ) ;
#6203 = DIRECTION ( 'NONE',  ( 0.000000000000000000, 0.000000000000000000, -1.000000000000000000 ) ) ;
#6204 = CARTESIAN_POINT ( 'NONE',  ( 31.50000000000000711, 2.000000000000000000, -21.99999999999996803 ) ) ;
#6205 = DIRECTION ( 'NONE',  ( -0.000000000000000000, -1.000000000000000000, -0.000000000000000000 ) ) ;
#6206 = DIRECTION ( 'NONE',  ( 0.000000000000000000, -0.000000000000000000, 1.000000000000000000 ) ) ;
#6207 = EDGE_LOOP ( 'NONE', ( #2328, #550, #6179, #1617 ) ) ;
#6208 = DIRECTION ( 'NONE',  ( 0.000000000000000000, 0.000000000000000000, 1.000000000000000000 ) ) ;
#6209 = CYLINDRICAL_SURFACE ( 'NONE', #6283, 0.9999999999999974465 ) ;
#6210 = DIRECTION ( 'NONE',  ( 0.000000000000000000, 0.000000000000000000, 1.000000000000000000 ) ) ;
#6211 = ADVANCED_FACE ( 'NONE', ( #10608 ), #11568, .F. ) ;
#6212 = EDGE_CURVE ( 'NONE', #6555, #4507, #10859, .T. ) ;
#6213 = CARTESIAN_POINT ( 'NONE',  ( 7.500000000000007105, 2.000000000000000000, -17.49999999999990052 ) ) ;
#6214 = DIRECTION ( 'NONE',  ( 0.000000000000000000, 0.000000000000000000, -1.000000000000000000 ) ) ;
#6215 = ORIENTED_EDGE ( 'NONE', *, *, #2654, .F. ) ;
#6216 = LINE ( 'NONE', #528, #3780 ) ;
#6217 = CIRCLE ( 'NONE', #5623, 0.9999999999999974465 ) ;
#6218 = LINE ( 'NONE', #7048, #5684 ) ;
#6219 = VECTOR ( 'NONE', #2055, 1000.000000000000000 ) ;
#6220 = PLANE ( 'NONE',  #11430 ) ;
#6221 = CARTESIAN_POINT ( 'NONE',  ( 31.50000000000000711, 11.00000000000000000, -11.99999999999997335 ) ) ;
#6222 = ORIENTED_EDGE ( 'NONE', *, *, #3226, .T. ) ;
#6223 = LINE ( 'NONE', #728, #2624 ) ;
#6224 = ORIENTED_EDGE ( 'NONE', *, *, #9966, .T. ) ;
#6225 = CARTESIAN_POINT ( 'NONE',  ( 12.00000000000000355, 11.00000000000000000, -11.99999999999993427 ) ) ;
#6226 = LINE ( 'NONE', #12125, #7622 ) ;
#6227 = VECTOR ( 'NONE', #9698, 1000.000000000000000 ) ;
#6228 = VECTOR ( 'NONE', #6375, 1000.000000000000000 ) ;
#6229 = EDGE_CURVE ( 'NONE', #557, #7753, #9790, .T. ) ;
#6230 = EDGE_CURVE ( 'NONE', #4476, #514, #6687, .T. ) ;
#6231 = CARTESIAN_POINT ( 'NONE',  ( 7.499999999999971578, 2.000000000000000000, -25.49999999999989697 ) ) ;
#6232 = CARTESIAN_POINT ( 'NONE',  ( 20.99999999999991473, 2.000000000000000000, -30.99999999999998579 ) ) ;
#6233 = FACE_OUTER_BOUND ( 'NONE', #6954, .T. ) ;
#6234 = VERTEX_POINT ( 'NONE', #9910 ) ;
#6235 = ORIENTED_EDGE ( 'NONE', *, *, #4758, .T. ) ;
#6236 = PLANE ( 'NONE',  #368 ) ;
#6237 = DIRECTION ( 'NONE',  ( 0.000000000000000000, 0.000000000000000000, -1.000000000000000000 ) ) ;
#6238 = AXIS2_PLACEMENT_3D ( 'NONE', #10380, #8408, #7340 ) ;
#6239 = CIRCLE ( 'NONE', #7455, 0.9999999999999974465 ) ;
#6240 = ORIENTED_EDGE ( 'NONE', *, *, #3377, .F. ) ;
#6241 = EDGE_LOOP ( 'NONE', ( #3958, #11743 ) ) ;
#6242 = CIRCLE ( 'NONE', #12313, 0.9999999999999974465 ) ;
#6243 = DIRECTION ( 'NONE',  ( -1.000000000000000000, -0.000000000000000000, -0.000000000000000000 ) ) ;
#6244 = DIRECTION ( 'NONE',  ( 0.000000000000000000, 0.000000000000000000, -1.000000000000000000 ) ) ;
#6245 = CIRCLE ( 'NONE', #2018, 0.9999999999999983347 ) ;
#6246 = AXIS2_PLACEMENT_3D ( 'NONE', #3956, #5728, #9845 ) ;
#6247 = CIRCLE ( 'NONE', #3015, 0.9999999999999983347 ) ;
#6248 = AXIS2_PLACEMENT_3D ( 'NONE', #12513, #1933, #11630 ) ;
#6249 = AXIS2_PLACEMENT_3D ( 'NONE', #11075, #5246, #7967 ) ;
#6250 = VERTEX_POINT ( 'NONE', #8832 ) ;
#6251 = EDGE_LOOP ( 'NONE', ( #5734, #4605, #10126, #2250 ) ) ;
#6252 = VERTEX_POINT ( 'NONE', #3070 ) ;
#6253 = LINE ( 'NONE', #10127, #2581 ) ;
#6254 = CARTESIAN_POINT ( 'NONE',  ( 16.49999999999989697, 11.00000000000000000, -38.99999999999995026 ) ) ;
#6255 = CARTESIAN_POINT ( 'NONE',  ( 25.63015151901658228, 9.799999999999998934, -41.30000000000000426 ) ) ;
#6256 = EDGE_LOOP ( 'NONE', ( #1693, #8566, #7829, #9273 ) ) ;
#6257 = PLANE ( 'NONE',  #3425 ) ;
#6258 = FACE_BOUND ( 'NONE', #9427, .T. ) ;
#6259 = CARTESIAN_POINT ( 'NONE',  ( 68.00000000000000000, 2.000000000000000000, -7.499999999999968914 ) ) ;
#6260 = ADVANCED_FACE ( 'NONE', ( #5096 ), #234, .T. ) ;
#6261 = AXIS2_PLACEMENT_3D ( 'NONE', #11911, #4307, #3357 ) ;
#6262 = AXIS2_PLACEMENT_3D ( 'NONE', #4064, #138, #3874 ) ;
#6263 = AXIS2_PLACEMENT_3D ( 'NONE', #4244, #5188, #9185 ) ;
#6264 = ORIENTED_EDGE ( 'NONE', *, *, #9141, .T. ) ;
#6265 = CIRCLE ( 'NONE', #4659, 1.000000000000000888 ) ;
#6266 = CARTESIAN_POINT ( 'NONE',  ( 63.49999999999991473, 11.00000000000000000, -38.99999999999992184 ) ) ;
#6267 = AXIS2_PLACEMENT_3D ( 'NONE', #10033, #6292, #10163 ) ;
#6268 = CARTESIAN_POINT ( 'NONE',  ( 44.50000000000000000, 2.000000000000000000, -11.99999999999994138 ) ) ;
#6269 = VERTEX_POINT ( 'NONE', #5032 ) ;
#6270 = ORIENTED_EDGE ( 'NONE', *, *, #12410, .F. ) ;
#6271 = DIRECTION ( 'NONE',  ( 0.000000000000000000, 1.000000000000000000, 0.000000000000000000 ) ) ;
#6272 = DIRECTION ( 'NONE',  ( 1.000000000000000000, -0.000000000000000000, 1.315205372940911983E-16 ) ) ;
#6273 = DIRECTION ( 'NONE',  ( 1.000000000000000000, 0.000000000000000000, 0.000000000000000000 ) ) ;
#6274 = CYLINDRICAL_SURFACE ( 'NONE', #568, 0.9999999999999974465 ) ;
#6275 = ORIENTED_EDGE ( 'NONE', *, *, #1204, .T. ) ;
#6276 = EDGE_CURVE ( 'NONE', #9087, #7985, #10670, .T. ) ;
#6277 = CARTESIAN_POINT ( 'NONE',  ( 48.49999999999999289, 11.00000000000000000, -16.49999999999993250 ) ) ;
#6278 = ADVANCED_FACE ( 'NONE', ( #6733 ), #4022, .T. ) ;
#6279 = DIRECTION ( 'NONE',  ( 0.000000000000000000, 0.000000000000000000, 1.000000000000000000 ) ) ;
#6280 = LINE ( 'NONE', #1348, #5776 ) ;
#6281 = EDGE_CURVE ( 'NONE', #12377, #5661, #7089, .T. ) ;
#6282 = VECTOR ( 'NONE', #7505, 1000.000000000000000 ) ;
#6283 = AXIS2_PLACEMENT_3D ( 'NONE', #1293, #9070, #12171 ) ;
#6284 = DIRECTION ( 'NONE',  ( 0.000000000000000000, 0.000000000000000000, 1.000000000000000000 ) ) ;
#6285 = CARTESIAN_POINT ( 'NONE',  ( 49.49999999999999289, 11.00000000000000000, -10.85512985522205121 ) ) ;
#6286 = ORIENTED_EDGE ( 'NONE', *, *, #6341, .F. ) ;
#6287 = CARTESIAN_POINT ( 'NONE',  ( 16.49999999999992539, 11.00000000000000000, -34.49999999999996447 ) ) ;
#6288 = AXIS2_PLACEMENT_3D ( 'NONE', #6863, #7885, #1930 ) ;
#6289 = CARTESIAN_POINT ( 'NONE',  ( 16.49999999999996447, 11.00000000000000000, -19.99999999999996447 ) ) ;
#6290 = DIRECTION ( 'NONE',  ( -0.7071067811865506814, 0.000000000000000000, 0.7071067811865443531 ) ) ;
#6291 = ORIENTED_EDGE ( 'NONE', *, *, #3322, .T. ) ;
#6292 = DIRECTION ( 'NONE',  ( -0.000000000000000000, 1.000000000000000000, -0.000000000000000000 ) ) ;
#6293 = VERTEX_POINT ( 'NONE', #11627 ) ;
#6294 = CARTESIAN_POINT ( 'NONE',  ( 65.47228714274751837, 11.00000000000000000, -44.19999999999999574 ) ) ;
#6295 = EDGE_CURVE ( 'NONE', #7107, #3354, #10746, .T. ) ;
#6296 = CARTESIAN_POINT ( 'NONE',  ( 63.49999999999994316, 11.00000000000000000, -29.99999999999992539 ) ) ;
#6297 = AXIS2_PLACEMENT_3D ( 'NONE', #5325, #6145, #10016 ) ;
#6298 = DIRECTION ( 'NONE',  ( 0.000000000000000000, 1.000000000000000000, -0.000000000000000000 ) ) ;
#6299 = LINE ( 'NONE', #11249, #4848 ) ;
#6300 = ORIENTED_EDGE ( 'NONE', *, *, #5788, .F. ) ;
#6301 = ORIENTED_EDGE ( 'NONE', *, *, #3191, .T. ) ;
#6302 = VERTEX_POINT ( 'NONE', #11760 ) ;
#6303 = DIRECTION ( 'NONE',  ( -0.000000000000000000, -1.000000000000000000, 0.000000000000000000 ) ) ;
#6304 = PLANE ( 'NONE',  #7666 ) ;
#6305 = VERTEX_POINT ( 'NONE', #2060 ) ;
#6306 = VERTEX_POINT ( 'NONE', #5859 ) ;
#6307 = CARTESIAN_POINT ( 'NONE',  ( 44.50000000000000000, 11.00000000000000000, -29.99999999999993960 ) ) ;
#6308 = EDGE_CURVE ( 'NONE', #7377, #12014, #1056, .T. ) ;
#6309 = DIRECTION ( 'NONE',  ( -0.000000000000000000, -1.000000000000000000, -0.000000000000000000 ) ) ;
#6310 = ORIENTED_EDGE ( 'NONE', *, *, #9637, .T. ) ;
#6311 = ORIENTED_EDGE ( 'NONE', *, *, #5896, .F. ) ;
#6312 = ORIENTED_EDGE ( 'NONE', *, *, #7908, .F. ) ;
#6313 = DIRECTION ( 'NONE',  ( -0.000000000000000000, -1.000000000000000000, -0.000000000000000000 ) ) ;
#6314 = CARTESIAN_POINT ( 'NONE',  ( 11.99999999999996270, 11.00000000000000000, -24.49999999999993250 ) ) ;
#6315 = DIRECTION ( 'NONE',  ( 0.000000000000000000, 0.000000000000000000, 1.000000000000000000 ) ) ;
#6316 = ORIENTED_EDGE ( 'NONE', *, *, #6547, .F. ) ;
#6317 = DIRECTION ( 'NONE',  ( 0.000000000000000000, 1.000000000000000000, 0.000000000000000000 ) ) ;
#6318 = PLANE ( 'NONE',  #8385 ) ;
#6319 = CARTESIAN_POINT ( 'NONE',  ( 48.49999999999999289, 11.00000000000000000, -25.49999999999992895 ) ) ;
#6320 = EDGE_CURVE ( 'NONE', #4547, #3082, #3898, .T. ) ;
#6321 = CIRCLE ( 'NONE', #6933, 0.9999999999999974465 ) ;
#6322 = ORIENTED_EDGE ( 'NONE', *, *, #8644, .T. ) ;
#6323 = LINE ( 'NONE', #836, #12471 ) ;
#6324 = DIRECTION ( 'NONE',  ( 0.000000000000000000, 1.000000000000000000, 0.000000000000000000 ) ) ;
#6325 = ORIENTED_EDGE ( 'NONE', *, *, #11083, .T. ) ;
#6326 = ORIENTED_EDGE ( 'NONE', *, *, #9440, .F. ) ;
#6327 = CYLINDRICAL_SURFACE ( 'NONE', #497, 0.9999999999999974465 ) ;
#6328 = CARTESIAN_POINT ( 'NONE',  ( 18.13488133249398970, 9.799999999999998934, -1.000000000000005551 ) ) ;
#6329 = DIRECTION ( 'NONE',  ( 0.000000000000000000, 0.000000000000000000, 1.000000000000000000 ) ) ;
#6330 = FACE_OUTER_BOUND ( 'NONE', #10582, .T. ) ;
#6331 = AXIS2_PLACEMENT_3D ( 'NONE', #2509, #5500, #12151 ) ;
#6332 = CARTESIAN_POINT ( 'NONE',  ( -1.927470528863119049E-16, 2.000000000000000000, -4.000000000000000000 ) ) ;
#6333 = CARTESIAN_POINT ( 'NONE',  ( -17.63664863476197908, 11.00000000000000000, 9.363351365237997825 ) ) ;
#6334 = DIRECTION ( 'NONE',  ( -0.000000000000000000, -1.000000000000000000, -0.000000000000000000 ) ) ;
#6335 = EDGE_CURVE ( 'NONE', #664, #5617, #6925, .T. ) ;
#6336 = VECTOR ( 'NONE', #3087, 1000.000000000000000 ) ;
#6337 = CARTESIAN_POINT ( 'NONE',  ( 20.99999999999998224, 2.000000000000000000, -11.99999999999999645 ) ) ;
#6338 = LINE ( 'NONE', #12176, #6656 ) ;
#6339 = EDGE_LOOP ( 'NONE', ( #5677, #4619 ) ) ;
#6340 = FACE_BOUND ( 'NONE', #2806, .T. ) ;
#6341 = EDGE_CURVE ( 'NONE', #3238, #6945, #11151, .T. ) ;
#6342 = DIRECTION ( 'NONE',  ( 0.000000000000000000, 1.000000000000000000, 0.000000000000000000 ) ) ;
#6343 = DIRECTION ( 'NONE',  ( -0.000000000000000000, -1.000000000000000000, -0.000000000000000000 ) ) ;
#6344 = CYLINDRICAL_SURFACE ( 'NONE', #1517, 0.9999999999999974465 ) ;
#6345 = ORIENTED_EDGE ( 'NONE', *, *, #1078, .F. ) ;
#6346 = CARTESIAN_POINT ( 'NONE',  ( 68.00000000000000000, 2.000000000000000000, -8.499999999999966249 ) ) ;
#6347 = VERTEX_POINT ( 'NONE', #5281 ) ;
#6348 = CYLINDRICAL_SURFACE ( 'NONE', #12218, 3.000000000000023537 ) ;
#6349 = DIRECTION ( 'NONE',  ( 0.000000000000000000, 1.000000000000000000, 0.000000000000000000 ) ) ;
#6350 = EDGE_CURVE ( 'NONE', #5298, #9714, #8060, .T. ) ;
#6351 = CIRCLE ( 'NONE', #916, 1.000000000000000888 ) ;
#6352 = EDGE_CURVE ( 'NONE', #7944, #918, #1842, .T. ) ;
#6353 = AXIS2_PLACEMENT_3D ( 'NONE', #1740, #10474, #2544 ) ;
#6354 = LINE ( 'NONE', #8074, #5040 ) ;
#6355 = VECTOR ( 'NONE', #8342, 1000.000000000000000 ) ;
#6356 = CARTESIAN_POINT ( 'NONE',  ( 55.00000000000000000, 2.000000000000000000, -9.819595949289343650 ) ) ;
#6357 = EDGE_CURVE ( 'NONE', #7654, #6471, #11558, .T. ) ;
#6358 = ORIENTED_EDGE ( 'NONE', *, *, #3843, .T. ) ;
#6359 = CARTESIAN_POINT ( 'NONE',  ( 79.99999999999992895, 9.799999999999998934, -6.300000000000552269 ) ) ;
#6360 = ORIENTED_EDGE ( 'NONE', *, *, #11262, .F. ) ;
#6361 = ORIENTED_EDGE ( 'NONE', *, *, #8616, .T. ) ;
#6362 = CYLINDRICAL_SURFACE ( 'NONE', #2380, 2.500000000000002220 ) ;
#6363 = CARTESIAN_POINT ( 'NONE',  ( 72.49999999999990052, 11.00000000000000000, -33.49999999999998579 ) ) ;
#6364 = VERTEX_POINT ( 'NONE', #529 ) ;
#6365 = ORIENTED_EDGE ( 'NONE', *, *, #12260, .F. ) ;
#6366 = DIRECTION ( 'NONE',  ( 0.000000000000000000, 0.000000000000000000, 1.000000000000000000 ) ) ;
#6367 = CARTESIAN_POINT ( 'NONE',  ( 37.64386001800119175, 11.00000000000000000, -46.19999999999999574 ) ) ;
#6368 = VECTOR ( 'NONE', #2960, 1000.000000000000000 ) ;
#6369 = EDGE_CURVE ( 'NONE', #991, #1113, #6218, .T. ) ;
#6370 = EDGE_CURVE ( 'NONE', #8835, #344, #10924, .T. ) ;
#6371 = ORIENTED_EDGE ( 'NONE', *, *, #4290, .F. ) ;
#6372 = AXIS2_PLACEMENT_3D ( 'NONE', #5458, #586, #11230 ) ;
#6373 = ORIENTED_EDGE ( 'NONE', *, *, #5301, .T. ) ;
#6374 = ORIENTED_EDGE ( 'NONE', *, *, #11357, .T. ) ;
#6375 = DIRECTION ( 'NONE',  ( -0.000000000000000000, -1.000000000000000000, -0.000000000000000000 ) ) ;
#6376 = LINE ( 'NONE', #2642, #7644 ) ;
#6377 = LINE ( 'NONE', #6437, #6741 ) ;
#6378 = EDGE_LOOP ( 'NONE', ( #11981, #3591 ) ) ;
#6379 = CARTESIAN_POINT ( 'NONE',  ( 62.07220293988400073, 11.00000000000000000, -3.000084202863473326 ) ) ;
#6380 = FACE_BOUND ( 'NONE', #6800, .T. ) ;
#6381 = CARTESIAN_POINT ( 'NONE',  ( 35.49999999999999289, 11.00000000000000000, -34.49999999999996447 ) ) ;
#6382 = EDGE_CURVE ( 'NONE', #6449, #9557, #1300, .T. ) ;
#6383 = ORIENTED_EDGE ( 'NONE', *, *, #383, .F. ) ;
#6384 = FACE_OUTER_BOUND ( 'NONE', #301, .T. ) ;
#6385 = ADVANCED_FACE ( 'NONE', ( #2354 ), #7169, .T. ) ;
#6386 = VECTOR ( 'NONE', #952, 1000.000000000000000 ) ;
#6387 = EDGE_LOOP ( 'NONE', ( #3505, #9868 ) ) ;
#6388 = VERTEX_POINT ( 'NONE', #10094 ) ;
#6389 = FACE_OUTER_BOUND ( 'NONE', #3285, .T. ) ;
#6390 = AXIS2_PLACEMENT_3D ( 'NONE', #6597, #2803, #6667 ) ;
#6391 = CARTESIAN_POINT ( 'NONE',  ( 24.99999999999999645, 11.00000000000000000, -31.14999999999999858 ) ) ;
#6392 = ORIENTED_EDGE ( 'NONE', *, *, #3640, .T. ) ;
#6393 = CARTESIAN_POINT ( 'NONE',  ( 53.50000000000000000, 11.00000000000000000, -37.29999999999996874 ) ) ;
#6394 = PLANE ( 'NONE',  #4010 ) ;
#6395 = EDGE_LOOP ( 'NONE', ( #6068, #4047, #7232, #4143 ) ) ;
#6396 = CARTESIAN_POINT ( 'NONE',  ( 44.50000000000000000, 11.00000000000000000, -34.49999999999994316 ) ) ;
#6397 = DIRECTION ( 'NONE',  ( 0.000000000000000000, 1.000000000000000000, 0.000000000000000000 ) ) ;
#6398 = CARTESIAN_POINT ( 'NONE',  ( 28.52132034355965473, 11.00000000000000000, -5.479898987322321169 ) ) ;
#6399 = CARTESIAN_POINT ( 'NONE',  ( 59.00000000000000711, 2.000000000000000000, -17.49999999999990052 ) ) ;
#6400 = CYLINDRICAL_SURFACE ( 'NONE', #401, 2.200000000000028599 ) ;
#6401 = ORIENTED_EDGE ( 'NONE', *, *, #3053, .F. ) ;
#6402 = CARTESIAN_POINT ( 'NONE',  ( 7.499999999999944045, 2.000000000000000000, -34.49999999999989342 ) ) ;
#6403 = CARTESIAN_POINT ( 'NONE',  ( 16.49999999999995381, 11.00000000000000000, -25.49999999999996092 ) ) ;
#6404 = DIRECTION ( 'NONE',  ( 0.000000000000000000, 0.000000000000000000, 1.000000000000000000 ) ) ;
#6405 = CYLINDRICAL_SURFACE ( 'NONE', #1922, 1.000000000000000888 ) ;
#6406 = EDGE_LOOP ( 'NONE', ( #1754, #10207, #12079, #12398 ) ) ;
#6407 = FACE_OUTER_BOUND ( 'NONE', #1392, .T. ) ;
#6408 = ORIENTED_EDGE ( 'NONE', *, *, #4504, .F. ) ;
#6409 = CARTESIAN_POINT ( 'NONE',  ( 74.79999999999998295, 11.00000000000000000, -5.200000000000042810 ) ) ;
#6410 = VECTOR ( 'NONE', #668, 1000.000000000000000 ) ;
#6411 = ADVANCED_FACE ( 'NONE', ( #8124 ), #3756, .T. ) ;
#6412 = DIRECTION ( 'NONE',  ( 0.000000000000000000, 0.000000000000000000, 1.000000000000000000 ) ) ;
#6413 = DIRECTION ( 'NONE',  ( -0.000000000000000000, -1.000000000000000000, -0.000000000000000000 ) ) ;
#6414 = DIRECTION ( 'NONE',  ( 0.000000000000000000, 1.000000000000000000, 0.000000000000000000 ) ) ;
#6415 = EDGE_LOOP ( 'NONE', ( #7261, #1058, #6665, #2078 ) ) ;
#6416 = DIRECTION ( 'NONE',  ( -0.000000000000000000, -1.000000000000000000, -0.000000000000000000 ) ) ;
#6417 = ORIENTED_EDGE ( 'NONE', *, *, #2165, .T. ) ;
#6418 = EDGE_LOOP ( 'NONE', ( #6816, #11072, #2298, #52 ) ) ;
#6419 = CYLINDRICAL_SURFACE ( 'NONE', #7867, 4.445296095962649296 ) ;
#6420 = CARTESIAN_POINT ( 'NONE',  ( 31.50000000000000711, 2.000000000000000000, -28.99999999999997513 ) ) ;
#6421 = ORIENTED_EDGE ( 'NONE', *, *, #5187, .F. ) ;
#6422 = EDGE_LOOP ( 'NONE', ( #3541, #5663, #1128, #5895 ) ) ;
#6423 = CARTESIAN_POINT ( 'NONE',  ( 53.50000000000000000, 11.00000000000000000, -3.400000000000000355 ) ) ;
#6424 = ADVANCED_FACE ( 'NONE', ( #8311 ), #12241, .T. ) ;
#6425 = DIRECTION ( 'NONE',  ( 0.000000000000000000, 0.000000000000000000, -1.000000000000000000 ) ) ;
#6426 = CIRCLE ( 'NONE', #11087, 2.447087127489769198 ) ;
#6427 = AXIS2_PLACEMENT_3D ( 'NONE', #2385, #8025, #11900 ) ;
#6428 = ADVANCED_FACE ( 'NONE', ( #5719 ), #12179, .T. ) ;
#6429 = VERTEX_POINT ( 'NONE', #6595 ) ;
#6430 = AXIS2_PLACEMENT_3D ( 'NONE', #320, #7022, #508 ) ;
#6431 = CIRCLE ( 'NONE', #6034, 2.999999999999996447 ) ;
#6432 = CIRCLE ( 'NONE', #9889, 0.9999999999999974465 ) ;
#6433 = ORIENTED_EDGE ( 'NONE', *, *, #21, .F. ) ;
#6434 = VERTEX_POINT ( 'NONE', #9522 ) ;
#6435 = CARTESIAN_POINT ( 'NONE',  ( 20.99999999999997158, 11.00000000000000000, -15.49999999999999645 ) ) ;
#6436 = CARTESIAN_POINT ( 'NONE',  ( 7.499999999999992895, 2.000000000000000000, -20.99999999999990052 ) ) ;
#6437 = CARTESIAN_POINT ( 'NONE',  ( 24.99999999999999645, 11.00000000000000000, -9.819595949289308123 ) ) ;
#6438 = ORIENTED_EDGE ( 'NONE', *, *, #8926, .T. ) ;
#6439 = DIRECTION ( 'NONE',  ( 0.000000000000000000, 1.000000000000000000, 0.000000000000000000 ) ) ;
#6440 = DIRECTION ( 'NONE',  ( -0.000000000000000000, -1.000000000000000000, -0.000000000000000000 ) ) ;
#6441 = CARTESIAN_POINT ( 'NONE',  ( 11.99999999999996270, 11.00000000000000000, -25.49999999999992895 ) ) ;
#6442 = EDGE_CURVE ( 'NONE', #12261, #9816, #12150, .T. ) ;
#6443 = AXIS2_PLACEMENT_3D ( 'NONE', #7212, #7463, #10441 ) ;
#6444 = AXIS2_PLACEMENT_3D ( 'NONE', #10335, #1666, #4754 ) ;
#6445 = AXIS2_PLACEMENT_3D ( 'NONE', #5799, #3962, #7757 ) ;
#6446 = AXIS2_PLACEMENT_3D ( 'NONE', #12283, #71, #8614 ) ;
#6447 = VERTEX_POINT ( 'NONE', #10538 ) ;
#6448 = CARTESIAN_POINT ( 'NONE',  ( 16.64903320081215199, 9.799999999999998934, -46.32132034355964834 ) ) ;
#6449 = VERTEX_POINT ( 'NONE', #1861 ) ;
#6450 = ORIENTED_EDGE ( 'NONE', *, *, #5378, .T. ) ;
#6451 = CARTESIAN_POINT ( 'NONE',  ( 26.50000000000000000, 1.999999999999998224, -43.39999999999999858 ) ) ;
#6452 = DIRECTION ( 'NONE',  ( 0.000000000000000000, 1.000000000000000000, 0.000000000000000000 ) ) ;
#6453 = CIRCLE ( 'NONE', #1014, 2.447087127489769198 ) ;
#6454 = CARTESIAN_POINT ( 'NONE',  ( 14.23776336359134831, 2.000000000000000000, -46.00000000000000000 ) ) ;
#6455 = CIRCLE ( 'NONE', #9708, 1.000000000000000888 ) ;
#6456 = ORIENTED_EDGE ( 'NONE', *, *, #10841, .F. ) ;
#6457 = DIRECTION ( 'NONE',  ( -0.000000000000000000, -1.000000000000000000, -0.000000000000000000 ) ) ;
#6458 = DIRECTION ( 'NONE',  ( 0.000000000000000000, 0.000000000000000000, 1.000000000000000000 ) ) ;
#6459 = ORIENTED_EDGE ( 'NONE', *, *, #8177, .F. ) ;
#6460 = DIRECTION ( 'NONE',  ( 1.527636139592259900E-15, 0.000000000000000000, -1.000000000000000000 ) ) ;
#6461 = FACE_OUTER_BOUND ( 'NONE', #12191, .T. ) ;
#6462 = ADVANCED_FACE ( 'NONE', ( #596 ), #3500, .F. ) ;
#6463 = AXIS2_PLACEMENT_3D ( 'NONE', #3881, #6659, #7735 ) ;
#6464 = VECTOR ( 'NONE', #602, 1000.000000000000000 ) ;
#6465 = DIRECTION ( 'NONE',  ( 0.000000000000000000, -0.000000000000000000, 1.000000000000000000 ) ) ;
#6466 = DIRECTION ( 'NONE',  ( 0.000000000000000000, 1.000000000000000000, 0.000000000000000000 ) ) ;
#6467 = ORIENTED_EDGE ( 'NONE', *, *, #4825, .T. ) ;
#6468 = CARTESIAN_POINT ( 'NONE',  ( 32.12253967444160452, 9.799999999999998934, -1.878679656440361612 ) ) ;
#6469 = VECTOR ( 'NONE', #9891, 1000.000000000000000 ) ;
#6470 = DIRECTION ( 'NONE',  ( 0.000000000000000000, 0.000000000000000000, 1.000000000000000000 ) ) ;
#6471 = VERTEX_POINT ( 'NONE', #10467 ) ;
#6472 = CARTESIAN_POINT ( 'NONE',  ( 16.50000000000000711, 11.00000000000000000, -8.499999999999966249 ) ) ;
#6473 = AXIS2_PLACEMENT_3D ( 'NONE', #4924, #7766, #5046 ) ;
#6474 = CIRCLE ( 'NONE', #9116, 0.9999999999999940048 ) ;
#6475 = VERTEX_POINT ( 'NONE', #7549 ) ;
#6476 = DIRECTION ( 'NONE',  ( 0.000000000000000000, 0.000000000000000000, -1.000000000000000000 ) ) ;
#6477 = ORIENTED_EDGE ( 'NONE', *, *, #711, .T. ) ;
#6478 = CARTESIAN_POINT ( 'NONE',  ( 51.47867965644046961, 9.799999999999998934, -41.32010101267767510 ) ) ;
#6479 = ADVANCED_FACE ( 'NONE', ( #7364 ), #11238, .T. ) ;
#6480 = DIRECTION ( 'NONE',  ( 0.000000000000000000, 1.000000000000000000, 0.000000000000000000 ) ) ;
#6481 = AXIS2_PLACEMENT_3D ( 'NONE', #6664, #8565, #2737 ) ;
#6482 = AXIS2_PLACEMENT_3D ( 'NONE', #2596, #11356, #5649 ) ;
#6483 = LINE ( 'NONE', #7374, #3013 ) ;
#6484 = FACE_OUTER_BOUND ( 'NONE', #7525, .T. ) ;
#6485 = CARTESIAN_POINT ( 'NONE',  ( 16.49999999999999289, 11.00000000000000000, -11.99999999999996625 ) ) ;
#6486 = VERTEX_POINT ( 'NONE', #2536 ) ;
#6487 = ORIENTED_EDGE ( 'NONE', *, *, #3888, .F. ) ;
#6488 = CARTESIAN_POINT ( 'NONE',  ( 53.54142135623729359, 9.799999999999998934, -43.30000000000000426 ) ) ;
#6489 = CARTESIAN_POINT ( 'NONE',  ( 55.00000000000000000, 11.00000000000000000, -9.819595949289343650 ) ) ;
#6490 = ORIENTED_EDGE ( 'NONE', *, *, #9454, .T. ) ;
#6491 = ORIENTED_EDGE ( 'NONE', *, *, #8043, .F. ) ;
#6492 = DIRECTION ( 'NONE',  ( -1.000000000000000000, 0.000000000000000000, 6.999854048275122104E-16 ) ) ;
#6493 = AXIS2_PLACEMENT_3D ( 'NONE', #9835, #6915, #11745 ) ;
#6494 = DIRECTION ( 'NONE',  ( 0.000000000000000000, 1.000000000000000000, 0.000000000000000000 ) ) ;
#6495 = EDGE_CURVE ( 'NONE', #1558, #10517, #10278, .T. ) ;
#6496 = ADVANCED_FACE ( 'NONE', ( #11483 ), #3559, .T. ) ;
#6497 = EDGE_LOOP ( 'NONE', ( #1885, #7262, #5192, #5558 ) ) ;
#6498 = VERTEX_POINT ( 'NONE', #4705 ) ;
#6499 = ADVANCED_FACE ( 'NONE', ( #1675 ), #1612, .T. ) ;
#6500 = ORIENTED_EDGE ( 'NONE', *, *, #3953, .F. ) ;
#6501 = EDGE_LOOP ( 'NONE', ( #12262, #12428 ) ) ;
#6502 = CARTESIAN_POINT ( 'NONE',  ( 48.49999999999999289, 11.00000000000000000, -11.99999999999993072 ) ) ;
#6503 = PLANE ( 'NONE',  #2004 ) ;
#6504 = EDGE_CURVE ( 'NONE', #344, #6449, #3063, .T. ) ;
#6505 = DIRECTION ( 'NONE',  ( -0.000000000000000000, -0.000000000000000000, 1.000000000000000000 ) ) ;
#6506 = ORIENTED_EDGE ( 'NONE', *, *, #1498, .T. ) ;
#6507 = AXIS2_PLACEMENT_3D ( 'NONE', #10154, #1353, #525 ) ;
#6508 = CARTESIAN_POINT ( 'NONE',  ( 44.50000000000000000, 2.000000000000000000, -19.99999999999994316 ) ) ;
#6509 = DIRECTION ( 'NONE',  ( -0.000000000000000000, -1.000000000000000000, -0.000000000000000000 ) ) ;
#6510 = CARTESIAN_POINT ( 'NONE',  ( 32.12253967444160452, 11.00000000000000000, -1.878679656440361612 ) ) ;
#6511 = EDGE_CURVE ( 'NONE', #9727, #5642, #7423, .T. ) ;
#6512 = VERTEX_POINT ( 'NONE', #2608 ) ;
#6513 = EDGE_CURVE ( 'NONE', #4731, #5661, #9396, .T. ) ;
#6514 = CARTESIAN_POINT ( 'NONE',  ( 12.00000000000000355, 2.000000000000000000, -10.99999999999993605 ) ) ;
#6515 = VERTEX_POINT ( 'NONE', #10405 ) ;
#6516 = ORIENTED_EDGE ( 'NONE', *, *, #5630, .T. ) ;
#6517 = DIRECTION ( 'NONE',  ( 0.000000000000000000, 1.000000000000000000, 0.000000000000000000 ) ) ;
#6518 = LINE ( 'NONE', #7408, #5013 ) ;
#6519 = ADVANCED_FACE ( 'NONE', ( #1734 ), #3691, .T. ) ;
#6520 = DIRECTION ( 'NONE',  ( 0.000000000000000000, 0.000000000000000000, 1.000000000000000000 ) ) ;
#6521 = ORIENTED_EDGE ( 'NONE', *, *, #12166, .T. ) ;
#6522 = DIRECTION ( 'NONE',  ( -0.000000000000000000, 1.000000000000000000, -0.000000000000000000 ) ) ;
#6523 = CARTESIAN_POINT ( 'NONE',  ( 72.50000000000000000, 11.00000000000000000, -7.500000000000000000 ) ) ;
#6524 = LINE ( 'NONE', #9330, #4414 ) ;
#6525 = DIRECTION ( 'NONE',  ( 0.000000000000000000, 0.000000000000000000, 1.000000000000000000 ) ) ;
#6526 = VECTOR ( 'NONE', #9944, 1000.000000000000000 ) ;
#6527 = FACE_OUTER_BOUND ( 'NONE', #5001, .T. ) ;
#6528 = DIRECTION ( 'NONE',  ( 0.000000000000000000, 1.000000000000000000, 0.000000000000000000 ) ) ;
#6529 = ORIENTED_EDGE ( 'NONE', *, *, #8922, .F. ) ;
#6530 = VECTOR ( 'NONE', #2483, 1000.000000000000000 ) ;
#6531 = CARTESIAN_POINT ( 'NONE',  ( 53.50000000000000000, 0.000000000000000000, -41.70000000000000284 ) ) ;
#6532 = ADVANCED_FACE ( 'NONE', ( #4074 ), #3818, .T. ) ;
#6533 = AXIS2_PLACEMENT_3D ( 'NONE', #516, #3422, #6203 ) ;
#6534 = DIRECTION ( 'NONE',  ( -0.000000000000000000, -1.000000000000000000, -0.000000000000000000 ) ) ;
#6535 = EDGE_LOOP ( 'NONE', ( #11631, #3092, #1878, #6753 ) ) ;
#6536 = CARTESIAN_POINT ( 'NONE',  ( 8.514823227813753448, 9.799999999999998934, 8.514823227813847595 ) ) ;
#6537 = ORIENTED_EDGE ( 'NONE', *, *, #10862, .F. ) ;
#6538 = DIRECTION ( 'NONE',  ( 0.000000000000000000, 1.000000000000000000, 0.000000000000000000 ) ) ;
#6539 = ORIENTED_EDGE ( 'NONE', *, *, #986, .T. ) ;
#6540 = CARTESIAN_POINT ( 'NONE',  ( 72.49999999999995737, 11.00000000000000000, -21.99999999999999289 ) ) ;
#6541 = DIRECTION ( 'NONE',  ( -0.000000000000000000, -1.000000000000000000, -0.000000000000000000 ) ) ;
#6542 = VECTOR ( 'NONE', #2044, 1000.000000000000000 ) ;
#6543 = AXIS2_PLACEMENT_3D ( 'NONE', #8882, #5907, #8948 ) ;
#6544 = DIRECTION ( 'NONE',  ( 0.000000000000000000, -1.000000000000000000, 0.000000000000000000 ) ) ;
#6545 = DIRECTION ( 'NONE',  ( 0.000000000000000000, 0.000000000000000000, -1.000000000000000000 ) ) ;
#6546 = EDGE_CURVE ( 'NONE', #3334, #10171, #8755, .T. ) ;
#6547 = EDGE_CURVE ( 'NONE', #6185, #3143, #3115, .T. ) ;
#6548 = FACE_OUTER_BOUND ( 'NONE', #5814, .T. ) ;
#6549 = AXIS2_PLACEMENT_3D ( 'NONE', #5611, #8587, #11504 ) ;
#6550 = VERTEX_POINT ( 'NONE', #4831 ) ;
#6551 = ORIENTED_EDGE ( 'NONE', *, *, #10743, .T. ) ;
#6552 = CARTESIAN_POINT ( 'NONE',  ( 5.443227718325019282, 9.799999999999998934, -44.75470390403734200 ) ) ;
#6553 = DIRECTION ( 'NONE',  ( -0.000000000000000000, -1.000000000000000000, -0.000000000000000000 ) ) ;
#6554 = VECTOR ( 'NONE', #2686, 1000.000000000000000 ) ;
#6555 = VERTEX_POINT ( 'NONE', #11677 ) ;
#6556 = ORIENTED_EDGE ( 'NONE', *, *, #10564, .T. ) ;
#6557 = CARTESIAN_POINT ( 'NONE',  ( 31.50000000000000711, 11.00000000000000000, -16.49999999999997158 ) ) ;
#6558 = DIRECTION ( 'NONE',  ( 0.7071067811865470176, 0.000000000000000000, -0.7071067811865481278 ) ) ;
#6559 = AXIS2_PLACEMENT_3D ( 'NONE', #9697, #4065, #7921 ) ;
#6560 = ORIENTED_EDGE ( 'NONE', *, *, #6568, .T. ) ;
#6561 = DIRECTION ( 'NONE',  ( 0.000000000000000000, 1.000000000000000000, -0.000000000000000000 ) ) ;
#6562 = EDGE_LOOP ( 'NONE', ( #7546, #11146, #3717, #6126 ) ) ;
#6563 = VERTEX_POINT ( 'NONE', #4899 ) ;
#6564 = CARTESIAN_POINT ( 'NONE',  ( 72.49999999999988631, 11.00000000000000000, -38.99999999999998579 ) ) ;
#6565 = CARTESIAN_POINT ( 'NONE',  ( 26.45857864376274549, 9.799999999999998934, -40.50000000000000000 ) ) ;
#6566 = DIRECTION ( 'NONE',  ( -0.000000000000000000, -1.000000000000000000, -0.000000000000000000 ) ) ;
#6567 = ORIENTED_EDGE ( 'NONE', *, *, #4721, .T. ) ;
#6568 = EDGE_CURVE ( 'NONE', #5017, #11227, #7676, .T. ) ;
#6569 = CARTESIAN_POINT ( 'NONE',  ( 58.99999999999995737, 2.000000000000000000, -28.99999999999989697 ) ) ;
#6570 = CARTESIAN_POINT ( 'NONE',  ( 53.45857864376269220, 9.799999999999998934, -3.499999999999993339 ) ) ;
#6571 = VECTOR ( 'NONE', #3121, 1000.000000000000000 ) ;
#6572 = CIRCLE ( 'NONE', #9821, 3.599999999999993872 ) ;
#6573 = FACE_OUTER_BOUND ( 'NONE', #6339, .T. ) ;
#6574 = APPROVAL ( #9122, 'UNSPECIFIED' ) ;
#6575 = ORIENTED_EDGE ( 'NONE', *, *, #174, .T. ) ;
#6576 = DIRECTION ( 'NONE',  ( 0.000000000000000000, 0.000000000000000000, -1.000000000000000000 ) ) ;
#6577 = ORIENTED_EDGE ( 'NONE', *, *, #1332, .F. ) ;
#6578 = EDGE_LOOP ( 'NONE', ( #5223, #356, #8672, #10092 ) ) ;
#6579 = CARTESIAN_POINT ( 'NONE',  ( 24.47867965644037724, 9.799999999999998934, -5.479898987322342485 ) ) ;
#6580 = CARTESIAN_POINT ( 'NONE',  ( 20.99999999999990052, 11.00000000000000000, -34.49999999999998579 ) ) ;
#6581 = DIRECTION ( 'NONE',  ( -0.000000000000000000, 1.000000000000000000, -0.000000000000000000 ) ) ;
#6582 = ORIENTED_EDGE ( 'NONE', *, *, #8926, .F. ) ;
#6583 = EDGE_CURVE ( 'NONE', #4161, #3278, #9535, .T. ) ;
#6584 = DIRECTION ( 'NONE',  ( 0.000000000000000000, 1.000000000000000000, 0.000000000000000000 ) ) ;
#6585 = CARTESIAN_POINT ( 'NONE',  ( 16.49999999999992539, 11.00000000000000000, -35.49999999999996447 ) ) ;
#6586 = CARTESIAN_POINT ( 'NONE',  ( 63.50000000000002842, 11.00000000000000000, -7.499999999999936939 ) ) ;
#6587 = LINE ( 'NONE', #9447, #7692 ) ;
#6588 = EDGE_CURVE ( 'NONE', #6076, #6688, #10846, .T. ) ;
#6589 = ADVANCED_FACE ( 'NONE', ( #1919 ), #6974, .T. ) ;
#6590 = AXIS2_PLACEMENT_3D ( 'NONE', #5000, #1018, #6762 ) ;
#6591 = DIRECTION ( 'NONE',  ( 0.000000000000000000, 0.000000000000000000, 1.000000000000000000 ) ) ;
#6592 = DIRECTION ( 'NONE',  ( 0.000000000000000000, -0.000000000000000000, 1.000000000000000000 ) ) ;
#6593 = VERTEX_POINT ( 'NONE', #10731 ) ;
#6594 = DIRECTION ( 'NONE',  ( 0.000000000000000000, 0.000000000000000000, 1.000000000000000000 ) ) ;
#6595 = CARTESIAN_POINT ( 'NONE',  ( 16.49999999999989697, 2.000000000000000000, -37.99999999999995026 ) ) ;
#6596 = ORIENTED_EDGE ( 'NONE', *, *, #8133, .F. ) ;
#6597 = CARTESIAN_POINT ( 'NONE',  ( 72.49999999999990052, 11.00000000000000000, -34.49999999999998579 ) ) ;
#6598 = ORIENTED_EDGE ( 'NONE', *, *, #7516, .F. ) ;
#6599 = CARTESIAN_POINT ( 'NONE',  ( 44.50000000000000000, 11.00000000000000000, -39.99999999999993605 ) ) ;
#6600 = ORIENTED_EDGE ( 'NONE', *, *, #5255, .T. ) ;
#6601 = DIRECTION ( 'NONE',  ( 0.000000000000000000, 1.000000000000000000, 0.000000000000000000 ) ) ;
#6602 = DIRECTION ( 'NONE',  ( -0.000000000000000000, 1.000000000000000000, -0.000000000000000000 ) ) ;
#6603 = AXIS2_PLACEMENT_3D ( 'NONE', #8269, #3281, #7132 ) ;
#6604 = EDGE_CURVE ( 'NONE', #10636, #5617, #7911, .T. ) ;
#6605 = CARTESIAN_POINT ( 'NONE',  ( 28.73223304703364533, -0.002000000000000265454, -9.087362902255675223 ) ) ;
#6606 = CARTESIAN_POINT ( 'NONE',  ( 58.99999999999995737, 11.00000000000000000, -29.99999999999989342 ) ) ;
#6607 = DIRECTION ( 'NONE',  ( -0.000000000000000000, -1.000000000000000000, -0.000000000000000000 ) ) ;
#6608 = CARTESIAN_POINT ( 'NONE',  ( 72.49999999999994316, 11.00000000000000000, -25.49999999999999289 ) ) ;
#6609 = CIRCLE ( 'NONE', #8019, 0.9999999999999974465 ) ;
#6610 = ORIENTED_EDGE ( 'NONE', *, *, #6935, .T. ) ;
#6611 = EDGE_LOOP ( 'NONE', ( #1315, #834, #1505, #10164 ) ) ;
#6612 = FACE_OUTER_BOUND ( 'NONE', #1957, .T. ) ;
#6613 = CARTESIAN_POINT ( 'NONE',  ( 12.00000000000000355, 11.00000000000000000, -11.99999999999993427 ) ) ;
#6614 = VERTEX_POINT ( 'NONE', #9585 ) ;
#6615 = EDGE_LOOP ( 'NONE', ( #7331, #9461 ) ) ;
#6616 = DIRECTION ( 'NONE',  ( 0.000000000000000000, 0.000000000000000000, 1.000000000000000000 ) ) ;
#6617 = CARTESIAN_POINT ( 'NONE',  ( 67.99999999999995737, 11.00000000000000000, -20.99999999999996447 ) ) ;
#6618 = EDGE_CURVE ( 'NONE', #7997, #4485, #913, .T. ) ;
#6619 = ADVANCED_FACE ( 'NONE', ( #2922 ), #4961, .T. ) ;
#6620 = ORIENTED_EDGE ( 'NONE', *, *, #10564, .F. ) ;
#6621 = DIRECTION ( 'NONE',  ( 0.000000000000000000, 1.000000000000000000, -0.000000000000000000 ) ) ;
#6622 = ORIENTED_EDGE ( 'NONE', *, *, #10290, .F. ) ;
#6623 = VERTEX_POINT ( 'NONE', #12496 ) ;
#6624 = LINE ( 'NONE', #5691, #10479 ) ;
#6625 = DIRECTION ( 'NONE',  ( 0.000000000000000000, 1.000000000000000000, 0.000000000000000000 ) ) ;
#6626 = CIRCLE ( 'NONE', #1195, 1.000000000000000888 ) ;
#6627 = CARTESIAN_POINT ( 'NONE',  ( 51.47867965644034882, 9.799999999999998934, -5.479898987322321169 ) ) ;
#6628 = CIRCLE ( 'NONE', #1786, 0.9999999999999974465 ) ;
#6629 = VECTOR ( 'NONE', #9424, 1000.000000000000000 ) ;
#6630 = EDGE_LOOP ( 'NONE', ( #7342, #10451, #11344, #6345 ) ) ;
#6631 = CIRCLE ( 'NONE', #5027, 0.9999999999999974465 ) ;
#6632 = CARTESIAN_POINT ( 'NONE',  ( 26.50000000000000000, 11.00000000000000000, -43.39999999999999858 ) ) ;
#6633 = CARTESIAN_POINT ( 'NONE',  ( 14.52771285725248873, 9.799999999999998934, -44.19999999999999574 ) ) ;
#6634 = CARTESIAN_POINT ( 'NONE',  ( 36.49999999999999289, -21.88036781070453785, -41.23776336359135541 ) ) ;
#6635 = ADVANCED_FACE ( 'NONE', ( #11554 ), #7866, .T. ) ;
#6636 = VECTOR ( 'NONE', #6732, 1000.000000000000000 ) ;
#6637 = CIRCLE ( 'NONE', #8669, 3.000000000000002665 ) ;
#6638 = VECTOR ( 'NONE', #548, 1000.000000000000000 ) ;
#6639 = VERTEX_POINT ( 'NONE', #10656 ) ;
#6640 = DIRECTION ( 'NONE',  ( 0.000000000000000000, 1.000000000000000000, 0.000000000000000000 ) ) ;
#6641 = VERTEX_POINT ( 'NONE', #2865 ) ;
#6642 = VERTEX_POINT ( 'NONE', #5019 ) ;
#6643 = DIRECTION ( 'NONE',  ( -0.000000000000000000, -1.000000000000000000, -0.000000000000000000 ) ) ;
#6644 = CYLINDRICAL_SURFACE ( 'NONE', #8447, 1.700000000000000178 ) ;
#6645 = EDGE_CURVE ( 'NONE', #3612, #11633, #10597, .T. ) ;
#6646 = DIRECTION ( 'NONE',  ( 0.000000000000000000, 0.000000000000000000, 1.000000000000000000 ) ) ;
#6647 = ORIENTED_EDGE ( 'NONE', *, *, #5884, .F. ) ;
#6648 = CARTESIAN_POINT ( 'NONE',  ( 72.49999999999997158, 2.000000000000000000, -16.49999999999999289 ) ) ;
#6649 = DIRECTION ( 'NONE',  ( 1.000000000000000000, 0.000000000000000000, 0.000000000000000000 ) ) ;
#6650 = AXIS2_PLACEMENT_3D ( 'NONE', #4530, #8382, #12252 ) ;
#6651 = DIRECTION ( 'NONE',  ( 0.000000000000000000, 0.000000000000000000, 1.000000000000000000 ) ) ;
#6652 = VECTOR ( 'NONE', #845, 1000.000000000000000 ) ;
#6653 = DIRECTION ( 'NONE',  ( -0.000000000000000000, -1.000000000000000000, -0.000000000000000000 ) ) ;
#6654 = VECTOR ( 'NONE', #3581, 999.9999999999998863 ) ;
#6655 = ADVANCED_FACE ( 'NONE', ( #973 ), #5843, .T. ) ;
#6656 = VECTOR ( 'NONE', #6528, 1000.000000000000000 ) ;
#6657 = DIRECTION ( 'NONE',  ( -0.000000000000000000, -1.000000000000000000, -0.000000000000000000 ) ) ;
#6658 = AXIS2_PLACEMENT_3D ( 'NONE', #9311, #634, #7461 ) ;
#6659 = DIRECTION ( 'NONE',  ( -0.000000000000000000, -1.000000000000000000, 0.000000000000000000 ) ) ;
#6660 = ORIENTED_EDGE ( 'NONE', *, *, #11781, .F. ) ;
#6661 = ADVANCED_FACE ( 'NONE', ( #5968 ), #1101, .T. ) ;
#6662 = CARTESIAN_POINT ( 'NONE',  ( 5.443227718325019282, 9.799999999999998934, -47.20000000000000284 ) ) ;
#6663 = EDGE_CURVE ( 'NONE', #8835, #12261, #10790, .T. ) ;
#6664 = CARTESIAN_POINT ( 'NONE',  ( 20.99999999999990052, 11.00000000000000000, -34.49999999999998579 ) ) ;
#6665 = ORIENTED_EDGE ( 'NONE', *, *, #12158, .T. ) ;
#6666 = ADVANCED_FACE ( 'NONE', ( #9896 ), #7292, .T. ) ;
#6667 = DIRECTION ( 'NONE',  ( 0.000000000000000000, 0.000000000000000000, -1.000000000000000000 ) ) ;
#6668 = DIRECTION ( 'NONE',  ( 0.000000000000000000, 0.000000000000000000, 1.000000000000000000 ) ) ;
#6669 = CIRCLE ( 'NONE', #1223, 0.9999999999999974465 ) ;
#6670 = ORIENTED_EDGE ( 'NONE', *, *, #9722, .T. ) ;
#6671 = FACE_OUTER_BOUND ( 'NONE', #1137, .T. ) ;
#6672 = DIRECTION ( 'NONE',  ( -0.000000000000000000, -1.000000000000000000, -0.000000000000000000 ) ) ;
#6673 = AXIS2_PLACEMENT_3D ( 'NONE', #9001, #9246, #5616 ) ;
#6674 = CIRCLE ( 'NONE', #4862, 1.000000000000000888 ) ;
#6675 = DIRECTION ( 'NONE',  ( 0.000000000000000000, 0.000000000000000000, 1.000000000000000000 ) ) ;
#6676 = CARTESIAN_POINT ( 'NONE',  ( 58.99999999999994316, 11.00000000000000000, -34.49999999999989342 ) ) ;
#6677 = CARTESIAN_POINT ( 'NONE',  ( 52.00000000000000000, 11.00000000000000000, -10.85512985522205121 ) ) ;
#6678 = CIRCLE ( 'NONE', #8293, 1.000000000000000888 ) ;
#6679 = ORIENTED_EDGE ( 'NONE', *, *, #1262, .F. ) ;
#6680 = VERTEX_POINT ( 'NONE', #1410 ) ;
#6681 = DIRECTION ( 'NONE',  ( 0.000000000000000000, -0.000000000000000000, 1.000000000000000000 ) ) ;
#6682 = ADVANCED_FACE ( 'NONE', ( #5263 ), #10075, .T. ) ;
#6683 = VERTEX_POINT ( 'NONE', #9130 ) ;
#6684 = ORIENTED_EDGE ( 'NONE', *, *, #9534, .F. ) ;
#6685 = CARTESIAN_POINT ( 'NONE',  ( 11.99999999999994849, 11.00000000000000000, -30.99999999999992184 ) ) ;
#6686 = DIRECTION ( 'NONE',  ( 0.000000000000000000, -0.000000000000000000, 1.000000000000000000 ) ) ;
#6687 = CIRCLE ( 'NONE', #3058, 2.999999999999999112 ) ;
#6688 = VERTEX_POINT ( 'NONE', #6089 ) ;
#6689 = CARTESIAN_POINT ( 'NONE',  ( 59.12248018076000733, 9.799999999999998934, -1.878739150121992108 ) ) ;
#6690 = EDGE_LOOP ( 'NONE', ( #359, #3785, #8898, #724 ) ) ;
#6691 = ORIENTED_EDGE ( 'NONE', *, *, #3603, .F. ) ;
#6692 = CARTESIAN_POINT ( 'NONE',  ( 40.00000000000000000, 11.00000000000000000, -15.00000000000000000 ) ) ;
#6693 = CARTESIAN_POINT ( 'NONE',  ( 31.50000000000000711, 11.00000000000000000, -25.49999999999997513 ) ) ;
#6694 = EDGE_CURVE ( 'NONE', #7519, #2253, #454, .T. ) ;
#6695 = CIRCLE ( 'NONE', #639, 0.9999999999999974465 ) ;
#6696 = CARTESIAN_POINT ( 'NONE',  ( 16.49999999999992539, 11.00000000000000000, -34.49999999999996447 ) ) ;
#6697 = VERTEX_POINT ( 'NONE', #6204 ) ;
#6698 = VERTEX_POINT ( 'NONE', #1286 ) ;
#6699 = FACE_OUTER_BOUND ( 'NONE', #628, .T. ) ;
#6700 = DIRECTION ( 'NONE',  ( 0.000000000000000000, 0.000000000000000000, 1.000000000000000000 ) ) ;
#6701 = CARTESIAN_POINT ( 'NONE',  ( 28.00000000000000355, 11.00000000000000000, -10.85512985522205121 ) ) ;
#6702 = VERTEX_POINT ( 'NONE', #11169 ) ;
#6703 = DIRECTION ( 'NONE',  ( 0.000000000000000000, -1.000000000000000000, 0.000000000000000000 ) ) ;
#6704 = ORIENTED_EDGE ( 'NONE', *, *, #63, .F. ) ;
#6705 = ORIENTED_EDGE ( 'NONE', *, *, #10591, .F. ) ;
#6706 = DIRECTION ( 'NONE',  ( 1.000000000000000000, 0.000000000000000000, -2.011680777451463154E-16 ) ) ;
#6707 = DIRECTION ( 'NONE',  ( 0.000000000000000000, 0.000000000000000000, 1.000000000000000000 ) ) ;
#6708 = EDGE_CURVE ( 'NONE', #4182, #5397, #6695, .T. ) ;
#6709 = DIRECTION ( 'NONE',  ( 0.000000000000000000, 0.000000000000000000, 1.000000000000000000 ) ) ;
#6710 = ADVANCED_FACE ( 'NONE', ( #6023 ), #7983, .F. ) ;
#6711 = ORIENTED_EDGE ( 'NONE', *, *, #10227, .F. ) ;
#6712 = CYLINDRICAL_SURFACE ( 'NONE', #8885, 0.9999999999999974465 ) ;
#6713 = DIRECTION ( 'NONE',  ( 0.000000000000000000, 0.000000000000000000, 1.000000000000000000 ) ) ;
#6714 = DIRECTION ( 'NONE',  ( 0.000000000000000000, 0.000000000000000000, 1.000000000000000000 ) ) ;
#6715 = CARTESIAN_POINT ( 'NONE',  ( 40.00000000000000000, 11.00000000000000000, -9.749999999999953815 ) ) ;
#6716 = DIRECTION ( 'NONE',  ( -0.000000000000000000, 1.000000000000000000, -0.000000000000000000 ) ) ;
#6717 = ORIENTED_EDGE ( 'NONE', *, *, #3714, .T. ) ;
#6718 = CARTESIAN_POINT ( 'NONE',  ( 63.49999999999994316, 11.00000000000000000, -28.99999999999992895 ) ) ;
#6719 = CARTESIAN_POINT ( 'NONE',  ( 63.49999999999997158, 11.00000000000000000, -20.99999999999993250 ) ) ;
#6720 = AXIS2_PLACEMENT_3D ( 'NONE', #9392, #2733, #11418 ) ;
#6721 = ORIENTED_EDGE ( 'NONE', *, *, #656, .F. ) ;
#6722 = CARTESIAN_POINT ( 'NONE',  ( 53.50000000000000000, -21.88036781070453785, -43.39999999999999858 ) ) ;
#6723 = DIRECTION ( 'NONE',  ( 0.000000000000000000, 0.000000000000000000, 1.000000000000000000 ) ) ;
#6724 = ORIENTED_EDGE ( 'NONE', *, *, #9027, .F. ) ;
#6725 = EDGE_CURVE ( 'NONE', #11199, #316, #3268, .T. ) ;
#6726 = DIRECTION ( 'NONE',  ( 0.000000000000000000, 0.000000000000000000, -1.000000000000000000 ) ) ;
#6727 = LINE ( 'NONE', #1926, #3383 ) ;
#6728 = ADVANCED_FACE ( 'NONE', ( #11856 ), #12041, .F. ) ;
#6729 = ADVANCED_FACE ( 'NONE', ( #517 ), #8230, .F. ) ;
#6730 = LINE ( 'NONE', #2998, #6845 ) ;
#6731 = DIRECTION ( 'NONE',  ( 0.000000000000000000, 0.000000000000000000, 1.000000000000000000 ) ) ;
#6732 = DIRECTION ( 'NONE',  ( -0.000000000000000000, -1.000000000000000000, -0.000000000000000000 ) ) ;
#6733 = FACE_OUTER_BOUND ( 'NONE', #4041, .T. ) ;
#6734 = ORIENTED_EDGE ( 'NONE', *, *, #5393, .F. ) ;
#6735 = ORIENTED_EDGE ( 'NONE', *, *, #10351, .T. ) ;
#6736 = CARTESIAN_POINT ( 'NONE',  ( 74.55677228167498072, 9.799999999999998934, -44.75291287251024386 ) ) ;
#6737 = VERTEX_POINT ( 'NONE', #3172 ) ;
#6738 = EDGE_LOOP ( 'NONE', ( #9085, #12204, #8091, #3341 ) ) ;
#6739 = EDGE_CURVE ( 'NONE', #11533, #8929, #4311, .T. ) ;
#6740 = DIRECTION ( 'NONE',  ( 1.000000000000000000, -0.000000000000000000, 0.000000000000000000 ) ) ;
#6741 = VECTOR ( 'NONE', #5433, 1000.000000000000000 ) ;
#6742 = DIRECTION ( 'NONE',  ( -0.000000000000000000, -1.000000000000000000, -0.000000000000000000 ) ) ;
#6743 = EDGE_CURVE ( 'NONE', #252, #10261, #1856, .T. ) ;
#6744 = EDGE_CURVE ( 'NONE', #10275, #4435, #2403, .T. ) ;
#6745 = CIRCLE ( 'NONE', #11219, 2.999999999999996447 ) ;
#6746 = ORIENTED_EDGE ( 'NONE', *, *, #2470, .T. ) ;
#6747 = FACE_OUTER_BOUND ( 'NONE', #8726, .T. ) ;
#6748 = ORIENTED_EDGE ( 'NONE', *, *, #2261, .F. ) ;
#6749 = VERTEX_POINT ( 'NONE', #7097 ) ;
#6750 = DIRECTION ( 'NONE',  ( -0.000000000000000000, -1.000000000000000000, -0.000000000000000000 ) ) ;
#6751 = DIRECTION ( 'NONE',  ( -0.000000000000000000, -1.000000000000000000, -0.000000000000000000 ) ) ;
#6752 = CARTESIAN_POINT ( 'NONE',  ( 44.13664863476203948, 11.00000000000000000, -44.13664863476203948 ) ) ;
#6753 = ORIENTED_EDGE ( 'NONE', *, *, #2165, .F. ) ;
#6754 = ORIENTED_EDGE ( 'NONE', *, *, #4543, .F. ) ;
#6755 = CARTESIAN_POINT ( 'NONE',  ( 35.49999999999999289, 2.000000000000000000, -25.49999999999996092 ) ) ;
#6756 = CARTESIAN_POINT ( 'NONE',  ( 67.99999999999997158, 11.00000000000000000, -17.49999999999996447 ) ) ;
#6757 = ADVANCED_FACE ( 'NONE', ( #10972 ), #2281, .T. ) ;
#6758 = CIRCLE ( 'NONE', #8378, 0.9999999999999983347 ) ;
#6759 = VECTOR ( 'NONE', #291, 1000.000000000000000 ) ;
#6760 = ADVANCED_FACE ( 'NONE', ( #4250 ), #8110, .F. ) ;
#6761 = ORIENTED_EDGE ( 'NONE', *, *, #1332, .T. ) ;
#6762 = DIRECTION ( 'NONE',  ( 0.000000000000000000, -0.000000000000000000, 1.000000000000000000 ) ) ;
#6763 = AXIS2_PLACEMENT_3D ( 'NONE', #5089, #9964, #11989 ) ;
#6764 = EDGE_LOOP ( 'NONE', ( #11587, #7066, #8392, #1357 ) ) ;
#6765 = ORIENTED_EDGE ( 'NONE', *, *, #3309, .T. ) ;
#6766 = AXIS2_PLACEMENT_3D ( 'NONE', #2648, #9496, #3600 ) ;
#6767 = CARTESIAN_POINT ( 'NONE',  ( 20.99999999999995737, 11.00000000000000000, -20.99999999999999289 ) ) ;
#6768 = LINE ( 'NONE', #4114, #7237 ) ;
#6769 = DIRECTION ( 'NONE',  ( 0.000000000000000000, 0.000000000000000000, 1.000000000000000000 ) ) ;
#6770 = EDGE_LOOP ( 'NONE', ( #6879, #8227 ) ) ;
#6771 = DIRECTION ( 'NONE',  ( 0.000000000000000000, 0.000000000000000000, 1.000000000000000000 ) ) ;
#6772 = DIRECTION ( 'NONE',  ( 0.000000000000000000, 0.000000000000000000, -1.000000000000000000 ) ) ;
#6773 = PLANE ( 'NONE',  #2821 ) ;
#6774 = CARTESIAN_POINT ( 'NONE',  ( 72.49999999999995737, 11.00000000000000000, -20.99999999999999289 ) ) ;
#6775 = PERSON_AND_ORGANIZATION_ROLE ( 'creator' ) ;
#6776 = AXIS2_PLACEMENT_3D ( 'NONE', #4446, #10575, #1602 ) ;
#6777 = EDGE_CURVE ( 'NONE', #5992, #5588, #10146, .T. ) ;
#6778 = EDGE_CURVE ( 'NONE', #689, #11656, #11284, .T. ) ;
#6779 = DIRECTION ( 'NONE',  ( -0.000000000000000000, 1.000000000000000000, -0.000000000000000000 ) ) ;
#6780 = LINE ( 'NONE', #10653, #10110 ) ;
#6781 = EDGE_LOOP ( 'NONE', ( #4646, #492 ) ) ;
#6782 = DIRECTION ( 'NONE',  ( 0.000000000000000000, 0.000000000000000000, -1.000000000000000000 ) ) ;
#6783 = CARTESIAN_POINT ( 'NONE',  ( 72.49999999999997158, 11.00000000000000000, -16.49999999999999289 ) ) ;
#6784 = CIRCLE ( 'NONE', #2530, 0.9999999999999974465 ) ;
#6785 = ORIENTED_EDGE ( 'NONE', *, *, #9549, .T. ) ;
#6786 = FACE_OUTER_BOUND ( 'NONE', #4046, .T. ) ;
#6787 = DIRECTION ( 'NONE',  ( 0.000000000000000000, -0.000000000000000000, 1.000000000000000000 ) ) ;
#6788 = DIRECTION ( 'NONE',  ( 0.000000000000000000, 0.000000000000000000, 1.000000000000000000 ) ) ;
#6789 = DIRECTION ( 'NONE',  ( -0.000000000000000000, -1.000000000000000000, -0.000000000000000000 ) ) ;
#6790 = CARTESIAN_POINT ( 'NONE',  ( 61.24380052431966703, 9.799999999999998934, -4.000059493681638045 ) ) ;
#6791 = PLANE ( 'NONE',  #8271 ) ;
#6792 = EDGE_LOOP ( 'NONE', ( #6222, #7819 ) ) ;
#6793 = LINE ( 'NONE', #1174, #7481 ) ;
#6794 = EDGE_LOOP ( 'NONE', ( #3128, #504, #6172, #3869 ) ) ;
#6795 = DIRECTION ( 'NONE',  ( -0.000000000000000000, -1.000000000000000000, -0.000000000000000000 ) ) ;
#6796 = EDGE_LOOP ( 'NONE', ( #9174, #2683, #9900, #11765 ) ) ;
#6797 = DIRECTION ( 'NONE',  ( 0.000000000000000000, 0.000000000000000000, 1.000000000000000000 ) ) ;
#6798 = CARTESIAN_POINT ( 'NONE',  ( 35.49999999999999289, 11.00000000000000000, -25.49999999999996092 ) ) ;
#6799 = EDGE_CURVE ( 'NONE', #11093, #9044, #4277, .T. ) ;
#6800 = EDGE_LOOP ( 'NONE', ( #5226, #12415 ) ) ;
#6801 = CARTESIAN_POINT ( 'NONE',  ( 16.49999999999993960, 11.00000000000000000, -28.99999999999996092 ) ) ;
#6802 = ORIENTED_EDGE ( 'NONE', *, *, #11929, .T. ) ;
#6803 = DIRECTION ( 'NONE',  ( 0.000000000000000000, 1.000000000000000000, 0.000000000000000000 ) ) ;
#6804 = CC_DESIGN_PERSON_AND_ORGANIZATION_ASSIGNMENT ( #1397, #4301, ( #4269 ) ) ;
#6805 = CYLINDRICAL_SURFACE ( 'NONE', #3577, 3.599999999999993872 ) ;
#6806 = CIRCLE ( 'NONE', #3594, 0.9999999999999974465 ) ;
#6807 = AXIS2_PLACEMENT_3D ( 'NONE', #6932, #6742, #8910 ) ;
#6808 = EDGE_LOOP ( 'NONE', ( #1192, #9523, #1490, #9422 ) ) ;
#6809 = DIRECTION ( 'NONE',  ( 0.000000000000000000, 0.000000000000000000, 1.000000000000000000 ) ) ;
#6810 = ORIENTED_EDGE ( 'NONE', *, *, #11264, .T. ) ;
#6811 = ORIENTED_EDGE ( 'NONE', *, *, #5741, .F. ) ;
#6812 = DIRECTION ( 'NONE',  ( -0.000000000000000000, 1.000000000000000000, -0.000000000000000000 ) ) ;
#6813 = DIRECTION ( 'NONE',  ( 0.000000000000000000, 0.000000000000000000, 1.000000000000000000 ) ) ;
#6814 = EDGE_CURVE ( 'NONE', #9412, #2986, #1780, .T. ) ;
#6815 = CARTESIAN_POINT ( 'NONE',  ( 55.73223304703363112, 11.00000000000000000, -9.087362902255708974 ) ) ;
#6816 = ORIENTED_EDGE ( 'NONE', *, *, #7453, .F. ) ;
#6817 = VERTEX_POINT ( 'NONE', #5641 ) ;
#6818 = DIRECTION ( 'NONE',  ( 0.000000000000000000, -1.000000000000000000, 0.000000000000000000 ) ) ;
#6819 = LINE ( 'NONE', #2017, #3112 ) ;
#6820 = EDGE_CURVE ( 'NONE', #7944, #4988, #9510, .T. ) ;
#6821 = DIRECTION ( 'NONE',  ( 0.000000000000000000, 1.000000000000000000, 0.000000000000000000 ) ) ;
#6822 = CIRCLE ( 'NONE', #10672, 0.9999999999999974465 ) ;
#6823 = ORIENTED_EDGE ( 'NONE', *, *, #1560, .T. ) ;
#6824 = CYLINDRICAL_SURFACE ( 'NONE', #737, 0.9999999999999974465 ) ;
#6825 = AXIS2_PLACEMENT_3D ( 'NONE', #11922, #7158, #5198 ) ;
#6826 = AXIS2_PLACEMENT_3D ( 'NONE', #7596, #10390, #2657 ) ;
#6827 = VECTOR ( 'NONE', #7656, 1000.000000000000000 ) ;
#6828 = ORIENTED_EDGE ( 'NONE', *, *, #11598, .F. ) ;
#6829 = ORIENTED_EDGE ( 'NONE', *, *, #6230, .T. ) ;
#6830 = CARTESIAN_POINT ( 'NONE',  ( 9.629881652306632883E-05, 9.799999999999998934, -1.005922452988877946 ) ) ;
#6831 = DIRECTION ( 'NONE',  ( -1.000000000000000000, 0.000000000000000000, -1.527636139592259900E-15 ) ) ;
#6832 = CARTESIAN_POINT ( 'NONE',  ( 35.49999999999999289, 11.00000000000000000, -12.99999999999995914 ) ) ;
#6833 = EDGE_LOOP ( 'NONE', ( #6450, #5939 ) ) ;
#6834 = DIRECTION ( 'NONE',  ( 0.000000000000000000, 1.000000000000000000, 0.000000000000000000 ) ) ;
#6835 = CYLINDRICAL_SURFACE ( 'NONE', #6559, 0.9999999999999974465 ) ;
#6836 = CARTESIAN_POINT ( 'NONE',  ( 72.49999999999995737, 2.000000000000000000, -20.99999999999999289 ) ) ;
#6837 = FACE_OUTER_BOUND ( 'NONE', #8323, .T. ) ;
#6838 = EDGE_CURVE ( 'NONE', #12243, #1977, #35, .T. ) ;
#6839 = DIRECTION ( 'NONE',  ( 0.000000000000000000, 0.000000000000000000, -1.000000000000000000 ) ) ;
#6840 = CIRCLE ( 'NONE', #11308, 0.9999999999999974465 ) ;
#6841 = AXIS2_PLACEMENT_3D ( 'NONE', #5750, #4796, #1889 ) ;
#6842 = AXIS2_PLACEMENT_3D ( 'NONE', #3406, #314, #11150 ) ;
#6843 = CARTESIAN_POINT ( 'NONE',  ( 19.91263709774426260, 11.00000000000000000, -4.732233047033622242 ) ) ;
#6844 = DIRECTION ( 'NONE',  ( 0.000000000000000000, 0.000000000000000000, 1.000000000000000000 ) ) ;
#6845 = VECTOR ( 'NONE', #8828, 1000.000000000000000 ) ;
#6846 = ORIENTED_EDGE ( 'NONE', *, *, #9578, .T. ) ;
#6847 = DIRECTION ( 'NONE',  ( 1.000000000000000000, 0.000000000000000000, 0.000000000000000000 ) ) ;
#6848 = DIRECTION ( 'NONE',  ( -0.000000000000000000, -1.000000000000000000, -0.000000000000000000 ) ) ;
#6849 = AXIS2_PLACEMENT_3D ( 'NONE', #10297, #5607, #1632 ) ;
#6850 = VECTOR ( 'NONE', #6751, 1000.000000000000000 ) ;
#6851 = DIRECTION ( 'NONE',  ( -0.000000000000000000, -1.000000000000000000, -0.000000000000000000 ) ) ;
#6852 = FACE_OUTER_BOUND ( 'NONE', #11845, .T. ) ;
#6853 = ADVANCED_FACE ( 'NONE', ( #8552 ), #769, .T. ) ;
#6854 = CARTESIAN_POINT ( 'NONE',  ( 44.50000000000000000, 11.00000000000000000, -38.99999999999994316 ) ) ;
#6855 = CARTESIAN_POINT ( 'NONE',  ( 11.99999999999997513, 2.000000000000000000, -20.99999999999993250 ) ) ;
#6856 = LINE ( 'NONE', #10603, #1774 ) ;
#6857 = AXIS2_PLACEMENT_3D ( 'NONE', #9120, #3350, #5317 ) ;
#6858 = VECTOR ( 'NONE', #3546, 1000.000000000000000 ) ;
#6859 = VECTOR ( 'NONE', #741, 1000.000000000000000 ) ;
#6860 = AXIS2_PLACEMENT_3D ( 'NONE', #5309, #7079, #8153 ) ;
#6861 = CARTESIAN_POINT ( 'NONE',  ( 24.47867965644037724, 11.00000000000000000, -5.479898987322342485 ) ) ;
#6862 = DIRECTION ( 'NONE',  ( 0.000000000000000000, 0.000000000000000000, -1.000000000000000000 ) ) ;
#6863 = CARTESIAN_POINT ( 'NONE',  ( 20.99999999999995737, 11.00000000000000000, -20.99999999999999289 ) ) ;
#6864 = ORIENTED_EDGE ( 'NONE', *, *, #8706, .T. ) ;
#6865 = CARTESIAN_POINT ( 'NONE',  ( 67.99999999999991473, 11.00000000000000000, -35.49999999999996447 ) ) ;
#6866 = ADVANCED_FACE ( 'NONE', ( #11410 ), #7410, .T. ) ;
#6867 = VECTOR ( 'NONE', #3765, 1000.000000000000000 ) ;
#6868 = AXIS2_PLACEMENT_3D ( 'NONE', #2975, #10780, #12486 ) ;
#6869 = EDGE_LOOP ( 'NONE', ( #474, #3372, #3926, #7320 ) ) ;
#6870 = ORIENTED_EDGE ( 'NONE', *, *, #2415, .T. ) ;
#6871 = DIRECTION ( 'NONE',  ( 0.000000000000000000, 1.000000000000000000, 0.000000000000000000 ) ) ;
#6872 = DIRECTION ( 'NONE',  ( 0.000000000000000000, 1.000000000000000000, 0.000000000000000000 ) ) ;
#6873 = AXIS2_PLACEMENT_3D ( 'NONE', #11435, #6607, #10482 ) ;
#6874 = VECTOR ( 'NONE', #5462, 1000.000000000000000 ) ;
#6875 = AXIS2_PLACEMENT_3D ( 'NONE', #8186, #3317, #1432 ) ;
#6876 = ORIENTED_EDGE ( 'NONE', *, *, #4512, .F. ) ;
#6877 = DIRECTION ( 'NONE',  ( 0.000000000000000000, 0.000000000000000000, 1.000000000000000000 ) ) ;
#6878 = VERTEX_POINT ( 'NONE', #648 ) ;
#6879 = ORIENTED_EDGE ( 'NONE', *, *, #111, .F. ) ;
#6880 = CYLINDRICAL_SURFACE ( 'NONE', #4011, 0.9999999999999974465 ) ;
#6881 = DIRECTION ( 'NONE',  ( 0.000000000000000000, 1.000000000000000000, 0.000000000000000000 ) ) ;
#6882 = DIRECTION ( 'NONE',  ( 0.000000000000000000, 0.000000000000000000, -1.000000000000000000 ) ) ;
#6883 = ORIENTED_EDGE ( 'NONE', *, *, #12434, .T. ) ;
#6884 = ORIENTED_EDGE ( 'NONE', *, *, #11105, .T. ) ;
#6885 = DIRECTION ( 'NONE',  ( -0.000000000000000000, -1.000000000000000000, -0.000000000000000000 ) ) ;
#6886 = AXIS2_PLACEMENT_3D ( 'NONE', #3783, #2889, #7577 ) ;
#6887 = CYLINDRICAL_SURFACE ( 'NONE', #2532, 0.9999999999999974465 ) ;
#6888 = ADVANCED_FACE ( 'NONE', ( #12418 ), #5515, .F. ) ;
#6889 = EDGE_CURVE ( 'NONE', #6878, #7141, #9978, .T. ) ;
#6890 = EDGE_CURVE ( 'NONE', #11726, #649, #7475, .T. ) ;
#6891 = ADVANCED_FACE ( 'NONE', ( #7598 ), #3544, .T. ) ;
#6892 = ORIENTED_EDGE ( 'NONE', *, *, #351, .F. ) ;
#6893 = VECTOR ( 'NONE', #3703, 1000.000000000000000 ) ;
#6894 = DIRECTION ( 'NONE',  ( -0.000000000000000000, -1.000000000000000000, -0.000000000000000000 ) ) ;
#6895 = ORIENTED_EDGE ( 'NONE', *, *, #1319, .F. ) ;
#6896 = VERTEX_POINT ( 'NONE', #6454 ) ;
#6897 = DIRECTION ( 'NONE',  ( -1.000000000000000000, 0.000000000000000000, -0.000000000000000000 ) ) ;
#6898 = DIRECTION ( 'NONE',  ( 0.000000000000000000, 0.000000000000000000, 1.000000000000000000 ) ) ;
#6899 = CARTESIAN_POINT ( 'NONE',  ( 63.49999999999997158, 2.000000000000000000, -20.99999999999993250 ) ) ;
#6900 = EDGE_LOOP ( 'NONE', ( #1228, #2026 ) ) ;
#6901 = PLANE ( 'NONE',  #2417 ) ;
#6902 = FACE_BOUND ( 'NONE', #3153, .T. ) ;
#6903 = PLANE ( 'NONE',  #11331 ) ;
#6904 = CARTESIAN_POINT ( 'NONE',  ( -1.927470528863119049E-16, 2.000000000000000000, -4.000000000000000000 ) ) ;
#6905 = APPLICATION_PROTOCOL_DEFINITION ( 'international standard', 'config_control_design', 1994, #9988 ) ;
#6906 = ADVANCED_FACE ( 'NONE', ( #2589 ), #12224, .T. ) ;
#6907 = AXIS2_PLACEMENT_3D ( 'NONE', #5660, #2670, #5465 ) ;
#6908 = EDGE_CURVE ( 'NONE', #2626, #4799, #9250, .T. ) ;
#6909 = AXIS2_PLACEMENT_3D ( 'NONE', #3554, #4701, #6465 ) ;
#6910 = ADVANCED_FACE ( 'NONE', ( #4438 ), #12286, .T. ) ;
#6911 = CARTESIAN_POINT ( 'NONE',  ( 57.50000000000000000, -0.002000000000000265454, -10.85512985522207607 ) ) ;
#6912 = CARTESIAN_POINT ( 'NONE',  ( 3.000000000000002665, 9.799999999999998934, -44.89029455227312582 ) ) ;
#6913 = ORIENTED_EDGE ( 'NONE', *, *, #245, .T. ) ;
#6914 = CARTESIAN_POINT ( 'NONE',  ( 63.49999999999995737, 11.00000000000000000, -26.49999999999992539 ) ) ;
#6915 = DIRECTION ( 'NONE',  ( 0.000000000000000000, 1.000000000000000000, 0.000000000000000000 ) ) ;
#6916 = DIRECTION ( 'NONE',  ( -0.9999999954177064554, 0.000000000000000000, 9.573184870828367360E-05 ) ) ;
#6917 = CARTESIAN_POINT ( 'NONE',  ( 35.49999999999999289, 11.00000000000000000, -29.99999999999996447 ) ) ;
#6918 = LINE ( 'NONE', #10793, #3249 ) ;
#6919 = CARTESIAN_POINT ( 'NONE',  ( 11.99999999999993427, 11.00000000000000000, -34.49999999999992895 ) ) ;
#6920 = CARTESIAN_POINT ( 'NONE',  ( 48.49999999999999289, 11.00000000000000000, -12.99999999999992895 ) ) ;
#6921 = EDGE_CURVE ( 'NONE', #7826, #1103, #11223, .T. ) ;
#6922 = PLANE ( 'NONE',  #12333 ) ;
#6923 = EDGE_LOOP ( 'NONE', ( #10960, #3705, #950, #8528 ) ) ;
#6924 = DIRECTION ( 'NONE',  ( 0.000000000000000000, 0.000000000000000000, -1.000000000000000000 ) ) ;
#6925 = LINE ( 'NONE', #10802, #835 ) ;
#6926 = ORIENTED_EDGE ( 'NONE', *, *, #9871, .T. ) ;
#6927 = CYLINDRICAL_SURFACE ( 'NONE', #6154, 0.9999999999999974465 ) ;
#6928 = EDGE_LOOP ( 'NONE', ( #10312, #7402, #6521, #7511 ) ) ;
#6929 = DIRECTION ( 'NONE',  ( 0.000000000000000000, 0.000000000000000000, 1.000000000000000000 ) ) ;
#6930 = EDGE_LOOP ( 'NONE', ( #3523, #2450, #2700, #6060 ) ) ;
#6931 = FACE_OUTER_BOUND ( 'NONE', #5277, .T. ) ;
#6932 = CARTESIAN_POINT ( 'NONE',  ( 48.49999999999999289, 11.00000000000000000, -34.49999999999992895 ) ) ;
#6933 = AXIS2_PLACEMENT_3D ( 'NONE', #8742, #3990, #5708 ) ;
#6934 = EDGE_CURVE ( 'NONE', #1499, #1846, #2659, .T. ) ;
#6935 = EDGE_CURVE ( 'NONE', #7052, #6434, #3091, .T. ) ;
#6936 = ORIENTED_EDGE ( 'NONE', *, *, #4391, .T. ) ;
#6937 = DIRECTION ( 'NONE',  ( 0.000000000000000000, 0.000000000000000000, 1.000000000000000000 ) ) ;
#6938 = ORIENTED_EDGE ( 'NONE', *, *, #288, .T. ) ;
#6939 = EDGE_LOOP ( 'NONE', ( #7635, #12182 ) ) ;
#6940 = DIRECTION ( 'NONE',  ( 0.000000000000000000, 0.000000000000000000, 1.000000000000000000 ) ) ;
#6941 = CARTESIAN_POINT ( 'NONE',  ( 45.75613998199875709, 11.00000000000000000, -4.000000000000002665 ) ) ;
#6942 = AXIS2_PLACEMENT_3D ( 'NONE', #6696, #7582, #11455 ) ;
#6943 = AXIS2_PLACEMENT_3D ( 'NONE', #1408, #7030, #3300 ) ;
#6944 = ORIENTED_EDGE ( 'NONE', *, *, #9054, .F. ) ;
#6945 = VERTEX_POINT ( 'NONE', #9694 ) ;
#6946 = CARTESIAN_POINT ( 'NONE',  ( 63.49999999999997158, 11.00000000000000000, -21.99999999999992895 ) ) ;
#6947 = CARTESIAN_POINT ( 'NONE',  ( 67.99999999999998579, 2.000000000000000000, -12.99999999999996270 ) ) ;
#6948 = VECTOR ( 'NONE', #7670, 1000.000000000000000 ) ;
#6949 = CIRCLE ( 'NONE', #1500, 0.9999999999999974465 ) ;
#6950 = EDGE_LOOP ( 'NONE', ( #12205, #4723 ) ) ;
#6951 = DIRECTION ( 'NONE',  ( -0.000000000000000000, -1.000000000000000000, -0.000000000000000000 ) ) ;
#6952 = EDGE_CURVE ( 'NONE', #3991, #8333, #12199, .T. ) ;
#6953 = ORIENTED_EDGE ( 'NONE', *, *, #9784, .T. ) ;
#6954 = EDGE_LOOP ( 'NONE', ( #10926, #10393, #9160, #3972 ) ) ;
#6955 = CARTESIAN_POINT ( 'NONE',  ( 35.49999999999999289, 11.00000000000000000, -20.99999999999996447 ) ) ;
#6956 = DIRECTION ( 'NONE',  ( 0.000000000000000000, 0.000000000000000000, -1.000000000000000000 ) ) ;
#6957 = DIRECTION ( 'NONE',  ( 0.000000000000000000, 0.000000000000000000, -1.000000000000000000 ) ) ;
#6958 = VERTEX_POINT ( 'NONE', #10585 ) ;
#6959 = DIRECTION ( 'NONE',  ( 0.7013957320894119718, 0.000000000000000000, -0.7127720722690795707 ) ) ;
#6960 = FACE_BOUND ( 'NONE', #2129, .T. ) ;
#6961 = AXIS2_PLACEMENT_3D ( 'NONE', #2429, #5217, #10036 ) ;
#6962 = CARTESIAN_POINT ( 'NONE',  ( 20.04911740367562700, 9.799999999999998934, -3.878763859303826500 ) ) ;
#6963 = ADVANCED_FACE ( 'NONE', ( #5828 ), #10775, .F. ) ;
#6964 = DIRECTION ( 'NONE',  ( 0.000000000000000000, 1.000000000000000000, 0.000000000000000000 ) ) ;
#6965 = EDGE_CURVE ( 'NONE', #2655, #3776, #4107, .T. ) ;
#6966 = CIRCLE ( 'NONE', #1126, 0.9999999999999974465 ) ;
#6967 = AXIS2_PLACEMENT_3D ( 'NONE', #11244, #12381, #5475 ) ;
#6968 = CIRCLE ( 'NONE', #1523, 2.999999999999995559 ) ;
#6969 = FACE_OUTER_BOUND ( 'NONE', #10377, .T. ) ;
#6970 = EDGE_CURVE ( 'NONE', #332, #9322, #10375, .T. ) ;
#6971 = CARTESIAN_POINT ( 'NONE',  ( 5.200000000000024158, 9.799999999999998934, -1.000000000000005995 ) ) ;
#6972 = ORIENTED_EDGE ( 'NONE', *, *, #3332, .F. ) ;
#6973 = CYLINDRICAL_SURFACE ( 'NONE', #7560, 1.000000000000000888 ) ;
#6974 = CYLINDRICAL_SURFACE ( 'NONE', #1655, 0.9999999999999974465 ) ;
#6975 = CARTESIAN_POINT ( 'NONE',  ( 31.50000000000000711, 11.00000000000000000, -20.99999999999997158 ) ) ;
#6976 = ORIENTED_EDGE ( 'NONE', *, *, #12032, .T. ) ;
#6977 = CARTESIAN_POINT ( 'NONE',  ( 72.50000000000000000, 11.00000000000000000, -8.499999999999996447 ) ) ;
#6978 = EDGE_CURVE ( 'NONE', #6364, #4814, #2089, .T. ) ;
#6979 = DIRECTION ( 'NONE',  ( 0.000000000000000000, 1.000000000000000000, 0.000000000000000000 ) ) ;
#6980 = DIRECTION ( 'NONE',  ( 0.000000000000000000, 0.000000000000000000, -1.000000000000000000 ) ) ;
#6981 = AXIS2_PLACEMENT_3D ( 'NONE', #5270, #2346, #2413 ) ;
#6982 = AXIS2_PLACEMENT_3D ( 'NONE', #5170, #10049, #6120 ) ;
#6983 = ADVANCED_FACE ( 'NONE', ( #1086 ), #1850, .T. ) ;
#6984 = CIRCLE ( 'NONE', #1743, 1.000000000000000888 ) ;
#6985 = CARTESIAN_POINT ( 'NONE',  ( 44.98517677218605115, 11.00000000000000000, -44.98517677218592326 ) ) ;
#6986 = AXIS2_PLACEMENT_3D ( 'NONE', #3492, #2773, #9256 ) ;
#6987 = LINE ( 'NONE', #8709, #11121 ) ;
#6988 = ORIENTED_EDGE ( 'NONE', *, *, #7347, .F. ) ;
#6989 = CARTESIAN_POINT ( 'NONE',  ( 38.47228714274736916, 9.799999999999998934, -44.19999999999999574 ) ) ;
#6990 = DIRECTION ( 'NONE',  ( 0.7071067811865513475, 0.000000000000000000, -0.7071067811865436870 ) ) ;
#6991 = ORIENTED_EDGE ( 'NONE', *, *, #7971, .F. ) ;
#6992 = FACE_OUTER_BOUND ( 'NONE', #7720, .T. ) ;
#6993 = ORIENTED_EDGE ( 'NONE', *, *, #1605, .F. ) ;
#6994 = ORIENTED_EDGE ( 'NONE', *, *, #9860, .T. ) ;
#6995 = CYLINDRICAL_SURFACE ( 'NONE', #11825, 0.9999999999999974465 ) ;
#6996 = EDGE_CURVE ( 'NONE', #8570, #10267, #6321, .T. ) ;
#6997 = DIRECTION ( 'NONE',  ( 1.000000000000000000, 0.000000000000000000, 0.000000000000000000 ) ) ;
#6998 = AXIS2_PLACEMENT_3D ( 'NONE', #3735, #5566, #2717 ) ;
#6999 = VERTEX_POINT ( 'NONE', #11468 ) ;
#7000 = FACE_OUTER_BOUND ( 'NONE', #3445, .T. ) ;
#7001 = ORIENTED_EDGE ( 'NONE', *, *, #7453, .T. ) ;
#7002 = ORIENTED_EDGE ( 'NONE', *, *, #11824, .T. ) ;
#7003 = DIRECTION ( 'NONE',  ( 0.000000000000000000, 0.000000000000000000, 1.000000000000000000 ) ) ;
#7004 = CARTESIAN_POINT ( 'NONE',  ( 44.50000000000000000, 11.00000000000000000, -20.99999999999993960 ) ) ;
#7005 = ORIENTED_EDGE ( 'NONE', *, *, #1788, .T. ) ;
#7006 = ORIENTED_EDGE ( 'NONE', *, *, #3322, .F. ) ;
#7007 = LINE ( 'NONE', #10879, #11434 ) ;
#7008 = EDGE_CURVE ( 'NONE', #11058, #5445, #11662, .T. ) ;
#7009 = DIRECTION ( 'NONE',  ( -0.000000000000000000, -1.000000000000000000, -0.000000000000000000 ) ) ;
#7010 = EDGE_CURVE ( 'NONE', #11642, #9477, #204, .T. ) ;
#7011 = CIRCLE ( 'NONE', #1759, 0.9999999999999974465 ) ;
#7012 = ORIENTED_EDGE ( 'NONE', *, *, #10187, .T. ) ;
#7013 = EDGE_LOOP ( 'NONE', ( #8947, #708, #8508, #3290, #721, #10365, #4748, #9189 ) ) ;
#7014 = ORIENTED_EDGE ( 'NONE', *, *, #4325, .F. ) ;
#7015 = CYLINDRICAL_SURFACE ( 'NONE', #1609, 4.200000000000036593 ) ;
#7016 = DIRECTION ( 'NONE',  ( -0.000000000000000000, -1.000000000000000000, -0.000000000000000000 ) ) ;
#7017 = CARTESIAN_POINT ( 'NONE',  ( 62.07341919221814663, 11.00000000000000000, -3.000063337055368429 ) ) ;
#7018 = ORIENTED_EDGE ( 'NONE', *, *, #1884, .T. ) ;
#7019 = AXIS2_PLACEMENT_3D ( 'NONE', #922, #4968, #5914 ) ;
#7020 = LINE ( 'NONE', #12028, #8495 ) ;
#7021 = CARTESIAN_POINT ( 'NONE',  ( 54.28700576850885540, 11.00000000000000000, -38.50000000000001421 ) ) ;
#7022 = DIRECTION ( 'NONE',  ( 0.000000000000000000, 1.000000000000000000, 0.000000000000000000 ) ) ;
#7023 = EDGE_CURVE ( 'NONE', #2460, #11198, #9367, .T. ) ;
#7024 = DATE_AND_TIME ( #6080, #3257 ) ;
#7025 = AXIS2_PLACEMENT_3D ( 'NONE', #6580, #10520, #2723 ) ;
#7026 = DIRECTION ( 'NONE',  ( 0.000000000000000000, 1.000000000000000000, 0.000000000000000000 ) ) ;
#7027 = CARTESIAN_POINT ( 'NONE',  ( 11.99999999999996270, 2.000000000000000000, -26.49999999999992539 ) ) ;
#7028 = ORIENTED_EDGE ( 'NONE', *, *, #12310, .F. ) ;
#7029 = ORIENTED_EDGE ( 'NONE', *, *, #258, .T. ) ;
#7030 = DIRECTION ( 'NONE',  ( 0.000000000000000000, 1.000000000000000000, 0.000000000000000000 ) ) ;
#7031 = CARTESIAN_POINT ( 'NONE',  ( 16.49999999999999289, 2.000000000000000000, -11.99999999999996625 ) ) ;
#7032 = LINE ( 'NONE', #10732, #796 ) ;
#7033 = CARTESIAN_POINT ( 'NONE',  ( 63.49999999999992895, 11.00000000000000000, -33.49999999999992895 ) ) ;
#7034 = CARTESIAN_POINT ( 'NONE',  ( 63.49999999999995737, 11.00000000000000000, -25.49999999999992895 ) ) ;
#7035 = CIRCLE ( 'NONE', #8660, 2.800000000000003819 ) ;
#7036 = AXIS2_PLACEMENT_3D ( 'NONE', #11706, #3020, #7637 ) ;
#7037 = DIRECTION ( 'NONE',  ( 0.000000000000000000, 0.000000000000000000, 1.000000000000000000 ) ) ;
#7038 = DIRECTION ( 'NONE',  ( 0.000000000000000000, 0.000000000000000000, 1.000000000000000000 ) ) ;
#7039 = EDGE_CURVE ( 'NONE', #3676, #8798, #5928, .T. ) ;
#7040 = EDGE_CURVE ( 'NONE', #3438, #6429, #1483, .T. ) ;
#7041 = EDGE_CURVE ( 'NONE', #11868, #5037, #10522, .T. ) ;
#7042 = CARTESIAN_POINT ( 'NONE',  ( 31.50000000000000711, 11.00000000000000000, -11.99999999999997335 ) ) ;
#7043 = AXIS2_PLACEMENT_3D ( 'NONE', #7190, #9223, #304 ) ;
#7044 = CARTESIAN_POINT ( 'NONE',  ( 72.49999999999995737, 11.00000000000000000, -20.99999999999999289 ) ) ;
#7045 = VERTEX_POINT ( 'NONE', #899 ) ;
#7046 = PLANE ( 'NONE',  #3433 ) ;
#7047 = EDGE_CURVE ( 'NONE', #6683, #9421, #2971, .T. ) ;
#7048 = CARTESIAN_POINT ( 'NONE',  ( 48.29461583732884122, 11.00000000000000000, -39.97868143219523773 ) ) ;
#7049 = ORIENTED_EDGE ( 'NONE', *, *, #5407, .F. ) ;
#7050 = CARTESIAN_POINT ( 'NONE',  ( 7.499999999999971578, 11.00000000000000000, -25.49999999999989697 ) ) ;
#7051 = ORIENTED_EDGE ( 'NONE', *, *, #8963, .F. ) ;
#7052 = VERTEX_POINT ( 'NONE', #12481 ) ;
#7053 = DIRECTION ( 'NONE',  ( 0.000000000000000000, 0.000000000000000000, 1.000000000000000000 ) ) ;
#7054 = DIRECTION ( 'NONE',  ( 0.000000000000000000, 0.000000000000000000, 1.000000000000000000 ) ) ;
#7055 = AXIS2_PLACEMENT_3D ( 'NONE', #4715, #6544, #10552 ) ;
#7056 = CIRCLE ( 'NONE', #7878, 2.799999999999997158 ) ;
#7057 = VECTOR ( 'NONE', #4506, 1000.000000000000000 ) ;
#7058 = CIRCLE ( 'NONE', #5242, 2.999999999999995559 ) ;
#7059 = CARTESIAN_POINT ( 'NONE',  ( 44.50000000000000000, 2.000000000000000000, -16.49999999999994316 ) ) ;
#7060 = EDGE_CURVE ( 'NONE', #3018, #10877, #4752, .T. ) ;
#7061 = VERTEX_POINT ( 'NONE', #135 ) ;
#7062 = VECTOR ( 'NONE', #4381, 1000.000000000000114 ) ;
#7063 = DIRECTION ( 'NONE',  ( -0.000000000000000000, 1.000000000000000000, -0.000000000000000000 ) ) ;
#7064 = CIRCLE ( 'NONE', #5669, 6.100000000000028955 ) ;
#7065 = ORIENTED_EDGE ( 'NONE', *, *, #8735, .T. ) ;
#7066 = ORIENTED_EDGE ( 'NONE', *, *, #4726, .T. ) ;
#7067 = CARTESIAN_POINT ( 'NONE',  ( 64.64386001800129122, 11.00000000000000000, -46.19999999999999574 ) ) ;
#7068 = DIRECTION ( 'NONE',  ( 0.000000000000000000, 0.000000000000000000, 1.000000000000000000 ) ) ;
#7069 = ORIENTED_EDGE ( 'NONE', *, *, #5827, .F. ) ;
#7070 = VERTEX_POINT ( 'NONE', #2853 ) ;
#7071 = CARTESIAN_POINT ( 'NONE',  ( 44.50000000000000000, 2.000000000000000000, -15.49999999999994493 ) ) ;
#7072 = DIRECTION ( 'NONE',  ( 0.000000000000000000, 1.000000000000000000, -0.000000000000000000 ) ) ;
#7073 = AXIS2_PLACEMENT_3D ( 'NONE', #8308, #1731, #8504 ) ;
#7074 = CIRCLE ( 'NONE', #3434, 0.9999999999999974465 ) ;
#7075 = EDGE_CURVE ( 'NONE', #4522, #2519, #8671, .T. ) ;
#7076 = ORIENTED_EDGE ( 'NONE', *, *, #6511, .F. ) ;
#7077 = ORIENTED_EDGE ( 'NONE', *, *, #9705, .T. ) ;
#7078 = ORIENTED_EDGE ( 'NONE', *, *, #7363, .F. ) ;
#7079 = DIRECTION ( 'NONE',  ( 0.000000000000000000, 1.000000000000000000, 0.000000000000000000 ) ) ;
#7080 = DIRECTION ( 'NONE',  ( 0.000000000000000000, 0.000000000000000000, 1.000000000000000000 ) ) ;
#7081 = AXIS2_PLACEMENT_3D ( 'NONE', #3201, #8971, #4864 ) ;
#7082 = PLANE ( 'NONE',  #8968 ) ;
#7083 = AXIS2_PLACEMENT_3D ( 'NONE', #906, #774, #8500 ) ;
#7084 = ORIENTED_EDGE ( 'NONE', *, *, #8981, .F. ) ;
#7085 = DIRECTION ( 'NONE',  ( -0.7127720722690795707, 0.000000000000000000, -0.7013957320894119718 ) ) ;
#7086 = FACE_BOUND ( 'NONE', #8415, .T. ) ;
#7087 = LINE ( 'NONE', #9181, #3208 ) ;
#7088 = COORDINATED_UNIVERSAL_TIME_OFFSET ( 1, 0, .AHEAD. ) ;
#7089 = CIRCLE ( 'NONE', #1648, 0.9999999999999974465 ) ;
#7090 = EDGE_CURVE ( 'NONE', #46, #6306, #7948, .T. ) ;
#7091 = CARTESIAN_POINT ( 'NONE',  ( 28.52132034355956591, 9.799999999999998934, -41.32010101267765378 ) ) ;
#7092 = ADVANCED_FACE ( 'NONE', ( #4296 ), #7082, .T. ) ;
#7093 = CYLINDRICAL_SURFACE ( 'NONE', #6261, 0.9999999999999974465 ) ;
#7094 = ORIENTED_EDGE ( 'NONE', *, *, #1640, .T. ) ;
#7095 = ORIENTED_EDGE ( 'NONE', *, *, #5596, .F. ) ;
#7096 = LINE ( 'NONE', #11030, #10195 ) ;
#7097 = CARTESIAN_POINT ( 'NONE',  ( 63.49999999999998579, 2.000000000000000000, -15.49999999999993427 ) ) ;
#7098 = LINE ( 'NONE', #2282, #2404 ) ;
#7099 = CARTESIAN_POINT ( 'NONE',  ( 63.49999999999991473, 11.00000000000000000, -38.99999999999992184 ) ) ;
#7100 = ORIENTED_EDGE ( 'NONE', *, *, #192, .T. ) ;
#7101 = LINE ( 'NONE', #11100, #979 ) ;
#7102 = AXIS2_PLACEMENT_3D ( 'NONE', #707, #4693, #6520 ) ;
#7103 = CYLINDRICAL_SURFACE ( 'NONE', #1438, 1.000000000000000888 ) ;
#7104 = DIRECTION ( 'NONE',  ( 0.000000000000000000, 1.000000000000000000, -0.000000000000000000 ) ) ;
#7105 = DIRECTION ( 'NONE',  ( 0.000000000000000000, 1.000000000000000000, 0.000000000000000000 ) ) ;
#7106 = CARTESIAN_POINT ( 'NONE',  ( 31.50000000000000711, 11.00000000000000000, -34.49999999999997158 ) ) ;
#7107 = VERTEX_POINT ( 'NONE', #5312 ) ;
#7108 = FACE_OUTER_BOUND ( 'NONE', #9582, .T. ) ;
#7109 = EDGE_CURVE ( 'NONE', #3674, #8653, #3907, .T. ) ;
#7110 = EDGE_LOOP ( 'NONE', ( #6575, #114, #10748, #1532 ) ) ;
#7111 = DIRECTION ( 'NONE',  ( 0.000000000000000000, 1.000000000000000000, 0.000000000000000000 ) ) ;
#7112 = CARTESIAN_POINT ( 'NONE',  ( 63.49999999999997158, 11.00000000000000000, -19.99999999999993605 ) ) ;
#7113 = EDGE_LOOP ( 'NONE', ( #6438, #7411, #8010, #988 ) ) ;
#7114 = CARTESIAN_POINT ( 'NONE',  ( 80.00000000000000000, 9.799999999999998934, -2.999999999999992895 ) ) ;
#7115 = VERTEX_POINT ( 'NONE', #8155 ) ;
#7116 = DIRECTION ( 'NONE',  ( 0.000000000000000000, 0.000000000000000000, 1.000000000000000000 ) ) ;
#7117 = DIRECTION ( 'NONE',  ( 0.000000000000000000, 0.000000000000000000, 1.000000000000000000 ) ) ;
#7118 = EDGE_CURVE ( 'NONE', #5037, #10097, #2478, .T. ) ;
#7119 = DIRECTION ( 'NONE',  ( -1.000000000000000000, -0.000000000000000000, -0.000000000000000000 ) ) ;
#7120 = ORIENTED_EDGE ( 'NONE', *, *, #5507, .F. ) ;
#7121 = CARTESIAN_POINT ( 'NONE',  ( 31.50000000000000711, 2.000000000000000000, -26.49999999999997158 ) ) ;
#7122 = EDGE_CURVE ( 'NONE', #10877, #7224, #9577, .T. ) ;
#7123 = ORIENTED_EDGE ( 'NONE', *, *, #7283, .T. ) ;
#7124 = VERTEX_POINT ( 'NONE', #503 ) ;
#7125 = CARTESIAN_POINT ( 'NONE',  ( 14.23776336359134831, 11.00000000000000000, -43.50000000000000000 ) ) ;
#7126 = DIRECTION ( 'NONE',  ( 0.000000000000000000, 0.000000000000000000, 1.000000000000000000 ) ) ;
#7127 = ORIENTED_EDGE ( 'NONE', *, *, #10085, .T. ) ;
#7128 = VERTEX_POINT ( 'NONE', #11016 ) ;
#7129 = CARTESIAN_POINT ( 'NONE',  ( 35.49999999999999289, 11.00000000000000000, -7.499999999999963585 ) ) ;
#7130 = AXIS2_PLACEMENT_3D ( 'NONE', #5069, #7969, #4170 ) ;
#7131 = ADVANCED_FACE ( 'NONE', ( #10959 ), #3098, .T. ) ;
#7132 = DIRECTION ( 'NONE',  ( 0.000000000000000000, 0.000000000000000000, 1.000000000000000000 ) ) ;
#7133 = EDGE_CURVE ( 'NONE', #11649, #1264, #1683, .T. ) ;
#7134 = AXIS2_PLACEMENT_3D ( 'NONE', #5752, #1072, #4682 ) ;
#7135 = EDGE_LOOP ( 'NONE', ( #12509, #3904, #11428, #4248 ) ) ;
#7136 = ORIENTED_EDGE ( 'NONE', *, *, #8625, .T. ) ;
#7137 = ORIENTED_EDGE ( 'NONE', *, *, #8426, .T. ) ;
#7138 = CARTESIAN_POINT ( 'NONE',  ( 20.99999999999994316, 2.000000000000000000, -25.49999999999999289 ) ) ;
#7139 = CARTESIAN_POINT ( 'NONE',  ( 0.000000000000000000, 9.799999999999998934, -40.50000000000000711 ) ) ;
#7140 = DIRECTION ( 'NONE',  ( 0.000000000000000000, 0.000000000000000000, 1.000000000000000000 ) ) ;
#7141 = VERTEX_POINT ( 'NONE', #8989 ) ;
#7142 = FACE_OUTER_BOUND ( 'NONE', #4297, .T. ) ;
#7143 = FACE_BOUND ( 'NONE', #10555, .T. ) ;
#7144 = EDGE_CURVE ( 'NONE', #9893, #5891, #6074, .T. ) ;
#7145 = CYLINDRICAL_SURFACE ( 'NONE', #10718, 1.000000000000000888 ) ;
#7146 = PERSON_AND_ORGANIZATION ( #8464, #3667 ) ;
#7147 = EDGE_CURVE ( 'NONE', #6555, #11517, #11993, .T. ) ;
#7148 = DIRECTION ( 'NONE',  ( 0.000000000000000000, 1.000000000000000000, -0.000000000000000000 ) ) ;
#7149 = DIRECTION ( 'NONE',  ( 0.000000000000000000, 1.000000000000000000, 0.000000000000000000 ) ) ;
#7150 = VECTOR ( 'NONE', #6740, 1000.000000000000000 ) ;
#7151 = ORIENTED_EDGE ( 'NONE', *, *, #2674, .T. ) ;
#7152 = ORIENTED_EDGE ( 'NONE', *, *, #7347, .T. ) ;
#7153 = CARTESIAN_POINT ( 'NONE',  ( 26.54142135623725451, 9.799999999999998934, -43.30000000000000426 ) ) ;
#7154 = DIRECTION ( 'NONE',  ( 0.000000000000000000, 0.000000000000000000, 1.000000000000000000 ) ) ;
#7155 = DIRECTION ( 'NONE',  ( 0.000000000000000000, 1.000000000000000000, 0.000000000000000000 ) ) ;
#7156 = FACE_OUTER_BOUND ( 'NONE', #9248, .T. ) ;
#7157 = VERTEX_POINT ( 'NONE', #8027 ) ;
#7158 = DIRECTION ( 'NONE',  ( -0.7071067811865437980, 0.000000000000000000, -0.7071067811865513475 ) ) ;
#7159 = DIRECTION ( 'NONE',  ( 0.000000000000000000, 0.000000000000000000, -1.000000000000000000 ) ) ;
#7160 = DIRECTION ( 'NONE',  ( 1.000000000000000000, 0.000000000000000000, -2.011680777451463154E-16 ) ) ;
#7161 = EDGE_CURVE ( 'NONE', #12478, #12261, #374, .T. ) ;
#7162 = EDGE_CURVE ( 'NONE', #7902, #1846, #11970, .T. ) ;
#7163 = VECTOR ( 'NONE', #2926, 1000.000000000000000 ) ;
#7164 = VECTOR ( 'NONE', #6343, 1000.000000000000000 ) ;
#7165 = CARTESIAN_POINT ( 'NONE',  ( 59.00000000000000711, 2.000000000000000000, -15.49999999999990585 ) ) ;
#7166 = FACE_BOUND ( 'NONE', #844, .T. ) ;
#7167 = EDGE_LOOP ( 'NONE', ( #2796, #5401, #2534, #7532 ) ) ;
#7168 = CYLINDRICAL_SURFACE ( 'NONE', #747, 3.000000000000023537 ) ;
#7169 = PLANE ( 'NONE',  #11961 ) ;
#7170 = VECTOR ( 'NONE', #977, 1000.000000000000000 ) ;
#7171 = CARTESIAN_POINT ( 'NONE',  ( 25.63015151901650768, 11.00000000000000000, -8.299999999999991829 ) ) ;
#7172 = AXIS2_PLACEMENT_3D ( 'NONE', #11778, #191, #1951 ) ;
#7173 = DIRECTION ( 'NONE',  ( 0.000000000000000000, 0.000000000000000000, 1.000000000000000000 ) ) ;
#7174 = ORIENTED_EDGE ( 'NONE', *, *, #6743, .F. ) ;
#7175 = CARTESIAN_POINT ( 'NONE',  ( 31.50000000000000711, 2.000000000000000000, -11.99999999999997335 ) ) ;
#7176 = EDGE_LOOP ( 'NONE', ( #3113, #10143, #7368, #4876 ) ) ;
#7177 = DIRECTION ( 'NONE',  ( -0.000000000000000000, 1.000000000000000000, -0.000000000000000000 ) ) ;
#7178 = FACE_OUTER_BOUND ( 'NONE', #12010, .T. ) ;
#7179 = CIRCLE ( 'NONE', #1939, 0.9999999999999974465 ) ;
#7180 = FACE_OUTER_BOUND ( 'NONE', #9351, .T. ) ;
#7181 = EDGE_CURVE ( 'NONE', #9412, #6614, #7341, .T. ) ;
#7182 = CARTESIAN_POINT ( 'NONE',  ( 72.50000000000000000, 2.000000000000000000, -8.499999999999996447 ) ) ;
#7183 = ORIENTED_EDGE ( 'NONE', *, *, #5091, .T. ) ;
#7184 = EDGE_CURVE ( 'NONE', #7740, #5665, #2327, .T. ) ;
#7185 = AXIS2_PLACEMENT_3D ( 'NONE', #6144, #2401, #2338 ) ;
#7186 = CARTESIAN_POINT ( 'NONE',  ( 44.50000000000000000, 11.00000000000000000, -25.49999999999993960 ) ) ;
#7187 = EDGE_LOOP ( 'NONE', ( #7556, #1245 ) ) ;
#7188 = VERTEX_POINT ( 'NONE', #1214 ) ;
#7189 = DIRECTION ( 'NONE',  ( 0.000000000000000000, 0.000000000000000000, 1.000000000000000000 ) ) ;
#7190 = CARTESIAN_POINT ( 'NONE',  ( 12.00000000000003197, 2.000000000000000000, -7.499999999999936939 ) ) ;
#7191 = EDGE_CURVE ( 'NONE', #10501, #9412, #1274, .T. ) ;
#7192 = VERTEX_POINT ( 'NONE', #12026 ) ;
#7193 = VERTEX_POINT ( 'NONE', #10057 ) ;
#7194 = DIRECTION ( 'NONE',  ( 1.000000000000000000, -0.000000000000000000, 0.000000000000000000 ) ) ;
#7195 = AXIS2_PLACEMENT_3D ( 'NONE', #6367, #1379, #8206 ) ;
#7196 = CARTESIAN_POINT ( 'NONE',  ( 77.00000000000000000, 9.799999999999998934, -44.89029455227312582 ) ) ;
#7197 = EDGE_CURVE ( 'NONE', #11130, #12393, #11844, .T. ) ;
#7198 = AXIS2_PLACEMENT_3D ( 'NONE', #1658, #700, #642 ) ;
#7199 = AXIS2_PLACEMENT_3D ( 'NONE', #9296, #11142, #621 ) ;
#7200 = EDGE_CURVE ( 'NONE', #11624, #5157, #2081, .T. ) ;
#7201 = VERTEX_POINT ( 'NONE', #3346 ) ;
#7202 = EDGE_CURVE ( 'NONE', #12121, #10360, #7208, .T. ) ;
#7203 = ORIENTED_EDGE ( 'NONE', *, *, #9981, .F. ) ;
#7204 = VERTEX_POINT ( 'NONE', #12084 ) ;
#7205 = DIRECTION ( 'NONE',  ( 1.000000000000000000, -0.000000000000000000, 0.000000000000000000 ) ) ;
#7206 = DIRECTION ( 'NONE',  ( 0.000000000000000000, 1.000000000000000000, 0.000000000000000000 ) ) ;
#7207 = EDGE_CURVE ( 'NONE', #9850, #4235, #9236, .T. ) ;
#7208 = LINE ( 'NONE', #11077, #2489 ) ;
#7209 = ORIENTED_EDGE ( 'NONE', *, *, #10338, .T. ) ;
#7210 = CARTESIAN_POINT ( 'NONE',  ( 16.49999999999999289, 2.000000000000000000, -11.99999999999996625 ) ) ;
#7211 = FACE_BOUND ( 'NONE', #3152, .T. ) ;
#7212 = CARTESIAN_POINT ( 'NONE',  ( 16.49999999999997868, 2.000000000000000000, -16.49999999999996447 ) ) ;
#7213 = ORIENTED_EDGE ( 'NONE', *, *, #11797, .F. ) ;
#7214 = LINE ( 'NONE', #1336, #3031 ) ;
#7215 = AXIS2_PLACEMENT_3D ( 'NONE', #10287, #4712, #10356 ) ;
#7216 = DIRECTION ( 'NONE',  ( 0.000000000000000000, 1.000000000000000000, 0.000000000000000000 ) ) ;
#7217 = ORIENTED_EDGE ( 'NONE', *, *, #1398, .F. ) ;
#7218 = VERTEX_POINT ( 'NONE', #3666 ) ;
#7219 = CARTESIAN_POINT ( 'NONE',  ( 72.49999999999998579, 11.00000000000000000, -11.99999999999999645 ) ) ;
#7220 = EDGE_CURVE ( 'NONE', #514, #9322, #1518, .T. ) ;
#7221 = CARTESIAN_POINT ( 'NONE',  ( 72.49999999999988631, 11.00000000000000000, -38.99999999999998579 ) ) ;
#7222 = DIRECTION ( 'NONE',  ( 0.000000000000000000, 1.000000000000000000, -0.000000000000000000 ) ) ;
#7223 = CARTESIAN_POINT ( 'NONE',  ( 31.50000000000000711, 11.00000000000000000, -28.99999999999997513 ) ) ;
#7224 = VERTEX_POINT ( 'NONE', #754 ) ;
#7225 = DIRECTION ( 'NONE',  ( -0.000000000000000000, 1.000000000000000000, -0.000000000000000000 ) ) ;
#7226 = CARTESIAN_POINT ( 'NONE',  ( 11.99999999999992006, 11.00000000000000000, -38.99999999999992184 ) ) ;
#7227 = CARTESIAN_POINT ( 'NONE',  ( 47.87746032555839548, 9.799999999999998934, -1.878679656440361612 ) ) ;
#7228 = AXIS2_PLACEMENT_3D ( 'NONE', #8492, #4692, #3543 ) ;
#7229 = CARTESIAN_POINT ( 'NONE',  ( 63.49999999999992895, 11.00000000000000000, -33.49999999999992895 ) ) ;
#7230 = DIRECTION ( 'NONE',  ( -0.000000000000000000, -1.000000000000000000, -0.000000000000000000 ) ) ;
#7231 = VECTOR ( 'NONE', #3764, 1000.000000000000000 ) ;
#7232 = ORIENTED_EDGE ( 'NONE', *, *, #624, .F. ) ;
#7233 = DIRECTION ( 'NONE',  ( 0.000000000000000000, 1.000000000000000000, -0.000000000000000000 ) ) ;
#7234 = EDGE_CURVE ( 'NONE', #5472, #4412, #4422, .T. ) ;
#7235 = AXIS2_PLACEMENT_3D ( 'NONE', #1908, #10526, #1853 ) ;
#7236 = AXIS2_PLACEMENT_3D ( 'NONE', #11207, #824, #2571 ) ;
#7237 = VECTOR ( 'NONE', #6831, 1000.000000000000000 ) ;
#7238 = DIRECTION ( 'NONE',  ( -0.000000000000000000, -1.000000000000000000, -0.000000000000000000 ) ) ;
#7239 = CARTESIAN_POINT ( 'NONE',  ( 48.08517677218615916, 9.799999999999998934, -31.91482322781411796 ) ) ;
#7240 = ORIENTED_EDGE ( 'NONE', *, *, #4278, .T. ) ;
#7241 = CARTESIAN_POINT ( 'NONE',  ( 12.00000000000003197, 11.00000000000000000, -7.499999999999936939 ) ) ;
#7242 = ORIENTED_EDGE ( 'NONE', *, *, #8607, .T. ) ;
#7243 = CARTESIAN_POINT ( 'NONE',  ( 56.34974746830582859, 11.00000000000000000, -7.479898987322344261 ) ) ;
#7244 = AXIS2_PLACEMENT_3D ( 'NONE', #4589, #12386, #10418 ) ;
#7245 = DIRECTION ( 'NONE',  ( 0.000000000000000000, 1.000000000000000000, 0.000000000000000000 ) ) ;
#7246 = VECTOR ( 'NONE', #11289, 1000.000000000000114 ) ;
#7247 = VECTOR ( 'NONE', #1042, 1000.000000000000000 ) ;
#7248 = AXIS2_PLACEMENT_3D ( 'NONE', #1007, #4043, #4100 ) ;
#7249 = DIRECTION ( 'NONE',  ( 0.000000000000000000, 0.000000000000000000, -1.000000000000000000 ) ) ;
#7250 = DIRECTION ( 'NONE',  ( 0.000000000000000000, 0.000000000000000000, 1.000000000000000000 ) ) ;
#7251 = EDGE_CURVE ( 'NONE', #580, #1772, #11610, .T. ) ;
#7252 = ORIENTED_EDGE ( 'NONE', *, *, #5237, .F. ) ;
#7253 = CIRCLE ( 'NONE', #4431, 1.000000000000000888 ) ;
#7254 = DIRECTION ( 'NONE',  ( 0.000000000000000000, 0.000000000000000000, 1.000000000000000000 ) ) ;
#7255 = EDGE_LOOP ( 'NONE', ( #1362, #1894, #5605, #5879 ) ) ;
#7256 = EDGE_LOOP ( 'NONE', ( #9224, #8830, #4545, #7127 ) ) ;
#7257 = CARTESIAN_POINT ( 'NONE',  ( 17.47746032555832940, 9.799999999999998934, -48.32132034355966255 ) ) ;
#7258 = DIRECTION ( 'NONE',  ( 0.000000000000000000, 1.000000000000000000, 0.000000000000000000 ) ) ;
#7259 = AXIS2_PLACEMENT_3D ( 'NONE', #1624, #12189, #7617 ) ;
#7260 = CIRCLE ( 'NONE', #808, 0.9999999999999974465 ) ;
#7261 = ORIENTED_EDGE ( 'NONE', *, *, #4049, .F. ) ;
#7262 = ORIENTED_EDGE ( 'NONE', *, *, #1268, .F. ) ;
#7263 = AXIS2_PLACEMENT_3D ( 'NONE', #4665, #6553, #7324 ) ;
#7264 = FACE_OUTER_BOUND ( 'NONE', #7633, .T. ) ;
#7265 = FACE_OUTER_BOUND ( 'NONE', #694, .T. ) ;
#7266 = VECTOR ( 'NONE', #9143, 1000.000000000000000 ) ;
#7267 = CIRCLE ( 'NONE', #1622, 0.9999999999999974465 ) ;
#7268 = AXIS2_PLACEMENT_3D ( 'NONE', #4442, #12227, #8112 ) ;
#7269 = CIRCLE ( 'NONE', #593, 1.699999999999993072 ) ;
#7270 = ORIENTED_EDGE ( 'NONE', *, *, #11697, .T. ) ;
#7271 = VERTEX_POINT ( 'NONE', #9368 ) ;
#7272 = VERTEX_POINT ( 'NONE', #2704 ) ;
#7273 = LINE ( 'NONE', #6188, #10514 ) ;
#7274 = PLANE ( 'NONE',  #1587 ) ;
#7275 = AXIS2_PLACEMENT_3D ( 'NONE', #162, #2172, #4021 ) ;
#7276 = CARTESIAN_POINT ( 'NONE',  ( 17.92779706011599927, 9.799999999999998934, -3.000084202863473326 ) ) ;
#7277 = VERTEX_POINT ( 'NONE', #1767 ) ;
#7278 = ADVANCED_FACE ( 'NONE', ( #7336 ), #12272, .T. ) ;
#7279 = CARTESIAN_POINT ( 'NONE',  ( 11.99999999999994849, 11.00000000000000000, -29.99999999999992539 ) ) ;
#7280 = FACE_BOUND ( 'NONE', #10430, .T. ) ;
#7281 = CARTESIAN_POINT ( 'NONE',  ( 49.49939033455934378, 11.00000000000000000, -30.50060966544101149 ) ) ;
#7282 = AXIS2_PLACEMENT_3D ( 'NONE', #3297, #10011, #9059 ) ;
#7283 = EDGE_CURVE ( 'NONE', #8037, #355, #4552, .T. ) ;
#7284 = EDGE_LOOP ( 'NONE', ( #9362, #10713, #1178, #9172 ) ) ;
#7285 = CIRCLE ( 'NONE', #1839, 3.599999999999992095 ) ;
#7286 = CARTESIAN_POINT ( 'NONE',  ( 67.99999999999995737, 11.00000000000000000, -20.99999999999996447 ) ) ;
#7287 = AXIS2_PLACEMENT_3D ( 'NONE', #7241, #11942, #5344 ) ;
#7288 = PLANE ( 'NONE',  #5068 ) ;
#7289 = ORIENTED_EDGE ( 'NONE', *, *, #1969, .F. ) ;
#7290 = EDGE_LOOP ( 'NONE', ( #855, #7550, #12302, #11570 ) ) ;
#7291 = LINE ( 'NONE', #10074, #1292 ) ;
#7292 = CYLINDRICAL_SURFACE ( 'NONE', #1050, 1.000000000000000888 ) ;
#7293 = EDGE_CURVE ( 'NONE', #12256, #8079, #2900, .T. ) ;
#7294 = CARTESIAN_POINT ( 'NONE',  ( 74.55677228167498072, 9.799999999999998934, -47.20000000000000284 ) ) ;
#7295 = CYLINDRICAL_SURFACE ( 'NONE', #8445, 0.9999999999999974465 ) ;
#7296 = VERTEX_POINT ( 'NONE', #2645 ) ;
#7297 = CARTESIAN_POINT ( 'NONE',  ( 44.50000000000000000, 2.000000000000000000, -7.499999999999941380 ) ) ;
#7298 = CARTESIAN_POINT ( 'NONE',  ( 65.47228714274751837, 9.799999999999998934, -44.19999999999999574 ) ) ;
#7299 = DIRECTION ( 'NONE',  ( -0.000000000000000000, 1.000000000000000000, -0.000000000000000000 ) ) ;
#7300 = ADVANCED_FACE ( 'NONE', ( #9493 ), #11396, .T. ) ;
#7301 = VECTOR ( 'NONE', #9971, 1000.000000000000000 ) ;
#7302 = ADVANCED_FACE ( 'NONE', ( #11152 ), #4358, .T. ) ;
#7303 = DIRECTION ( 'NONE',  ( 0.000000000000000000, 0.000000000000000000, 1.000000000000000000 ) ) ;
#7304 = DIRECTION ( 'NONE',  ( 1.000000000000000000, -0.000000000000000000, 0.000000000000000000 ) ) ;
#7305 = ORIENTED_EDGE ( 'NONE', *, *, #11202, .T. ) ;
#7306 = LINE ( 'NONE', #10216, #8639 ) ;
#7307 = CIRCLE ( 'NONE', #1650, 0.9999999999999974465 ) ;
#7308 = CARTESIAN_POINT ( 'NONE',  ( 35.49999999999999289, 11.00000000000000000, -19.99999999999996447 ) ) ;
#7309 = DIRECTION ( 'NONE',  ( 0.000000000000000000, 1.000000000000000000, 0.000000000000000000 ) ) ;
#7310 = ORIENTED_EDGE ( 'NONE', *, *, #2507, .T. ) ;
#7311 = LINE ( 'NONE', #12183, #6464 ) ;
#7312 = ORIENTED_EDGE ( 'NONE', *, *, #1911, .T. ) ;
#7313 = CARTESIAN_POINT ( 'NONE',  ( 16.50000000000000711, 2.000000000000000000, -7.499999999999968914 ) ) ;
#7314 = EDGE_CURVE ( 'NONE', #425, #10694, #12210, .T. ) ;
#7315 = CARTESIAN_POINT ( 'NONE',  ( 54.00000000000000000, 11.00000000000000000, -31.14999999999999858 ) ) ;
#7316 = ADVANCED_FACE ( 'NONE', ( #10376 ), #3407, .T. ) ;
#7317 = CIRCLE ( 'NONE', #2870, 0.9999999999999974465 ) ;
#7318 = DIRECTION ( 'NONE',  ( 0.000000000000000000, 0.000000000000000000, 1.000000000000000000 ) ) ;
#7319 = DIRECTION ( 'NONE',  ( 0.000000000000000000, 1.000000000000000000, 0.000000000000000000 ) ) ;
#7320 = ORIENTED_EDGE ( 'NONE', *, *, #475, .T. ) ;
#7321 = VERTEX_POINT ( 'NONE', #10188 ) ;
#7322 = VERTEX_POINT ( 'NONE', #1703 ) ;
#7323 = DIRECTION ( 'NONE',  ( 1.000000000000000000, -0.000000000000000000, 0.000000000000000000 ) ) ;
#7324 = DIRECTION ( 'NONE',  ( 0.000000000000000000, 0.000000000000000000, -1.000000000000000000 ) ) ;
#7325 = VERTEX_POINT ( 'NONE', #562 ) ;
#7326 = ORIENTED_EDGE ( 'NONE', *, *, #1493, .T. ) ;
#7327 = LINE ( 'NONE', #3213, #5335 ) ;
#7328 = DIRECTION ( 'NONE',  ( 0.000000000000000000, 1.000000000000000000, 0.000000000000000000 ) ) ;
#7329 = EDGE_CURVE ( 'NONE', #346, #1950, #10797, .T. ) ;
#7330 = EDGE_CURVE ( 'NONE', #1827, #8349, #6377, .T. ) ;
#7331 = ORIENTED_EDGE ( 'NONE', *, *, #4176, .T. ) ;
#7332 = ORIENTED_EDGE ( 'NONE', *, *, #5820, .T. ) ;
#7333 = VERTEX_POINT ( 'NONE', #10318 ) ;
#7334 = DIRECTION ( 'NONE',  ( 0.000000000000000000, 0.000000000000000000, 1.000000000000000000 ) ) ;
#7335 = CARTESIAN_POINT ( 'NONE',  ( 35.49999999999999289, 11.00000000000000000, -12.99999999999995914 ) ) ;
#7336 = FACE_OUTER_BOUND ( 'NONE', #11575, .T. ) ;
#7337 = VERTEX_POINT ( 'NONE', #9309 ) ;
#7338 = LINE ( 'NONE', #5697, #1817 ) ;
#7339 = FACE_BOUND ( 'NONE', #11332, .T. ) ;
#7340 = DIRECTION ( 'NONE',  ( 0.000000000000000000, 0.000000000000000000, 1.000000000000000000 ) ) ;
#7341 = CIRCLE ( 'NONE', #1891, 2.800000000000010925 ) ;
#7342 = ORIENTED_EDGE ( 'NONE', *, *, #11262, .T. ) ;
#7343 = DIRECTION ( 'NONE',  ( -0.000000000000000000, 1.000000000000000000, -0.000000000000000000 ) ) ;
#7344 = ORIENTED_EDGE ( 'NONE', *, *, #9154, .F. ) ;
#7345 = ORIENTED_EDGE ( 'NONE', *, *, #10876, .F. ) ;
#7346 = DIRECTION ( 'NONE',  ( 0.000000000000000000, 0.000000000000000000, 1.000000000000000000 ) ) ;
#7347 = EDGE_CURVE ( 'NONE', #11073, #3652, #892, .T. ) ;
#7348 = DIRECTION ( 'NONE',  ( 0.000000000000000000, -0.000000000000000000, 1.000000000000000000 ) ) ;
#7349 = ORIENTED_EDGE ( 'NONE', *, *, #10723, .T. ) ;
#7350 = DIRECTION ( 'NONE',  ( 0.000000000000000000, 0.000000000000000000, -1.000000000000000000 ) ) ;
#7351 = DIRECTION ( 'NONE',  ( 0.000000000000000000, 0.000000000000000000, 1.000000000000000000 ) ) ;
#7352 = ORIENTED_EDGE ( 'NONE', *, *, #5651, .F. ) ;
#7353 = AXIS2_PLACEMENT_3D ( 'NONE', #5557, #2573, #8279 ) ;
#7354 = ADVANCED_FACE ( 'NONE', ( #1649 ), #943, .T. ) ;
#7355 = LINE ( 'NONE', #773, #9278 ) ;
#7356 = FACE_OUTER_BOUND ( 'NONE', #4583, .T. ) ;
#7357 = LINE ( 'NONE', #8237, #10428 ) ;
#7358 = EDGE_CURVE ( 'NONE', #6486, #3647, #1295, .T. ) ;
#7359 = LINE ( 'NONE', #8307, #12384 ) ;
#7360 = CARTESIAN_POINT ( 'NONE',  ( 16.49999999999999289, 2.000000000000000000, -12.99999999999996270 ) ) ;
#7361 = EDGE_LOOP ( 'NONE', ( #4286, #5784 ) ) ;
#7362 = DIRECTION ( 'NONE',  ( -0.000000000000000000, -1.000000000000000000, -0.000000000000000000 ) ) ;
#7363 = EDGE_CURVE ( 'NONE', #8194, #9552, #8358, .T. ) ;
#7364 = FACE_OUTER_BOUND ( 'NONE', #10683, .T. ) ;
#7365 = DIRECTION ( 'NONE',  ( -1.000000000000000000, 0.000000000000000000, 0.000000000000000000 ) ) ;
#7366 = EDGE_CURVE ( 'NONE', #6498, #3512, #11709, .T. ) ;
#7367 = CARTESIAN_POINT ( 'NONE',  ( 48.49999999999999289, 11.00000000000000000, -11.99999999999993072 ) ) ;
#7368 = ORIENTED_EDGE ( 'NONE', *, *, #6820, .T. ) ;
#7369 = CYLINDRICAL_SURFACE ( 'NONE', #6267, 2.200000000000028599 ) ;
#7370 = ORIENTED_EDGE ( 'NONE', *, *, #7147, .F. ) ;
#7371 = DIRECTION ( 'NONE',  ( 0.000000000000000000, 0.000000000000000000, 1.000000000000000000 ) ) ;
#7372 = CIRCLE ( 'NONE', #9597, 0.9999999999999974465 ) ;
#7373 = CARTESIAN_POINT ( 'NONE',  ( 11.99999999999997513, 11.00000000000000000, -19.99999999999993605 ) ) ;
#7374 = CARTESIAN_POINT ( 'NONE',  ( 18.75648667122642976, 9.799999999999998934, -1.000059507428522121 ) ) ;
#7375 = CIRCLE ( 'NONE', #12234, 0.9999999999999974465 ) ;
#7376 = CYLINDRICAL_SURFACE ( 'NONE', #4645, 0.9999999999999974465 ) ;
#7377 = VERTEX_POINT ( 'NONE', #7771 ) ;
#7378 = ORIENTED_EDGE ( 'NONE', *, *, #3844, .F. ) ;
#7379 = EDGE_LOOP ( 'NONE', ( #10370, #3721, #272, #7533 ) ) ;
#7380 = FACE_OUTER_BOUND ( 'NONE', #1407, .T. ) ;
#7381 = DIRECTION ( 'NONE',  ( 0.000000000000000000, -0.000000000000000000, 1.000000000000000000 ) ) ;
#7382 = EDGE_CURVE ( 'NONE', #7204, #3051, #12464, .T. ) ;
#7383 = VERTEX_POINT ( 'NONE', #12406 ) ;
#7384 = ORIENTED_EDGE ( 'NONE', *, *, #4262, .T. ) ;
#7385 = FACE_OUTER_BOUND ( 'NONE', #2005, .T. ) ;
#7386 = LINE ( 'NONE', #8533, #5189 ) ;
#7387 = AXIS2_PLACEMENT_3D ( 'NONE', #919, #10736, #2054 ) ;
#7388 = ORIENTED_EDGE ( 'NONE', *, *, #1104, .T. ) ;
#7389 = VERTEX_POINT ( 'NONE', #2956 ) ;
#7390 = CIRCLE ( 'NONE', #6372, 0.9999999999999983347 ) ;
#7391 = EDGE_LOOP ( 'NONE', ( #9695, #9735 ) ) ;
#7392 = ORIENTED_EDGE ( 'NONE', *, *, #1779, .F. ) ;
#7393 = LINE ( 'NONE', #6435, #6228 ) ;
#7394 = CARTESIAN_POINT ( 'NONE',  ( 16.49999999999989697, 2.000000000000000000, -38.99999999999995026 ) ) ;
#7395 = ADVANCED_FACE ( 'NONE', ( #10504 ), #4798, .T. ) ;
#7396 = CARTESIAN_POINT ( 'NONE',  ( 63.50000000000002842, 11.00000000000000000, -6.499999999999938716 ) ) ;
#7397 = EDGE_CURVE ( 'NONE', #4689, #8802, #7639, .T. ) ;
#7398 = ORIENTED_EDGE ( 'NONE', *, *, #2961, .F. ) ;
#7399 = DIRECTION ( 'NONE',  ( -0.000000000000000000, -1.000000000000000000, -0.000000000000000000 ) ) ;
#7400 = LINE ( 'NONE', #9429, #4760 ) ;
#7401 = CARTESIAN_POINT ( 'NONE',  ( 51.26776695296635467, -0.002000000000000265454, -9.087362902255675223 ) ) ;
#7402 = ORIENTED_EDGE ( 'NONE', *, *, #7910, .F. ) ;
#7403 = LINE ( 'NONE', #7469, #5796 ) ;
#7404 = AXIS2_PLACEMENT_3D ( 'NONE', #10259, #1589, #8292 ) ;
#7405 = ORIENTED_EDGE ( 'NONE', *, *, #6196, .T. ) ;
#7406 = ORIENTED_EDGE ( 'NONE', *, *, #10429, .F. ) ;
#7407 = DIRECTION ( 'NONE',  ( -0.000000000000000000, 1.000000000000000000, -0.000000000000000000 ) ) ;
#7408 = CARTESIAN_POINT ( 'NONE',  ( 48.49999999999999289, 11.00000000000000000, -17.49999999999992895 ) ) ;
#7409 = EDGE_CURVE ( 'NONE', #1537, #6999, #11521, .T. ) ;
#7410 = CYLINDRICAL_SURFACE ( 'NONE', #3498, 0.9999999999999974465 ) ;
#7411 = ORIENTED_EDGE ( 'NONE', *, *, #624, .T. ) ;
#7412 = CARTESIAN_POINT ( 'NONE',  ( 22.18664863476204374, 1.999999999999998224, -39.08664863476204232 ) ) ;
#7413 = DIRECTION ( 'NONE',  ( -0.000000000000000000, 1.000000000000000000, -0.000000000000000000 ) ) ;
#7414 = ORIENTED_EDGE ( 'NONE', *, *, #7976, .T. ) ;
#7415 = DIRECTION ( 'NONE',  ( 0.000000000000000000, 0.000000000000000000, 1.000000000000000000 ) ) ;
#7416 = CARTESIAN_POINT ( 'NONE',  ( 48.49999999999999289, 11.00000000000000000, -29.99999999999992895 ) ) ;
#7417 = FACE_OUTER_BOUND ( 'NONE', #6738, .T. ) ;
#7418 = AXIS2_PLACEMENT_3D ( 'NONE', #7701, #1125, #11577 ) ;
#7419 = FACE_OUTER_BOUND ( 'NONE', #9434, .T. ) ;
#7420 = DIRECTION ( 'NONE',  ( 3.352801296326884019E-17, 0.000000000000000000, 1.000000000000000000 ) ) ;
#7421 = ORIENTED_EDGE ( 'NONE', *, *, #6889, .T. ) ;
#7422 = CARTESIAN_POINT ( 'NONE',  ( 58.99999999999994316, 11.00000000000000000, -34.49999999999989342 ) ) ;
#7423 = LINE ( 'NONE', #11297, #1455 ) ;
#7424 = VERTEX_POINT ( 'NONE', #3855 ) ;
#7425 = DIRECTION ( 'NONE',  ( 0.000000000000000000, 0.000000000000000000, 1.000000000000000000 ) ) ;
#7426 = VERTEX_POINT ( 'NONE', #12532 ) ;
#7427 = PLANE ( 'NONE',  #2034 ) ;
#7428 = VERTEX_POINT ( 'NONE', #6815 ) ;
#7429 = EDGE_CURVE ( 'NONE', #3652, #7456, #10691, .T. ) ;
#7430 = CARTESIAN_POINT ( 'NONE',  ( 52.71299423149123697, 9.799999999999998934, -38.50000000000000711 ) ) ;
#7431 = PLANE ( 'NONE',  #7840 ) ;
#7432 = ADVANCED_FACE ( 'NONE', ( #9748 ), #827, .T. ) ;
#7433 = ADVANCED_FACE ( 'NONE', ( #2076 ), #8541, .T. ) ;
#7434 = ADVANCED_FACE ( 'NONE', ( #120 ), #5693, .T. ) ;
#7435 = CARTESIAN_POINT ( 'NONE',  ( 20.99999999999990052, 2.000000000000000000, -35.49999999999999289 ) ) ;
#7436 = DIRECTION ( 'NONE',  ( -0.000000000000000000, 1.000000000000000000, -0.000000000000000000 ) ) ;
#7437 = DIRECTION ( 'NONE',  ( -0.000000000000000000, 1.000000000000000000, -0.000000000000000000 ) ) ;
#7438 = EDGE_LOOP ( 'NONE', ( #11028, #9103 ) ) ;
#7439 = DIRECTION ( 'NONE',  ( -0.000000000000000000, 1.000000000000000000, -0.000000000000000000 ) ) ;
#7440 = ORIENTED_EDGE ( 'NONE', *, *, #10869, .T. ) ;
#7441 = ORIENTED_EDGE ( 'NONE', *, *, #1435, .F. ) ;
#7442 = LINE ( 'NONE', #4401, #9076 ) ;
#7443 = DIRECTION ( 'NONE',  ( -0.000000000000000000, -1.000000000000000000, -0.000000000000000000 ) ) ;
#7444 = EDGE_LOOP ( 'NONE', ( #9550, #3632, #10816, #3025 ) ) ;
#7445 = ORIENTED_EDGE ( 'NONE', *, *, #1204, .F. ) ;
#7446 = ADVANCED_FACE ( 'NONE', ( #2769 ), #3976, .T. ) ;
#7447 = LINE ( 'NONE', #8394, #1525 ) ;
#7448 = DIRECTION ( 'NONE',  ( 0.000000000000000000, 1.000000000000000000, 0.000000000000000000 ) ) ;
#7449 = AXIS2_PLACEMENT_3D ( 'NONE', #12485, #2787, #6713 ) ;
#7450 = AXIS2_PLACEMENT_3D ( 'NONE', #8474, #3592, #1645 ) ;
#7451 = VECTOR ( 'NONE', #8936, 1000.000000000000000 ) ;
#7452 = EDGE_CURVE ( 'NONE', #7426, #11166, #3023, .T. ) ;
#7453 = EDGE_CURVE ( 'NONE', #2590, #1113, #2894, .T. ) ;
#7454 = ORIENTED_EDGE ( 'NONE', *, *, #9384, .T. ) ;
#7455 = AXIS2_PLACEMENT_3D ( 'NONE', #2439, #10236, #1564 ) ;
#7456 = VERTEX_POINT ( 'NONE', #9674 ) ;
#7457 = ORIENTED_EDGE ( 'NONE', *, *, #7133, .F. ) ;
#7458 = CARTESIAN_POINT ( 'NONE',  ( 61.24380052431966703, 9.799999999999998934, -4.000059493681638045 ) ) ;
#7459 = DIRECTION ( 'NONE',  ( -0.000000000000000000, -1.000000000000000000, -0.000000000000000000 ) ) ;
#7460 = VERTEX_POINT ( 'NONE', #1008 ) ;
#7461 = DIRECTION ( 'NONE',  ( 0.000000000000000000, -0.000000000000000000, 1.000000000000000000 ) ) ;
#7462 = CARTESIAN_POINT ( 'NONE',  ( 67.99999999999991473, 2.000000000000000000, -35.49999999999996447 ) ) ;
#7463 = DIRECTION ( 'NONE',  ( 0.000000000000000000, 1.000000000000000000, 0.000000000000000000 ) ) ;
#7464 = AXIS2_PLACEMENT_3D ( 'NONE', #863, #2620, #3701 ) ;
#7465 = CIRCLE ( 'NONE', #8482, 0.9999999999999974465 ) ;
#7466 = AXIS2_PLACEMENT_3D ( 'NONE', #3242, #3174, #6681 ) ;
#7467 = ADVANCED_FACE ( 'NONE', ( #185 ), #412, .T. ) ;
#7468 = VERTEX_POINT ( 'NONE', #2356 ) ;
#7469 = CARTESIAN_POINT ( 'NONE',  ( 38.99999999999999289, 11.00000000000000000, -46.00000000000000000 ) ) ;
#7470 = ORIENTED_EDGE ( 'NONE', *, *, #2694, .F. ) ;
#7471 = EDGE_LOOP ( 'NONE', ( #9355, #8649, #3692, #4423 ) ) ;
#7472 = DIRECTION ( 'NONE',  ( -0.000000000000000000, -1.000000000000000000, 0.000000000000000000 ) ) ;
#7473 = DIRECTION ( 'NONE',  ( 0.000000000000000000, 0.000000000000000000, 1.000000000000000000 ) ) ;
#7474 = AXIS2_PLACEMENT_3D ( 'NONE', #9655, #982, #3832 ) ;
#7475 = LINE ( 'NONE', #6391, #884 ) ;
#7476 = EDGE_LOOP ( 'NONE', ( #9305, #11854 ) ) ;
#7477 = FACE_OUTER_BOUND ( 'NONE', #5496, .T. ) ;
#7478 = CARTESIAN_POINT ( 'NONE',  ( 7.500000000000041744, 2.000000000000000000, -6.499999999999906741 ) ) ;
#7479 = DIRECTION ( 'NONE',  ( -0.000000000000000000, -1.000000000000000000, -0.000000000000000000 ) ) ;
#7480 = DIRECTION ( 'NONE',  ( 0.000000000000000000, 0.000000000000000000, 1.000000000000000000 ) ) ;
#7481 = VECTOR ( 'NONE', #5031, 999.9999999999998863 ) ;
#7482 = EDGE_CURVE ( 'NONE', #9322, #11503, #8976, .T. ) ;
#7483 = EDGE_CURVE ( 'NONE', #6593, #2699, #10031, .T. ) ;
#7484 = AXIS2_PLACEMENT_3D ( 'NONE', #9212, #4273, #8128 ) ;
#7485 = DIRECTION ( 'NONE',  ( -0.000000000000000000, -1.000000000000000000, -0.000000000000000000 ) ) ;
#7486 = DIRECTION ( 'NONE',  ( 0.000000000000000000, 1.000000000000000000, 0.000000000000000000 ) ) ;
#7487 = ORIENTED_EDGE ( 'NONE', *, *, #33, .F. ) ;
#7488 = DIRECTION ( 'NONE',  ( -0.000000000000000000, -1.000000000000000000, -0.000000000000000000 ) ) ;
#7489 = DIRECTION ( 'NONE',  ( -0.000000000000000000, -1.000000000000000000, -0.000000000000000000 ) ) ;
#7490 = ORIENTED_EDGE ( 'NONE', *, *, #4278, .F. ) ;
#7491 = CARTESIAN_POINT ( 'NONE',  ( 30.50000000000000355, -0.002000000000000265454, -10.85512985522205121 ) ) ;
#7492 = CIRCLE ( 'NONE', #6073, 2.200000000000028599 ) ;
#7493 = AXIS2_PLACEMENT_3D ( 'NONE', #90, #7934, #7037 ) ;
#7494 = EDGE_LOOP ( 'NONE', ( #5369, #8837, #122, #11401 ) ) ;
#7495 = LINE ( 'NONE', #4709, #9915 ) ;
#7496 = ORIENTED_EDGE ( 'NONE', *, *, #4890, .F. ) ;
#7497 = LINE ( 'NONE', #6540, #9404 ) ;
#7498 = DIRECTION ( 'NONE',  ( 0.7071067811865475727, 0.000000000000000000, 0.7071067811865475727 ) ) ;
#7499 = VECTOR ( 'NONE', #6416, 1000.000000000000000 ) ;
#7500 = CC_DESIGN_APPROVAL ( #10537, ( #10919 ) ) ;
#7501 = EDGE_CURVE ( 'NONE', #5801, #11437, #80, .T. ) ;
#7502 = DIRECTION ( 'NONE',  ( 0.000000000000000000, 1.000000000000000000, 0.000000000000000000 ) ) ;
#7503 = CARTESIAN_POINT ( 'NONE',  ( 48.29461583732884122, 11.00000000000000000, -39.97868143219523773 ) ) ;
#7504 = ORIENTED_EDGE ( 'NONE', *, *, #10106, .F. ) ;
#7505 = DIRECTION ( 'NONE',  ( -0.000000000000000000, 1.000000000000000000, 0.000000000000000000 ) ) ;
#7506 = ORIENTED_EDGE ( 'NONE', *, *, #274, .F. ) ;
#7507 = LINE ( 'NONE', #44, #6554 ) ;
#7508 = FACE_OUTER_BOUND ( 'NONE', #3272, .T. ) ;
#7509 = PLANE ( 'NONE',  #9093 ) ;
#7510 = ORIENTED_EDGE ( 'NONE', *, *, #10784, .F. ) ;
#7511 = ORIENTED_EDGE ( 'NONE', *, *, #2395, .T. ) ;
#7512 = CARTESIAN_POINT ( 'NONE',  ( 35.49999999999999289, 11.00000000000000000, -6.499999999999965361 ) ) ;
#7513 = ADVANCED_FACE ( 'NONE', ( #3442 ), #10096, .F. ) ;
#7514 = CARTESIAN_POINT ( 'NONE',  ( 5.443227718325019282, 9.799999999999998934, -44.75470390403734200 ) ) ;
#7515 = VECTOR ( 'NONE', #8178, 1000.000000000000000 ) ;
#7516 = EDGE_CURVE ( 'NONE', #7383, #10756, #3305, .T. ) ;
#7517 = ORIENTED_EDGE ( 'NONE', *, *, #11491, .F. ) ;
#7518 = CARTESIAN_POINT ( 'NONE',  ( 26.00000000000000000, 2.000000000000000000, -31.14999999999999858 ) ) ;
#7519 = VERTEX_POINT ( 'NONE', #11240 ) ;
#7520 = ORIENTED_EDGE ( 'NONE', *, *, #10577, .T. ) ;
#7521 = DIRECTION ( 'NONE',  ( 0.000000000000000000, 0.000000000000000000, -1.000000000000000000 ) ) ;
#7522 = LINE ( 'NONE', #4734, #4221 ) ;
#7523 = EDGE_CURVE ( 'NONE', #1191, #7052, #9806, .T. ) ;
#7524 = CARTESIAN_POINT ( 'NONE',  ( 59.00000000000000711, 11.00000000000000000, -16.49999999999990408 ) ) ;
#7525 = EDGE_LOOP ( 'NONE', ( #10170, #7966, #7756, #10182 ) ) ;
#7526 = DIRECTION ( 'NONE',  ( 0.000000000000000000, 1.000000000000000000, 0.000000000000000000 ) ) ;
#7527 = CARTESIAN_POINT ( 'NONE',  ( 7.499999999999992895, 11.00000000000000000, -20.99999999999990052 ) ) ;
#7528 = CYLINDRICAL_SURFACE ( 'NONE', #1808, 1.000000000000000888 ) ;
#7529 = EDGE_CURVE ( 'NONE', #1835, #10484, #2692, .T. ) ;
#7530 = ORIENTED_EDGE ( 'NONE', *, *, #3451, .F. ) ;
#7531 = CARTESIAN_POINT ( 'NONE',  ( 21.58517677218592468, 11.00000000000000000, 21.58517677218592468 ) ) ;
#7532 = ORIENTED_EDGE ( 'NONE', *, *, #11385, .T. ) ;
#7533 = ORIENTED_EDGE ( 'NONE', *, *, #640, .F. ) ;
#7534 = DIRECTION ( 'NONE',  ( -0.000000000000000000, -1.000000000000000000, -0.000000000000000000 ) ) ;
#7535 = CARTESIAN_POINT ( 'NONE',  ( 16.49999999999992539, 11.00000000000000000, -35.49999999999996447 ) ) ;
#7536 = CARTESIAN_POINT ( 'NONE',  ( 35.49999999999999289, 11.00000000000000000, -8.499999999999960920 ) ) ;
#7537 = ORIENTED_EDGE ( 'NONE', *, *, #11066, .F. ) ;
#7538 = DIRECTION ( 'NONE',  ( 0.000000000000000000, 0.000000000000000000, 1.000000000000000000 ) ) ;
#7539 = LINE ( 'NONE', #13, #3395 ) ;
#7540 = FACE_OUTER_BOUND ( 'NONE', #3073, .T. ) ;
#7541 = ADVANCED_FACE ( 'NONE', ( #12181 ), #8126, .T. ) ;
#7542 = CYLINDRICAL_SURFACE ( 'NONE', #4458, 0.9999999999999974465 ) ;
#7543 = AXIS2_PLACEMENT_3D ( 'NONE', #9824, #1905, #9632 ) ;
#7544 = DIRECTION ( 'NONE',  ( 0.000000000000000000, 1.000000000000000000, 0.000000000000000000 ) ) ;
#7545 = DIRECTION ( 'NONE',  ( 0.000000000000000000, 0.000000000000000000, 1.000000000000000000 ) ) ;
#7546 = ORIENTED_EDGE ( 'NONE', *, *, #11889, .T. ) ;
#7547 = AXIS2_PLACEMENT_3D ( 'NONE', #4609, #8476, #632 ) ;
#7548 = DIRECTION ( 'NONE',  ( 1.000000000000000000, 0.000000000000000000, -4.408413623863775552E-15 ) ) ;
#7549 = CARTESIAN_POINT ( 'NONE',  ( 7.499999999999971578, 11.00000000000000000, -26.49999999999989342 ) ) ;
#7550 = ORIENTED_EDGE ( 'NONE', *, *, #10203, .F. ) ;
#7551 = CARTESIAN_POINT ( 'NONE',  ( 55.52132034355962276, 11.00000000000000000, -5.479898987322342485 ) ) ;
#7552 = EDGE_CURVE ( 'NONE', #437, #2590, #479, .T. ) ;
#7553 = EDGE_CURVE ( 'NONE', #6515, #7997, #3712, .T. ) ;
#7554 = ORIENTED_EDGE ( 'NONE', *, *, #11278, .T. ) ;
#7555 = CARTESIAN_POINT ( 'NONE',  ( 31.50000000000000711, 2.000000000000000000, -17.49999999999997158 ) ) ;
#7556 = ORIENTED_EDGE ( 'NONE', *, *, #10456, .F. ) ;
#7557 = CYLINDRICAL_SURFACE ( 'NONE', #6353, 1.699999999999994849 ) ;
#7558 = CARTESIAN_POINT ( 'NONE',  ( 76.00000000000000000, 2.000000000000000000, -6.500000000000004441 ) ) ;
#7559 = AXIS2_PLACEMENT_3D ( 'NONE', #6633, #696, #4555 ) ;
#7560 = AXIS2_PLACEMENT_3D ( 'NONE', #85, #8816, #11676 ) ;
#7561 = FACE_OUTER_BOUND ( 'NONE', #1830, .T. ) ;
#7562 = CARTESIAN_POINT ( 'NONE',  ( 72.49999999999994316, 11.00000000000000000, -24.49999999999999289 ) ) ;
#7563 = VERTEX_POINT ( 'NONE', #5285 ) ;
#7564 = CARTESIAN_POINT ( 'NONE',  ( 34.85512985522210272, 2.000000000000000000, -4.000000000000001776 ) ) ;
#7565 = AXIS2_PLACEMENT_3D ( 'NONE', #10991, #3133, #10165 ) ;
#7566 = ORIENTED_EDGE ( 'NONE', *, *, #3998, .T. ) ;
#7567 = VERTEX_POINT ( 'NONE', #5342 ) ;
#7568 = CARTESIAN_POINT ( 'NONE',  ( 34.73223304703361691, 11.00000000000000000, -43.00553031655771008 ) ) ;
#7569 = CARTESIAN_POINT ( 'NONE',  ( 77.00000000000000000, 11.00000000000000000, -0.000000000000000000 ) ) ;
#7570 = EDGE_LOOP ( 'NONE', ( #7697, #2904 ) ) ;
#7571 = ORIENTED_EDGE ( 'NONE', *, *, #10065, .T. ) ;
#7572 = DIRECTION ( 'NONE',  ( 0.000000000000000000, 0.000000000000000000, 1.000000000000000000 ) ) ;
#7573 = CARTESIAN_POINT ( 'NONE',  ( 73.50000000000000000, 2.000000000000000000, -43.50000000000000000 ) ) ;
#7574 = AXIS2_PLACEMENT_3D ( 'NONE', #4326, #5212, #2355 ) ;
#7575 = EDGE_CURVE ( 'NONE', #545, #4476, #3375, .T. ) ;
#7576 = ORIENTED_EDGE ( 'NONE', *, *, #4570, .T. ) ;
#7577 = DIRECTION ( 'NONE',  ( 0.7071067811865474617, 0.000000000000000000, 0.7071067811865474617 ) ) ;
#7578 = ORIENTED_EDGE ( 'NONE', *, *, #5856, .F. ) ;
#7579 = VERTEX_POINT ( 'NONE', #4456 ) ;
#7580 = DIRECTION ( 'NONE',  ( -0.000000000000000000, 1.000000000000000000, -0.000000000000000000 ) ) ;
#7581 = CARTESIAN_POINT ( 'NONE',  ( 58.99999999999994316, 2.000000000000000000, -33.49999999999989342 ) ) ;
#7582 = DIRECTION ( 'NONE',  ( -0.000000000000000000, -1.000000000000000000, -0.000000000000000000 ) ) ;
#7583 = EDGE_LOOP ( 'NONE', ( #3987, #10200, #5983, #6516 ) ) ;
#7584 = DIRECTION ( 'NONE',  ( 0.000000000000000000, 1.000000000000000000, 0.000000000000000000 ) ) ;
#7585 = CARTESIAN_POINT ( 'NONE',  ( 72.49999999999995737, 2.000000000000000000, -21.99999999999999289 ) ) ;
#7586 = CIRCLE ( 'NONE', #12242, 0.9999999999999974465 ) ;
#7587 = AXIS2_PLACEMENT_3D ( 'NONE', #8479, #10321, #3670 ) ;
#7588 = EDGE_CURVE ( 'NONE', #7124, #9731, #10161, .T. ) ;
#7589 = EDGE_CURVE ( 'NONE', #6642, #2373, #8247, .T. ) ;
#7590 = AXIS2_PLACEMENT_3D ( 'NONE', #3028, #5882, #4050 ) ;
#7591 = ADVANCED_FACE ( 'NONE', ( #4992 ), #6344, .T. ) ;
#7592 = ORIENTED_EDGE ( 'NONE', *, *, #567, .T. ) ;
#7593 = FACE_OUTER_BOUND ( 'NONE', #2503, .T. ) ;
#7594 = ORIENTED_EDGE ( 'NONE', *, *, #10328, .T. ) ;
#7595 = VERTEX_POINT ( 'NONE', #3260 ) ;
#7596 = CARTESIAN_POINT ( 'NONE',  ( 35.49999999999999289, 11.00000000000000000, -11.99999999999996270 ) ) ;
#7597 = CARTESIAN_POINT ( 'NONE',  ( 48.49999999999999289, 11.00000000000000000, -25.49999999999992895 ) ) ;
#7598 = FACE_OUTER_BOUND ( 'NONE', #974, .T. ) ;
#7599 = EDGE_LOOP ( 'NONE', ( #6711, #3118, #11986, #5225 ) ) ;
#7600 = CARTESIAN_POINT ( 'NONE',  ( 16.49999999999992539, 2.000000000000000000, -34.49999999999996447 ) ) ;
#7601 = CARTESIAN_POINT ( 'NONE',  ( 63.49999999999994316, 2.000000000000000000, -30.99999999999992184 ) ) ;
#7602 = DIRECTION ( 'NONE',  ( 0.7071067811865467956, 0.000000000000000000, -0.7071067811865483499 ) ) ;
#7603 = DIRECTION ( 'NONE',  ( 0.000000000000000000, 1.000000000000000000, 0.000000000000000000 ) ) ;
#7604 = EDGE_CURVE ( 'NONE', #6449, #12116, #11938, .T. ) ;
#7605 = DIRECTION ( 'NONE',  ( 0.000000000000000000, 0.000000000000000000, 1.000000000000000000 ) ) ;
#7606 = CARTESIAN_POINT ( 'NONE',  ( 20.99999999999990052, 2.000000000000000000, -34.49999999999998579 ) ) ;
#7607 = VERTEX_POINT ( 'NONE', #2297 ) ;
#7608 = DIRECTION ( 'NONE',  ( 0.000000000000000000, 1.000000000000000000, -0.000000000000000000 ) ) ;
#7609 = DIRECTION ( 'NONE',  ( 0.000000000000000000, 0.000000000000000000, -1.000000000000000000 ) ) ;
#7610 = ORIENTED_EDGE ( 'NONE', *, *, #10328, .F. ) ;
#7611 = CARTESIAN_POINT ( 'NONE',  ( 72.49999999999998579, 2.000000000000000000, -11.99999999999999645 ) ) ;
#7612 = DIRECTION ( 'NONE',  ( -0.000000000000000000, -1.000000000000000000, -0.000000000000000000 ) ) ;
#7613 = ORIENTED_EDGE ( 'NONE', *, *, #3569, .F. ) ;
#7614 = CYLINDRICAL_SURFACE ( 'NONE', #1117, 1.000000000000000888 ) ;
#7615 = DIRECTION ( 'NONE',  ( 1.000000000000000000, -0.000000000000000000, 0.000000000000000000 ) ) ;
#7616 = EDGE_CURVE ( 'NONE', #7218, #12325, #6163, .T. ) ;
#7617 = DIRECTION ( 'NONE',  ( 0.000000000000000000, 0.000000000000000000, -1.000000000000000000 ) ) ;
#7618 = DIRECTION ( 'NONE',  ( 0.000000000000000000, 1.000000000000000000, 0.000000000000000000 ) ) ;
#7619 = EDGE_LOOP ( 'NONE', ( #7310, #7999, #11626, #10561 ) ) ;
#7620 = CARTESIAN_POINT ( 'NONE',  ( 26.54142135623731136, 11.00000000000000000, -6.299999999999992717 ) ) ;
#7622 = VECTOR ( 'NONE', #537, 1000.000000000000000 ) ;
#7621 = CIRCLE ( 'NONE', #10671, 1.699999999999993072 ) ;
#7623 = ORIENTED_EDGE ( 'NONE', *, *, #8289, .F. ) ;
#7624 = VERTEX_POINT ( 'NONE', #1801 ) ;
#7625 = CARTESIAN_POINT ( 'NONE',  ( 20.99999999999997158, 11.00000000000000000, -16.49999999999999289 ) ) ;
#7626 = ORIENTED_EDGE ( 'NONE', *, *, #8320, .F. ) ;
#7627 = ORIENTED_EDGE ( 'NONE', *, *, #1980, .T. ) ;
#7628 = CARTESIAN_POINT ( 'NONE',  ( 11.99999999999994849, 11.00000000000000000, -29.99999999999992539 ) ) ;
#7629 = DIRECTION ( 'NONE',  ( 3.496519228280624712E-16, 0.000000000000000000, 1.000000000000000000 ) ) ;
#7630 = CIRCLE ( 'NONE', #5618, 3.599999999999993872 ) ;
#7631 = ADVANCED_FACE ( 'NONE', ( #5721 ), #5589, .T. ) ;
#7632 = ADVANCED_FACE ( 'NONE', ( #8634 ), #12498, .F. ) ;
#7633 = EDGE_LOOP ( 'NONE', ( #6754, #2781, #5512, #6560 ) ) ;
#7634 = DIRECTION ( 'NONE',  ( 0.000000000000000000, 0.000000000000000000, 1.000000000000000000 ) ) ;
#7635 = ORIENTED_EDGE ( 'NONE', *, *, #3250, .T. ) ;
#7636 = VERTEX_POINT ( 'NONE', #5662 ) ;
#7637 = DIRECTION ( 'NONE',  ( 0.000000000000000000, 0.000000000000000000, -1.000000000000000000 ) ) ;
#7638 = CARTESIAN_POINT ( 'NONE',  ( 46.39939033455912920, 9.799999999999998934, -46.39939033455902262 ) ) ;
#7639 = LINE ( 'NONE', #1948, #6138 ) ;
#7640 = AXIS2_PLACEMENT_3D ( 'NONE', #7730, #3614, #1667 ) ;
#7641 = AXIS2_PLACEMENT_3D ( 'NONE', #3722, #10185, #4606 ) ;
#7642 = ORIENTED_EDGE ( 'NONE', *, *, #8214, .F. ) ;
#7643 = ORIENTED_EDGE ( 'NONE', *, *, #6739, .F. ) ;
#7644 = VECTOR ( 'NONE', #5499, 1000.000000000000000 ) ;
#7645 = CARTESIAN_POINT ( 'NONE',  ( 53.50000000000000000, 11.00000000000000000, -1.700000000000007061 ) ) ;
#7646 = PLANE ( 'NONE',  #6766 ) ;
#7647 = CYLINDRICAL_SURFACE ( 'NONE', #3552, 0.9999999999999974465 ) ;
#7648 = VECTOR ( 'NONE', #5129, 999.9999999999998863 ) ;
#7649 = AXIS2_PLACEMENT_3D ( 'NONE', #5621, #9491, #4680 ) ;
#7650 = VERTEX_POINT ( 'NONE', #725 ) ;
#7651 = CARTESIAN_POINT ( 'NONE',  ( 44.50000000000000000, 11.00000000000000000, -29.99999999999993960 ) ) ;
#7652 = EDGE_CURVE ( 'NONE', #5017, #9149, #10822, .T. ) ;
#7653 = ORIENTED_EDGE ( 'NONE', *, *, #10323, .T. ) ;
#7654 = VERTEX_POINT ( 'NONE', #6472 ) ;
#7655 = DIRECTION ( 'NONE',  ( 0.000000000000000000, 1.000000000000000000, -0.000000000000000000 ) ) ;
#7656 = DIRECTION ( 'NONE',  ( -0.000000000000000000, 1.000000000000000000, -0.000000000000000000 ) ) ;
#7657 = CARTESIAN_POINT ( 'NONE',  ( 80.00000000000007105, 9.799999999999998934, -47.19999999999989626 ) ) ;
#7658 = VERTEX_POINT ( 'NONE', #1677 ) ;
#7659 = CARTESIAN_POINT ( 'NONE',  ( 62.07220293988400073, 9.799999999999998934, -6.000084202863472882 ) ) ;
#7660 = DIRECTION ( 'NONE',  ( 0.000000000000000000, 0.000000000000000000, 1.000000000000000000 ) ) ;
#7661 = CARTESIAN_POINT ( 'NONE',  ( 0.000000000000000000, 11.00000000000000000, -3.000000000000003109 ) ) ;
#7662 = CARTESIAN_POINT ( 'NONE',  ( 58.99999999999999289, 11.00000000000000000, -19.99999999999990408 ) ) ;
#7663 = VECTOR ( 'NONE', #12005, 1000.000000000000000 ) ;
#7664 = AXIS2_PLACEMENT_3D ( 'NONE', #5770, #1153, #10835 ) ;
#7665 = DIRECTION ( 'NONE',  ( -0.000000000000000000, -1.000000000000000000, -0.000000000000000000 ) ) ;
#7666 = AXIS2_PLACEMENT_3D ( 'NONE', #5167, #9037, #8082 ) ;
#7667 = CIRCLE ( 'NONE', #2203, 2.500000000000002220 ) ;
#7668 = EDGE_CURVE ( 'NONE', #448, #2699, #4551, .T. ) ;
#7669 = CIRCLE ( 'NONE', #2616, 2.500000000000002220 ) ;
#7670 = DIRECTION ( 'NONE',  ( -0.000000000000000000, -1.000000000000000000, -0.000000000000000000 ) ) ;
#7671 = CIRCLE ( 'NONE', #2216, 0.9999999999999974465 ) ;
#7672 = EDGE_CURVE ( 'NONE', #12071, #2770, #6966, .T. ) ;
#7673 = CARTESIAN_POINT ( 'NONE',  ( 63.50000000000002842, 11.00000000000000000, -6.499999999999938716 ) ) ;
#7674 = ORIENTED_EDGE ( 'NONE', *, *, #5201, .F. ) ;
#7675 = CARTESIAN_POINT ( 'NONE',  ( 24.26776695296635467, -0.002000000000000265454, -9.087362902255671671 ) ) ;
#7676 = LINE ( 'NONE', #2984, #2444 ) ;
#7677 = VERTEX_POINT ( 'NONE', #663 ) ;
#7678 = DIRECTION ( 'NONE',  ( 0.000000000000000000, 1.000000000000000000, 0.000000000000000000 ) ) ;
#7679 = EDGE_CURVE ( 'NONE', #8848, #12355, #8182, .T. ) ;
#7680 = DIRECTION ( 'NONE',  ( 0.000000000000000000, 1.000000000000000000, 0.000000000000000000 ) ) ;
#7681 = ORIENTED_EDGE ( 'NONE', *, *, #2023, .T. ) ;
#7682 = DIRECTION ( 'NONE',  ( -0.000000000000000000, -1.000000000000000000, -0.000000000000000000 ) ) ;
#7683 = EDGE_CURVE ( 'NONE', #11009, #4880, #6351, .T. ) ;
#7684 = CARTESIAN_POINT ( 'NONE',  ( 9.363351365238019142, 1.999999999999998224, 9.363351365237997825 ) ) ;
#7685 = AXIS2_PLACEMENT_3D ( 'NONE', #3752, #9772, #10787 ) ;
#7686 = CIRCLE ( 'NONE', #12348, 0.9999999999999983347 ) ;
#7687 = VECTOR ( 'NONE', #11026, 1000.000000000000000 ) ;
#7688 = LINE ( 'NONE', #2057, #10724 ) ;
#7689 = CARTESIAN_POINT ( 'NONE',  ( 59.00000000000000711, 2.000000000000000000, -16.49999999999990408 ) ) ;
#7690 = VECTOR ( 'NONE', #1941, 1000.000000000000000 ) ;
#7691 = DIRECTION ( 'NONE',  ( 0.000000000000000000, 1.000000000000000000, 0.000000000000000000 ) ) ;
#7692 = VECTOR ( 'NONE', #847, 1000.000000000000000 ) ;
#7693 = ADVANCED_FACE ( 'NONE', ( #915 ), #6405, .T. ) ;
#7694 = VERTEX_POINT ( 'NONE', #8435 ) ;
#7695 = ORIENTED_EDGE ( 'NONE', *, *, #1148, .F. ) ;
#7696 = CARTESIAN_POINT ( 'NONE',  ( 35.49999999999999289, 11.00000000000000000, -35.49999999999996447 ) ) ;
#7697 = ORIENTED_EDGE ( 'NONE', *, *, #9420, .T. ) ;
#7698 = ORIENTED_EDGE ( 'NONE', *, *, #6109, .F. ) ;
#7699 = DIRECTION ( 'NONE',  ( -0.000000000000000000, -1.000000000000000000, -0.000000000000000000 ) ) ;
#7700 = EDGE_CURVE ( 'NONE', #11111, #11868, #1736, .T. ) ;
#7701 = CARTESIAN_POINT ( 'NONE',  ( 63.49999999999997158, 11.00000000000000000, -20.99999999999993250 ) ) ;
#7702 = VECTOR ( 'NONE', #10483, 1000.000000000000000 ) ;
#7703 = AXIS2_PLACEMENT_3D ( 'NONE', #1855, #2665, #10269 ) ;
#7704 = ORIENTED_EDGE ( 'NONE', *, *, #12433, .F. ) ;
#7705 = DIRECTION ( 'NONE',  ( 2.011680777451463154E-16, 0.000000000000000000, 1.000000000000000000 ) ) ;
#7706 = ORIENTED_EDGE ( 'NONE', *, *, #10064, .T. ) ;
#7707 = ORIENTED_EDGE ( 'NONE', *, *, #411, .T. ) ;
#7708 = DIRECTION ( 'NONE',  ( 0.000000000000000000, 0.000000000000000000, 1.000000000000000000 ) ) ;
#7709 = CARTESIAN_POINT ( 'NONE',  ( 35.49999999999999289, 11.00000000000000000, -10.99999999999996447 ) ) ;
#7710 = AXIS2_PLACEMENT_3D ( 'NONE', #9063, #9958, #5138 ) ;
#7711 = DIRECTION ( 'NONE',  ( 0.000000000000000000, 1.000000000000000000, 0.000000000000000000 ) ) ;
#7712 = ORIENTED_EDGE ( 'NONE', *, *, #3654, .T. ) ;
#7713 = ORIENTED_EDGE ( 'NONE', *, *, #719, .F. ) ;
#7714 = DIRECTION ( 'NONE',  ( 1.000000000000000000, 0.000000000000000000, 0.000000000000000000 ) ) ;
#7715 = FACE_OUTER_BOUND ( 'NONE', #10708, .T. ) ;
#7716 = EDGE_CURVE ( 'NONE', #1255, #11411, #6984, .T. ) ;
#7717 = CARTESIAN_POINT ( 'NONE',  ( 54.36984848098349232, 9.799999999999998934, -5.499999999999992895 ) ) ;
#7718 = ADVANCED_FACE ( 'NONE', ( #10349 ), #4642, .T. ) ;
#7719 = AXIS2_PLACEMENT_3D ( 'NONE', #8053, #9967, #7303 ) ;
#7720 = EDGE_LOOP ( 'NONE', ( #5695, #1289, #6670, #3903 ) ) ;
#7721 = LINE ( 'NONE', #11593, #9639 ) ;
#7722 = VECTOR ( 'NONE', #6657, 1000.000000000000000 ) ;
#7723 = ORIENTED_EDGE ( 'NONE', *, *, #3734, .T. ) ;
#7724 = ORIENTED_EDGE ( 'NONE', *, *, #9058, .T. ) ;
#7725 = CARTESIAN_POINT ( 'NONE',  ( 52.71299423149120855, 11.00000000000000000, -41.50000000000000711 ) ) ;
#7726 = CYLINDRICAL_SURFACE ( 'NONE', #177, 0.9999999999999974465 ) ;
#7727 = DIRECTION ( 'NONE',  ( 0.000000000000000000, 0.000000000000000000, 1.000000000000000000 ) ) ;
#7728 = ORIENTED_EDGE ( 'NONE', *, *, #11046, .T. ) ;
#7729 = CARTESIAN_POINT ( 'NONE',  ( 43.64903320081233318, 11.00000000000000000, -46.32132034355964123 ) ) ;
#7730 = CARTESIAN_POINT ( 'NONE',  ( 16.49999999999996447, 11.00000000000000000, -20.99999999999996447 ) ) ;
#7731 = CARTESIAN_POINT ( 'NONE',  ( 67.99999999999992895, 2.000000000000000000, -29.99999999999995737 ) ) ;
#7732 = COORDINATED_UNIVERSAL_TIME_OFFSET ( 1, 0, .AHEAD. ) ;
#7733 = ADVANCED_FACE ( 'NONE', ( #12303 ), #3631, .F. ) ;
#7734 = DIRECTION ( 'NONE',  ( 0.000000000000000000, -0.000000000000000000, 1.000000000000000000 ) ) ;
#7735 = DIRECTION ( 'NONE',  ( 0.000000000000000000, 0.000000000000000000, -1.000000000000000000 ) ) ;
#7736 = ORIENTED_EDGE ( 'NONE', *, *, #1404, .F. ) ;
#7737 = DIRECTION ( 'NONE',  ( 0.000000000000000000, 0.000000000000000000, -1.000000000000000000 ) ) ;
#7738 = EDGE_CURVE ( 'NONE', #8570, #452, #8509, .T. ) ;
#7739 = DIRECTION ( 'NONE',  ( 0.000000000000000000, 1.000000000000000000, 0.000000000000000000 ) ) ;
#7740 = VERTEX_POINT ( 'NONE', #7551 ) ;
#7741 = VECTOR ( 'NONE', #8617, 1000.000000000000000 ) ;
#7742 = LINE ( 'NONE', #1044, #1978 ) ;
#7743 = CARTESIAN_POINT ( 'NONE',  ( 51.26776695296635467, 2.000000000000000000, -9.087362902255675223 ) ) ;
#7744 = PLANE ( 'NONE',  #8591 ) ;
#7745 = DIRECTION ( 'NONE',  ( 0.000000000000000000, 1.000000000000000000, 0.000000000000000000 ) ) ;
#7746 = ADVANCED_FACE ( 'NONE', ( #11425 ), #12432, .T. ) ;
#7747 = AXIS2_PLACEMENT_3D ( 'NONE', #4869, #8730, #58 ) ;
#7748 = ADVANCED_FACE ( 'NONE', ( #279 ), #5846, .T. ) ;
#7749 = CARTESIAN_POINT ( 'NONE',  ( 31.50000000000000711, 11.00000000000000000, -17.49999999999997158 ) ) ;
#7750 = DIRECTION ( 'NONE',  ( 0.000000000000000000, 0.000000000000000000, 1.000000000000000000 ) ) ;
#7751 = CARTESIAN_POINT ( 'NONE',  ( 27.36984848098348522, 9.799999999999998934, -5.499999999999992895 ) ) ;
#7752 = EDGE_CURVE ( 'NONE', #2909, #3612, #1351, .T. ) ;
#7753 = VERTEX_POINT ( 'NONE', #89 ) ;
#7754 = DIRECTION ( 'NONE',  ( 0.000000000000000000, -1.000000000000000000, 0.000000000000000000 ) ) ;
#7755 = ORIENTED_EDGE ( 'NONE', *, *, #462, .T. ) ;
#7756 = ORIENTED_EDGE ( 'NONE', *, *, #7828, .T. ) ;
#7757 = DIRECTION ( 'NONE',  ( 0.000000000000000000, 0.000000000000000000, 1.000000000000000000 ) ) ;
#7758 = ORIENTED_EDGE ( 'NONE', *, *, #5902, .F. ) ;
#7759 = EDGE_LOOP ( 'NONE', ( #5819, #6892, #7510, #8917 ) ) ;
#7760 = DIRECTION ( 'NONE',  ( 0.000000000000000000, 1.000000000000000000, -0.000000000000000000 ) ) ;
#7761 = FACE_OUTER_BOUND ( 'NONE', #1775, .T. ) ;
#7762 = CIRCLE ( 'NONE', #3923, 2.800000000000002043 ) ;
#7763 = AXIS2_PLACEMENT_3D ( 'NONE', #6423, #4541, #10304 ) ;
#7764 = EDGE_CURVE ( 'NONE', #7985, #2553, #10040, .T. ) ;
#7765 = ORIENTED_EDGE ( 'NONE', *, *, #2480, .T. ) ;
#7766 = DIRECTION ( 'NONE',  ( 4.818676322157797621E-17, 0.000000000000000000, 1.000000000000000000 ) ) ;
#7767 = EDGE_LOOP ( 'NONE', ( #9926, #9633, #8636, #7897 ) ) ;
#7768 = EDGE_LOOP ( 'NONE', ( #2181, #5934, #4926, #6734 ) ) ;
#7769 = CARTESIAN_POINT ( 'NONE',  ( 50.65025253169416430, 9.799999999999998934, -7.479898987322322945 ) ) ;
#7770 = DIRECTION ( 'NONE',  ( 0.000000000000000000, 1.000000000000000000, 0.000000000000000000 ) ) ;
#7771 = CARTESIAN_POINT ( 'NONE',  ( 36.35096679918766682, 11.00000000000000000, -46.32132034355964123 ) ) ;
#7772 = VERTEX_POINT ( 'NONE', #3057 ) ;
#7773 = ORIENTED_EDGE ( 'NONE', *, *, #10212, .T. ) ;
#7774 = DIRECTION ( 'NONE',  ( 0.000000000000000000, -0.000000000000000000, 1.000000000000000000 ) ) ;
#7775 = DIRECTION ( 'NONE',  ( -0.000000000000000000, -1.000000000000000000, -0.000000000000000000 ) ) ;
#7776 = DIRECTION ( 'NONE',  ( -0.000000000000000000, -1.000000000000000000, -0.000000000000000000 ) ) ;
#7777 = EDGE_CURVE ( 'NONE', #1558, #1339, #1572, .T. ) ;
#7778 = ORIENTED_EDGE ( 'NONE', *, *, #2963, .F. ) ;
#7779 = FACE_OUTER_BOUND ( 'NONE', #6690, .T. ) ;
#7780 = AXIS2_PLACEMENT_3D ( 'NONE', #11924, #10152, #7038 ) ;
#7781 = ORIENTED_EDGE ( 'NONE', *, *, #2943, .F. ) ;
#7782 = ORIENTED_EDGE ( 'NONE', *, *, #6083, .T. ) ;
#7783 = AXIS2_PLACEMENT_3D ( 'NONE', #8246, #7111, #11996 ) ;
#7784 = FACE_OUTER_BOUND ( 'NONE', #6415, .T. ) ;
#7785 = FACE_OUTER_BOUND ( 'NONE', #2765, .T. ) ;
#7786 = DIRECTION ( 'NONE',  ( 0.000000000000000000, 0.000000000000000000, 1.000000000000000000 ) ) ;
#7787 = ORIENTED_EDGE ( 'NONE', *, *, #10783, .F. ) ;
#7788 = FACE_OUTER_BOUND ( 'NONE', #7981, .T. ) ;
#7789 = CARTESIAN_POINT ( 'NONE',  ( 40.00000000000000000, 11.00000000000000000, -8.749999999999955591 ) ) ;
#7790 = FACE_OUTER_BOUND ( 'NONE', #3456, .T. ) ;
#7791 = APPROVAL_ROLE ( '' ) ;
#7792 = EDGE_CURVE ( 'NONE', #4938, #9044, #1233, .T. ) ;
#7793 = FACE_BOUND ( 'NONE', #895, .T. ) ;
#7794 = CARTESIAN_POINT ( 'NONE',  ( 50.65025253169416430, 9.799999999999998934, -7.479898987322322945 ) ) ;
#7795 = VERTEX_POINT ( 'NONE', #4835 ) ;
#7796 = CYLINDRICAL_SURFACE ( 'NONE', #8364, 0.9999999999999974465 ) ;
#7797 = CARTESIAN_POINT ( 'NONE',  ( 31.50000000000000711, 11.00000000000000000, -10.99999999999997513 ) ) ;
#7798 = DIRECTION ( 'NONE',  ( 0.000000000000000000, 0.000000000000000000, -1.000000000000000000 ) ) ;
#7799 = ORIENTED_EDGE ( 'NONE', *, *, #7283, .F. ) ;
#7800 = DIRECTION ( 'NONE',  ( 0.000000000000000000, 0.000000000000000000, 1.000000000000000000 ) ) ;
#7801 = LINE ( 'NONE', #5088, #8913 ) ;
#7802 = DIRECTION ( 'NONE',  ( 0.000000000000000000, -0.000000000000000000, 1.000000000000000000 ) ) ;
#7803 = CARTESIAN_POINT ( 'NONE',  ( 20.99999999999990052, 11.00000000000000000, -34.49999999999998579 ) ) ;
#7804 = AXIS2_PLACEMENT_3D ( 'NONE', #5947, #1843, #8673 ) ;
#7805 = DIRECTION ( 'NONE',  ( 0.000000000000000000, 0.000000000000000000, 1.000000000000000000 ) ) ;
#7806 = DIRECTION ( 'NONE',  ( -0.000000000000000000, 1.000000000000000000, -0.000000000000000000 ) ) ;
#7807 = FACE_OUTER_BOUND ( 'NONE', #6000, .T. ) ;
#7808 = EDGE_LOOP ( 'NONE', ( #2862, #4503, #1845, #8537 ) ) ;
#7809 = AXIS2_PLACEMENT_3D ( 'NONE', #3557, #10345, #1673 ) ;
#7810 = DIRECTION ( 'NONE',  ( 0.000000000000000000, -1.000000000000000000, 0.000000000000000000 ) ) ;
#7811 = ADVANCED_FACE ( 'NONE', ( #222 ), #3119, .T. ) ;
#7812 = ORIENTED_EDGE ( 'NONE', *, *, #12405, .T. ) ;
#7813 = CARTESIAN_POINT ( 'NONE',  ( 54.00000000000000000, 11.00000000000000000, -31.14999999999999858 ) ) ;
#7814 = DIRECTION ( 'NONE',  ( 0.000000000000000000, -0.000000000000000000, 1.000000000000000000 ) ) ;
#7815 = AXIS2_PLACEMENT_3D ( 'NONE', #2739, #5529, #4707 ) ;
#7816 = ORIENTED_EDGE ( 'NONE', *, *, #9308, .T. ) ;
#7817 = LINE ( 'NONE', #168, #10325 ) ;
#7818 = AXIS2_PLACEMENT_3D ( 'NONE', #2352, #8243, #468 ) ;
#7819 = ORIENTED_EDGE ( 'NONE', *, *, #2542, .T. ) ;
#7820 = LINE ( 'NONE', #3008, #698 ) ;
#7821 = EDGE_CURVE ( 'NONE', #7296, #6364, #7837, .T. ) ;
#7822 = EDGE_CURVE ( 'NONE', #514, #645, #3828, .T. ) ;
#7823 = DIRECTION ( 'NONE',  ( 0.000000000000000000, 0.000000000000000000, 1.000000000000000000 ) ) ;
#7824 = EDGE_CURVE ( 'NONE', #12193, #7563, #5229, .T. ) ;
#7825 = AXIS2_PLACEMENT_3D ( 'NONE', #11373, #12250, #3567 ) ;
#7826 = VERTEX_POINT ( 'NONE', #10599 ) ;
#7827 = CARTESIAN_POINT ( 'NONE',  ( 0.000000000000000000, 11.00000000000000000, 3.100000000000000089 ) ) ;
#7828 = EDGE_CURVE ( 'NONE', #4849, #3868, #11510, .T. ) ;
#7829 = ORIENTED_EDGE ( 'NONE', *, *, #3769, .T. ) ;
#7830 = ORIENTED_EDGE ( 'NONE', *, *, #2040, .F. ) ;
#7831 = DIRECTION ( 'NONE',  ( 0.000000000000000000, 0.000000000000000000, -1.000000000000000000 ) ) ;
#7832 = PLANE ( 'NONE',  #11507 ) ;
#7833 = DIRECTION ( 'NONE',  ( -0.000000000000000000, -1.000000000000000000, -0.000000000000000000 ) ) ;
#7834 = VERTEX_POINT ( 'NONE', #1105 ) ;
#7835 = ORIENTED_EDGE ( 'NONE', *, *, #4044, .F. ) ;
#7836 = PLANE ( 'NONE',  #9796 ) ;
#7837 = CIRCLE ( 'NONE', #2988, 0.9999999999999974465 ) ;
#7838 = ADVANCED_FACE ( 'NONE', ( #2105 ), #4009, .T. ) ;
#7839 = DIRECTION ( 'NONE',  ( 0.000000000000000000, 0.000000000000000000, 1.000000000000000000 ) ) ;
#7840 = AXIS2_PLACEMENT_3D ( 'NONE', #11307, #6480, #5534 ) ;
#7841 = EDGE_CURVE ( 'NONE', #3278, #6269, #7742, .T. ) ;
#7842 = ORIENTED_EDGE ( 'NONE', *, *, #12423, .F. ) ;
#7843 = CARTESIAN_POINT ( 'NONE',  ( 20.99999999999991473, 2.000000000000000000, -29.99999999999998934 ) ) ;
#7844 = VECTOR ( 'NONE', #12168, 1000.000000000000000 ) ;
#7845 = CIRCLE ( 'NONE', #6841, 1.000000000000000888 ) ;
#7846 = ORIENTED_EDGE ( 'NONE', *, *, #7483, .T. ) ;
#7847 = EDGE_LOOP ( 'NONE', ( #7100, #7758, #100, #5565 ) ) ;
#7848 = DIRECTION ( 'NONE',  ( 0.000000000000000000, 0.000000000000000000, -1.000000000000000000 ) ) ;
#7849 = CARTESIAN_POINT ( 'NONE',  ( 7.500000000000041744, 2.000000000000000000, -7.499999999999904965 ) ) ;
#7850 = CARTESIAN_POINT ( 'NONE',  ( 62.07341918567285433, 10.19999999999999929, -3.000084449405786557 ) ) ;
#7851 = ORIENTED_EDGE ( 'NONE', *, *, #2106, .F. ) ;
#7852 = CARTESIAN_POINT ( 'NONE',  ( 35.49999999999999289, 11.00000000000000000, -37.99999999999996447 ) ) ;
#7853 = FACE_BOUND ( 'NONE', #3258, .T. ) ;
#7854 = DIRECTION ( 'NONE',  ( 0.000000000000000000, 1.000000000000000000, 0.000000000000000000 ) ) ;
#7855 = CYLINDRICAL_SURFACE ( 'NONE', #3817, 3.000000000000002665 ) ;
#7856 = APPROVAL_DATE_TIME ( #5958, #10537 ) ;
#7857 = EDGE_CURVE ( 'NONE', #7424, #1699, #4197, .T. ) ;
#7858 = AXIS2_PLACEMENT_3D ( 'NONE', #8103, #8159, #5252 ) ;
#7859 = AXIS2_PLACEMENT_3D ( 'NONE', #1701, #5555, #1765 ) ;
#7860 = VECTOR ( 'NONE', #8154, 1000.000000000000000 ) ;
#7861 = CARTESIAN_POINT ( 'NONE',  ( 11.99999999999993427, 11.00000000000000000, -34.49999999999992895 ) ) ;
#7862 = DIRECTION ( 'NONE',  ( 0.000000000000000000, -0.000000000000000000, 1.000000000000000000 ) ) ;
#7863 = ORIENTED_EDGE ( 'NONE', *, *, #3135, .T. ) ;
#7864 = PLANE ( 'NONE',  #5590 ) ;
#7865 = CIRCLE ( 'NONE', #6857, 2.800000000000002931 ) ;
#7866 = CYLINDRICAL_SURFACE ( 'NONE', #3463, 0.9999999999999974465 ) ;
#7867 = AXIS2_PLACEMENT_3D ( 'NONE', #6552, #3649, #3389 ) ;
#7868 = AXIS2_PLACEMENT_3D ( 'NONE', #6941, #1071, #6813 ) ;
#7869 = CARTESIAN_POINT ( 'NONE',  ( 26.54142135623730780, 11.00000000000000000, -3.499999999999993339 ) ) ;
#7870 = DIRECTION ( 'NONE',  ( 0.000000000000000000, 0.000000000000000000, 1.000000000000000000 ) ) ;
#7871 = CARTESIAN_POINT ( 'NONE',  ( 35.49999999999999289, 11.00000000000000000, -7.499999999999963585 ) ) ;
#7872 = CARTESIAN_POINT ( 'NONE',  ( 17.09999999999999432, 5.000000000000000000, -4.000000000000001776 ) ) ;
#7873 = ADVANCED_FACE ( 'NONE', ( #8889 ), #11679, .T. ) ;
#7874 = CIRCLE ( 'NONE', #203, 0.9999999999999974465 ) ;
#7875 = DIRECTION ( 'NONE',  ( -0.000000000000000000, -1.000000000000000000, -0.000000000000000000 ) ) ;
#7876 = ADVANCED_FACE ( 'NONE', ( #6786 ), #8760, .F. ) ;
#7877 = CIRCLE ( 'NONE', #9498, 0.9999999999999974465 ) ;
#7878 = AXIS2_PLACEMENT_3D ( 'NONE', #10394, #11472, #10454 ) ;
#7879 = CIRCLE ( 'NONE', #2406, 0.9999999999999974465 ) ;
#7880 = AXIS2_PLACEMENT_3D ( 'NONE', #646, #4500, #3678 ) ;
#7881 = CARTESIAN_POINT ( 'NONE',  ( 11.99999999999993427, 11.00000000000000000, -35.49999999999992895 ) ) ;
#7882 = DIRECTION ( 'NONE',  ( 0.000000000000000000, 0.000000000000000000, 1.000000000000000000 ) ) ;
#7883 = ORIENTED_EDGE ( 'NONE', *, *, #3808, .T. ) ;
#7884 = CARTESIAN_POINT ( 'NONE',  ( 36.49999999999999289, 11.00000000000000000, -41.23776336359135541 ) ) ;
#7885 = DIRECTION ( 'NONE',  ( 0.000000000000000000, 1.000000000000000000, 0.000000000000000000 ) ) ;
#7886 = ORIENTED_EDGE ( 'NONE', *, *, #3068, .F. ) ;
#7887 = CARTESIAN_POINT ( 'NONE',  ( 49.48185900165483275, 6.499999999999999112, -38.81038749811947497 ) ) ;
#7888 = AXIS2_PLACEMENT_3D ( 'NONE', #11155, #2213, #4360 ) ;
#7889 = ORIENTED_EDGE ( 'NONE', *, *, #10548, .T. ) ;
#7890 = ORIENTED_EDGE ( 'NONE', *, *, #2326, .T. ) ;
#7891 = PLANE ( 'NONE',  #11619 ) ;
#7892 = DIRECTION ( 'NONE',  ( 0.000000000000000000, 1.000000000000000000, -0.000000000000000000 ) ) ;
#7893 = ADVANCED_FACE ( 'NONE', ( #6852 ), #5022, .T. ) ;
#7894 = AXIS2_PLACEMENT_3D ( 'NONE', #11427, #4770, #6723 ) ;
#7895 = EDGE_LOOP ( 'NONE', ( #121, #1768 ) ) ;
#7896 = DIRECTION ( 'NONE',  ( 0.000000000000000000, 1.000000000000000000, 0.000000000000000000 ) ) ;
#7897 = ORIENTED_EDGE ( 'NONE', *, *, #8465, .F. ) ;
#7898 = ORIENTED_EDGE ( 'NONE', *, *, #3888, .T. ) ;
#7899 = CARTESIAN_POINT ( 'NONE',  ( 58.99999999999994316, 11.00000000000000000, -34.49999999999989342 ) ) ;
#7900 = LINE ( 'NONE', #11520, #2198 ) ;
#7901 = ADVANCED_FACE ( 'NONE', ( #6699 ), #9751, .F. ) ;
#7902 = VERTEX_POINT ( 'NONE', #3919 ) ;
#7903 = ORIENTED_EDGE ( 'NONE', *, *, #6547, .T. ) ;
#7904 = DIRECTION ( 'NONE',  ( 0.000000000000000000, 0.000000000000000000, 1.000000000000000000 ) ) ;
#7905 = CIRCLE ( 'NONE', #5477, 0.9999999999999940048 ) ;
#7906 = DIRECTION ( 'NONE',  ( 0.000000000000000000, 0.000000000000000000, 1.000000000000000000 ) ) ;
#7907 = CIRCLE ( 'NONE', #5272, 0.9999999999999974465 ) ;
#7908 = EDGE_CURVE ( 'NONE', #932, #6007, #9809, .T. ) ;
#7909 = ORIENTED_EDGE ( 'NONE', *, *, #2393, .T. ) ;
#7910 = EDGE_CURVE ( 'NONE', #9734, #7795, #1138, .T. ) ;
#7911 = CIRCLE ( 'NONE', #8532, 0.9999999999999974465 ) ;
#7912 = DIRECTION ( 'NONE',  ( 0.000000000000000000, 0.000000000000000000, -1.000000000000000000 ) ) ;
#7913 = VERTEX_POINT ( 'NONE', #7645 ) ;
#7914 = EDGE_LOOP ( 'NONE', ( #4846, #10403 ) ) ;
#7915 = PLANE ( 'NONE',  #5209 ) ;
#7916 = DIRECTION ( 'NONE',  ( 0.000000000000000000, 0.000000000000000000, -1.000000000000000000 ) ) ;
#7917 = EDGE_CURVE ( 'NONE', #1339, #5266, #7630, .T. ) ;
#7918 = CARTESIAN_POINT ( 'NONE',  ( 58.41482322781407532, 11.00000000000000000, 21.58517677218592468 ) ) ;
#7919 = ORIENTED_EDGE ( 'NONE', *, *, #1643, .F. ) ;
#7920 = FACE_OUTER_BOUND ( 'NONE', #12523, .T. ) ;
#7921 = DIRECTION ( 'NONE',  ( 0.000000000000000000, 0.000000000000000000, -1.000000000000000000 ) ) ;
#7922 = DIRECTION ( 'NONE',  ( 0.000000000000000000, 1.000000000000000000, 0.000000000000000000 ) ) ;
#7923 = DIRECTION ( 'NONE',  ( 0.000000000000000000, 1.000000000000000000, 0.000000000000000000 ) ) ;
#7924 = AXIS2_PLACEMENT_3D ( 'NONE', #12426, #3687, #3751 ) ;
#7925 = DIRECTION ( 'NONE',  ( -0.7071067811865513475, 0.000000000000000000, 0.7071067811865435759 ) ) ;
#7926 = DIRECTION ( 'NONE',  ( 0.000000000000000000, 0.000000000000000000, 1.000000000000000000 ) ) ;
#7927 = ORIENTED_EDGE ( 'NONE', *, *, #10240, .F. ) ;
#7928 = CARTESIAN_POINT ( 'NONE',  ( 52.00000000000000000, 11.00000000000000000, -32.14999999999999858 ) ) ;
#7929 = ADVANCED_FACE ( 'NONE', ( #4933 ), #10697, .T. ) ;
#7930 = CARTESIAN_POINT ( 'NONE',  ( 59.00000000000001421, 11.00000000000000000, -11.99999999999990230 ) ) ;
#7931 = FACE_OUTER_BOUND ( 'NONE', #594, .T. ) ;
#7932 = ORIENTED_EDGE ( 'NONE', *, *, #8690, .T. ) ;
#7933 = CARTESIAN_POINT ( 'NONE',  ( 27.00000000000000355, 11.00000000000000000, -31.14999999999999858 ) ) ;
#7934 = DIRECTION ( 'NONE',  ( 0.000000000000000000, 1.000000000000000000, 0.000000000000000000 ) ) ;
#7935 = DIRECTION ( 'NONE',  ( 0.000000000000000000, 1.000000000000000000, 0.000000000000000000 ) ) ;
#7936 = CARTESIAN_POINT ( 'NONE',  ( 31.50000000000000711, 11.00000000000000000, -33.49999999999996447 ) ) ;
#7937 = ORIENTED_EDGE ( 'NONE', *, *, #874, .F. ) ;
#7938 = CYLINDRICAL_SURFACE ( 'NONE', #7275, 0.9999999999999974465 ) ;
#7939 = ADVANCED_FACE ( 'NONE', ( #2959 ), #8793, .F. ) ;
#7940 = EDGE_CURVE ( 'NONE', #10251, #10360, #2550, .T. ) ;
#7941 = DIRECTION ( 'NONE',  ( 0.000000000000000000, 0.000000000000000000, 1.000000000000000000 ) ) ;
#7942 = ORIENTED_EDGE ( 'NONE', *, *, #9996, .F. ) ;
#7943 = CARTESIAN_POINT ( 'NONE',  ( 38.99999999999999289, 2.000000000000000000, -41.23776336359135541 ) ) ;
#7944 = VERTEX_POINT ( 'NONE', #5478 ) ;
#7945 = ORIENTED_EDGE ( 'NONE', *, *, #921, .F. ) ;
#7946 = DIRECTION ( 'NONE',  ( -0.000000000000000000, -1.000000000000000000, -0.000000000000000000 ) ) ;
#7947 = DIRECTION ( 'NONE',  ( 0.000000000000000000, 1.000000000000000000, -0.000000000000000000 ) ) ;
#7948 = CIRCLE ( 'NONE', #2275, 0.9999999999999974465 ) ;
#7949 = ADVANCED_FACE ( 'NONE', ( #9347 ), #672, .T. ) ;
#7950 = ORIENTED_EDGE ( 'NONE', *, *, #6117, .T. ) ;
#7951 = DIRECTION ( 'NONE',  ( 0.000000000000000000, 0.000000000000000000, 1.000000000000000000 ) ) ;
#7952 = VERTEX_POINT ( 'NONE', #3571 ) ;
#7953 = ORIENTED_EDGE ( 'NONE', *, *, #16, .T. ) ;
#7954 = CYLINDRICAL_SURFACE ( 'NONE', #11506, 3.000000000000023537 ) ;
#7955 = CARTESIAN_POINT ( 'NONE',  ( 61.86511866750601030, 9.799999999999998934, -1.000000000000005551 ) ) ;
#7956 = AXIS2_PLACEMENT_3D ( 'NONE', #5938, #7833, #6882 ) ;
#7957 = VERTEX_POINT ( 'NONE', #7435 ) ;
#7958 = ORIENTED_EDGE ( 'NONE', *, *, #5630, .F. ) ;
#7959 = LINE ( 'NONE', #2199, #295 ) ;
#7960 = CARTESIAN_POINT ( 'NONE',  ( 63.49999999999994316, 2.000000000000000000, -28.99999999999992895 ) ) ;
#7961 = EDGE_CURVE ( 'NONE', #5779, #9221, #9277, .T. ) ;
#7962 = AXIS2_PLACEMENT_3D ( 'NONE', #8604, #2898, #4996 ) ;
#7963 = VERTEX_POINT ( 'NONE', #5791 ) ;
#7964 = CARTESIAN_POINT ( 'NONE',  ( 48.49999999999999289, 11.00000000000000000, -26.49999999999992539 ) ) ;
#7965 = ORIENTED_EDGE ( 'NONE', *, *, #1511, .F. ) ;
#7966 = ORIENTED_EDGE ( 'NONE', *, *, #3636, .T. ) ;
#7967 = DIRECTION ( 'NONE',  ( 0.000000000000000000, 0.000000000000000000, 1.000000000000000000 ) ) ;
#7968 = CARTESIAN_POINT ( 'NONE',  ( 59.95088259632437655, 9.799999999999998934, -3.878763859303826500 ) ) ;
#7969 = DIRECTION ( 'NONE',  ( 0.000000000000000000, 1.000000000000000000, 0.000000000000000000 ) ) ;
#7970 = EDGE_LOOP ( 'NONE', ( #5412, #828 ) ) ;
#7971 = EDGE_CURVE ( 'NONE', #8079, #8276, #6730, .T. ) ;
#7972 = PLANE ( 'NONE',  #10719 ) ;
#7973 = FACE_BOUND ( 'NONE', #4026, .T. ) ;
#7974 = DIRECTION ( 'NONE',  ( 0.000000000000000000, 1.000000000000000000, 0.000000000000000000 ) ) ;
#7975 = EDGE_CURVE ( 'NONE', #953, #11148, #3615, .T. ) ;
#7976 = EDGE_CURVE ( 'NONE', #1176, #11980, #96, .T. ) ;
#7977 = ADVANCED_FACE ( 'NONE', ( #11565 ), #9786, .T. ) ;
#7978 = CIRCLE ( 'NONE', #11020, 1.000000000000000888 ) ;
#7979 = DIRECTION ( 'NONE',  ( 0.000000000000000000, 0.000000000000000000, 1.000000000000000000 ) ) ;
#7980 = CARTESIAN_POINT ( 'NONE',  ( 35.49999999999999289, 11.00000000000000000, -34.49999999999996447 ) ) ;
#7981 = EDGE_LOOP ( 'NONE', ( #11870, #8985, #6717, #7270 ) ) ;
#7982 = LINE ( 'NONE', #6718, #3980 ) ;
#7983 = CYLINDRICAL_SURFACE ( 'NONE', #11364, 2.500000000000002220 ) ;
#7984 = CARTESIAN_POINT ( 'NONE',  ( 76.00000000000000000, 2.000000000000000000, 0.000000000000000000 ) ) ;
#7985 = VERTEX_POINT ( 'NONE', #980 ) ;
#7986 = DIRECTION ( 'NONE',  ( 0.000000000000000000, 0.000000000000000000, 1.000000000000000000 ) ) ;
#7987 = CARTESIAN_POINT ( 'NONE',  ( 28.00000000000000355, 11.00000000000000000, -10.85512985522205831 ) ) ;
#7988 = CARTESIAN_POINT ( 'NONE',  ( 35.49999999999999289, 11.00000000000000000, -10.99999999999996447 ) ) ;
#7989 = CIRCLE ( 'NONE', #1127, 0.9999999999999974465 ) ;
#7990 = EDGE_CURVE ( 'NONE', #6364, #7296, #9497, .T. ) ;
#7991 = DIRECTION ( 'NONE',  ( 0.000000000000000000, 1.000000000000000000, 0.000000000000000000 ) ) ;
#7992 = AXIS2_PLACEMENT_3D ( 'NONE', #6634, #9624, #4510 ) ;
#7993 = LINE ( 'NONE', #5093, #7062 ) ;
#7994 = ORIENTED_EDGE ( 'NONE', *, *, #8706, .F. ) ;
#7995 = CARTESIAN_POINT ( 'NONE',  ( 55.00000000000000000, 11.00000000000000000, -32.14999999999999858 ) ) ;
#7996 = DIRECTION ( 'NONE',  ( 0.000000000000000000, 1.000000000000000000, 0.000000000000000000 ) ) ;
#7997 = VERTEX_POINT ( 'NONE', #2929 ) ;
#7998 = DIRECTION ( 'NONE',  ( -0.000000000000000000, -1.000000000000000000, -0.000000000000000000 ) ) ;
#7999 = ORIENTED_EDGE ( 'NONE', *, *, #8680, .F. ) ;
#8000 = ORIENTED_EDGE ( 'NONE', *, *, #4044, .T. ) ;
#8001 = CYLINDRICAL_SURFACE ( 'NONE', #9814, 1.000000000000000888 ) ;
#8002 = CARTESIAN_POINT ( 'NONE',  ( 63.49999999999994316, 11.00000000000000000, -29.99999999999992539 ) ) ;
#8003 = CIRCLE ( 'NONE', #3778, 2.799999999999997158 ) ;
#8004 = ADVANCED_FACE ( 'NONE', ( #3064 ), #283, .T. ) ;
#8005 = DIRECTION ( 'NONE',  ( -0.000000000000000000, -1.000000000000000000, -0.000000000000000000 ) ) ;
#8006 = ORIENTED_EDGE ( 'NONE', *, *, #2886, .F. ) ;
#8007 = FACE_OUTER_BOUND ( 'NONE', #11154, .T. ) ;
#8008 = AXIS2_PLACEMENT_3D ( 'NONE', #9168, #10180, #4479 ) ;
#8009 = ORIENTED_EDGE ( 'NONE', *, *, #3089, .T. ) ;
#8010 = ORIENTED_EDGE ( 'NONE', *, *, #12366, .T. ) ;
#8011 = DIRECTION ( 'NONE',  ( 0.000000000000000000, 0.000000000000000000, 1.000000000000000000 ) ) ;
#8012 = CARTESIAN_POINT ( 'NONE',  ( 33.08736290225574095, -0.002000000000000265454, -4.732233047033621354 ) ) ;
#8013 = ORIENTED_EDGE ( 'NONE', *, *, #11553, .F. ) ;
#8014 = ORIENTED_EDGE ( 'NONE', *, *, #2841, .T. ) ;
#8015 = CYLINDRICAL_SURFACE ( 'NONE', #8605, 0.9999999999999974465 ) ;
#8016 = DIRECTION ( 'NONE',  ( -0.000000000000000000, -1.000000000000000000, -0.000000000000000000 ) ) ;
#8017 = EDGE_CURVE ( 'NONE', #11378, #5948, #10665, .T. ) ;
#8018 = EDGE_CURVE ( 'NONE', #4546, #5362, #12157, .T. ) ;
#8019 = AXIS2_PLACEMENT_3D ( 'NONE', #4764, #1733, #4639 ) ;
#8020 = AXIS2_PLACEMENT_3D ( 'NONE', #9857, #6872, #994 ) ;
#8021 = ORIENTED_EDGE ( 'NONE', *, *, #8922, .T. ) ;
#8022 = VERTEX_POINT ( 'NONE', #4970 ) ;
#8023 = ORIENTED_EDGE ( 'NONE', *, *, #5014, .F. ) ;
#8024 = DIRECTION ( 'NONE',  ( 0.000000000000000000, 0.000000000000000000, 1.000000000000000000 ) ) ;
#8025 = DIRECTION ( 'NONE',  ( 0.000000000000000000, 1.000000000000000000, 0.000000000000000000 ) ) ;
#8026 = AXIS2_PLACEMENT_3D ( 'NONE', #9780, #9715, #4077 ) ;
#8027 = CARTESIAN_POINT ( 'NONE',  ( 7.500000000000007105, 2.000000000000000000, -15.49999999999990585 ) ) ;
#8028 = EDGE_LOOP ( 'NONE', ( #10860, #3720, #12281, #9082 ) ) ;
#8029 = AXIS2_PLACEMENT_3D ( 'NONE', #7803, #4773, #10662 ) ;
#8030 = DIRECTION ( 'NONE',  ( 0.000000000000000000, 0.000000000000000000, 1.000000000000000000 ) ) ;
#8031 = CARTESIAN_POINT ( 'NONE',  ( 4.000000000000000888, 11.00000000000000000, -43.50000000000000000 ) ) ;
#8032 = DIRECTION ( 'NONE',  ( 0.000000000000000000, 1.000000000000000000, 0.000000000000000000 ) ) ;
#8033 = ADVANCED_FACE ( 'NONE', ( #3893 ), #10854, .T. ) ;
#8034 = CARTESIAN_POINT ( 'NONE',  ( 62.07220293988400073, 11.00000000000000000, -6.000084202863472882 ) ) ;
#8035 = CARTESIAN_POINT ( 'NONE',  ( 77.00000000000000000, 9.799999999999998934, -5.200000000000043698 ) ) ;
#8036 = ORIENTED_EDGE ( 'NONE', *, *, #9384, .F. ) ;
#8037 = VERTEX_POINT ( 'NONE', #2112 ) ;
#8038 = CARTESIAN_POINT ( 'NONE',  ( 45.75613998199875709, 9.799999999999998934, -1.000000000000002665 ) ) ;
#8039 = CARTESIAN_POINT ( 'NONE',  ( 0.000000000000000000, 11.00000000000000000, -8.299999999999991829 ) ) ;
#8040 = DIRECTION ( 'NONE',  ( 0.000000000000000000, 0.000000000000000000, 1.000000000000000000 ) ) ;
#8041 = CARTESIAN_POINT ( 'NONE',  ( 26.50000000000000000, 11.00000000000000000, -3.400000000000000355 ) ) ;
#8042 = VERTEX_POINT ( 'NONE', #7881 ) ;
#8043 = EDGE_CURVE ( 'NONE', #2639, #4084, #8305, .T. ) ;
#8044 = CARTESIAN_POINT ( 'NONE',  ( 72.50000000000000000, 11.00000000000000000, -6.500000000000001776 ) ) ;
#8045 = CIRCLE ( 'NONE', #11699, 0.9999999999999974465 ) ;
#8046 = CIRCLE ( 'NONE', #2792, 0.9999999999999974465 ) ;
#8047 = LINE ( 'NONE', #9136, #10747 ) ;
#8048 = DIRECTION ( 'NONE',  ( -0.000000000000000000, -1.000000000000000000, -0.000000000000000000 ) ) ;
#8049 = AXIS2_PLACEMENT_3D ( 'NONE', #7849, #11724, #6898 ) ;
#8050 = EDGE_CURVE ( 'NONE', #7188, #8138, #5483, .T. ) ;
#8051 = VECTOR ( 'NONE', #5916, 1000.000000000000000 ) ;
#8052 = CIRCLE ( 'NONE', #8460, 0.9999999999999974465 ) ;
#8053 = CARTESIAN_POINT ( 'NONE',  ( 63.50000000000000000, 2.000000000000000000, -11.99999999999993427 ) ) ;
#8054 = AXIS2_PLACEMENT_3D ( 'NONE', #6488, #6303, #8454 ) ;
#8055 = CIRCLE ( 'NONE', #5427, 1.000000000000000888 ) ;
#8056 = CARTESIAN_POINT ( 'NONE',  ( 55.00000000000000000, 11.00000000000000000, -10.85512985522207607 ) ) ;
#8057 = VERTEX_POINT ( 'NONE', #4016 ) ;
#8058 = CARTESIAN_POINT ( 'NONE',  ( -1.927470528863119049E-16, 2.000000000000000000, -4.000000000000000000 ) ) ;
#8059 = ADVANCED_FACE ( 'NONE', ( #9844 ), #1171, .T. ) ;
#8060 = LINE ( 'NONE', #9205, #2432 ) ;
#8061 = ORIENTED_EDGE ( 'NONE', *, *, #11995, .F. ) ;
#8062 = DIRECTION ( 'NONE',  ( 0.000000000000000000, 1.000000000000000000, 0.000000000000000000 ) ) ;
#8063 = EDGE_CURVE ( 'NONE', #6234, #676, #9123, .T. ) ;
#8064 = DIRECTION ( 'NONE',  ( 0.000000000000000000, 0.000000000000000000, -1.000000000000000000 ) ) ;
#8065 = ORIENTED_EDGE ( 'NONE', *, *, #10933, .F. ) ;
#8066 = DIRECTION ( 'NONE',  ( 0.000000000000000000, 0.000000000000000000, 1.000000000000000000 ) ) ;
#8067 = ORIENTED_EDGE ( 'NONE', *, *, #11264, .F. ) ;
#8068 = CARTESIAN_POINT ( 'NONE',  ( 31.91482322781384084, 11.00000000000000000, -31.91482322781411796 ) ) ;
#8069 = CARTESIAN_POINT ( 'NONE',  ( 65.47228714274748995, 11.00000000000000000, -47.19999999999998863 ) ) ;
#8070 = AXIS2_PLACEMENT_3D ( 'NONE', #566, #12276, #8283 ) ;
#8071 = AXIS2_PLACEMENT_3D ( 'NONE', #11412, #5517, #2726 ) ;
#8072 = AXIS2_PLACEMENT_3D ( 'NONE', #6798, #2228, #2938 ) ;
#8073 = ADVANCED_FACE ( 'NONE', ( #3310 ), #4195, .T. ) ;
#8074 = CARTESIAN_POINT ( 'NONE',  ( 24.99999999999999645, 11.00000000000000000, -32.14999999999999858 ) ) ;
#8075 = VERTEX_POINT ( 'NONE', #4138 ) ;
#8076 = CIRCLE ( 'NONE', #6246, 0.9999999999999974465 ) ;
#8077 = DIRECTION ( 'NONE',  ( -1.046998235667618995E-14, 0.000000000000000000, -1.000000000000000000 ) ) ;
#8078 = VECTOR ( 'NONE', #2512, 1000.000000000000000 ) ;
#8079 = VERTEX_POINT ( 'NONE', #2475 ) ;
#8080 = ORIENTED_EDGE ( 'NONE', *, *, #11621, .F. ) ;
#8081 = DIRECTION ( 'NONE',  ( 0.000000000000000000, -0.000000000000000000, 1.000000000000000000 ) ) ;
#8082 = DIRECTION ( 'NONE',  ( -0.7071067811865467956, 0.000000000000000000, 0.7071067811865483499 ) ) ;
#8083 = EDGE_CURVE ( 'NONE', #11437, #5801, #5289, .T. ) ;
#8084 = VERTEX_POINT ( 'NONE', #7165 ) ;
#8085 = VERTEX_POINT ( 'NONE', #10088 ) ;
#8086 = DIRECTION ( 'NONE',  ( 0.000000000000000000, 0.000000000000000000, 1.000000000000000000 ) ) ;
#8087 = CARTESIAN_POINT ( 'NONE',  ( 26.50000000000000000, 11.00000000000000000, -45.09999999999999432 ) ) ;
#8088 = AXIS2_PLACEMENT_3D ( 'NONE', #3941, #910, #4762 ) ;
#8089 = CIRCLE ( 'NONE', #6263, 0.9999999999999974465 ) ;
#8090 = ORIENTED_EDGE ( 'NONE', *, *, #2632, .F. ) ;
#8091 = ORIENTED_EDGE ( 'NONE', *, *, #10290, .T. ) ;
#8092 = EDGE_LOOP ( 'NONE', ( #7958, #347 ) ) ;
#8093 = DIRECTION ( 'NONE',  ( 0.000000000000000000, 0.000000000000000000, 1.000000000000000000 ) ) ;
#8094 = CARTESIAN_POINT ( 'NONE',  ( 5.200000000000024158, 9.799999999999998934, -1.000000000000005995 ) ) ;
#8095 = EDGE_CURVE ( 'NONE', #1312, #23, #8939, .T. ) ;
#8096 = AXIS2_PLACEMENT_3D ( 'NONE', #8725, #3138, #9862 ) ;
#8097 = DIRECTION ( 'NONE',  ( 0.000000000000000000, 0.000000000000000000, 1.000000000000000000 ) ) ;
#8098 = ADVANCED_FACE ( 'NONE', ( #10980 ), #9142, .T. ) ;
#8099 = AXIS2_PLACEMENT_3D ( 'NONE', #1725, #6397, #714 ) ;
#8100 = VERTEX_POINT ( 'NONE', #6213 ) ;
#8101 = CARTESIAN_POINT ( 'NONE',  ( 17.92658080778186047, 11.00000000000000000, -3.000063337055368873 ) ) ;
#8102 = FACE_BOUND ( 'NONE', #7187, .T. ) ;
#8103 = CARTESIAN_POINT ( 'NONE',  ( 20.99999999999994316, 11.00000000000000000, -25.49999999999999289 ) ) ;
#8104 = VECTOR ( 'NONE', #7439, 1000.000000000000000 ) ;
#8105 = DIRECTION ( 'NONE',  ( 0.000000000000000000, 0.000000000000000000, 1.000000000000000000 ) ) ;
#8106 = DIRECTION ( 'NONE',  ( -0.000000000000000000, -1.000000000000000000, -0.000000000000000000 ) ) ;
#8107 = ORIENTED_EDGE ( 'NONE', *, *, #10825, .T. ) ;
#8108 = ORIENTED_EDGE ( 'NONE', *, *, #3267, .T. ) ;
#8109 = DIRECTION ( 'NONE',  ( 0.000000000000000000, 0.000000000000000000, -1.000000000000000000 ) ) ;
#8110 = CYLINDRICAL_SURFACE ( 'NONE', #4478, 2.800000000000002043 ) ;
#8111 = CARTESIAN_POINT ( 'NONE',  ( 27.36984848098341416, 9.799999999999998934, -38.50000000000000711 ) ) ;
#8112 = DIRECTION ( 'NONE',  ( 0.000000000000000000, 0.000000000000000000, -1.000000000000000000 ) ) ;
#8113 = ORIENTED_EDGE ( 'NONE', *, *, #12074, .T. ) ;
#8114 = DIRECTION ( 'NONE',  ( 0.000000000000000000, 0.000000000000000000, 1.000000000000000000 ) ) ;
#8115 = AXIS2_PLACEMENT_3D ( 'NONE', #2340, #6272, #390 ) ;
#8116 = PLANE ( 'NONE',  #8511 ) ;
#8117 = CARTESIAN_POINT ( 'NONE',  ( 44.50000000000000000, 11.00000000000000000, -26.49999999999993605 ) ) ;
#8118 = EDGE_CURVE ( 'NONE', #4200, #10389, #643, .T. ) ;
#8119 = EDGE_CURVE ( 'NONE', #8783, #11370, #11569, .T. ) ;
#8120 = DIRECTION ( 'NONE',  ( 0.000000000000000000, 0.000000000000000000, 1.000000000000000000 ) ) ;
#8121 = DIRECTION ( 'NONE',  ( 1.000000000000000000, 0.000000000000000000, -0.000000000000000000 ) ) ;
#8122 = ORIENTED_EDGE ( 'NONE', *, *, #1849, .T. ) ;
#8123 = DIRECTION ( 'NONE',  ( 0.000000000000000000, -1.000000000000000000, 0.000000000000000000 ) ) ;
#8124 = FACE_OUTER_BOUND ( 'NONE', #117, .T. ) ;
#8125 = CARTESIAN_POINT ( 'NONE',  ( 40.99999999999999289, 11.00000000000000000, -46.00000000000000000 ) ) ;
#8126 = CYLINDRICAL_SURFACE ( 'NONE', #5329, 0.9999999999999974465 ) ;
#8127 = ORIENTED_EDGE ( 'NONE', *, *, #4421, .F. ) ;
#8128 = DIRECTION ( 'NONE',  ( 0.000000000000000000, 0.000000000000000000, 1.000000000000000000 ) ) ;
#8129 = ORIENTED_EDGE ( 'NONE', *, *, #7251, .F. ) ;
#8130 = ADVANCED_FACE ( 'NONE', ( #6098 ), #1296, .T. ) ;
#8131 = DIRECTION ( 'NONE',  ( -0.000000000000000000, -1.000000000000000000, -0.000000000000000000 ) ) ;
#8132 = LINE ( 'NONE', #2362, #9050 ) ;
#8133 = EDGE_CURVE ( 'NONE', #1512, #6007, #10961, .T. ) ;
#8134 = EDGE_CURVE ( 'NONE', #4076, #6429, #2349, .T. ) ;
#8135 = CARTESIAN_POINT ( 'NONE',  ( 31.50000000000000711, 11.00000000000000000, -15.49999999999997513 ) ) ;
#8136 = VERTEX_POINT ( 'NONE', #10920 ) ;
#8137 = DIRECTION ( 'NONE',  ( 0.000000000000000000, 1.000000000000000000, 0.000000000000000000 ) ) ;
#8138 = VERTEX_POINT ( 'NONE', #12112 ) ;
#8139 = ORIENTED_EDGE ( 'NONE', *, *, #4652, .F. ) ;
#8140 = DIRECTION ( 'NONE',  ( -0.000000000000000000, -1.000000000000000000, -0.000000000000000000 ) ) ;
#8141 = DIRECTION ( 'NONE',  ( -0.000000000000000000, 1.000000000000000000, -0.000000000000000000 ) ) ;
#8142 = ORIENTED_EDGE ( 'NONE', *, *, #711, .F. ) ;
#8143 = ORIENTED_EDGE ( 'NONE', *, *, #99, .F. ) ;
#8144 = EDGE_CURVE ( 'NONE', #3782, #7271, #12051, .T. ) ;
#8145 = CARTESIAN_POINT ( 'NONE',  ( 0.000000000000000000, 9.799999999999998934, -8.299999999999991829 ) ) ;
#8146 = AXIS2_PLACEMENT_3D ( 'NONE', #9441, #2466, #12164 ) ;
#8147 = DIRECTION ( 'NONE',  ( 0.000000000000000000, 0.000000000000000000, 1.000000000000000000 ) ) ;
#8148 = EDGE_CURVE ( 'NONE', #3908, #6958, #11990, .T. ) ;
#8149 = AXIS2_PLACEMENT_3D ( 'NONE', #3471, #6566, #8339 ) ;
#8150 = EDGE_LOOP ( 'NONE', ( #4432, #1311 ) ) ;
#8151 = ORIENTED_EDGE ( 'NONE', *, *, #7976, .F. ) ;
#8152 = EDGE_LOOP ( 'NONE', ( #12066, #5805 ) ) ;
#8153 = DIRECTION ( 'NONE',  ( 0.000000000000000000, -0.000000000000000000, 1.000000000000000000 ) ) ;
#8154 = DIRECTION ( 'NONE',  ( -0.000000000000000000, -1.000000000000000000, -0.000000000000000000 ) ) ;
#8155 = CARTESIAN_POINT ( 'NONE',  ( 37.64386001800112069, 9.799999999999998934, -49.20000000000000284 ) ) ;
#8156 = ORIENTED_EDGE ( 'NONE', *, *, #3743, .F. ) ;
#8157 = DIRECTION ( 'NONE',  ( -0.000000000000000000, -1.000000000000000000, -0.000000000000000000 ) ) ;
#8158 = FACE_BOUND ( 'NONE', #1019, .T. ) ;
#8159 = DIRECTION ( 'NONE',  ( -0.000000000000000000, -1.000000000000000000, -0.000000000000000000 ) ) ;
#8160 = EDGE_CURVE ( 'NONE', #1990, #3575, #11930, .T. ) ;
#8161 = AXIS2_PLACEMENT_3D ( 'NONE', #3943, #5780, #5840 ) ;
#8162 = EDGE_LOOP ( 'NONE', ( #3132, #1074, #1575, #8185, #2157, #11426, #9807, #11902 ) ) ;
#8163 = FACE_OUTER_BOUND ( 'NONE', #8853, .T. ) ;
#8164 = DIRECTION ( 'NONE',  ( 0.000000000000000000, 1.000000000000000000, 0.000000000000000000 ) ) ;
#8165 = CIRCLE ( 'NONE', #8782, 4.200000000000036593 ) ;
#8166 = EDGE_LOOP ( 'NONE', ( #944, #2518, #5986, #3726 ) ) ;
#8167 = ORIENTED_EDGE ( 'NONE', *, *, #7330, .T. ) ;
#8168 = DIRECTION ( 'NONE',  ( -0.000000000000000000, -1.000000000000000000, -0.000000000000000000 ) ) ;
#8169 = DIRECTION ( 'NONE',  ( 0.000000000000000000, 0.000000000000000000, 1.000000000000000000 ) ) ;
#8170 = DIRECTION ( 'NONE',  ( -0.000000000000000000, 1.000000000000000000, -0.000000000000000000 ) ) ;
#8171 = LINE ( 'NONE', #12103, #7844 ) ;
#8172 = ORIENTED_EDGE ( 'NONE', *, *, #1794, .F. ) ;
#8173 = DIRECTION ( 'NONE',  ( 0.000000000000000000, 0.000000000000000000, 1.000000000000000000 ) ) ;
#8174 = DIRECTION ( 'NONE',  ( 0.7071067811865475727, 0.000000000000000000, -0.7071067811865475727 ) ) ;
#8175 = DIRECTION ( 'NONE',  ( -0.000000000000000000, 1.000000000000000000, -0.000000000000000000 ) ) ;
#8176 = CIRCLE ( 'NONE', #5962, 1.000000000000000888 ) ;
#8177 = EDGE_CURVE ( 'NONE', #6306, #46, #5502, .T. ) ;
#8178 = DIRECTION ( 'NONE',  ( -0.000000000000000000, -1.000000000000000000, -0.000000000000000000 ) ) ;
#8179 = CARTESIAN_POINT ( 'NONE',  ( 18.14487014477789728, 11.00000000000000000, -4.000000000000000888 ) ) ;
#8180 = VERTEX_POINT ( 'NONE', #11107 ) ;
#8181 = CYLINDRICAL_SURFACE ( 'NONE', #8421, 0.9999999999999974465 ) ;
#8182 = CIRCLE ( 'NONE', #8589, 1.000000000000000888 ) ;
#8183 = CARTESIAN_POINT ( 'NONE',  ( 56.40832611206847957, 9.799999999999998934, -39.37867965644035451 ) ) ;
#8184 = CARTESIAN_POINT ( 'NONE',  ( 77.00000000000000000, 9.799999999999998934, 0.000000000000000000 ) ) ;
#8185 = ORIENTED_EDGE ( 'NONE', *, *, #5901, .T. ) ;
#8186 = CARTESIAN_POINT ( 'NONE',  ( 53.50000000000000000, 0.000000000000000000, -3.400000000000000355 ) ) ;
#8187 = EDGE_LOOP ( 'NONE', ( #472, #9002, #4622, #5168 ) ) ;
#8188 = LINE ( 'NONE', #8253, #4948 ) ;
#8189 = PLANE ( 'NONE',  #4805 ) ;
#8190 = AXIS2_PLACEMENT_3D ( 'NONE', #3921, #255, #7906 ) ;
#8191 = ADVANCED_FACE ( 'NONE', ( #2418 ), #9201, .T. ) ;
#8192 = CARTESIAN_POINT ( 'NONE',  ( 67.99999999999995737, 11.00000000000000000, -21.99999999999996092 ) ) ;
#8193 = DIRECTION ( 'NONE',  ( 0.000000000000000000, 0.000000000000000000, 1.000000000000000000 ) ) ;
#8194 = VERTEX_POINT ( 'NONE', #9075 ) ;
#8195 = AXIS2_PLACEMENT_3D ( 'NONE', #12356, #6517, #10262 ) ;
#8196 = ORIENTED_EDGE ( 'NONE', *, *, #9637, .F. ) ;
#8197 = VERTEX_POINT ( 'NONE', #12369 ) ;
#8198 = CYLINDRICAL_SURFACE ( 'NONE', #996, 0.9999999999999974465 ) ;
#8200 = EDGE_CURVE ( 'NONE', #8957, #2770, #8366, .T. ) ;
#8199 = CARTESIAN_POINT ( 'NONE',  ( 44.50000000000000000, 11.00000000000000000, -10.99999999999994316 ) ) ;
#8201 = EDGE_CURVE ( 'NONE', #6593, #2502, #5653, .T. ) ;
#8202 = ORIENTED_EDGE ( 'NONE', *, *, #3078, .T. ) ;
#8203 = ORIENTED_EDGE ( 'NONE', *, *, #3148, .T. ) ;
#8204 = CARTESIAN_POINT ( 'NONE',  ( 48.49999999999999289, 2.000000000000000000, -34.49999999999992895 ) ) ;
#8205 = EDGE_CURVE ( 'NONE', #2567, #9476, #10273, .T. ) ;
#8206 = DIRECTION ( 'NONE',  ( 0.000000000000000000, 0.000000000000000000, 1.000000000000000000 ) ) ;
#8207 = VECTOR ( 'NONE', #10231, 1000.000000000000000 ) ;
#8208 = ADVANCED_FACE ( 'NONE', ( #850 ), #657, .T. ) ;
#8209 = VERTEX_POINT ( 'NONE', #8560 ) ;
#8210 = EDGE_LOOP ( 'NONE', ( #12400, #9335, #1257, #9436 ) ) ;
#8211 = VERTEX_POINT ( 'NONE', #1730 ) ;
#8212 = CARTESIAN_POINT ( 'NONE',  ( 74.79999999999998295, 9.799999999999998934, -5.200000000000043698 ) ) ;
#8213 = CARTESIAN_POINT ( 'NONE',  ( 1.000000000000000888, 11.00000000000000000, -44.89029455227312582 ) ) ;
#8214 = EDGE_CURVE ( 'NONE', #9878, #5839, #10342, .T. ) ;
#8215 = DIRECTION ( 'NONE',  ( -1.000000000000000000, 0.000000000000000000, 7.534230757946422568E-17 ) ) ;
#8216 = ORIENTED_EDGE ( 'NONE', *, *, #2447, .F. ) ;
#8217 = FACE_OUTER_BOUND ( 'NONE', #1597, .T. ) ;
#8218 = FACE_BOUND ( 'NONE', #6112, .T. ) ;
#8219 = DIRECTION ( 'NONE',  ( 0.000000000000000000, 0.000000000000000000, 1.000000000000000000 ) ) ;
#8220 = ADVANCED_FACE ( 'NONE', ( #7419 ), #12294, .T. ) ;
#8221 = SHAPE_DEFINITION_REPRESENTATION ( #3704, #12141 ) ;
#8222 = VECTOR ( 'NONE', #173, 1000.000000000000000 ) ;
#8223 = ORIENTED_EDGE ( 'NONE', *, *, #4647, .T. ) ;
#8224 = DIRECTION ( 'NONE',  ( -0.7071067811865470176, 0.000000000000000000, -0.7071067811865480168 ) ) ;
#8225 = AXIS2_PLACEMENT_3D ( 'NONE', #862, #9276, #8442 ) ;
#8226 = FACE_OUTER_BOUND ( 'NONE', #217, .T. ) ;
#8227 = ORIENTED_EDGE ( 'NONE', *, *, #12016, .F. ) ;
#8228 = ORIENTED_EDGE ( 'NONE', *, *, #5284, .F. ) ;
#8229 = CARTESIAN_POINT ( 'NONE',  ( 20.99999999999997158, 2.000000000000000000, -17.49999999999999289 ) ) ;
#8230 = PLANE ( 'NONE',  #2858 ) ;
#8231 = CARTESIAN_POINT ( 'NONE',  ( 26.54142135623731136, 9.799999999999998934, -6.299999999999992717 ) ) ;
#8232 = DIRECTION ( 'NONE',  ( -0.9999999954177064554, 0.000000000000000000, 9.573184870828366005E-05 ) ) ;
#8233 = EDGE_LOOP ( 'NONE', ( #10372, #11762, #1879, #8324 ) ) ;
#8234 = CARTESIAN_POINT ( 'NONE',  ( 63.49999999999995737, 11.00000000000000000, -25.49999999999992895 ) ) ;
#8235 = EDGE_CURVE ( 'NONE', #11370, #8783, #7317, .T. ) ;
#8236 = CARTESIAN_POINT ( 'NONE',  ( 58.41482322781407532, 9.799999999999998934, 21.58517677218592468 ) ) ;
#8237 = CARTESIAN_POINT ( 'NONE',  ( 31.50000000000000711, 11.00000000000000000, -33.49999999999996447 ) ) ;
#8238 = AXIS2_PLACEMENT_3D ( 'NONE', #3858, #3026, #61 ) ;
#8239 = AXIS2_PLACEMENT_3D ( 'NONE', #12357, #11408, #6707 ) ;
#8240 = DIRECTION ( 'NONE',  ( 0.000000000000000000, 0.000000000000000000, -1.000000000000000000 ) ) ;
#8241 = CARTESIAN_POINT ( 'NONE',  ( 48.49999999999999289, 11.00000000000000000, -24.49999999999993250 ) ) ;
#8242 = ORIENTED_EDGE ( 'NONE', *, *, #12158, .F. ) ;
#8243 = DIRECTION ( 'NONE',  ( -0.000000000000000000, -1.000000000000000000, -0.000000000000000000 ) ) ;
#8244 = AXIS2_PLACEMENT_3D ( 'NONE', #2471, #458, #11860 ) ;
#8245 = CIRCLE ( 'NONE', #8864, 0.9999999999999974465 ) ;
#8246 = CARTESIAN_POINT ( 'NONE',  ( 63.49999999999992895, 2.000000000000000000, -34.49999999999992895 ) ) ;
#8247 = LINE ( 'NONE', #11184, #11637 ) ;
#8248 = EDGE_CURVE ( 'NONE', #252, #11370, #7359, .T. ) ;
#8249 = EDGE_CURVE ( 'NONE', #4235, #9714, #1670, .T. ) ;
#8250 = VERTEX_POINT ( 'NONE', #11233 ) ;
#8251 = CYLINDRICAL_SURFACE ( 'NONE', #3646, 2.500000000000000444 ) ;
#8252 = VERTEX_POINT ( 'NONE', #5523 ) ;
#8253 = CARTESIAN_POINT ( 'NONE',  ( 4.000000000000006217, 11.00000000000000000, -4.956352788505171156E-16 ) ) ;
#8254 = DIRECTION ( 'NONE',  ( 0.000000000000000000, 1.000000000000000000, 0.000000000000000000 ) ) ;
#8255 = VECTOR ( 'NONE', #2857, 1000.000000000000000 ) ;
#8256 = AXIS2_PLACEMENT_3D ( 'NONE', #3329, #4344, #6114 ) ;
#8257 = AXIS2_PLACEMENT_3D ( 'NONE', #1504, #8141, #7126 ) ;
#8258 = DIRECTION ( 'NONE',  ( -0.000000000000000000, -1.000000000000000000, -0.000000000000000000 ) ) ;
#8259 = DIRECTION ( 'NONE',  ( 0.000000000000000000, 1.000000000000000000, 0.000000000000000000 ) ) ;
#8260 = ORIENTED_EDGE ( 'NONE', *, *, #10203, .T. ) ;
#8261 = ORIENTED_EDGE ( 'NONE', *, *, #12166, .F. ) ;
#8262 = ORIENTED_EDGE ( 'NONE', *, *, #6044, .T. ) ;
#8263 = DIRECTION ( 'NONE',  ( -0.000000000000000000, -1.000000000000000000, -0.000000000000000000 ) ) ;
#8264 = DIRECTION ( 'NONE',  ( -0.000000000000000000, -1.000000000000000000, -0.000000000000000000 ) ) ;
#8265 = ORIENTED_EDGE ( 'NONE', *, *, #12423, .T. ) ;
#8266 = ORIENTED_EDGE ( 'NONE', *, *, #2643, .T. ) ;
#8267 = CIRCLE ( 'NONE', #12527, 1.699999999999993072 ) ;
#8268 = DIRECTION ( 'NONE',  ( 0.000000000000000000, 1.000000000000000000, 0.000000000000000000 ) ) ;
#8269 = CARTESIAN_POINT ( 'NONE',  ( 74.79999999999998295, 9.799999999999998934, -5.200000000000042810 ) ) ;
#8270 = EDGE_CURVE ( 'NONE', #7192, #7563, #10533, .T. ) ;
#8271 = AXIS2_PLACEMENT_3D ( 'NONE', #5854, #9724, #2113 ) ;
#8272 = VECTOR ( 'NONE', #1837, 1000.000000000000000 ) ;
#8273 = CC_DESIGN_PERSON_AND_ORGANIZATION_ASSIGNMENT ( #5012, #10895, ( #5087 ) ) ;
#8274 = ORIENTED_EDGE ( 'NONE', *, *, #1150, .T. ) ;
#8275 = ORIENTED_EDGE ( 'NONE', *, *, #2507, .F. ) ;
#8276 = VERTEX_POINT ( 'NONE', #6399 ) ;
#8277 = DIRECTION ( 'NONE',  ( 0.000000000000000000, 1.000000000000000000, 0.000000000000000000 ) ) ;
#8278 = DIRECTION ( 'NONE',  ( 0.000000000000000000, 0.000000000000000000, 1.000000000000000000 ) ) ;
#8279 = DIRECTION ( 'NONE',  ( 0.000000000000000000, 0.000000000000000000, 1.000000000000000000 ) ) ;
#8280 = ORIENTED_EDGE ( 'NONE', *, *, #11934, .F. ) ;
#8281 = DIRECTION ( 'NONE',  ( 0.000000000000000000, 0.000000000000000000, 1.000000000000000000 ) ) ;
#8282 = FACE_BOUND ( 'NONE', #4040, .T. ) ;
#8283 = DIRECTION ( 'NONE',  ( -0.7071067811865464625, 0.000000000000000000, 0.7071067811865486830 ) ) ;
#8284 = CIRCLE ( 'NONE', #2032, 0.9999999999999974465 ) ;
#8285 = VECTOR ( 'NONE', #10677, 1000.000000000000000 ) ;
#8286 = EDGE_CURVE ( 'NONE', #5362, #4200, #1606, .T. ) ;
#8287 = AXIS2_PLACEMENT_3D ( 'NONE', #8034, #7148, #9953 ) ;
#8288 = EDGE_CURVE ( 'NONE', #751, #6103, #5927, .T. ) ;
#8289 = EDGE_CURVE ( 'NONE', #6642, #1017, #5113, .T. ) ;
#8290 = VERTEX_POINT ( 'NONE', #9518 ) ;
#8291 = AXIS2_PLACEMENT_3D ( 'NONE', #6359, #8077, #5296 ) ;
#8292 = DIRECTION ( 'NONE',  ( 0.000000000000000000, 0.000000000000000000, 1.000000000000000000 ) ) ;
#8293 = AXIS2_PLACEMENT_3D ( 'NONE', #7226, #11988, #10082 ) ;
#8294 = EDGE_LOOP ( 'NONE', ( #4986, #6021, #11316, #1275 ) ) ;
#8295 = ORIENTED_EDGE ( 'NONE', *, *, #8463, .T. ) ;
#8296 = CARTESIAN_POINT ( 'NONE',  ( 7.499999999999992895, 2.000000000000000000, -21.99999999999989697 ) ) ;
#8297 = CARTESIAN_POINT ( 'NONE',  ( 63.49999999999998579, 11.00000000000000000, -16.49999999999993250 ) ) ;
#8298 = ORIENTED_EDGE ( 'NONE', *, *, #1110, .T. ) ;
#8299 = DIRECTION ( 'NONE',  ( -0.000000000000000000, -1.000000000000000000, -0.000000000000000000 ) ) ;
#8300 = CARTESIAN_POINT ( 'NONE',  ( 79.99990370118348437, 9.799999999999998934, -1.005922452988877946 ) ) ;
#8301 = ORIENTED_EDGE ( 'NONE', *, *, #5551, .F. ) ;
#8302 = DIRECTION ( 'NONE',  ( -0.7071067811865467956, 0.000000000000000000, 0.7071067811865483499 ) ) ;
#8303 = DIRECTION ( 'NONE',  ( -0.000000000000000000, -1.000000000000000000, -0.000000000000000000 ) ) ;
#8304 = DIRECTION ( 'NONE',  ( -0.000000000000000000, -1.000000000000000000, -0.000000000000000000 ) ) ;
#8305 = CIRCLE ( 'NONE', #5885, 1.000000000000000888 ) ;
#8306 = ADVANCED_FACE ( 'NONE', ( #8428 ), #9450, .T. ) ;
#8307 = CARTESIAN_POINT ( 'NONE',  ( 63.50000000000000000, 11.00000000000000000, -12.99999999999993250 ) ) ;
#8308 = CARTESIAN_POINT ( 'NONE',  ( 44.50000000000000000, 11.00000000000000000, -34.49999999999994316 ) ) ;
#8309 = ORIENTED_EDGE ( 'NONE', *, *, #7118, .T. ) ;
#8310 = DIRECTION ( 'NONE',  ( -0.000000000000000000, -1.000000000000000000, -0.000000000000000000 ) ) ;
#8311 = FACE_OUTER_BOUND ( 'NONE', #1324, .T. ) ;
#8312 = DIRECTION ( 'NONE',  ( 0.000000000000000000, 0.000000000000000000, 1.000000000000000000 ) ) ;
#8313 = CARTESIAN_POINT ( 'NONE',  ( 55.00000000000000000, -0.002000000000000265454, -9.819595949289343650 ) ) ;
#8314 = ORIENTED_EDGE ( 'NONE', *, *, #7752, .T. ) ;
#8315 = CARTESIAN_POINT ( 'NONE',  ( 64.64386001800130543, 11.00000000000000000, -49.20000000000000995 ) ) ;
#8316 = ORIENTED_EDGE ( 'NONE', *, *, #12503, .T. ) ;
#8317 = FACE_OUTER_BOUND ( 'NONE', #7619, .T. ) ;
#8318 = CARTESIAN_POINT ( 'NONE',  ( 5.200000000000024158, 9.799999999999998934, -5.200000000000042810 ) ) ;
#8319 = EDGE_CURVE ( 'NONE', #7337, #4339, #10462, .T. ) ;
#8320 = EDGE_CURVE ( 'NONE', #7128, #11980, #464, .T. ) ;
#8321 = CARTESIAN_POINT ( 'NONE',  ( 72.50000000000000000, 11.00000000000000000, -8.499999999999996447 ) ) ;
#8322 = FACE_OUTER_BOUND ( 'NONE', #6168, .T. ) ;
#8323 = EDGE_LOOP ( 'NONE', ( #4282, #9253, #12304, #2735 ) ) ;
#8324 = ORIENTED_EDGE ( 'NONE', *, *, #5124, .F. ) ;
#8325 = EDGE_LOOP ( 'NONE', ( #10041, #9759 ) ) ;
#8326 = DIRECTION ( 'NONE',  ( 0.000000000000000000, 1.000000000000000000, 0.000000000000000000 ) ) ;
#8327 = DIRECTION ( 'NONE',  ( 0.000000000000000000, 0.000000000000000000, 1.000000000000000000 ) ) ;
#8328 = VERTEX_POINT ( 'NONE', #2666 ) ;
#8329 = ORIENTED_EDGE ( 'NONE', *, *, #10323, .F. ) ;
#8330 = DIRECTION ( 'NONE',  ( 0.000000000000000000, 1.000000000000000000, 0.000000000000000000 ) ) ;
#8331 = CARTESIAN_POINT ( 'NONE',  ( 14.23776336359134831, 2.000000000000000000, -43.50000000000000000 ) ) ;
#8332 = ADVANCED_FACE ( 'NONE', ( #6527 ), #10401, .T. ) ;
#8333 = VERTEX_POINT ( 'NONE', #11798 ) ;
#8334 = ORIENTED_EDGE ( 'NONE', *, *, #42, .T. ) ;
#8335 = ORIENTED_EDGE ( 'NONE', *, *, #6350, .F. ) ;
#8336 = ORIENTED_EDGE ( 'NONE', *, *, #10705, .F. ) ;
#8337 = LINE ( 'NONE', #2767, #9069 ) ;
#8338 = CARTESIAN_POINT ( 'NONE',  ( 34.85512985522210272, 11.00000000000000000, -4.000000000000001776 ) ) ;
#8339 = DIRECTION ( 'NONE',  ( 0.000000000000000000, 0.000000000000000000, -1.000000000000000000 ) ) ;
#8340 = ORIENTED_EDGE ( 'NONE', *, *, #12307, .T. ) ;
#8341 = CARTESIAN_POINT ( 'NONE',  ( 13.50000000000000000, 5.000000000000000000, 3.100000000000000977 ) ) ;
#8342 = DIRECTION ( 'NONE',  ( -0.7071067811865467956, 0.000000000000000000, 0.7071067811865483499 ) ) ;
#8343 = DIRECTION ( 'NONE',  ( 0.000000000000000000, 0.000000000000000000, -1.000000000000000000 ) ) ;
#8344 = VECTOR ( 'NONE', #9762, 1000.000000000000000 ) ;
#8345 = VERTEX_POINT ( 'NONE', #8813 ) ;
#8346 = LINE ( 'NONE', #6448, #12265 ) ;
#8347 = ADVANCED_FACE ( 'NONE', ( #82 ), #2980, .F. ) ;
#8348 = VERTEX_POINT ( 'NONE', #9831 ) ;
#8349 = VERTEX_POINT ( 'NONE', #6843 ) ;
#8350 = CARTESIAN_POINT ( 'NONE',  ( 40.00000000000000000, 2.000000000000000000, -9.749999999999953815 ) ) ;
#8351 = CARTESIAN_POINT ( 'NONE',  ( 63.49999999999998579, 2.000000000000000000, -17.49999999999992895 ) ) ;
#8352 = DIRECTION ( 'NONE',  ( -0.000000000000000000, 1.000000000000000000, -0.000000000000000000 ) ) ;
#8353 = ORIENTED_EDGE ( 'NONE', *, *, #6777, .T. ) ;
#8354 = DIRECTION ( 'NONE',  ( 0.000000000000000000, 1.000000000000000000, 0.000000000000000000 ) ) ;
#8355 = CARTESIAN_POINT ( 'NONE',  ( 41.52771285725268768, 9.799999999999998934, -47.19999999999999574 ) ) ;
#8356 = ORIENTED_EDGE ( 'NONE', *, *, #1398, .T. ) ;
#8357 = EDGE_CURVE ( 'NONE', #8785, #12193, #12492, .T. ) ;
#8358 = CIRCLE ( 'NONE', #2285, 0.9999999999999983347 ) ;
#8359 = DIRECTION ( 'NONE',  ( -0.000000000000000000, -1.000000000000000000, -0.000000000000000000 ) ) ;
#8360 = ADVANCED_FACE ( 'NONE', ( #8626, #7793, #2154, #145, #2860, #8879 ), #11740, .T. ) ;
#8361 = DIRECTION ( 'NONE',  ( 0.000000000000000000, 1.000000000000000000, 0.000000000000000000 ) ) ;
#8362 = DIRECTION ( 'NONE',  ( 0.000000000000000000, 1.000000000000000000, 0.000000000000000000 ) ) ;
#8363 = EDGE_CURVE ( 'NONE', #8079, #12256, #3495, .T. ) ;
#8364 = AXIS2_PLACEMENT_3D ( 'NONE', #9834, #4127, #7737 ) ;
#8365 = CIRCLE ( 'NONE', #9799, 2.800000000000010925 ) ;
#8366 = LINE ( 'NONE', #8503, #2061 ) ;
#8367 = DIRECTION ( 'NONE',  ( 0.000000000000000000, 0.000000000000000000, 1.000000000000000000 ) ) ;
#8368 = ORIENTED_EDGE ( 'NONE', *, *, #10609, .F. ) ;
#8369 = DIRECTION ( 'NONE',  ( 0.000000000000000000, 1.000000000000000000, 0.000000000000000000 ) ) ;
#8370 = CARTESIAN_POINT ( 'NONE',  ( 6.500000000000005329, 2.000000000000000000, -6.500000000000000888 ) ) ;
#8371 = EDGE_LOOP ( 'NONE', ( #8006, #542, #10301, #3004 ) ) ;
#8372 = DIRECTION ( 'NONE',  ( -0.000000000000000000, -1.000000000000000000, -0.000000000000000000 ) ) ;
#8373 = EDGE_CURVE ( 'NONE', #5071, #7321, #4713, .T. ) ;
#8374 = ORIENTED_EDGE ( 'NONE', *, *, #12188, .F. ) ;
#8375 = DIRECTION ( 'NONE',  ( 0.000000000000000000, 0.000000000000000000, 1.000000000000000000 ) ) ;
#8376 = EDGE_LOOP ( 'NONE', ( #7937, #5361, #12350, #8122 ) ) ;
#8377 = FACE_OUTER_BOUND ( 'NONE', #8233, .T. ) ;
#8378 = AXIS2_PLACEMENT_3D ( 'NONE', #3506, #11305, #9345 ) ;
#8379 = VECTOR ( 'NONE', #10749, 1000.000000000000000 ) ;
#8380 = EDGE_CURVE ( 'NONE', #12039, #9788, #214, .T. ) ;
#8381 = CARTESIAN_POINT ( 'NONE',  ( 41.52771285725263084, 11.00000000000000000, -44.19999999999999574 ) ) ;
#8382 = DIRECTION ( 'NONE',  ( -6.999854048275122104E-16, 0.000000000000000000, 1.000000000000000000 ) ) ;
#8383 = VECTOR ( 'NONE', #5848, 1000.000000000000000 ) ;
#8384 = LINE ( 'NONE', #12253, #8883 ) ;
#8385 = AXIS2_PLACEMENT_3D ( 'NONE', #1521, #565, #6700 ) ;
#8386 = DIRECTION ( 'NONE',  ( 0.000000000000000000, 0.000000000000000000, -1.000000000000000000 ) ) ;
#8387 = DIRECTION ( 'NONE',  ( 0.000000000000000000, -0.000000000000000000, 1.000000000000000000 ) ) ;
#8388 = ORIENTED_EDGE ( 'NONE', *, *, #4735, .T. ) ;
#8389 = VERTEX_POINT ( 'NONE', #909 ) ;
#8390 = DIRECTION ( 'NONE',  ( -0.000000000000000000, -1.000000000000000000, -0.000000000000000000 ) ) ;
#8391 = CARTESIAN_POINT ( 'NONE',  ( 30.50060966544065622, 9.799999999999998934, -30.50060966544101149 ) ) ;
#8392 = ORIENTED_EDGE ( 'NONE', *, *, #4879, .T. ) ;
#8393 = ORIENTED_EDGE ( 'NONE', *, *, #2794, .F. ) ;
#8394 = CARTESIAN_POINT ( 'NONE',  ( 60.08736290225569121, -0.002000000000000265454, -4.732233047033635565 ) ) ;
#8395 = ADVANCED_FACE ( 'NONE', ( #6969 ), #4069, .T. ) ;
#8396 = DIRECTION ( 'NONE',  ( -0.000000000000000000, 1.000000000000000000, -0.000000000000000000 ) ) ;
#8397 = ORIENTED_EDGE ( 'NONE', *, *, #4045, .F. ) ;
#8398 = ORIENTED_EDGE ( 'NONE', *, *, #10123, .F. ) ;
#8399 = VECTOR ( 'NONE', #7009, 1000.000000000000000 ) ;
#8400 = ORIENTED_EDGE ( 'NONE', *, *, #837, .F. ) ;
#8401 = EDGE_LOOP ( 'NONE', ( #2846, #12206, #7851, #8915 ) ) ;
#8402 = DIRECTION ( 'NONE',  ( -0.000000000000000000, -1.000000000000000000, -0.000000000000000000 ) ) ;
#8403 = FACE_OUTER_BOUND ( 'NONE', #520, .T. ) ;
#8404 = DIRECTION ( 'NONE',  ( 0.000000000000000000, 0.000000000000000000, -1.000000000000000000 ) ) ;
#8405 = ORIENTED_EDGE ( 'NONE', *, *, #819, .F. ) ;
#8406 = CARTESIAN_POINT ( 'NONE',  ( 47.04903320081221807, 11.00000000000000000, -3.878679656440370493 ) ) ;
#8407 = FACE_OUTER_BOUND ( 'NONE', #4364, .T. ) ;
#8408 = DIRECTION ( 'NONE',  ( 0.000000000000000000, 1.000000000000000000, 0.000000000000000000 ) ) ;
#8409 = ADVANCED_FACE ( 'NONE', ( #10842 ), #3049, .T. ) ;
#8410 = EDGE_CURVE ( 'NONE', #8197, #2742, #11607, .T. ) ;
#8411 = AXIS2_PLACEMENT_3D ( 'NONE', #10197, #11277, #11404 ) ;
#8412 = ORIENTED_EDGE ( 'NONE', *, *, #4974, .T. ) ;
#8413 = CARTESIAN_POINT ( 'NONE',  ( 44.50000000000000000, 2.000000000000000000, -6.499999999999943157 ) ) ;
#8414 = CIRCLE ( 'NONE', #11865, 2.500000000000002220 ) ;
#8415 = EDGE_LOOP ( 'NONE', ( #5824, #7470 ) ) ;
#8416 = ORIENTED_EDGE ( 'NONE', *, *, #9073, .F. ) ;
#8417 = DIRECTION ( 'NONE',  ( 0.000000000000000000, 0.000000000000000000, 1.000000000000000000 ) ) ;
#8418 = DIRECTION ( 'NONE',  ( 0.000000000000000000, 0.000000000000000000, 1.000000000000000000 ) ) ;
#8419 = DIRECTION ( 'NONE',  ( -0.000000000000000000, -1.000000000000000000, -0.000000000000000000 ) ) ;
#8420 = ORIENTED_EDGE ( 'NONE', *, *, #4437, .F. ) ;
#8421 = AXIS2_PLACEMENT_3D ( 'NONE', #3499, #11933, #12117 ) ;
#8422 = CARTESIAN_POINT ( 'NONE',  ( 67.99999999999998579, 2.000000000000000000, -11.99999999999996625 ) ) ;
#8423 = CARTESIAN_POINT ( 'NONE',  ( 16.49999999999989697, 11.00000000000000000, -37.99999999999995026 ) ) ;
#8424 = CARTESIAN_POINT ( 'NONE',  ( 16.49999999999992539, 11.00000000000000000, -34.49999999999996447 ) ) ;
#8425 = LINE ( 'NONE', #12291, #9536 ) ;
#8426 = EDGE_CURVE ( 'NONE', #9558, #3607, #2918, .T. ) ;
#8427 = AXIS2_PLACEMENT_3D ( 'NONE', #5803, #11822, #9667 ) ;
#8428 = FACE_OUTER_BOUND ( 'NONE', #7767, .T. ) ;
#8429 = CARTESIAN_POINT ( 'NONE',  ( 72.50000000000000000, 11.00000000000000000, -6.500000000000001776 ) ) ;
#8430 = ORIENTED_EDGE ( 'NONE', *, *, #3587, .F. ) ;
#8431 = CARTESIAN_POINT ( 'NONE',  ( 43.64903320081233318, 9.799999999999998934, -46.32132034355964123 ) ) ;
#8432 = EDGE_CURVE ( 'NONE', #452, #5205, #9516, .T. ) ;
#8433 = DIRECTION ( 'NONE',  ( -0.000000000000000000, -1.000000000000000000, -0.000000000000000000 ) ) ;
#8434 = ORIENTED_EDGE ( 'NONE', *, *, #3415, .T. ) ;
#8435 = CARTESIAN_POINT ( 'NONE',  ( 59.95088259632437655, 11.00000000000000000, -3.878763859303826500 ) ) ;
#8436 = ORIENTED_EDGE ( 'NONE', *, *, #10158, .T. ) ;
#8437 = CARTESIAN_POINT ( 'NONE',  ( 53.50000000000000000, 11.00000000000000000, -3.400000000000000355 ) ) ;
#8438 = ORIENTED_EDGE ( 'NONE', *, *, #9352, .T. ) ;
#8439 = DIRECTION ( 'NONE',  ( 2.168404344971008868E-16, 0.000000000000000000, 1.000000000000000000 ) ) ;
#8441 = CIRCLE ( 'NONE', #7825, 1.000000000000000888 ) ;
#8440 = VECTOR ( 'NONE', #9129, 1000.000000000000000 ) ;
#8442 = DIRECTION ( 'NONE',  ( 0.000000000000000000, 0.000000000000000000, 1.000000000000000000 ) ) ;
#8443 = EDGE_CURVE ( 'NONE', #326, #2697, #4655, .T. ) ;
#8444 = EDGE_CURVE ( 'NONE', #2502, #2883, #968, .T. ) ;
#8445 = AXIS2_PLACEMENT_3D ( 'NONE', #10206, #1536, #9252 ) ;
#8446 = AXIS2_PLACEMENT_3D ( 'NONE', #1661, #1717, #9323 ) ;
#8447 = AXIS2_PLACEMENT_3D ( 'NONE', #2783, #706, #8418 ) ;
#8448 = DIRECTION ( 'NONE',  ( 0.000000000000000000, 0.000000000000000000, 1.000000000000000000 ) ) ;
#8449 = DIRECTION ( 'NONE',  ( 0.000000000000000000, -0.000000000000000000, 1.000000000000000000 ) ) ;
#8450 = EDGE_CURVE ( 'NONE', #3706, #67, #5963, .T. ) ;
#8451 = LINE ( 'NONE', #8521, #3865 ) ;
#8452 = EDGE_LOOP ( 'NONE', ( #10560, #2086 ) ) ;
#8453 = ORIENTED_EDGE ( 'NONE', *, *, #12470, .F. ) ;
#8454 = DIRECTION ( 'NONE',  ( 3.717264591378885418E-14, 0.000000000000000000, 1.000000000000000000 ) ) ;
#8455 = CARTESIAN_POINT ( 'NONE',  ( 58.99999999999997158, 11.00000000000000000, -25.49999999999989697 ) ) ;
#8456 = ORIENTED_EDGE ( 'NONE', *, *, #480, .T. ) ;
#8457 = VERTEX_POINT ( 'NONE', #4894 ) ;
#8458 = CARTESIAN_POINT ( 'NONE',  ( 5.200000000000024158, 9.799999999999998934, -3.000000000000007994 ) ) ;
#8459 = CARTESIAN_POINT ( 'NONE',  ( 53.45857864376269220, 9.799999999999998934, -3.499999999999993339 ) ) ;
#8460 = AXIS2_PLACEMENT_3D ( 'NONE', #1331, #8032, #8219 ) ;
#8461 = AXIS2_PLACEMENT_3D ( 'NONE', #559, #8277, #10373 ) ;
#8462 = CIRCLE ( 'NONE', #6842, 2.800000000000002043 ) ;
#8463 = EDGE_CURVE ( 'NONE', #3378, #8457, #1403, .T. ) ;
#8464 = PERSON ( 'UNSPECIFIED', 'UNSPECIFIED', 'UNSPECIFIED', ('UNSPECIFIED'), ('UNSPECIFIED'), ('UNSPECIFIED') ) ;
#8465 = EDGE_CURVE ( 'NONE', #10955, #1819, #5320, .T. ) ;
#8466 = EDGE_LOOP ( 'NONE', ( #8881, #10956 ) ) ;
#8467 = EDGE_LOOP ( 'NONE', ( #9586, #3325, #8612, #6490 ) ) ;
#8468 = CIRCLE ( 'NONE', #10299, 0.9999999999999974465 ) ;
#8469 = DIRECTION ( 'NONE',  ( 0.000000000000000000, 0.000000000000000000, 1.000000000000000000 ) ) ;
#8470 = VECTOR ( 'NONE', #805, 1000.000000000000000 ) ;
#8471 = AXIS2_PLACEMENT_3D ( 'NONE', #1133, #1194, #1946 ) ;
#8472 = ORIENTED_EDGE ( 'NONE', *, *, #2886, .T. ) ;
#8473 = ORIENTED_EDGE ( 'NONE', *, *, #7358, .F. ) ;
#8474 = CARTESIAN_POINT ( 'NONE',  ( 42.35613998199880825, 11.00000000000000000, -46.19999999999999574 ) ) ;
#8475 = LINE ( 'NONE', #692, #190 ) ;
#8476 = DIRECTION ( 'NONE',  ( -0.000000000000000000, -1.000000000000000000, 0.000000000000000000 ) ) ;
#8477 = ORIENTED_EDGE ( 'NONE', *, *, #4937, .F. ) ;
#8478 = DIRECTION ( 'NONE',  ( 1.000000000000000000, 0.000000000000000000, 0.000000000000000000 ) ) ;
#8479 = CARTESIAN_POINT ( 'NONE',  ( -1.927470528863119049E-16, 2.000000000000000000, -4.000000000000000000 ) ) ;
#8480 = CARTESIAN_POINT ( 'NONE',  ( 25.63015151901650768, 9.799999999999998934, -8.299999999999991829 ) ) ;
#8481 = AXIS2_PLACEMENT_3D ( 'NONE', #7106, #10981, #6214 ) ;
#8482 = AXIS2_PLACEMENT_3D ( 'NONE', #11918, #12167, #6329 ) ;
#8483 = CIRCLE ( 'NONE', #10303, 0.9999999999999974465 ) ;
#8484 = CIRCLE ( 'NONE', #3017, 2.200000000000028599 ) ;
#8485 = EDGE_CURVE ( 'NONE', #7694, #11633, #620, .T. ) ;
#8486 = ORIENTED_EDGE ( 'NONE', *, *, #2562, .T. ) ;
#8487 = DIRECTION ( 'NONE',  ( 0.000000000000000000, 0.000000000000000000, 1.000000000000000000 ) ) ;
#8488 = EDGE_CURVE ( 'NONE', #236, #7913, #7214, .T. ) ;
#8489 = EDGE_LOOP ( 'NONE', ( #5823, #1576, #8021, #9203 ) ) ;
#8490 = ORIENTED_EDGE ( 'NONE', *, *, #11796, .T. ) ;
#8491 = DIRECTION ( 'NONE',  ( 0.000000000000000000, 1.000000000000000000, 0.000000000000000000 ) ) ;
#8492 = CARTESIAN_POINT ( 'NONE',  ( 7.499999999999944045, 2.000000000000000000, -34.49999999999989342 ) ) ;
#8493 = VECTOR ( 'NONE', #465, 999.9999999999998863 ) ;
#8494 = CARTESIAN_POINT ( 'NONE',  ( 26.45857864376269930, 9.799999999999998934, -3.499999999999993339 ) ) ;
#8495 = VECTOR ( 'NONE', #505, 1000.000000000000000 ) ;
#8496 = ORIENTED_EDGE ( 'NONE', *, *, #9663, .T. ) ;
#8497 = CARTESIAN_POINT ( 'NONE',  ( 56.40832611206847957, 11.00000000000000000, -39.37867965644035451 ) ) ;
#8498 = DIRECTION ( 'NONE',  ( -1.000000000000000000, 0.000000000000000000, 0.000000000000000000 ) ) ;
#8499 = PLANE ( 'NONE',  #4015 ) ;
#8500 = DIRECTION ( 'NONE',  ( 0.000000000000000000, 0.000000000000000000, 1.000000000000000000 ) ) ;
#8501 = VECTOR ( 'NONE', #1037, 1000.000000000000000 ) ;
#8502 = CIRCLE ( 'NONE', #11537, 0.9999999999999974465 ) ;
#8503 = CARTESIAN_POINT ( 'NONE',  ( 72.49999999999998579, 11.00000000000000000, -12.99999999999999467 ) ) ;
#8504 = DIRECTION ( 'NONE',  ( 0.000000000000000000, -0.000000000000000000, 1.000000000000000000 ) ) ;
#8505 = ORIENTED_EDGE ( 'NONE', *, *, #5811, .T. ) ;
#8506 = LINE ( 'NONE', #7675, #4179 ) ;
#8507 = DIRECTION ( 'NONE',  ( 0.000000000000000000, -0.000000000000000000, 1.000000000000000000 ) ) ;
#8508 = ORIENTED_EDGE ( 'NONE', *, *, #5493, .T. ) ;
#8509 = LINE ( 'NONE', #12376, #4783 ) ;
#8510 = CIRCLE ( 'NONE', #5469, 3.000000000000023537 ) ;
#8511 = AXIS2_PLACEMENT_3D ( 'NONE', #8236, #8174, #1477 ) ;
#8512 = ORIENTED_EDGE ( 'NONE', *, *, #1435, .T. ) ;
#8513 = DIRECTION ( 'NONE',  ( 0.000000000000000000, 0.000000000000000000, 1.000000000000000000 ) ) ;
#8514 = ORIENTED_EDGE ( 'NONE', *, *, #8952, .T. ) ;
#8515 = DIRECTION ( 'NONE',  ( 0.000000000000000000, 1.000000000000000000, 0.000000000000000000 ) ) ;
#8516 = EDGE_CURVE ( 'NONE', #2373, #6040, #8089, .T. ) ;
#8517 = CYLINDRICAL_SURFACE ( 'NONE', #352, 4.200000000000036593 ) ;
#8518 = AXIS2_PLACEMENT_3D ( 'NONE', #3127, #5920, #3003 ) ;
#8519 = CARTESIAN_POINT ( 'NONE',  ( 20.87751981923999267, 9.799999999999998934, -1.878739150121992108 ) ) ;
#8520 = CYLINDRICAL_SURFACE ( 'NONE', #6873, 0.9999999999999974465 ) ;
#8521 = CARTESIAN_POINT ( 'NONE',  ( 56.34974746830582859, 9.799999999999998934, -7.479898987322344261 ) ) ;
#8522 = EDGE_CURVE ( 'NONE', #2936, #11650, #8911, .T. ) ;
#8523 = ORIENTED_EDGE ( 'NONE', *, *, #5659, .F. ) ;
#8524 = ORIENTED_EDGE ( 'NONE', *, *, #8599, .T. ) ;
#8525 = DIRECTION ( 'NONE',  ( 0.000000000000000000, 1.000000000000000000, 0.000000000000000000 ) ) ;
#8526 = CARTESIAN_POINT ( 'NONE',  ( 27.36984848098341416, 9.799999999999998934, -38.50000000000000711 ) ) ;
#8527 = EDGE_LOOP ( 'NONE', ( #11481, #2257, #5999, #641 ) ) ;
#8528 = ORIENTED_EDGE ( 'NONE', *, *, #8450, .F. ) ;
#8529 = DIRECTION ( 'NONE',  ( 0.000000000000000000, 0.000000000000000000, -1.000000000000000000 ) ) ;
#8530 = EDGE_CURVE ( 'NONE', #12355, #11198, #512, .T. ) ;
#8531 = ADVANCED_FACE ( 'NONE', ( #8163 ), #5131, .T. ) ;
#8532 = AXIS2_PLACEMENT_3D ( 'NONE', #8697, #7739, #25 ) ;
#8533 = CARTESIAN_POINT ( 'NONE',  ( 44.50000000000000000, 11.00000000000000000, -37.99999999999995026 ) ) ;
#8534 = EDGE_CURVE ( 'NONE', #7834, #4274, #11141, .T. ) ;
#8535 = VERTEX_POINT ( 'NONE', #2397 ) ;
#8536 = DIRECTION ( 'NONE',  ( -0.000000000000000000, -1.000000000000000000, 0.000000000000000000 ) ) ;
#8537 = ORIENTED_EDGE ( 'NONE', *, *, #12456, .T. ) ;
#8538 = ORIENTED_EDGE ( 'NONE', *, *, #2273, .F. ) ;
#8539 = FACE_OUTER_BOUND ( 'NONE', #12145, .T. ) ;
#8540 = FACE_OUTER_BOUND ( 'NONE', #3094, .T. ) ;
#8541 = PLANE ( 'NONE',  #12411 ) ;
#8542 = ORIENTED_EDGE ( 'NONE', *, *, #11553, .T. ) ;
#8543 = DIRECTION ( 'NONE',  ( 0.000000000000000000, 0.000000000000000000, 1.000000000000000000 ) ) ;
#8544 = LINE ( 'NONE', #2840, #11216 ) ;
#8545 = EDGE_CURVE ( 'NONE', #12355, #8848, #2836, .T. ) ;
#8546 = ORIENTED_EDGE ( 'NONE', *, *, #10476, .T. ) ;
#8547 = DIRECTION ( 'NONE',  ( 0.7071067811865474617, 0.000000000000000000, -0.7071067811865474617 ) ) ;
#8548 = ORIENTED_EDGE ( 'NONE', *, *, #4207, .F. ) ;
#8549 = ORIENTED_EDGE ( 'NONE', *, *, #10415, .F. ) ;
#8550 = LINE ( 'NONE', #2520, #8895 ) ;
#8551 = DIRECTION ( 'NONE',  ( -0.000000000000000000, -1.000000000000000000, -0.000000000000000000 ) ) ;
#8552 = FACE_OUTER_BOUND ( 'NONE', #8467, .T. ) ;
#8553 = ORIENTED_EDGE ( 'NONE', *, *, #4861, .T. ) ;
#8554 = CARTESIAN_POINT ( 'NONE',  ( 63.49999999999991473, 2.000000000000000000, -37.99999999999992184 ) ) ;
#8555 = CARTESIAN_POINT ( 'NONE',  ( 16.49999999999997868, 11.00000000000000000, -16.49999999999996447 ) ) ;
#8556 = FACE_OUTER_BOUND ( 'NONE', #2499, .T. ) ;
#8557 = CYLINDRICAL_SURFACE ( 'NONE', #5282, 0.9999999999999974465 ) ;
#8558 = AXIS2_PLACEMENT_3D ( 'NONE', #1961, #1149, #6646 ) ;
#8559 = EDGE_CURVE ( 'NONE', #7677, #8929, #17, .T. ) ;
#8560 = CARTESIAN_POINT ( 'NONE',  ( 48.49999999999999289, 2.000000000000000000, -10.99999999999993427 ) ) ;
#8561 = CARTESIAN_POINT ( 'NONE',  ( 11.99999999999998934, 11.00000000000000000, -15.49999999999993427 ) ) ;
#8562 = ORIENTED_EDGE ( 'NONE', *, *, #3033, .T. ) ;
#8563 = VECTOR ( 'NONE', #6290, 1000.000000000000114 ) ;
#8564 = DIRECTION ( 'NONE',  ( 0.000000000000000000, 1.000000000000000000, 0.000000000000000000 ) ) ;
#8565 = DIRECTION ( 'NONE',  ( -0.000000000000000000, -1.000000000000000000, -0.000000000000000000 ) ) ;
#8566 = ORIENTED_EDGE ( 'NONE', *, *, #600, .F. ) ;
#8567 = CARTESIAN_POINT ( 'NONE',  ( 63.49999999999992895, 11.00000000000000000, -34.49999999999992895 ) ) ;
#8568 = ORIENTED_EDGE ( 'NONE', *, *, #5966, .F. ) ;
#8569 = DIRECTION ( 'NONE',  ( 0.000000000000000000, 1.000000000000000000, 0.000000000000000000 ) ) ;
#8570 = VERTEX_POINT ( 'NONE', #3418 ) ;
#8571 = DIRECTION ( 'NONE',  ( 0.000000000000000000, 1.000000000000000000, 0.000000000000000000 ) ) ;
#8572 = ADVANCED_FACE ( 'NONE', ( #6084 ), #3296, .T. ) ;
#8573 = FACE_OUTER_BOUND ( 'NONE', #2121, .T. ) ;
#8574 = CIRCLE ( 'NONE', #11841, 0.9999999999999974465 ) ;
#8575 = CARTESIAN_POINT ( 'NONE',  ( 25.63015151901650768, 11.00000000000000000, -5.499999999999992895 ) ) ;
#8576 = DIRECTION ( 'NONE',  ( 0.000000000000000000, 0.000000000000000000, -1.000000000000000000 ) ) ;
#8577 = EDGE_LOOP ( 'NONE', ( #5687, #10819 ) ) ;
#8578 = CARTESIAN_POINT ( 'NONE',  ( 26.50000000000000000, 0.000000000000000000, -41.70000000000000995 ) ) ;
#8579 = AXIS2_PLACEMENT_3D ( 'NONE', #6294, #10866, #476 ) ;
#8580 = VERTEX_POINT ( 'NONE', #5079 ) ;
#8581 = CARTESIAN_POINT ( 'NONE',  ( 74.79999999999998295, 11.00000000000000000, -1.000000000000005995 ) ) ;
#8582 = CARTESIAN_POINT ( 'NONE',  ( 12.00000000000000355, 2.000000000000000000, -12.99999999999993250 ) ) ;
#8583 = VECTOR ( 'NONE', #10804, 1000.000000000000000 ) ;
#8584 = CIRCLE ( 'NONE', #4136, 3.599999999999992095 ) ;
#8585 = ORIENTED_EDGE ( 'NONE', *, *, #3171, .T. ) ;
#8586 = ORIENTED_EDGE ( 'NONE', *, *, #7008, .F. ) ;
#8587 = DIRECTION ( 'NONE',  ( 0.000000000000000000, -1.000000000000000000, 0.000000000000000000 ) ) ;
#8588 = LINE ( 'NONE', #4789, #3369 ) ;
#8589 = AXIS2_PLACEMENT_3D ( 'NONE', #3759, #788, #7425 ) ;
#8590 = EDGE_CURVE ( 'NONE', #11687, #9820, #3245, .T. ) ;
#8591 = AXIS2_PLACEMENT_3D ( 'NONE', #4905, #8571, #7802 ) ;
#8592 = CIRCLE ( 'NONE', #309, 0.9999999999999974465 ) ;
#8593 = ORIENTED_EDGE ( 'NONE', *, *, #948, .T. ) ;
#8594 = DIRECTION ( 'NONE',  ( 0.000000000000000000, 0.000000000000000000, -1.000000000000000000 ) ) ;
#8595 = ORIENTED_EDGE ( 'NONE', *, *, #3078, .F. ) ;
#8596 = ORIENTED_EDGE ( 'NONE', *, *, #1266, .T. ) ;
#8597 = CYLINDRICAL_SURFACE ( 'NONE', #7036, 0.9999999999999974465 ) ;
#8598 = DIRECTION ( 'NONE',  ( -0.7071067811865467956, 0.000000000000000000, -0.7071067811865483499 ) ) ;
#8599 = EDGE_CURVE ( 'NONE', #9820, #11687, #11460, .T. ) ;
#8600 = DIRECTION ( 'NONE',  ( -0.000000000000000000, 1.000000000000000000, -0.000000000000000000 ) ) ;
#8601 = ORIENTED_EDGE ( 'NONE', *, *, #6182, .F. ) ;
#8602 = ORIENTED_EDGE ( 'NONE', *, *, #9911, .F. ) ;
#8603 = PLANE ( 'NONE',  #6658 ) ;
#8604 = CARTESIAN_POINT ( 'NONE',  ( 61.85512985522206009, 11.00000000000000000, -6.500000000000003553 ) ) ;
#8605 = AXIS2_PLACEMENT_3D ( 'NONE', #9991, #1378, #307 ) ;
#8606 = DIRECTION ( 'NONE',  ( -0.000000000000000000, 1.000000000000000000, -0.000000000000000000 ) ) ;
#8607 = EDGE_CURVE ( 'NONE', #8653, #3674, #2947, .T. ) ;
#8608 = AXIS2_PLACEMENT_3D ( 'NONE', #9847, #5855, #4973 ) ;
#8609 = VERTEX_POINT ( 'NONE', #4305 ) ;
#8610 = ADVANCED_FACE ( 'NONE', ( #324 ), #11851, .T. ) ;
#8611 = CARTESIAN_POINT ( 'NONE',  ( 16.50000000000000711, 2.000000000000000000, -8.499999999999966249 ) ) ;
#8612 = ORIENTED_EDGE ( 'NONE', *, *, #9858, .F. ) ;
#8613 = VERTEX_POINT ( 'NONE', #1281 ) ;
#8614 = DIRECTION ( 'NONE',  ( 0.000000000000000000, 0.000000000000000000, 1.000000000000000000 ) ) ;
#8615 = DIRECTION ( 'NONE',  ( 0.000000000000000000, 1.000000000000000000, 0.000000000000000000 ) ) ;
#8616 = EDGE_CURVE ( 'NONE', #11062, #2141, #10650, .T. ) ;
#8617 = DIRECTION ( 'NONE',  ( -0.000000000000000000, -1.000000000000000000, -0.000000000000000000 ) ) ;
#8618 = VERTEX_POINT ( 'NONE', #7091 ) ;
#8619 = CARTESIAN_POINT ( 'NONE',  ( 26.50000000000000000, 1.999999999999998224, -37.29999999999996874 ) ) ;
#8620 = DIRECTION ( 'NONE',  ( -0.000000000000000000, -1.000000000000000000, -0.000000000000000000 ) ) ;
#8621 = FACE_OUTER_BOUND ( 'NONE', #11897, .T. ) ;
#8622 = DIRECTION ( 'NONE',  ( 0.000000000000000000, 1.000000000000000000, 0.000000000000000000 ) ) ;
#8623 = CYLINDRICAL_SURFACE ( 'NONE', #11546, 1.000000000000000888 ) ;
#8624 = VECTOR ( 'NONE', #7343, 1000.000000000000000 ) ;
#8625 = EDGE_CURVE ( 'NONE', #5054, #8211, #8825, .T. ) ;
#8626 = FACE_BOUND ( 'NONE', #2630, .T. ) ;
#8627 = CIRCLE ( 'NONE', #2761, 1.700000000000000178 ) ;
#8628 = LINE ( 'NONE', #6971, #4650 ) ;
#8629 = EDGE_LOOP ( 'NONE', ( #659, #10222 ) ) ;
#8630 = DIRECTION ( 'NONE',  ( 0.000000000000000000, 0.000000000000000000, 1.000000000000000000 ) ) ;
#8631 = EDGE_CURVE ( 'NONE', #11073, #9397, #10327, .T. ) ;
#8632 = DIRECTION ( 'NONE',  ( 0.000000000000000000, 0.000000000000000000, -1.000000000000000000 ) ) ;
#8633 = EDGE_LOOP ( 'NONE', ( #2561, #2749, #7252, #9283 ) ) ;
#8634 = FACE_OUTER_BOUND ( 'NONE', #627, .T. ) ;
#8635 = CARTESIAN_POINT ( 'NONE',  ( 7.500000000000020428, 11.00000000000000000, -11.99999999999990230 ) ) ;
#8636 = ORIENTED_EDGE ( 'NONE', *, *, #11231, .T. ) ;
#8637 = CARTESIAN_POINT ( 'NONE',  ( 35.49999999999999289, 11.00000000000000000, -11.99999999999996270 ) ) ;
#8638 = CARTESIAN_POINT ( 'NONE',  ( 44.50000000000000000, 2.000000000000000000, -7.499999999999941380 ) ) ;
#8639 = VECTOR ( 'NONE', #10157, 1000.000000000000000 ) ;
#8640 = CIRCLE ( 'NONE', #7418, 0.9999999999999974465 ) ;
#8641 = DIRECTION ( 'NONE',  ( 0.7127720722690795707, 0.000000000000000000, 0.7013957320894119718 ) ) ;
#8642 = CARTESIAN_POINT ( 'NONE',  ( 80.00000000000000000, 11.00000000000000000, 0.000000000000000000 ) ) ;
#8643 = EDGE_CURVE ( 'NONE', #791, #1676, #1954, .T. ) ;
#8644 = EDGE_CURVE ( 'NONE', #1306, #4157, #4778, .T. ) ;
#8645 = FACE_OUTER_BOUND ( 'NONE', #5356, .T. ) ;
#8646 = EDGE_LOOP ( 'NONE', ( #9619, #312 ) ) ;
#8647 = ORIENTED_EDGE ( 'NONE', *, *, #4193, .F. ) ;
#8648 = CARTESIAN_POINT ( 'NONE',  ( 72.49999999999995737, 11.00000000000000000, -21.99999999999999289 ) ) ;
#8649 = ORIENTED_EDGE ( 'NONE', *, *, #8205, .T. ) ;
#8650 = EDGE_LOOP ( 'NONE', ( #3515, #896, #11333, #7610 ) ) ;
#8651 = DIRECTION ( 'NONE',  ( 0.000000000000000000, 0.000000000000000000, -1.000000000000000000 ) ) ;
#8652 = PLANE ( 'NONE',  #6199 ) ;
#8653 = VERTEX_POINT ( 'NONE', #6514 ) ;
#8654 = CARTESIAN_POINT ( 'NONE',  ( 67.99999999999998579, 11.00000000000000000, -12.99999999999996270 ) ) ;
#8655 = ORIENTED_EDGE ( 'NONE', *, *, #403, .F. ) ;
#8656 = EDGE_LOOP ( 'NONE', ( #1590, #6286, #11464, #1994 ) ) ;
#8657 = DIRECTION ( 'NONE',  ( 0.000000000000000000, 0.000000000000000000, 1.000000000000000000 ) ) ;
#8658 = CARTESIAN_POINT ( 'NONE',  ( 58.99999999999994316, 11.00000000000000000, -35.49999999999989342 ) ) ;
#8659 = DIRECTION ( 'NONE',  ( 0.000000000000000000, 1.000000000000000000, 0.000000000000000000 ) ) ;
#8660 = AXIS2_PLACEMENT_3D ( 'NONE', #5268, #4316, #8173 ) ;
#8661 = AXIS2_PLACEMENT_3D ( 'NONE', #7899, #4733, #9804 ) ;
#8662 = ORIENTED_EDGE ( 'NONE', *, *, #10350, .T. ) ;
#8663 = ORIENTED_EDGE ( 'NONE', *, *, #6777, .F. ) ;
#8664 = CIRCLE ( 'NONE', #5626, 0.9999999999999983347 ) ;
#8665 = DIRECTION ( 'NONE',  ( -0.000000000000000000, 1.000000000000000000, -0.000000000000000000 ) ) ;
#8666 = CARTESIAN_POINT ( 'NONE',  ( 35.49999999999999289, 2.000000000000000000, -24.49999999999996447 ) ) ;
#8667 = EDGE_CURVE ( 'NONE', #10568, #4418, #5381, .T. ) ;
#8668 = AXIS2_PLACEMENT_3D ( 'NONE', #4066, #1910, #1090 ) ;
#8669 = AXIS2_PLACEMENT_3D ( 'NONE', #7067, #427, #2254 ) ;
#8670 = VECTOR ( 'NONE', #4345, 1000.000000000000000 ) ;
#8671 = B_SPLINE_CURVE_WITH_KNOTS ( 'NONE', 3,
 ( #9, #7850, #3872, #7017 ),
 .UNSPECIFIED., .F., .F.,
 ( 4, 4 ),
 ( 0.000000000000000000, 1.000000000000000000 ),
 .UNSPECIFIED. ) ;
#8672 = ORIENTED_EDGE ( 'NONE', *, *, #8288, .T. ) ;
#8673 = DIRECTION ( 'NONE',  ( 0.000000000000000000, -0.000000000000000000, 1.000000000000000000 ) ) ;
#8674 = ORIENTED_EDGE ( 'NONE', *, *, #11527, .F. ) ;
#8675 = ORIENTED_EDGE ( 'NONE', *, *, #258, .F. ) ;
#8676 = CARTESIAN_POINT ( 'NONE',  ( 3.000000000000002665, 9.799999999999998934, -5.200000000000043698 ) ) ;
#8677 = CYLINDRICAL_SURFACE ( 'NONE', #369, 1.699999999999994849 ) ;
#8678 = CARTESIAN_POINT ( 'NONE',  ( 44.50000000000000000, 2.000000000000000000, -25.49999999999993960 ) ) ;
#8679 = ORIENTED_EDGE ( 'NONE', *, *, #7975, .T. ) ;
#8680 = EDGE_CURVE ( 'NONE', #3864, #5108, #6323, .T. ) ;
#8681 = PLANE ( 'NONE',  #2202 ) ;
#8682 = CARTESIAN_POINT ( 'NONE',  ( 67.49999999999998579, 5.000000000000000000, -4.000000000000003553 ) ) ;
#8683 = CARTESIAN_POINT ( 'NONE',  ( 16.49999999999999289, 11.00000000000000000, -11.99999999999996625 ) ) ;
#8684 = DIRECTION ( 'NONE',  ( 0.000000000000000000, 1.000000000000000000, 0.000000000000000000 ) ) ;
#8685 = AXIS2_PLACEMENT_3D ( 'NONE', #11311, #12385, #6675 ) ;
#8686 = AXIS2_PLACEMENT_3D ( 'NONE', #10076, #4251, #11097 ) ;
#8687 = PERSON_AND_ORGANIZATION ( #8464, #3667 ) ;
#8688 = CIRCLE ( 'NONE', #4210, 3.000000000000002665 ) ;
#8689 = EDGE_CURVE ( 'NONE', #11574, #8345, #10444, .T. ) ;
#8690 = EDGE_CURVE ( 'NONE', #3706, #2982, #7403, .T. ) ;
#8691 = VECTOR ( 'NONE', #7806, 1000.000000000000000 ) ;
#8692 = DIRECTION ( 'NONE',  ( 1.000000000000000000, 0.000000000000000000, 1.046998235667619153E-14 ) ) ;
#8693 = AXIS2_PLACEMENT_3D ( 'NONE', #8341, #4613, #8478 ) ;
#8694 = DIRECTION ( 'NONE',  ( 0.000000000000000000, 1.000000000000000000, 0.000000000000000000 ) ) ;
#8695 = ORIENTED_EDGE ( 'NONE', *, *, #1352, .F. ) ;
#8696 = FACE_OUTER_BOUND ( 'NONE', #3387, .T. ) ;
#8697 = CARTESIAN_POINT ( 'NONE',  ( 35.49999999999999289, 2.000000000000000000, -16.49999999999996092 ) ) ;
#8698 = ORIENTED_EDGE ( 'NONE', *, *, #8235, .F. ) ;
#8699 = CARTESIAN_POINT ( 'NONE',  ( 62.07220293988400073, 9.799999999999998934, -6.000084202863472882 ) ) ;
#8700 = CIRCLE ( 'NONE', #1824, 2.500000000000000444 ) ;
#8701 = DIRECTION ( 'NONE',  ( 0.000000000000000000, 1.000000000000000000, 0.000000000000000000 ) ) ;
#8702 = CARTESIAN_POINT ( 'NONE',  ( 42.35613998199887931, 9.799999999999998934, -49.20000000000000284 ) ) ;
#8703 = CARTESIAN_POINT ( 'NONE',  ( 54.00000000000000000, 2.000000000000000000, -32.14999999999999858 ) ) ;
#8704 = CIRCLE ( 'NONE', #12347, 6.100000000000028955 ) ;
#8705 = CIRCLE ( 'NONE', #3235, 1.000000000000000888 ) ;
#8706 = EDGE_CURVE ( 'NONE', #199, #9742, #1551, .T. ) ;
#8707 = AXIS2_PLACEMENT_3D ( 'NONE', #11910, #1225, #9125 ) ;
#8708 = DIRECTION ( 'NONE',  ( 0.000000000000000000, 0.000000000000000000, -1.000000000000000000 ) ) ;
#8709 = CARTESIAN_POINT ( 'NONE',  ( 63.50000000000000000, 11.00000000000000000, -10.99999999999993605 ) ) ;
#8710 = CARTESIAN_POINT ( 'NONE',  ( 58.99999999999999289, 11.00000000000000000, -20.99999999999990052 ) ) ;
#8711 = ORIENTED_EDGE ( 'NONE', *, *, #10743, .F. ) ;
#8712 = AXIS2_PLACEMENT_3D ( 'NONE', #10624, #6324, #4367 ) ;
#8713 = CARTESIAN_POINT ( 'NONE',  ( 35.01482322781394885, 11.00000000000000000, -44.98517677218592326 ) ) ;
#8714 = CIRCLE ( 'NONE', #2845, 2.499999999999999556 ) ;
#8715 = ORIENTED_EDGE ( 'NONE', *, *, #6504, .F. ) ;
#8716 = ORIENTED_EDGE ( 'NONE', *, *, #9920, .F. ) ;
#8717 = CARTESIAN_POINT ( 'NONE',  ( 20.99999999999994316, 2.000000000000000000, -25.49999999999999289 ) ) ;
#8718 = ORIENTED_EDGE ( 'NONE', *, *, #2619, .T. ) ;
#8719 = ORIENTED_EDGE ( 'NONE', *, *, #9722, .F. ) ;
#8720 = DIRECTION ( 'NONE',  ( 0.000000000000000000, 1.000000000000000000, 0.000000000000000000 ) ) ;
#8721 = FACE_OUTER_BOUND ( 'NONE', #6900, .T. ) ;
#8722 = EDGE_CURVE ( 'NONE', #10238, #4412, #9230, .T. ) ;
#8723 = AXIS2_PLACEMENT_3D ( 'NONE', #8900, #6342, #3187 ) ;
#8724 = ORIENTED_EDGE ( 'NONE', *, *, #5508, .F. ) ;
#8725 = CARTESIAN_POINT ( 'NONE',  ( 35.49999999999999289, 2.000000000000000000, -38.99999999999996447 ) ) ;
#8726 = EDGE_LOOP ( 'NONE', ( #4690, #652, #4794, #6994 ) ) ;
#8727 = ORIENTED_EDGE ( 'NONE', *, *, #11395, .F. ) ;
#8728 = DIRECTION ( 'NONE',  ( -0.000000000000000000, 1.000000000000000000, -0.000000000000000000 ) ) ;
#8729 = CARTESIAN_POINT ( 'NONE',  ( 59.00000000000001421, 11.00000000000000000, -10.99999999999990585 ) ) ;
#8730 = DIRECTION ( 'NONE',  ( 0.000000000000000000, 1.000000000000000000, 0.000000000000000000 ) ) ;
#8731 = ORIENTED_EDGE ( 'NONE', *, *, #11634, .T. ) ;
#8732 = ORIENTED_EDGE ( 'NONE', *, *, #6965, .T. ) ;
#8733 = CARTESIAN_POINT ( 'NONE',  ( 35.49999999999999289, 11.00000000000000000, -21.99999999999996092 ) ) ;
#8734 = DIRECTION ( 'NONE',  ( 0.000000000000000000, 0.000000000000000000, -1.000000000000000000 ) ) ;
#8735 = EDGE_CURVE ( 'NONE', #7772, #6512, #535, .T. ) ;
#8736 = ORIENTED_EDGE ( 'NONE', *, *, #6083, .F. ) ;
#8737 = FACE_OUTER_BOUND ( 'NONE', #6615, .T. ) ;
#8738 = ORIENTED_EDGE ( 'NONE', *, *, #8808, .F. ) ;
#8739 = ORIENTED_EDGE ( 'NONE', *, *, #849, .F. ) ;
#8740 = FACE_OUTER_BOUND ( 'NONE', #8210, .T. ) ;
#8741 = CARTESIAN_POINT ( 'NONE',  ( 63.49999999999994316, 11.00000000000000000, -29.99999999999992539 ) ) ;
#8742 = CARTESIAN_POINT ( 'NONE',  ( 16.49999999999996447, 11.00000000000000000, -20.99999999999996447 ) ) ;
#8743 = EDGE_LOOP ( 'NONE', ( #5319, #3312 ) ) ;
#8744 = CARTESIAN_POINT ( 'NONE',  ( 35.49999999999999289, 2.000000000000000000, -37.99999999999996447 ) ) ;
#8745 = FACE_BOUND ( 'NONE', #9670, .T. ) ;
#8746 = CYLINDRICAL_SURFACE ( 'NONE', #1826, 0.9999999999999974465 ) ;
#8747 = CARTESIAN_POINT ( 'NONE',  ( 72.49999999999988631, 11.00000000000000000, -39.99999999999998579 ) ) ;
#8748 = FACE_OUTER_BOUND ( 'NONE', #4703, .T. ) ;
#8749 = ADVANCED_FACE ( 'NONE', ( #7593 ), #3605, .T. ) ;
#8750 = CARTESIAN_POINT ( 'NONE',  ( 8.514823227813753448, 9.799999999999998934, 8.514823227813847595 ) ) ;
#8751 = CARTESIAN_POINT ( 'NONE',  ( 59.00000000000001421, 2.000000000000000000, -11.99999999999990230 ) ) ;
#8752 = VERTEX_POINT ( 'NONE', #11346 ) ;
#8753 = FACE_OUTER_BOUND ( 'NONE', #6005, .T. ) ;
#8754 = ADVANCED_FACE ( 'NONE', ( #6384 ), #5443, .T. ) ;
#8755 = LINE ( 'NONE', #1975, #1253 ) ;
#8756 = CARTESIAN_POINT ( 'NONE',  ( 53.50000000000000000, -21.88036781070453785, -43.39999999999999858 ) ) ;
#8757 = EDGE_LOOP ( 'NONE', ( #12225, #7626 ) ) ;
#8758 = AXIS2_PLACEMENT_3D ( 'NONE', #6899, #2033, #1024 ) ;
#8759 = EDGE_CURVE ( 'NONE', #11456, #8535, #12160, .T. ) ;
#8760 = PLANE ( 'NONE',  #4393 ) ;
#8761 = DIRECTION ( 'NONE',  ( -0.000000000000000000, -1.000000000000000000, -0.000000000000000000 ) ) ;
#8762 = LINE ( 'NONE', #1167, #8383 ) ;
#8763 = DIRECTION ( 'NONE',  ( -0.000000000000000000, -1.000000000000000000, -0.000000000000000000 ) ) ;
#8764 = EDGE_CURVE ( 'NONE', #11009, #3220, #2653, .T. ) ;
#8765 = VECTOR ( 'NONE', #8659, 1000.000000000000000 ) ;
#8766 = DIRECTION ( 'NONE',  ( -0.000000000000000000, -1.000000000000000000, -0.000000000000000000 ) ) ;
#8767 = DIRECTION ( 'NONE',  ( 1.000000000000000000, 0.000000000000000000, -1.527636139592259900E-15 ) ) ;
#8768 = EDGE_LOOP ( 'NONE', ( #7781, #5036, #5343, #2319 ) ) ;
#8769 = CARTESIAN_POINT ( 'NONE',  ( 48.49999999999999289, 11.00000000000000000, -16.49999999999993250 ) ) ;
#8770 = ORIENTED_EDGE ( 'NONE', *, *, #4193, .T. ) ;
#8771 = ADVANCED_FACE ( 'NONE', ( #9319 ), #9435, .T. ) ;
#8772 = CARTESIAN_POINT ( 'NONE',  ( 0.000000000000000000, 11.00000000000000000, 3.100000000000000089 ) ) ;
#8773 = VERTEX_POINT ( 'NONE', #4497 ) ;
#8774 = DIRECTION ( 'NONE',  ( 0.000000000000000000, 0.000000000000000000, 1.000000000000000000 ) ) ;
#8775 = DIRECTION ( 'NONE',  ( 0.000000000000000000, 0.000000000000000000, 1.000000000000000000 ) ) ;
#8776 = EDGE_CURVE ( 'NONE', #10501, #6234, #8346, .T. ) ;
#8777 = ORIENTED_EDGE ( 'NONE', *, *, #9352, .F. ) ;
#8778 = DIRECTION ( 'NONE',  ( 0.000000000000000000, 0.000000000000000000, -1.000000000000000000 ) ) ;
#8779 = ORIENTED_EDGE ( 'NONE', *, *, #8996, .F. ) ;
#8780 = CARTESIAN_POINT ( 'NONE',  ( 44.50000000000000000, 11.00000000000000000, -12.99999999999993783 ) ) ;
#8781 = CARTESIAN_POINT ( 'NONE',  ( 72.49999999999994316, 11.00000000000000000, -24.49999999999999289 ) ) ;
#8782 = AXIS2_PLACEMENT_3D ( 'NONE', #3905, #11635, #2942 ) ;
#8783 = VERTEX_POINT ( 'NONE', #12352 ) ;
#8784 = DIRECTION ( 'NONE',  ( 0.000000000000000000, 1.000000000000000000, 0.000000000000000000 ) ) ;
#8785 = VERTEX_POINT ( 'NONE', #9377 ) ;
#8786 = VERTEX_POINT ( 'NONE', #8413 ) ;
#8787 = DIRECTION ( 'NONE',  ( -0.000000000000000000, 1.000000000000000000, -0.000000000000000000 ) ) ;
#8788 = CARTESIAN_POINT ( 'NONE',  ( 44.50000000000000000, 2.000000000000000000, -8.499999999999939604 ) ) ;
#8789 = EDGE_CURVE ( 'NONE', #9557, #8835, #8414, .T. ) ;
#8790 = DIRECTION ( 'NONE',  ( 0.000000000000000000, 1.000000000000000000, 0.000000000000000000 ) ) ;
#8791 = ORIENTED_EDGE ( 'NONE', *, *, #9756, .F. ) ;
#8792 = ORIENTED_EDGE ( 'NONE', *, *, #3732, .T. ) ;
#8793 = CYLINDRICAL_SURFACE ( 'NONE', #2775, 2.500000000000000444 ) ;
#8794 = DIRECTION ( 'NONE',  ( 0.000000000000000000, 0.000000000000000000, 1.000000000000000000 ) ) ;
#8795 = MANIFOLD_SOLID_BREP ( 'M8x0.75 Gewindebohrung1', #4950 ) ;
#8796 = DIRECTION ( 'NONE',  ( 0.7127720722690772392, 0.000000000000000000, -0.7013957320894141922 ) ) ;
#8797 = AXIS2_PLACEMENT_3D ( 'NONE', #4455, #4520, #11043 ) ;
#8798 = VERTEX_POINT ( 'NONE', #5702 ) ;
#8799 = FACE_OUTER_BOUND ( 'NONE', #11880, .T. ) ;
#8800 = AXIS2_PLACEMENT_3D ( 'NONE', #9071, #11808, #4192 ) ;
#8801 = EDGE_LOOP ( 'NONE', ( #7120, #5568 ) ) ;
#8802 = VERTEX_POINT ( 'NONE', #12476 ) ;
#8803 = AXIS2_PLACEMENT_3D ( 'NONE', #124, #6885, #5815 ) ;
#8804 = DIRECTION ( 'NONE',  ( 0.000000000000000000, 0.000000000000000000, -1.000000000000000000 ) ) ;
#8805 = DIRECTION ( 'NONE',  ( 0.000000000000000000, 0.000000000000000000, 1.000000000000000000 ) ) ;
#8806 = ADVANCED_FACE ( 'NONE', ( #894 ), #2, .F. ) ;
#8807 = CARTESIAN_POINT ( 'NONE',  ( 7.499999999999930722, 2.000000000000000000, -38.99999999999988631 ) ) ;
#8808 = EDGE_CURVE ( 'NONE', #5625, #4507, #10770, .T. ) ;
#8809 = ORIENTED_EDGE ( 'NONE', *, *, #524, .F. ) ;
#8810 = DIRECTION ( 'NONE',  ( 0.000000000000000000, -0.000000000000000000, 1.000000000000000000 ) ) ;
#8811 = FACE_BOUND ( 'NONE', #10863, .T. ) ;
#8812 = FACE_OUTER_BOUND ( 'NONE', #1932, .T. ) ;
#8813 = CARTESIAN_POINT ( 'NONE',  ( 50.65025253169416430, 11.00000000000000000, -7.479898987322322945 ) ) ;
#8814 = DIRECTION ( 'NONE',  ( 0.000000000000000000, 0.000000000000000000, 1.000000000000000000 ) ) ;
#8815 = EDGE_LOOP ( 'NONE', ( #9008, #2568 ) ) ;
#8816 = DIRECTION ( 'NONE',  ( -0.000000000000000000, -1.000000000000000000, -0.000000000000000000 ) ) ;
#8817 = DIRECTION ( 'NONE',  ( 0.000000000000000000, 1.000000000000000000, 0.000000000000000000 ) ) ;
#8818 = DIRECTION ( 'NONE',  ( 0.7071067811865507924, 0.000000000000000000, 0.7071067811865441310 ) ) ;
#8819 = EDGE_LOOP ( 'NONE', ( #5442, #2660, #11921, #9271 ) ) ;
#8820 = DIRECTION ( 'NONE',  ( 0.000000000000000000, 0.000000000000000000, -1.000000000000000000 ) ) ;
#8821 = CARTESIAN_POINT ( 'NONE',  ( 59.00000000000001421, 2.000000000000000000, -11.99999999999990230 ) ) ;
#8822 = ADVANCED_FACE ( 'NONE', ( #4878 ), #9627, .T. ) ;
#8823 = CARTESIAN_POINT ( 'NONE',  ( 52.63015151901650768, 9.799999999999998934, -8.299999999999991829 ) ) ;
#8824 = DIRECTION ( 'NONE',  ( 0.000000000000000000, 1.000000000000000000, 0.000000000000000000 ) ) ;
#8825 = CIRCLE ( 'NONE', #1337, 2.800000000000000266 ) ;
#8826 = ADVANCED_FACE ( 'NONE', ( #8799 ), #9689, .T. ) ;
#8827 = APPROVAL ( #3938, 'UNSPECIFIED' ) ;
#8828 = DIRECTION ( 'NONE',  ( -0.000000000000000000, -1.000000000000000000, -0.000000000000000000 ) ) ;
#8829 = FACE_OUTER_BOUND ( 'NONE', #2516, .T. ) ;
#8830 = ORIENTED_EDGE ( 'NONE', *, *, #10577, .F. ) ;
#8831 = FACE_OUTER_BOUND ( 'NONE', #3071, .T. ) ;
#8832 = CARTESIAN_POINT ( 'NONE',  ( 7.500000000000007105, 11.00000000000000000, -17.49999999999990052 ) ) ;
#8833 = EDGE_LOOP ( 'NONE', ( #6487, #7623, #10220, #11267 ) ) ;
#8834 = FACE_OUTER_BOUND ( 'NONE', #8633, .T. ) ;
#8835 = VERTEX_POINT ( 'NONE', #130 ) ;
#8836 = DIRECTION ( 'NONE',  ( 0.000000000000000000, 1.000000000000000000, 0.000000000000000000 ) ) ;
#8837 = ORIENTED_EDGE ( 'NONE', *, *, #2566, .T. ) ;
#8838 = ADVANCED_FACE ( 'NONE', ( #4939 ), #6824, .T. ) ;
#8839 = DIRECTION ( 'NONE',  ( -0.000000000000000000, -1.000000000000000000, -0.000000000000000000 ) ) ;
#8840 = VECTOR ( 'NONE', #3337, 1000.000000000000000 ) ;
#8841 = DIRECTION ( 'NONE',  ( 0.000000000000000000, 1.000000000000000000, 0.000000000000000000 ) ) ;
#8842 = ADVANCED_FACE ( 'NONE', ( #8737 ), #5889, .T. ) ;
#8843 = ADVANCED_FACE ( 'NONE', ( #7779 ), #9565, .T. ) ;
#8844 = CIRCLE ( 'NONE', #5007, 1.000000000000000888 ) ;
#8845 = AXIS2_PLACEMENT_3D ( 'NONE', #8381, #11245, #11490 ) ;
#8846 = ORIENTED_EDGE ( 'NONE', *, *, #9475, .F. ) ;
#8847 = CARTESIAN_POINT ( 'NONE',  ( 7.500000000000007105, 11.00000000000000000, -16.49999999999990408 ) ) ;
#8848 = VERTEX_POINT ( 'NONE', #4055 ) ;
#8849 = ORIENTED_EDGE ( 'NONE', *, *, #2778, .T. ) ;
#8850 = DIRECTION ( 'NONE',  ( -0.000000000000000000, 1.000000000000000000, -0.000000000000000000 ) ) ;
#8851 = CARTESIAN_POINT ( 'NONE',  ( 20.04911740367562700, 9.799999999999998934, -3.878763859303826500 ) ) ;
#8852 = DIRECTION ( 'NONE',  ( 0.7071067811865487940, 0.000000000000000000, -0.7071067811865463515 ) ) ;
#8853 = EDGE_LOOP ( 'NONE', ( #4601, #2972, #2785, #9023 ) ) ;
#8854 = ORIENTED_EDGE ( 'NONE', *, *, #8625, .F. ) ;
#8855 = DIRECTION ( 'NONE',  ( 0.000000000000000000, 0.000000000000000000, -1.000000000000000000 ) ) ;
#8856 = FACE_OUTER_BOUND ( 'NONE', #1812, .T. ) ;
#8857 = FACE_OUTER_BOUND ( 'NONE', #9364, .T. ) ;
#8858 = VECTOR ( 'NONE', #2852, 1000.000000000000000 ) ;
#8859 = ADVANCED_FACE ( 'NONE', ( #2083 ), #4746, .F. ) ;
#8860 = ORIENTED_EDGE ( 'NONE', *, *, #9981, .T. ) ;
#8861 = DIRECTION ( 'NONE',  ( 0.000000000000000000, 0.000000000000000000, -1.000000000000000000 ) ) ;
#8862 = CIRCLE ( 'NONE', #7449, 2.999999999999998668 ) ;
#8863 = CIRCLE ( 'NONE', #7859, 0.9999999999999974465 ) ;
#8864 = AXIS2_PLACEMENT_3D ( 'NONE', #1147, #11969, #9943 ) ;
#8865 = VERTEX_POINT ( 'NONE', #8611 ) ;
#8866 = ORIENTED_EDGE ( 'NONE', *, *, #11315, .F. ) ;
#8867 = CYLINDRICAL_SURFACE ( 'NONE', #2409, 0.9999999999999974465 ) ;
#8868 = CARTESIAN_POINT ( 'NONE',  ( 67.99999999999992895, 11.00000000000000000, -28.99999999999996092 ) ) ;
#8869 = DESIGN_CONTEXT ( 'detailed design', #51, 'design' ) ;
#8870 = CARTESIAN_POINT ( 'NONE',  ( 35.49999999999999289, 11.00000000000000000, -28.99999999999996803 ) ) ;
#8871 = ORIENTED_EDGE ( 'NONE', *, *, #12201, .T. ) ;
#8872 = LINE ( 'NONE', #10644, #10918 ) ;
#8873 = FACE_BOUND ( 'NONE', #10112, .T. ) ;
#8874 = CARTESIAN_POINT ( 'NONE',  ( 7.500000000000020428, 11.00000000000000000, -11.99999999999990230 ) ) ;
#8875 = DIRECTION ( 'NONE',  ( -0.000000000000000000, -1.000000000000000000, -0.000000000000000000 ) ) ;
#8876 = AXIS2_PLACEMENT_3D ( 'NONE', #8874, #8684, #11604 ) ;
#8877 = EDGE_CURVE ( 'NONE', #8929, #7677, #11050, .T. ) ;
#8878 = EDGE_CURVE ( 'NONE', #3776, #8580, #2848, .T. ) ;
#8879 = FACE_BOUND ( 'NONE', #7970, .T. ) ;
#8880 = CARTESIAN_POINT ( 'NONE',  ( 44.50000000000000000, 2.000000000000000000, -29.99999999999993960 ) ) ;
#8881 = ORIENTED_EDGE ( 'NONE', *, *, #715, .F. ) ;
#8882 = CARTESIAN_POINT ( 'NONE',  ( 67.99999999999994316, 2.000000000000000000, -25.49999999999996092 ) ) ;
#8883 = VECTOR ( 'NONE', #2812, 1000.000000000000000 ) ;
#8884 = DIRECTION ( 'NONE',  ( -0.000000000000000000, -0.000000000000000000, 1.000000000000000000 ) ) ;
#8885 = AXIS2_PLACEMENT_3D ( 'NONE', #2786, #3682, #12226 ) ;
#8886 = CIRCLE ( 'NONE', #4038, 0.9999999999999974465 ) ;
#8887 = CARTESIAN_POINT ( 'NONE',  ( 44.50000000000000000, 11.00000000000000000, -6.499999999999943157 ) ) ;
#8888 = ORIENTED_EDGE ( 'NONE', *, *, #8133, .T. ) ;
#8889 = FACE_OUTER_BOUND ( 'NONE', #8656, .T. ) ;
#8890 = DIRECTION ( 'NONE',  ( -0.000000000000000000, -1.000000000000000000, -0.000000000000000000 ) ) ;
#8891 = LINE ( 'NONE', #4082, #6159 ) ;
#8892 = EDGE_CURVE ( 'NONE', #11148, #11663, #1900, .T. ) ;
#8893 = AXIS2_PLACEMENT_3D ( 'NONE', #2747, #7502, #9348 ) ;
#8894 = CIRCLE ( 'NONE', #8693, 3.599999999999990319 ) ;
#8895 = VECTOR ( 'NONE', #11282, 1000.000000000000000 ) ;
#8896 = CARTESIAN_POINT ( 'NONE',  ( 67.99999999999998579, 11.00000000000000000, -11.99999999999996625 ) ) ;
#8897 = CARTESIAN_POINT ( 'NONE',  ( -7.210442578875449912E-14, 9.799999999999998934, -47.19999999999989626 ) ) ;
#8898 = ORIENTED_EDGE ( 'NONE', *, *, #2944, .T. ) ;
#8899 = FACE_OUTER_BOUND ( 'NONE', #3316, .T. ) ;
#8900 = CARTESIAN_POINT ( 'NONE',  ( 7.499999999999930722, 11.00000000000000000, -38.99999999999988631 ) ) ;
#8901 = CIRCLE ( 'NONE', #2588, 1.000000000000000888 ) ;
#8902 = VERTEX_POINT ( 'NONE', #4811 ) ;
#8903 = CARTESIAN_POINT ( 'NONE',  ( 12.00000000000003197, 2.000000000000000000, -6.499999999999938716 ) ) ;
#8904 = EDGE_CURVE ( 'NONE', #3910, #3647, #7721, .T. ) ;
#8905 = CIRCLE ( 'NONE', #213, 0.9999999999999974465 ) ;
#8906 = CIRCLE ( 'NONE', #7484, 0.9999999999999974465 ) ;
#8907 = ORIENTED_EDGE ( 'NONE', *, *, #7409, .F. ) ;
#8908 = ORIENTED_EDGE ( 'NONE', *, *, #5124, .T. ) ;
#8909 = DIRECTION ( 'NONE',  ( -0.7071067811865507924, 0.000000000000000000, -0.7071067811865441310 ) ) ;
#8910 = DIRECTION ( 'NONE',  ( 0.000000000000000000, 0.000000000000000000, -1.000000000000000000 ) ) ;
#8911 = CIRCLE ( 'NONE', #10119, 2.200000000000028599 ) ;
#8912 = AXIS2_PLACEMENT_3D ( 'NONE', #8847, #5872, #1067 ) ;
#8913 = VECTOR ( 'NONE', #11680, 1000.000000000000000 ) ;
#8914 = ADVANCED_FACE ( 'NONE', ( #10706 ), #1956, .F. ) ;
#8915 = ORIENTED_EDGE ( 'NONE', *, *, #1495, .T. ) ;
#8916 = CARTESIAN_POINT ( 'NONE',  ( 5.443227718325019282, 9.799999999999998934, -44.75291287251024386 ) ) ;
#8917 = ORIENTED_EDGE ( 'NONE', *, *, #1078, .T. ) ;
#8918 = ORIENTED_EDGE ( 'NONE', *, *, #16, .F. ) ;
#8919 = DIRECTION ( 'NONE',  ( 1.000000000000000000, 0.000000000000000000, -4.818676322157797621E-17 ) ) ;
#8921 = EDGE_CURVE ( 'NONE', #2585, #8290, #4172, .T. ) ;
#8920 = CARTESIAN_POINT ( 'NONE',  ( 80.00000000000000000, 0.000000000000000000, 0.000000000000000000 ) ) ;
#8922 = EDGE_CURVE ( 'NONE', #7193, #6486, #3093, .T. ) ;
#8923 = ORIENTED_EDGE ( 'NONE', *, *, #11343, .T. ) ;
#8924 = ORIENTED_EDGE ( 'NONE', *, *, #7202, .F. ) ;
#8925 = DIRECTION ( 'NONE',  ( 0.000000000000000000, 1.000000000000000000, -0.000000000000000000 ) ) ;
#8926 = EDGE_CURVE ( 'NONE', #3556, #6512, #2364, .T. ) ;
#8927 = CARTESIAN_POINT ( 'NONE',  ( 59.00000000000001421, 11.00000000000000000, -12.99999999999990052 ) ) ;
#8928 = AXIS2_PLACEMENT_3D ( 'NONE', #7298, #12046, #11176 ) ;
#8929 = VERTEX_POINT ( 'NONE', #6232 ) ;
#8930 = AXIS2_PLACEMENT_3D ( 'NONE', #9455, #4640, #8507 ) ;
#8931 = CARTESIAN_POINT ( 'NONE',  ( 44.50000000000000000, 11.00000000000000000, -16.49999999999994316 ) ) ;
#8932 = AXIS2_PLACEMENT_3D ( 'NONE', #10720, #6964, #10839 ) ;
#8933 = ORIENTED_EDGE ( 'NONE', *, *, #12008, .T. ) ;
#8934 = ORIENTED_EDGE ( 'NONE', *, *, #5468, .T. ) ;
#8935 = CARTESIAN_POINT ( 'NONE',  ( 0.000000000000000000, 9.799999999999998934, -40.50000000000000711 ) ) ;
#8936 = DIRECTION ( 'NONE',  ( -0.000000000000000000, -1.000000000000000000, -0.000000000000000000 ) ) ;
#8937 = CARTESIAN_POINT ( 'NONE',  ( 58.99999999999995737, 2.000000000000000000, -29.99999999999989342 ) ) ;
#8938 = VERTEX_POINT ( 'NONE', #2140 ) ;
#8939 = CIRCLE ( 'NONE', #4480, 0.9999999999999974465 ) ;
#8940 = DIRECTION ( 'NONE',  ( 1.000000000000000000, 0.000000000000000000, -4.818676322157797621E-17 ) ) ;
#8941 = FACE_BOUND ( 'NONE', #4737, .T. ) ;
#8942 = DIRECTION ( 'NONE',  ( 0.000000000000000000, 0.000000000000000000, 1.000000000000000000 ) ) ;
#8943 = EDGE_CURVE ( 'NONE', #4880, #7389, #11054, .T. ) ;
#8944 = CARTESIAN_POINT ( 'NONE',  ( 77.00000000000000000, 11.00000000000000000, -44.89029455227312582 ) ) ;
#8945 = DIRECTION ( 'NONE',  ( 0.000000000000000000, 1.000000000000000000, 0.000000000000000000 ) ) ;
#8946 = FACE_OUTER_BOUND ( 'NONE', #10029, .T. ) ;
#8947 = ORIENTED_EDGE ( 'NONE', *, *, #6276, .F. ) ;
#8948 = DIRECTION ( 'NONE',  ( 0.000000000000000000, 0.000000000000000000, 1.000000000000000000 ) ) ;
#8949 = CARTESIAN_POINT ( 'NONE',  ( 67.99999999999997158, 11.00000000000000000, -15.49999999999996803 ) ) ;
#8950 = CARTESIAN_POINT ( 'NONE',  ( 35.49999999999999289, 2.000000000000000000, -12.99999999999995914 ) ) ;
#8951 = DIRECTION ( 'NONE',  ( 0.000000000000000000, 1.000000000000000000, -0.000000000000000000 ) ) ;
#8952 = EDGE_CURVE ( 'NONE', #188, #3674, #1625, .T. ) ;
#8953 = DIRECTION ( 'NONE',  ( 0.000000000000000000, 0.000000000000000000, 1.000000000000000000 ) ) ;
#8954 = CYLINDRICAL_SURFACE ( 'NONE', #9625, 0.9999999999999974465 ) ;
#8955 = DIRECTION ( 'NONE',  ( 0.000000000000000000, 0.000000000000000000, -1.000000000000000000 ) ) ;
#8956 = CARTESIAN_POINT ( 'NONE',  ( 16.49999999999996447, 2.000000000000000000, -19.99999999999996447 ) ) ;
#8957 = VERTEX_POINT ( 'NONE', #674 ) ;
#8958 = PLANE ( 'NONE',  #4242 ) ;
#8959 = DIRECTION ( 'NONE',  ( 1.000000000000000000, 0.000000000000000000, -4.818676322157797621E-17 ) ) ;
#8960 = ORIENTED_EDGE ( 'NONE', *, *, #2943, .T. ) ;
#8961 = DIRECTION ( 'NONE',  ( 0.000000000000000000, 0.000000000000000000, 1.000000000000000000 ) ) ;
#8962 = EDGE_CURVE ( 'NONE', #8138, #7188, #2147, .T. ) ;
#8963 = EDGE_CURVE ( 'NONE', #4993, #11281, #5294, .T. ) ;
#8964 = ORIENTED_EDGE ( 'NONE', *, *, #7828, .F. ) ;
#8965 = ORIENTED_EDGE ( 'NONE', *, *, #7075, .T. ) ;
#8966 = CARTESIAN_POINT ( 'NONE',  ( 48.29461583732884122, 11.00000000000000000, -39.97868143219523773 ) ) ;
#8967 = DIRECTION ( 'NONE',  ( 0.000000000000000000, -1.000000000000000000, 0.000000000000000000 ) ) ;
#8968 = AXIS2_PLACEMENT_3D ( 'NONE', #6131, #1460, #10002 ) ;
#8969 = FACE_OUTER_BOUND ( 'NONE', #6939, .T. ) ;
#8970 = ORIENTED_EDGE ( 'NONE', *, *, #8999, .T. ) ;
#8971 = DIRECTION ( 'NONE',  ( 0.000000000000000000, -1.000000000000000000, 0.000000000000000000 ) ) ;
#8972 = VERTEX_POINT ( 'NONE', #483 ) ;
#8973 = ORIENTED_EDGE ( 'NONE', *, *, #4397, .F. ) ;
#8974 = FACE_OUTER_BOUND ( 'NONE', #7570, .T. ) ;
#8975 = CARTESIAN_POINT ( 'NONE',  ( 16.49999999999989697, 2.000000000000000000, -39.99999999999995026 ) ) ;
#8976 = CIRCLE ( 'NONE', #3509, 2.999999999999999112 ) ;
#8977 = EDGE_LOOP ( 'NONE', ( #5, #4914, #4103, #6884 ) ) ;
#8978 = ORIENTED_EDGE ( 'NONE', *, *, #10310, .F. ) ;
#8979 = DIRECTION ( 'NONE',  ( 0.000000000000000000, 1.000000000000000000, 0.000000000000000000 ) ) ;
#8980 = CARTESIAN_POINT ( 'NONE',  ( 44.50000000000000000, 2.000000000000000000, -29.99999999999993960 ) ) ;
#8981 = EDGE_CURVE ( 'NONE', #3278, #4161, #1807, .T. ) ;
#8982 = AXIS2_PLACEMENT_3D ( 'NONE', #10241, #2631, #2758 ) ;
#8983 = ADVANCED_FACE ( 'NONE', ( #8322 ), #7376, .T. ) ;
#8984 = ORIENTED_EDGE ( 'NONE', *, *, #11005, .T. ) ;
#8985 = ORIENTED_EDGE ( 'NONE', *, *, #7917, .F. ) ;
#8986 = ORIENTED_EDGE ( 'NONE', *, *, #8444, .T. ) ;
#8987 = PLANE ( 'NONE',  #6860 ) ;
#8988 = DIRECTION ( 'NONE',  ( -0.000000000000000000, 1.000000000000000000, -0.000000000000000000 ) ) ;
#8989 = CARTESIAN_POINT ( 'NONE',  ( 26.45857864376269930, 9.799999999999998934, -6.299999999999991829 ) ) ;
#8990 = EDGE_LOOP ( 'NONE', ( #2104, #7504, #9045, #2880 ) ) ;
#8991 = DIRECTION ( 'NONE',  ( 0.000000000000000000, 0.000000000000000000, 1.000000000000000000 ) ) ;
#8992 = DIRECTION ( 'NONE',  ( -0.000000000000000000, 1.000000000000000000, -0.000000000000000000 ) ) ;
#8993 = AXIS2_PLACEMENT_3D ( 'NONE', #1568, #4477, #2824 ) ;
#8994 = CYLINDRICAL_SURFACE ( 'NONE', #10702, 0.9999999999999974465 ) ;
#8995 = EDGE_CURVE ( 'NONE', #7567, #12388, #1209, .T. ) ;
#8996 = EDGE_CURVE ( 'NONE', #9476, #1316, #2211, .T. ) ;
#8997 = CIRCLE ( 'NONE', #3533, 0.9999999999999974465 ) ;
#8998 = CIRCLE ( 'NONE', #3951, 3.599999999999992095 ) ;
#8999 = EDGE_CURVE ( 'NONE', #8773, #7192, #6299, .T. ) ;
#9000 = DIRECTION ( 'NONE',  ( 0.000000000000000000, 0.000000000000000000, 1.000000000000000000 ) ) ;
#9001 = CARTESIAN_POINT ( 'NONE',  ( 44.50000000000000000, 11.00000000000000000, -16.49999999999994316 ) ) ;
#9002 = ORIENTED_EDGE ( 'NONE', *, *, #3587, .T. ) ;
#9003 = EDGE_LOOP ( 'NONE', ( #8538, #6596 ) ) ;
#9004 = DIRECTION ( 'NONE',  ( 0.000000000000000000, 0.000000000000000000, 1.000000000000000000 ) ) ;
#9005 = DIRECTION ( 'NONE',  ( 0.000000000000000000, 1.000000000000000000, 0.000000000000000000 ) ) ;
#9006 = CARTESIAN_POINT ( 'NONE',  ( 67.99999999999998579, 11.00000000000000000, -11.99999999999996625 ) ) ;
#9007 = DIRECTION ( 'NONE',  ( -0.000000000000000000, -1.000000000000000000, -0.000000000000000000 ) ) ;
#9008 = ORIENTED_EDGE ( 'NONE', *, *, #9987, .T. ) ;
#9009 = CARTESIAN_POINT ( 'NONE',  ( 16.49999999999999289, 2.000000000000000000, -10.99999999999996803 ) ) ;
#9010 = CARTESIAN_POINT ( 'NONE',  ( 58.99999999999999289, 2.000000000000000000, -20.99999999999990052 ) ) ;
#9011 = LINE ( 'NONE', #6701, #1333 ) ;
#9012 = ADVANCED_FACE ( 'NONE', ( #1557 ), #6006, .F. ) ;
#9013 = ADVANCED_FACE ( 'NONE', ( #5410 ), #9282, .T. ) ;
#9014 = DIRECTION ( 'NONE',  ( -0.000000000000000000, -1.000000000000000000, -0.000000000000000000 ) ) ;
#9015 = CIRCLE ( 'NONE', #4558, 0.9999999999999974465 ) ;
#9016 = CARTESIAN_POINT ( 'NONE',  ( 80.00000000000000000, 11.00000000000000000, -8.299999999999991829 ) ) ;
#9017 = ORIENTED_EDGE ( 'NONE', *, *, #12235, .T. ) ;
#9018 = CYLINDRICAL_SURFACE ( 'NONE', #2347, 0.9999999999999974465 ) ;
#9019 = DIRECTION ( 'NONE',  ( -1.000000000000000000, 0.000000000000000000, 7.534230757946422568E-17 ) ) ;
#9020 = ORIENTED_EDGE ( 'NONE', *, *, #9987, .F. ) ;
#9021 = DIRECTION ( 'NONE',  ( 0.000000000000000000, 0.000000000000000000, -1.000000000000000000 ) ) ;
#9022 = ORIENTED_EDGE ( 'NONE', *, *, #3176, .F. ) ;
#9023 = ORIENTED_EDGE ( 'NONE', *, *, #2935, .T. ) ;
#9024 = DIRECTION ( 'NONE',  ( 0.000000000000000000, 0.000000000000000000, -1.000000000000000000 ) ) ;
#9025 = CARTESIAN_POINT ( 'NONE',  ( 26.50000000000000000, -21.88036781070453785, -43.39999999999999858 ) ) ;
#9026 = AXIS2_PLACEMENT_3D ( 'NONE', #126, #3981, #7839 ) ;
#9027 = EDGE_CURVE ( 'NONE', #3782, #2085, #8901, .T. ) ;
#9028 = AXIS2_PLACEMENT_3D ( 'NONE', #2736, #7608, #2863 ) ;
#9029 = ADVANCED_FACE ( 'NONE', ( #12063 ), #259, .T. ) ;
#9030 = VECTOR ( 'NONE', #9503, 1000.000000000000000 ) ;
#9031 = DIRECTION ( 'NONE',  ( 0.000000000000000000, 1.000000000000000000, 0.000000000000000000 ) ) ;
#9032 = ORIENTED_EDGE ( 'NONE', *, *, #6568, .F. ) ;
#9033 = CIRCLE ( 'NONE', #4177, 2.500000000000002220 ) ;
#9034 = ORIENTED_EDGE ( 'NONE', *, *, #8776, .F. ) ;
#9035 = ORIENTED_EDGE ( 'NONE', *, *, #8789, .F. ) ;
#9036 = FACE_OUTER_BOUND ( 'NONE', #6928, .T. ) ;
#9037 = DIRECTION ( 'NONE',  ( -0.7071067811865483499, 0.000000000000000000, -0.7071067811865467956 ) ) ;
#9038 = ORIENTED_EDGE ( 'NONE', *, *, #9121, .F. ) ;
#9039 = ORIENTED_EDGE ( 'NONE', *, *, #11409, .T. ) ;
#9040 = CARTESIAN_POINT ( 'NONE',  ( 12.00000000000003197, 11.00000000000000000, -8.499999999999934275 ) ) ;
#9041 = LINE ( 'NONE', #4350, #961 ) ;
#9042 = AXIS2_PLACEMENT_3D ( 'NONE', #2885, #11636, #10680 ) ;
#9043 = ORIENTED_EDGE ( 'NONE', *, *, #12405, .F. ) ;
#9044 = VERTEX_POINT ( 'NONE', #7182 ) ;
#9045 = ORIENTED_EDGE ( 'NONE', *, *, #5137, .F. ) ;
#9046 = CARTESIAN_POINT ( 'NONE',  ( 61.24380052431966703, 11.00000000000000000, -4.000059493681638045 ) ) ;
#9047 = FACE_OUTER_BOUND ( 'NONE', #6611, .T. ) ;
#9048 = DIRECTION ( 'NONE',  ( 3.717264591378885418E-14, 0.000000000000000000, 1.000000000000000000 ) ) ;
#9049 = VERTEX_POINT ( 'NONE', #7964 ) ;
#9050 = VECTOR ( 'NONE', #8967, 1000.000000000000000 ) ;
#9051 = DIRECTION ( 'NONE',  ( 0.000000000000000000, 1.000000000000000000, 0.000000000000000000 ) ) ;
#9052 = FACE_BOUND ( 'NONE', #970, .T. ) ;
#9053 = CARTESIAN_POINT ( 'NONE',  ( 67.99999999999994316, 2.000000000000000000, -24.49999999999996447 ) ) ;
#9054 = EDGE_CURVE ( 'NONE', #3447, #5037, #4395, .T. ) ;
#9055 = AXIS2_PLACEMENT_3D ( 'NONE', #5971, #11614, #2924 ) ;
#9056 = AXIS2_PLACEMENT_3D ( 'NONE', #2587, #6452, #5514 ) ;
#9057 = CARTESIAN_POINT ( 'NONE',  ( 58.99999999999994316, 11.00000000000000000, -35.49999999999989342 ) ) ;
#9058 = EDGE_CURVE ( 'NONE', #2742, #3575, #6669, .T. ) ;
#9059 = DIRECTION ( 'NONE',  ( 0.000000000000000000, 0.000000000000000000, 1.000000000000000000 ) ) ;
#9060 = ORIENTED_EDGE ( 'NONE', *, *, #8631, .F. ) ;
#9061 = EDGE_LOOP ( 'NONE', ( #6025, #699, #3421, #8601 ) ) ;
#9062 = DIRECTION ( 'NONE',  ( -0.7071067811865470176, 0.000000000000000000, -0.7071067811865481278 ) ) ;
#9063 = CARTESIAN_POINT ( 'NONE',  ( 54.28700576850885540, 11.00000000000000000, -41.50000000000000711 ) ) ;
#9064 = CARTESIAN_POINT ( 'NONE',  ( 72.49999999999998579, 11.00000000000000000, -11.00000000000000000 ) ) ;
#9065 = CARTESIAN_POINT ( 'NONE',  ( 16.49999999999999289, 11.00000000000000000, -11.99999999999996625 ) ) ;
#9066 = ORIENTED_EDGE ( 'NONE', *, *, #4049, .T. ) ;
#9067 = DIRECTION ( 'NONE',  ( -0.000000000000000000, -1.000000000000000000, -0.000000000000000000 ) ) ;
#9068 = EDGE_CURVE ( 'NONE', #2252, #1151, #12445, .T. ) ;
#9069 = VECTOR ( 'NONE', #5370, 1000.000000000000000 ) ;
#9070 = DIRECTION ( 'NONE',  ( -0.000000000000000000, -1.000000000000000000, -0.000000000000000000 ) ) ;
#9071 = CARTESIAN_POINT ( 'NONE',  ( 72.49999999999994316, 2.000000000000000000, -25.49999999999999289 ) ) ;
#9072 = VECTOR ( 'NONE', #5371, 1000.000000000000000 ) ;
#9073 = EDGE_CURVE ( 'NONE', #5891, #9220, #3833, .T. ) ;
#9074 = VECTOR ( 'NONE', #2331, 1000.000000000000000 ) ;
#9075 = CARTESIAN_POINT ( 'NONE',  ( 7.500000000000041744, 11.00000000000000000, -6.499999999999906741 ) ) ;
#9076 = VECTOR ( 'NONE', #8263, 1000.000000000000000 ) ;
#9077 = VECTOR ( 'NONE', #2768, 1000.000000000000000 ) ;
#9078 = DIRECTION ( 'NONE',  ( -0.000000000000000000, 1.000000000000000000, -0.000000000000000000 ) ) ;
#9079 = ORIENTED_EDGE ( 'NONE', *, *, #9647, .T. ) ;
#9080 = CARTESIAN_POINT ( 'NONE',  ( 53.50000000000000000, 0.000000000000000000, -43.39999999999999858 ) ) ;
#9081 = DIRECTION ( 'NONE',  ( 0.000000000000000000, -0.000000000000000000, 1.000000000000000000 ) ) ;
#9082 = ORIENTED_EDGE ( 'NONE', *, *, #11946, .F. ) ;
#9083 = DIRECTION ( 'NONE',  ( 0.000000000000000000, 1.000000000000000000, -0.000000000000000000 ) ) ;
#9084 = DIRECTION ( 'NONE',  ( -0.000000000000000000, -1.000000000000000000, -0.000000000000000000 ) ) ;
#9085 = ORIENTED_EDGE ( 'NONE', *, *, #4969, .F. ) ;
#9086 = CYLINDRICAL_SURFACE ( 'NONE', #2829, 0.9999999999999974465 ) ;
#9087 = VERTEX_POINT ( 'NONE', #3766 ) ;
#9088 = CARTESIAN_POINT ( 'NONE',  ( 20.99999999999990052, 11.00000000000000000, -33.49999999999998579 ) ) ;
#9089 = ADVANCED_FACE ( 'NONE', ( #5793 ), #1928, .F. ) ;
#9090 = CARTESIAN_POINT ( 'NONE',  ( 63.49999999999992895, 11.00000000000000000, -35.49999999999992895 ) ) ;
#9091 = CIRCLE ( 'NONE', #6238, 0.9999999999999940048 ) ;
#9092 = CIRCLE ( 'NONE', #4032, 0.9999999999999974465 ) ;
#9093 = AXIS2_PLACEMENT_3D ( 'NONE', #8526, #1752, #1814 ) ;
#9094 = VECTOR ( 'NONE', #133, 1000.000000000000000 ) ;
#9095 = CARTESIAN_POINT ( 'NONE',  ( 58.99999999999997158, 2.000000000000000000, -24.49999999999990052 ) ) ;
#9096 = EDGE_LOOP ( 'NONE', ( #989, #11029, #1501, #1466 ) ) ;
#9097 = CARTESIAN_POINT ( 'NONE',  ( 72.49999999999998579, 2.000000000000000000, -11.99999999999999645 ) ) ;
#9098 = AXIS2_PLACEMENT_3D ( 'NONE', #11602, #2910, #6771 ) ;
#9099 = ORIENTED_EDGE ( 'NONE', *, *, #9508, .T. ) ;
#9100 = ORIENTED_EDGE ( 'NONE', *, *, #1134, .F. ) ;
#9101 = CARTESIAN_POINT ( 'NONE',  ( 35.49999999999999289, 2.000000000000000000, -15.49999999999996447 ) ) ;
#9102 = FACE_OUTER_BOUND ( 'NONE', #12435, .T. ) ;
#9103 = ORIENTED_EDGE ( 'NONE', *, *, #12472, .T. ) ;
#9104 = ORIENTED_EDGE ( 'NONE', *, *, #5056, .T. ) ;
#9105 = CARTESIAN_POINT ( 'NONE',  ( 13.50000000000000000, 5.000000000000000000, -4.000000000000001776 ) ) ;
#9106 = EDGE_CURVE ( 'NONE', #1264, #11649, #10925, .T. ) ;
#9107 = CARTESIAN_POINT ( 'NONE',  ( 58.99999999999999289, 11.00000000000000000, -21.99999999999989697 ) ) ;
#9108 = AXIS2_PLACEMENT_3D ( 'NONE', #2533, #1608, #9262 ) ;
#9109 = ORIENTED_EDGE ( 'NONE', *, *, #4391, .F. ) ;
#9110 = ORIENTED_EDGE ( 'NONE', *, *, #4596, .T. ) ;
#9111 = ORIENTED_EDGE ( 'NONE', *, *, #10160, .F. ) ;
#9112 = DIRECTION ( 'NONE',  ( 0.000000000000000000, 1.000000000000000000, -0.000000000000000000 ) ) ;
#9113 = DIRECTION ( 'NONE',  ( -0.7071067811865474617, 0.000000000000000000, -0.7071067811865474617 ) ) ;
#9114 = AXIS2_PLACEMENT_3D ( 'NONE', #10757, #4096, #7951 ) ;
#9115 = DIRECTION ( 'NONE',  ( 0.000000000000000000, 0.000000000000000000, -1.000000000000000000 ) ) ;
#9116 = AXIS2_PLACEMENT_3D ( 'NONE', #6854, #976, #224 ) ;
#9117 = ORIENTED_EDGE ( 'NONE', *, *, #9740, .T. ) ;
#9118 = CARTESIAN_POINT ( 'NONE',  ( 76.00000000000000000, 11.00000000000000000, -0.000000000000000000 ) ) ;
#9119 = FACE_BOUND ( 'NONE', #11167, .T. ) ;
#9120 = CARTESIAN_POINT ( 'NONE',  ( 53.45857864376269220, 11.00000000000000000, -3.499999999999993339 ) ) ;
#9121 = EDGE_CURVE ( 'NONE', #7045, #751, #800, .T. ) ;
#9122 = APPROVAL_STATUS ( 'not_yet_approved' ) ;
#9123 = CIRCLE ( 'NONE', #5274, 3.000000000000009770 ) ;
#9124 = AXIS2_PLACEMENT_3D ( 'NONE', #1244, #7754, #3959 ) ;
#9125 = DIRECTION ( 'NONE',  ( 0.000000000000000000, -0.000000000000000000, 1.000000000000000000 ) ) ;
#9126 = CYLINDRICAL_SURFACE ( 'NONE', #10521, 0.9999999999999974465 ) ;
#9127 = EDGE_LOOP ( 'NONE', ( #8314, #5541, #10311, #6132 ) ) ;
#9128 = EDGE_LOOP ( 'NONE', ( #5307, #10990, #7388, #8792 ) ) ;
#9129 = DIRECTION ( 'NONE',  ( -0.000000000000000000, -1.000000000000000000, -0.000000000000000000 ) ) ;
#9130 = CARTESIAN_POINT ( 'NONE',  ( 53.00000000000000000, 2.000000000000000000, -32.14999999999999858 ) ) ;
#9131 = CARTESIAN_POINT ( 'NONE',  ( 54.28700576850885540, 9.799999999999998934, -38.50000000000001421 ) ) ;
#9132 = CARTESIAN_POINT ( 'NONE',  ( 7.499999999999958256, 11.00000000000000000, -28.99999999999989697 ) ) ;
#9133 = ORIENTED_EDGE ( 'NONE', *, *, #5775, .T. ) ;
#9134 = LINE ( 'NONE', #6332, #10478 ) ;
#9135 = AXIS2_PLACEMENT_3D ( 'NONE', #2159, #3886, #5781 ) ;
#9136 = CARTESIAN_POINT ( 'NONE',  ( 35.01482322781394885, 9.799999999999998934, -44.98517677218592326 ) ) ;
#9137 = DIRECTION ( 'NONE',  ( -0.000000000000000000, 1.000000000000000000, -0.000000000000000000 ) ) ;
#9138 = EDGE_CURVE ( 'NONE', #1113, #3856, #735, .T. ) ;
#9139 = VECTOR ( 'NONE', #1424, 1000.000000000000000 ) ;
#9140 = ADVANCED_FACE ( 'NONE', ( #11567 ), #2621, .T. ) ;
#9141 = EDGE_CURVE ( 'NONE', #6302, #3378, #7253, .T. ) ;
#9142 = PLANE ( 'NONE',  #1057 ) ;
#9143 = DIRECTION ( 'NONE',  ( -0.000000000000000000, 1.000000000000000000, -0.000000000000000000 ) ) ;
#9144 = ORIENTED_EDGE ( 'NONE', *, *, #11470, .F. ) ;
#9145 = CARTESIAN_POINT ( 'NONE',  ( 7.499999999999971578, 11.00000000000000000, -26.49999999999989342 ) ) ;
#9146 = EDGE_CURVE ( 'NONE', #10865, #4988, #6245, .T. ) ;
#9147 = CARTESIAN_POINT ( 'NONE',  ( 35.49999999999999289, 2.000000000000000000, -20.99999999999996447 ) ) ;
#9148 = DIRECTION ( 'NONE',  ( 0.000000000000000000, 1.000000000000000000, 0.000000000000000000 ) ) ;
#9149 = VERTEX_POINT ( 'NONE', #11375 ) ;
#9150 = ORIENTED_EDGE ( 'NONE', *, *, #2844, .T. ) ;
#9151 = CARTESIAN_POINT ( 'NONE',  ( 24.26776695296635467, 2.000000000000000000, -9.087362902255671671 ) ) ;
#9152 = CARTESIAN_POINT ( 'NONE',  ( 48.49999999999999289, 11.00000000000000000, -19.99999999999993250 ) ) ;
#9153 = EDGE_CURVE ( 'NONE', #8084, #8276, #7874, .T. ) ;
#9154 = EDGE_CURVE ( 'NONE', #7141, #8211, #12254, .T. ) ;
#9155 = DIRECTION ( 'NONE',  ( 0.000000000000000000, 1.000000000000000000, 0.000000000000000000 ) ) ;
#9156 = DIRECTION ( 'NONE',  ( 0.7071067811865464625, 0.000000000000000000, 0.7071067811865486830 ) ) ;
#9157 = ADVANCED_FACE ( 'NONE', ( #6484 ), #3643, .T. ) ;
#9158 = VERTEX_POINT ( 'NONE', #1872 ) ;
#9159 = CARTESIAN_POINT ( 'NONE',  ( 27.36984848098341416, 9.799999999999998934, -41.30000000000000426 ) ) ;
#9160 = ORIENTED_EDGE ( 'NONE', *, *, #7668, .T. ) ;
#9161 = ORIENTED_EDGE ( 'NONE', *, *, #4960, .T. ) ;
#9162 = DIRECTION ( 'NONE',  ( 0.000000000000000000, 1.000000000000000000, 0.000000000000000000 ) ) ;
#9163 = CARTESIAN_POINT ( 'NONE',  ( 5.200000000000024158, 9.799999999999998934, -3.000000000000007994 ) ) ;
#9164 = ORIENTED_EDGE ( 'NONE', *, *, #10160, .T. ) ;
#9165 = ORIENTED_EDGE ( 'NONE', *, *, #3686, .F. ) ;
#9166 = CARTESIAN_POINT ( 'NONE',  ( 18.13488133249398970, 9.799999999999998934, -1.000000000000005551 ) ) ;
#9167 = AXIS2_PLACEMENT_3D ( 'NONE', #11725, #4817, #5894 ) ;
#9168 = CARTESIAN_POINT ( 'NONE',  ( 5.443227718325019282, 11.00000000000000000, -44.75470390403734200 ) ) ;
#9169 = AXIS2_PLACEMENT_3D ( 'NONE', #2096, #9707, #11672 ) ;
#9170 = AXIS2_PLACEMENT_3D ( 'NONE', #2538, #11044, #598 ) ;
#9171 = ADVANCED_FACE ( 'NONE', ( #926 ), #5538, .T. ) ;
#9172 = ORIENTED_EDGE ( 'NONE', *, *, #9138, .T. ) ;
#9173 = EDGE_LOOP ( 'NONE', ( #9665, #292, #10438, #7349 ) ) ;
#9174 = ORIENTED_EDGE ( 'NONE', *, *, #8545, .F. ) ;
#9175 = CARTESIAN_POINT ( 'NONE',  ( 72.49999999999990052, 11.00000000000000000, -34.49999999999998579 ) ) ;
#9176 = DIRECTION ( 'NONE',  ( 0.7071067811865474617, 0.000000000000000000, 0.7071067811865474617 ) ) ;
#9177 = CARTESIAN_POINT ( 'NONE',  ( 74.55677228167498072, 11.00000000000000000, -44.75470390403734200 ) ) ;
#9178 = EDGE_LOOP ( 'NONE', ( #6191, #11049, #10113, #1426 ) ) ;
#9179 = DIRECTION ( 'NONE',  ( 0.000000000000000000, 0.000000000000000000, 1.000000000000000000 ) ) ;
#9180 = FACE_BOUND ( 'NONE', #1198, .T. ) ;
#9181 = CARTESIAN_POINT ( 'NONE',  ( -7.210442578875449912E-14, 11.00000000000000000, -47.19999999999989626 ) ) ;
#9182 = VECTOR ( 'NONE', #10845, 1000.000000000000000 ) ;
#9183 = EDGE_CURVE ( 'NONE', #10572, #9553, #12316, .T. ) ;
#9184 = ORIENTED_EDGE ( 'NONE', *, *, #9684, .F. ) ;
#9185 = DIRECTION ( 'NONE',  ( 0.000000000000000000, 0.000000000000000000, 1.000000000000000000 ) ) ;
#9186 = ADVANCED_FACE ( 'NONE', ( #4657 ), #8520, .T. ) ;
#9187 = DIRECTION ( 'NONE',  ( 1.000000000000000000, 0.000000000000000000, -2.011680777451463154E-16 ) ) ;
#9188 = VECTOR ( 'NONE', #11944, 1000.000000000000000 ) ;
#9189 = ORIENTED_EDGE ( 'NONE', *, *, #11315, .T. ) ;
#9190 = ORIENTED_EDGE ( 'NONE', *, *, #6320, .F. ) ;
#9191 = DIRECTION ( 'NONE',  ( 1.000000000000000000, 0.000000000000000000, 0.000000000000000000 ) ) ;
#9192 = VECTOR ( 'NONE', #3239, 1000.000000000000000 ) ;
#9193 = DIRECTION ( 'NONE',  ( 0.000000000000000000, 0.000000000000000000, -1.000000000000000000 ) ) ;
#9194 = FACE_OUTER_BOUND ( 'NONE', #8401, .T. ) ;
#9195 = DIRECTION ( 'NONE',  ( -0.000000000000000000, -1.000000000000000000, -0.000000000000000000 ) ) ;
#9196 = FACE_OUTER_BOUND ( 'NONE', #6833, .T. ) ;
#9197 = DIRECTION ( 'NONE',  ( -1.000000000000000000, 0.000000000000000000, -3.496519228280624712E-16 ) ) ;
#9198 = CYLINDRICAL_SURFACE ( 'NONE', #3955, 2.800000000000002931 ) ;
#9199 = VECTOR ( 'NONE', #10987, 1000.000000000000000 ) ;
#9200 = VECTOR ( 'NONE', #5861, 1000.000000000000000 ) ;
#9201 = CYLINDRICAL_SURFACE ( 'NONE', #6507, 0.9999999999999983347 ) ;
#9202 = CARTESIAN_POINT ( 'NONE',  ( 0.000000000000000000, 0.000000000000000000, 0.000000000000000000 ) ) ;
#9203 = ORIENTED_EDGE ( 'NONE', *, *, #7358, .T. ) ;
#9204 = DIRECTION ( 'NONE',  ( 1.000000000000000000, 0.000000000000000000, -4.818676322157797621E-17 ) ) ;
#9205 = CARTESIAN_POINT ( 'NONE',  ( -7.534230757946416405E-17, 11.00000000000000000, -0.9999999999999991118 ) ) ;
#9206 = ADVANCED_FACE ( 'NONE', ( #1810 ), #5673, .T. ) ;
#9207 = VECTOR ( 'NONE', #11104, 1000.000000000000000 ) ;
#9208 = FACE_OUTER_BOUND ( 'NONE', #2652, .T. ) ;
#9209 = AXIS2_PLACEMENT_3D ( 'NONE', #11200, #4222, #5235 ) ;
#9210 = DIRECTION ( 'NONE',  ( 0.000000000000000000, 1.000000000000000000, 0.000000000000000000 ) ) ;
#9211 = VERTEX_POINT ( 'NONE', #3957 ) ;
#9212 = CARTESIAN_POINT ( 'NONE',  ( 35.49999999999999289, 2.000000000000000000, -29.99999999999996447 ) ) ;
#9213 = ORIENTED_EDGE ( 'NONE', *, *, #10064, .F. ) ;
#9214 = CARTESIAN_POINT ( 'NONE',  ( 34.24386001800125001, 11.00000000000000000, -4.000000000000002665 ) ) ;
#9215 = CARTESIAN_POINT ( 'NONE',  ( 25.63015151901650768, 9.799999999999998934, -8.299999999999991829 ) ) ;
#9216 = EDGE_CURVE ( 'NONE', #5261, #8580, #4845, .T. ) ;
#9217 = DIRECTION ( 'NONE',  ( 0.000000000000000000, 1.000000000000000000, 0.000000000000000000 ) ) ;
#9218 = CARTESIAN_POINT ( 'NONE',  ( 48.49999999999999289, 11.00000000000000000, -33.49999999999992895 ) ) ;
#9219 = ORIENTED_EDGE ( 'NONE', *, *, #10849, .F. ) ;
#9220 = VERTEX_POINT ( 'NONE', #233 ) ;
#9221 = VERTEX_POINT ( 'NONE', #3895 ) ;
#9222 = CYLINDRICAL_SURFACE ( 'NONE', #1797, 0.9999999999999974465 ) ;
#9223 = DIRECTION ( 'NONE',  ( 0.000000000000000000, 1.000000000000000000, 0.000000000000000000 ) ) ;
#9224 = ORIENTED_EDGE ( 'NONE', *, *, #567, .F. ) ;
#9225 = ORIENTED_EDGE ( 'NONE', *, *, #11823, .F. ) ;
#9226 = DIRECTION ( 'NONE',  ( 0.7071067811865513475, 0.000000000000000000, -0.7071067811865436870 ) ) ;
#9227 = EDGE_CURVE ( 'NONE', #2638, #1454, #608, .T. ) ;
#9228 = CARTESIAN_POINT ( 'NONE',  ( 52.71299423149120855, 9.799999999999998934, -41.50000000000000711 ) ) ;
#9229 = ADVANCED_FACE ( 'NONE', ( #1054 ), #4085, .F. ) ;
#9230 = CIRCLE ( 'NONE', #8411, 0.9999999999999983347 ) ;
#9231 = ORIENTED_EDGE ( 'NONE', *, *, #6708, .T. ) ;
#9232 = ORIENTED_EDGE ( 'NONE', *, *, #396, .F. ) ;
#9233 = ORIENTED_EDGE ( 'NONE', *, *, #1529, .F. ) ;
#9234 = CARTESIAN_POINT ( 'NONE',  ( 40.00000000000000000, 2.000000000000000000, -8.749999999999955591 ) ) ;
#9235 = CYLINDRICAL_SURFACE ( 'NONE', #4409, 2.999999999999995559 ) ;
#9236 = LINE ( 'NONE', #11270, #686 ) ;
#9237 = ORIENTED_EDGE ( 'NONE', *, *, #2312, .T. ) ;
#9238 = FACE_OUTER_BOUND ( 'NONE', #7895, .T. ) ;
#9239 = FACE_BOUND ( 'NONE', #12452, .T. ) ;
#9240 = LINE ( 'NONE', #1771, #4839 ) ;
#9241 = CIRCLE ( 'NONE', #11875, 2.500000000000002220 ) ;
#9242 = ADVANCED_FACE ( 'NONE', ( #7807 ), #3067, .T. ) ;
#9243 = ORIENTED_EDGE ( 'NONE', *, *, #8017, .F. ) ;
#9244 = DIRECTION ( 'NONE',  ( 0.000000000000000000, 0.000000000000000000, 1.000000000000000000 ) ) ;
#9245 = VECTOR ( 'NONE', #6789, 1000.000000000000000 ) ;
#9246 = DIRECTION ( 'NONE',  ( 0.000000000000000000, 1.000000000000000000, 0.000000000000000000 ) ) ;
#9247 = ORIENTED_EDGE ( 'NONE', *, *, #9871, .F. ) ;
#9248 = EDGE_LOOP ( 'NONE', ( #8562, #7454 ) ) ;
#9249 = CARTESIAN_POINT ( 'NONE',  ( 6.500000000000005329, 2.000000000000000000, -4.000000000000000000 ) ) ;
#9250 = LINE ( 'NONE', #12358, #4302 ) ;
#9251 = PLANE ( 'NONE',  #4037 ) ;
#9252 = DIRECTION ( 'NONE',  ( 0.000000000000000000, 0.000000000000000000, -1.000000000000000000 ) ) ;
#9253 = ORIENTED_EDGE ( 'NONE', *, *, #11547, .F. ) ;
#9254 = DIRECTION ( 'NONE',  ( 0.000000000000000000, 0.000000000000000000, 1.000000000000000000 ) ) ;
#9255 = CARTESIAN_POINT ( 'NONE',  ( 80.00000000000000000, 9.799999999999998934, -8.299999999999991829 ) ) ;
#9256 = DIRECTION ( 'NONE',  ( 0.000000000000000000, 0.000000000000000000, -1.000000000000000000 ) ) ;
#9257 = AXIS2_PLACEMENT_3D ( 'NONE', #11588, #2897, #7774 ) ;
#9258 = EDGE_CURVE ( 'NONE', #10946, #3578, #9716, .T. ) ;
#9259 = ADVANCED_FACE ( 'NONE', ( #2059 ), #7938, .T. ) ;
#9260 = AXIS2_PLACEMENT_3D ( 'NONE', #12480, #8615, #7473 ) ;
#9261 = DIRECTION ( 'NONE',  ( -0.000000000000000000, -1.000000000000000000, -0.000000000000000000 ) ) ;
#9262 = DIRECTION ( 'NONE',  ( 0.000000000000000000, 0.000000000000000000, 1.000000000000000000 ) ) ;
#9263 = ORIENTED_EDGE ( 'NONE', *, *, #11573, .F. ) ;
#9264 = DIRECTION ( 'NONE',  ( 0.000000000000000000, 0.000000000000000000, 1.000000000000000000 ) ) ;
#9265 = CIRCLE ( 'NONE', #7235, 1.699999999999993072 ) ;
#9266 = CARTESIAN_POINT ( 'NONE',  ( 16.50000000000000711, 11.00000000000000000, -7.499999999999968914 ) ) ;
#9267 = CIRCLE ( 'NONE', #5834, 3.000000000000002665 ) ;
#9268 = AXIS2_PLACEMENT_3D ( 'NONE', #631, #12463, #5692 ) ;
#9269 = DIRECTION ( 'NONE',  ( 0.000000000000000000, 0.000000000000000000, 1.000000000000000000 ) ) ;
#9270 = DIRECTION ( 'NONE',  ( -0.7071067811865463515, 0.000000000000000000, -0.7071067811865487940 ) ) ;
#9271 = ORIENTED_EDGE ( 'NONE', *, *, #4998, .T. ) ;
#9272 = LINE ( 'NONE', #3262, #2221 ) ;
#9273 = ORIENTED_EDGE ( 'NONE', *, *, #1569, .T. ) ;
#9274 = LINE ( 'NONE', #12124, #2916 ) ;
#9275 = EDGE_CURVE ( 'NONE', #6878, #5017, #6793, .T. ) ;
#9276 = DIRECTION ( 'NONE',  ( -0.000000000000000000, -1.000000000000000000, -0.000000000000000000 ) ) ;
#9277 = CIRCLE ( 'NONE', #3203, 0.9999999999999974465 ) ;
#9278 = VECTOR ( 'NONE', #7602, 1000.000000000000000 ) ;
#9279 = AXIS2_PLACEMENT_3D ( 'NONE', #3141, #2193, #7189 ) ;
#9280 = AXIS2_PLACEMENT_3D ( 'NONE', #490, #11957, #7068 ) ;
#9281 = DIRECTION ( 'NONE',  ( -0.000000000000000000, -1.000000000000000000, -0.000000000000000000 ) ) ;
#9282 = CYLINDRICAL_SURFACE ( 'NONE', #5058, 0.9999999999999974465 ) ;
#9283 = ORIENTED_EDGE ( 'NONE', *, *, #4699, .T. ) ;
#9284 = EDGE_CURVE ( 'NONE', #10360, #12165, #8700, .T. ) ;
#9285 = ORIENTED_EDGE ( 'NONE', *, *, #12153, .F. ) ;
#9286 = EDGE_LOOP ( 'NONE', ( #1179, #7209 ) ) ;
#9287 = LINE ( 'NONE', #12194, #4631 ) ;
#9288 = DIRECTION ( 'NONE',  ( 0.000000000000000000, 0.000000000000000000, 1.000000000000000000 ) ) ;
#9289 = CIRCLE ( 'NONE', #2006, 0.9999999999999974465 ) ;
#9290 = AXIS2_PLACEMENT_3D ( 'NONE', #267, #11727, #11846 ) ;
#9291 = EDGE_LOOP ( 'NONE', ( #7707, #2146, #12461, #285 ) ) ;
#9292 = ORIENTED_EDGE ( 'NONE', *, *, #1188, .T. ) ;
#9293 = CIRCLE ( 'NONE', #4430, 1.699999999999993072 ) ;
#9294 = DIRECTION ( 'NONE',  ( 0.000000000000000000, 1.000000000000000000, 0.000000000000000000 ) ) ;
#9295 = CIRCLE ( 'NONE', #6249, 0.9999999999999974465 ) ;
#9296 = CARTESIAN_POINT ( 'NONE',  ( 44.50000000000000000, 11.00000000000000000, -25.49999999999993960 ) ) ;
#9297 = AXIS2_PLACEMENT_3D ( 'NONE', #12190, #6414, #11784 ) ;
#9298 = ADVANCED_FACE ( 'NONE', ( #10668 ), #8958, .F. ) ;
#9299 = AXIS2_PLACEMENT_3D ( 'NONE', #11374, #2681, #5600 ) ;
#9300 = CIRCLE ( 'NONE', #3231, 1.000000000000000888 ) ;
#9301 = ADVANCED_FACE ( 'NONE', ( #5919 ), #4910, .T. ) ;
#9302 = VERTEX_POINT ( 'NONE', #4141 ) ;
#9303 = ADVANCED_FACE ( 'NONE', ( #8899 ), #7046, .F. ) ;
#9304 = EDGE_LOOP ( 'NONE', ( #2133, #7457 ) ) ;
#9305 = ORIENTED_EDGE ( 'NONE', *, *, #9920, .T. ) ;
#9306 = DIRECTION ( 'NONE',  ( 0.000000000000000000, 1.000000000000000000, 0.000000000000000000 ) ) ;
#9307 = DIRECTION ( 'NONE',  ( 0.000000000000000000, 1.000000000000000000, 0.000000000000000000 ) ) ;
#9308 = EDGE_CURVE ( 'NONE', #1499, #10881, #5868, .T. ) ;
#9309 = CARTESIAN_POINT ( 'NONE',  ( 44.50000000000000000, 11.00000000000000000, -33.49999999999994316 ) ) ;
#9310 = ORIENTED_EDGE ( 'NONE', *, *, #9216, .F. ) ;
#9311 = CARTESIAN_POINT ( 'NONE',  ( 72.49999999999995737, 11.00000000000000000, -20.99999999999999289 ) ) ;
#9312 = FACE_BOUND ( 'NONE', #3887, .T. ) ;
#9313 = FACE_OUTER_BOUND ( 'NONE', #2351, .T. ) ;
#9314 = VECTOR ( 'NONE', #2427, 1000.000000000000000 ) ;
#9315 = EDGE_CURVE ( 'NONE', #9558, #3864, #11450, .T. ) ;
#9316 = VECTOR ( 'NONE', #8692, 1000.000000000000000 ) ;
#9317 = ORIENTED_EDGE ( 'NONE', *, *, #7191, .F. ) ;
#9318 = VECTOR ( 'NONE', #10497, 1000.000000000000000 ) ;
#9319 = FACE_OUTER_BOUND ( 'NONE', #6562, .T. ) ;
#9320 = AXIS2_PLACEMENT_3D ( 'NONE', #790, #31, #10659 ) ;
#9321 = EDGE_LOOP ( 'NONE', ( #9247, #10109, #6477, #5723 ) ) ;
#9322 = VERTEX_POINT ( 'NONE', #9789 ) ;
#9323 = DIRECTION ( 'NONE',  ( 0.000000000000000000, 0.000000000000000000, 1.000000000000000000 ) ) ;
#9324 = ADVANCED_FACE ( 'NONE', ( #8831 ), #11813, .T. ) ;
#9325 = CARTESIAN_POINT ( 'NONE',  ( 7.499999999999958256, 11.00000000000000000, -29.99999999999989342 ) ) ;
#9326 = ORIENTED_EDGE ( 'NONE', *, *, #3295, .T. ) ;
#9327 = DIRECTION ( 'NONE',  ( 0.000000000000000000, 0.000000000000000000, 1.000000000000000000 ) ) ;
#9328 = FACE_OUTER_BOUND ( 'NONE', #9803, .T. ) ;
#9329 = ORIENTED_EDGE ( 'NONE', *, *, #7516, .T. ) ;
#9330 = CARTESIAN_POINT ( 'NONE',  ( 29.34974746830572556, 9.799999999999998934, -39.32010101267764668 ) ) ;
#9331 = DIRECTION ( 'NONE',  ( 0.000000000000000000, 0.000000000000000000, 1.000000000000000000 ) ) ;
#9332 = DIRECTION ( 'NONE',  ( -0.000000000000000000, 1.000000000000000000, -0.000000000000000000 ) ) ;
#9333 = DIRECTION ( 'NONE',  ( 0.000000000000000000, 1.000000000000000000, 0.000000000000000000 ) ) ;
#9334 = FACE_OUTER_BOUND ( 'NONE', #11786, .T. ) ;
#9335 = ORIENTED_EDGE ( 'NONE', *, *, #3171, .F. ) ;
#9336 = LINE ( 'NONE', #912, #11085 ) ;
#9337 = EDGE_CURVE ( 'NONE', #6702, #5197, #10801, .T. ) ;
#9338 = AXIS2_PLACEMENT_3D ( 'NONE', #3611, #10263, #1593 ) ;
#9339 = CARTESIAN_POINT ( 'NONE',  ( 6.500000000000000888, 11.00000000000000000, -43.50000000000000000 ) ) ;
#9340 = LINE ( 'NONE', #1613, #2927 ) ;
#9341 = CARTESIAN_POINT ( 'NONE',  ( 80.00000000000000000, 11.00000000000000000, 0.000000000000000000 ) ) ;
#9342 = ORIENTED_EDGE ( 'NONE', *, *, #4807, .T. ) ;
#9343 = CARTESIAN_POINT ( 'NONE',  ( 26.45857864376274549, 9.799999999999998934, -40.50000000000000000 ) ) ;
#9344 = ORIENTED_EDGE ( 'NONE', *, *, #6295, .T. ) ;
#9345 = DIRECTION ( 'NONE',  ( 0.000000000000000000, 0.000000000000000000, 1.000000000000000000 ) ) ;
#9346 = FACE_OUTER_BOUND ( 'NONE', #11276, .T. ) ;
#9347 = FACE_OUTER_BOUND ( 'NONE', #10848, .T. ) ;
#9348 = DIRECTION ( 'NONE',  ( 0.000000000000000000, 0.000000000000000000, 1.000000000000000000 ) ) ;
#9349 = DIRECTION ( 'NONE',  ( -0.000000000000000000, -1.000000000000000000, -0.000000000000000000 ) ) ;
#9350 = ADVANCED_FACE ( 'NONE', ( #7108 ), #7168, .T. ) ;
#9351 = EDGE_LOOP ( 'NONE', ( #12135, #10985, #4901, #10465 ) ) ;
#9352 = EDGE_CURVE ( 'NONE', #7296, #1588, #5339, .T. ) ;
#9353 = DIRECTION ( 'NONE',  ( 0.000000000000000000, 1.000000000000000000, 0.000000000000000000 ) ) ;
#9354 = VERTEX_POINT ( 'NONE', #1299 ) ;
#9355 = ORIENTED_EDGE ( 'NONE', *, *, #10338, .F. ) ;
#9356 = CARTESIAN_POINT ( 'NONE',  ( 16.49999999999993960, 11.00000000000000000, -29.99999999999995737 ) ) ;
#9357 = DIRECTION ( 'NONE',  ( 0.000000000000000000, 0.000000000000000000, -1.000000000000000000 ) ) ;
#9358 = VERTEX_POINT ( 'NONE', #4266 ) ;
#9359 = ORIENTED_EDGE ( 'NONE', *, *, #9054, .T. ) ;
#9360 = CARTESIAN_POINT ( 'NONE',  ( 65.47228714274751837, 9.799999999999998934, -44.19999999999999574 ) ) ;
#9361 = DIRECTION ( 'NONE',  ( 0.000000000000000000, -0.000000000000000000, 1.000000000000000000 ) ) ;
#9362 = ORIENTED_EDGE ( 'NONE', *, *, #5116, .T. ) ;
#9363 = ORIENTED_EDGE ( 'NONE', *, *, #6744, .T. ) ;
#9364 = EDGE_LOOP ( 'NONE', ( #2300, #11074, #9725, #1764 ) ) ;
#9365 = CARTESIAN_POINT ( 'NONE',  ( 35.49999999999999289, 2.000000000000000000, -39.99999999999996447 ) ) ;
#9366 = LINE ( 'NONE', #10503, #2394 ) ;
#9367 = CIRCLE ( 'NONE', #10179, 1.000000000000000888 ) ;
#9368 = CARTESIAN_POINT ( 'NONE',  ( 63.49999999999992895, 2.000000000000000000, -33.49999999999992895 ) ) ;
#9369 = ORIENTED_EDGE ( 'NONE', *, *, #10785, .F. ) ;
#9370 = EDGE_CURVE ( 'NONE', #9564, #9908, #8627, .T. ) ;
#9371 = DIRECTION ( 'NONE',  ( -0.000000000000000000, -1.000000000000000000, -0.000000000000000000 ) ) ;
#9372 = FACE_OUTER_BOUND ( 'NONE', #1715, .T. ) ;
#9373 = DIRECTION ( 'NONE',  ( 0.000000000000000000, 0.000000000000000000, 1.000000000000000000 ) ) ;
#9374 = VECTOR ( 'NONE', #8600, 1000.000000000000000 ) ;
#9375 = EDGE_CURVE ( 'NONE', #8848, #2460, #6216, .T. ) ;
#9376 = VERTEX_POINT ( 'NONE', #5398 ) ;
#9377 = CARTESIAN_POINT ( 'NONE',  ( 46.91263709774426616, 2.000000000000000000, -4.732233047033626683 ) ) ;
#9378 = VERTEX_POINT ( 'NONE', #11994 ) ;
#9379 = ORIENTED_EDGE ( 'NONE', *, *, #11976, .F. ) ;
#9380 = DIRECTION ( 'NONE',  ( 0.000000000000000000, 0.000000000000000000, 1.000000000000000000 ) ) ;
#9381 = FACE_OUTER_BOUND ( 'NONE', #5413, .T. ) ;
#9382 = DIRECTION ( 'NONE',  ( 0.000000000000000000, 1.000000000000000000, 0.000000000000000000 ) ) ;
#9383 = ORIENTED_EDGE ( 'NONE', *, *, #10463, .T. ) ;
#9384 = EDGE_CURVE ( 'NONE', #7519, #1698, #3568, .T. ) ;
#9385 = FACE_OUTER_BOUND ( 'NONE', #9127, .T. ) ;
#9386 = DIRECTION ( 'NONE',  ( 0.000000000000000000, 0.000000000000000000, 1.000000000000000000 ) ) ;
#9387 = DIRECTION ( 'NONE',  ( -0.000000000000000000, -1.000000000000000000, -0.000000000000000000 ) ) ;
#9388 = FACE_OUTER_BOUND ( 'NONE', #3784, .T. ) ;
#9389 = ADVANCED_FACE ( 'NONE', ( #11236 ), #595, .F. ) ;
#9390 = EDGE_CURVE ( 'NONE', #6475, #5509, #9970, .T. ) ;
#9391 = CIRCLE ( 'NONE', #8993, 2.800000000000002043 ) ;
#9392 = CARTESIAN_POINT ( 'NONE',  ( 7.499999999999958256, 11.00000000000000000, -29.99999999999989342 ) ) ;
#9393 = DIRECTION ( 'NONE',  ( 0.000000000000000000, 1.000000000000000000, 0.000000000000000000 ) ) ;
#9394 = VERTEX_POINT ( 'NONE', #4383 ) ;
#9395 = CARTESIAN_POINT ( 'NONE',  ( -1.927470528863119049E-16, 2.000000000000000000, -4.000000000000000000 ) ) ;
#9396 = LINE ( 'NONE', #11423, #5292 ) ;
#9397 = VERTEX_POINT ( 'NONE', #1484 ) ;
#9398 = DIRECTION ( 'NONE',  ( 0.000000000000000000, 0.000000000000000000, -1.000000000000000000 ) ) ;
#9399 = ORIENTED_EDGE ( 'NONE', *, *, #10876, .T. ) ;
#9400 = CARTESIAN_POINT ( 'NONE',  ( 72.49999999999994316, 2.000000000000000000, -26.49999999999998934 ) ) ;
#9401 = ORIENTED_EDGE ( 'NONE', *, *, #2946, .F. ) ;
#9402 = CARTESIAN_POINT ( 'NONE',  ( 38.99999999999999289, 2.000000000000000000, -46.00000000000000000 ) ) ;
#9403 = ADVANCED_FACE ( 'NONE', ( #12178 ), #2294, .T. ) ;
#9404 = VECTOR ( 'NONE', #9462, 1000.000000000000000 ) ;
#9405 = FACE_OUTER_BOUND ( 'NONE', #2740, .T. ) ;
#9406 = ADVANCED_FACE ( 'NONE', ( #342 ), #9018, .T. ) ;
#9407 = CARTESIAN_POINT ( 'NONE',  ( 35.49999999999999289, 2.000000000000000000, -8.499999999999960920 ) ) ;
#9408 = AXIS2_PLACEMENT_3D ( 'NONE', #2178, #7998, #9851 ) ;
#9409 = CARTESIAN_POINT ( 'NONE',  ( 11.99999999999993427, 11.00000000000000000, -34.49999999999992895 ) ) ;
#9410 = DIRECTION ( 'NONE',  ( 0.000000000000000000, 1.000000000000000000, 0.000000000000000000 ) ) ;
#9411 = ORIENTED_EDGE ( 'NONE', *, *, #7397, .T. ) ;
#9412 = VERTEX_POINT ( 'NONE', #2479 ) ;
#9413 = DIRECTION ( 'NONE',  ( -0.000000000000000000, -1.000000000000000000, 0.000000000000000000 ) ) ;
#9414 = CARTESIAN_POINT ( 'NONE',  ( 12.00000000000003197, 2.000000000000000000, -8.499999999999934275 ) ) ;
#9415 = ORIENTED_EDGE ( 'NONE', *, *, #4363, .F. ) ;
#9416 = ORIENTED_EDGE ( 'NONE', *, *, #3186, .F. ) ;
#9417 = CARTESIAN_POINT ( 'NONE',  ( 44.50000000000000000, 11.00000000000000000, -28.99999999999994316 ) ) ;
#9418 = CARTESIAN_POINT ( 'NONE',  ( 16.49999999999993960, 11.00000000000000000, -29.99999999999995737 ) ) ;
#9419 = ADVANCED_FACE ( 'NONE', ( #2421 ), #8181, .T. ) ;
#9420 = EDGE_CURVE ( 'NONE', #12057, #1043, #146, .T. ) ;
#9421 = VERTEX_POINT ( 'NONE', #12054 ) ;
#9422 = ORIENTED_EDGE ( 'NONE', *, *, #3812, .T. ) ;
#9423 = ORIENTED_EDGE ( 'NONE', *, *, #7409, .T. ) ;
#9424 = DIRECTION ( 'NONE',  ( -0.000000000000000000, 1.000000000000000000, -0.000000000000000000 ) ) ;
#9425 = DIRECTION ( 'NONE',  ( 0.000000000000000000, 0.000000000000000000, -1.000000000000000000 ) ) ;
#9426 = DIRECTION ( 'NONE',  ( -1.000000000000000000, 0.000000000000000000, 0.000000000000000000 ) ) ;
#9427 = EDGE_LOOP ( 'NONE', ( #2822, #4524 ) ) ;
#9428 = CARTESIAN_POINT ( 'NONE',  ( 45.14487014477790439, 11.00000000000000000, -4.000000000000002665 ) ) ;
#9429 = CARTESIAN_POINT ( 'NONE',  ( 6.500000000000005329, 11.00000000000000000, -4.000000000000000000 ) ) ;
#9430 = CYLINDRICAL_SURFACE ( 'NONE', #12111, 0.9999999999999974465 ) ;
#9431 = AXIS2_PLACEMENT_3D ( 'NONE', #5380, #2583, #9244 ) ;
#9432 = CIRCLE ( 'NONE', #8195, 0.9999999999999974465 ) ;
#9433 = CIRCLE ( 'NONE', #142, 1.000000000000000888 ) ;
#9434 = EDGE_LOOP ( 'NONE', ( #3189, #4834, #1232, #8933 ) ) ;
#9435 = PLANE ( 'NONE',  #7198 ) ;
#9436 = ORIENTED_EDGE ( 'NONE', *, *, #10317, .T. ) ;
#9437 = ORIENTED_EDGE ( 'NONE', *, *, #2944, .F. ) ;
#9438 = CYLINDRICAL_SURFACE ( 'NONE', #4228, 1.699999999999993072 ) ;
#9439 = DIRECTION ( 'NONE',  ( -0.000000000000000000, -1.000000000000000000, -0.000000000000000000 ) ) ;
#9440 = EDGE_CURVE ( 'NONE', #4084, #2639, #554, .T. ) ;
#9441 = CARTESIAN_POINT ( 'NONE',  ( 16.49999999999993960, 11.00000000000000000, -29.99999999999995737 ) ) ;
#9442 = ORIENTED_EDGE ( 'NONE', *, *, #6814, .F. ) ;
#9443 = CARTESIAN_POINT ( 'NONE',  ( 72.49999999999991473, 2.000000000000000000, -29.99999999999998934 ) ) ;
#9444 = DIRECTION ( 'NONE',  ( 0.000000000000000000, 0.000000000000000000, 1.000000000000000000 ) ) ;
#9445 = CC_DESIGN_PERSON_AND_ORGANIZATION_ASSIGNMENT ( #8687, #15, ( #5631 ) ) ;
#9446 = CARTESIAN_POINT ( 'NONE',  ( 35.49999999999999289, 2.000000000000000000, -20.99999999999996447 ) ) ;
#9447 = CARTESIAN_POINT ( 'NONE',  ( 24.99999999999999645, 2.000000000000000000, -9.819595949289308123 ) ) ;
#9448 = EDGE_CURVE ( 'NONE', #8136, #7952, #1963, .T. ) ;
#9449 = CIRCLE ( 'NONE', #1573, 1.000000000000000888 ) ;
#9450 = CYLINDRICAL_SURFACE ( 'NONE', #669, 0.9999999999999974465 ) ;
#9451 = CARTESIAN_POINT ( 'NONE',  ( 5.200000000000024158, 9.799999999999998934, -5.200000000000043698 ) ) ;
#9452 = EDGE_LOOP ( 'NONE', ( #3388, #8156 ) ) ;
#9453 = DIRECTION ( 'NONE',  ( 0.000000000000000000, 1.000000000000000000, 0.000000000000000000 ) ) ;
#9454 = EDGE_CURVE ( 'NONE', #8618, #2539, #7306, .T. ) ;
#9455 = CARTESIAN_POINT ( 'NONE',  ( 35.49999999999999289, 11.00000000000000000, -11.99999999999996270 ) ) ;
#9456 = ORIENTED_EDGE ( 'NONE', *, *, #4529, .T. ) ;
#9457 = ADVANCED_FACE ( 'NONE', ( #6340, #1544 ), #1356, .T. ) ;
#9458 = DIRECTION ( 'NONE',  ( 0.000000000000000000, 0.000000000000000000, -1.000000000000000000 ) ) ;
#9459 = ORIENTED_EDGE ( 'NONE', *, *, #4983, .T. ) ;
#9460 = CARTESIAN_POINT ( 'NONE',  ( 67.99999999999991473, 11.00000000000000000, -34.49999999999996447 ) ) ;
#9461 = ORIENTED_EDGE ( 'NONE', *, *, #4259, .T. ) ;
#9462 = DIRECTION ( 'NONE',  ( -0.000000000000000000, -1.000000000000000000, -0.000000000000000000 ) ) ;
#9463 = AXIS2_PLACEMENT_3D ( 'NONE', #11563, #8824, #12502 ) ;
#9464 = DIRECTION ( 'NONE',  ( 0.000000000000000000, -0.000000000000000000, 1.000000000000000000 ) ) ;
#9465 = CIRCLE ( 'NONE', #1380, 0.9999999999999974465 ) ;
#9466 = AXIS2_PLACEMENT_3D ( 'NONE', #6564, #118, #5809 ) ;
#9467 = CIRCLE ( 'NONE', #11079, 0.9999999999999974465 ) ;
#9468 = CARTESIAN_POINT ( 'NONE',  ( 16.49999999999995381, 2.000000000000000000, -24.49999999999996447 ) ) ;
#9469 = CARTESIAN_POINT ( 'NONE',  ( 45.14487014477790439, -0.002000000000000265454, -6.500000000000003553 ) ) ;
#9470 = CARTESIAN_POINT ( 'NONE',  ( 53.54142135623730070, 9.799999999999998934, -3.499999999999993339 ) ) ;
#9471 = ORIENTED_EDGE ( 'NONE', *, *, #2746, .F. ) ;
#9472 = ORIENTED_EDGE ( 'NONE', *, *, #7197, .F. ) ;
#9473 = LINE ( 'NONE', #2687, #8470 ) ;
#9474 = DIRECTION ( 'NONE',  ( -0.000000000000000000, -1.000000000000000000, -0.000000000000000000 ) ) ;
#9475 = EDGE_CURVE ( 'NONE', #3378, #6302, #8844, .T. ) ;
#9476 = VERTEX_POINT ( 'NONE', #10536 ) ;
#9477 = VERTEX_POINT ( 'NONE', #6662 ) ;
#9478 = FACE_OUTER_BOUND ( 'NONE', #7135, .T. ) ;
#9479 = DIRECTION ( 'NONE',  ( 0.000000000000000000, 0.000000000000000000, 1.000000000000000000 ) ) ;
#9480 = AXIS2_PLACEMENT_3D ( 'NONE', #9828, #8622, #11793 ) ;
#9481 = VECTOR ( 'NONE', #11319, 1000.000000000000000 ) ;
#9482 = CIRCLE ( 'NONE', #5835, 0.9999999999999940048 ) ;
#9483 = ORIENTED_EDGE ( 'NONE', *, *, #7220, .T. ) ;
#9484 = VECTOR ( 'NONE', #8258, 1000.000000000000000 ) ;
#9485 = PLANE ( 'NONE',  #2041 ) ;
#9486 = VECTOR ( 'NONE', #9959, 1000.000000000000000 ) ;
#9487 = AXIS2_PLACEMENT_3D ( 'NONE', #6693, #10570, #10761 ) ;
#9488 = ORIENTED_EDGE ( 'NONE', *, *, #2713, .F. ) ;
#9489 = VERTEX_POINT ( 'NONE', #11552 ) ;
#9490 = DIRECTION ( 'NONE',  ( 0.000000000000000000, 1.000000000000000000, 0.000000000000000000 ) ) ;
#9491 = DIRECTION ( 'NONE',  ( 0.000000000000000000, 1.000000000000000000, 0.000000000000000000 ) ) ;
#9492 = EDGE_CURVE ( 'NONE', #6305, #5642, #6609, .T. ) ;
#9493 = FACE_OUTER_BOUND ( 'NONE', #1020, .T. ) ;
#9494 = EDGE_LOOP ( 'NONE', ( #9038, #5635, #1241, #7018 ) ) ;
#9495 = CARTESIAN_POINT ( 'NONE',  ( 32.95096679918778193, 9.799999999999998934, -3.878679656440370493 ) ) ;
#9496 = DIRECTION ( 'NONE',  ( 0.000000000000000000, 1.000000000000000000, 0.000000000000000000 ) ) ;
#9497 = CIRCLE ( 'NONE', #4033, 0.9999999999999974465 ) ;
#9498 = AXIS2_PLACEMENT_3D ( 'NONE', #781, #9393, #11180 ) ;
#9499 = AXIS2_PLACEMENT_3D ( 'NONE', #1343, #5139, #7350 ) ;
#9500 = VECTOR ( 'NONE', #9474, 1000.000000000000000 ) ;
#9501 = AXIS2_PLACEMENT_3D ( 'NONE', #11842, #3154, #12024 ) ;
#9502 = EDGE_LOOP ( 'NONE', ( #12460, #8549, #12414, #1763 ) ) ;
#9503 = DIRECTION ( 'NONE',  ( -0.000000000000000000, -0.000000000000000000, -1.000000000000000000 ) ) ;
#9504 = ORIENTED_EDGE ( 'NONE', *, *, #1094, .T. ) ;
#9505 = ORIENTED_EDGE ( 'NONE', *, *, #11795, .F. ) ;
#9506 = DIRECTION ( 'NONE',  ( 0.000000000000000000, 0.000000000000000000, 1.000000000000000000 ) ) ;
#9507 = CARTESIAN_POINT ( 'NONE',  ( 26.50000000000000000, 11.00000000000000000, -43.39999999999999858 ) ) ;
#9508 = EDGE_CURVE ( 'NONE', #1345, #1558, #5526, .T. ) ;
#9509 = AXIS2_PLACEMENT_3D ( 'NONE', #4071, #8164, #10968 ) ;
#9510 = LINE ( 'NONE', #7536, #5491 ) ;
#9511 = CIRCLE ( 'NONE', #5450, 0.9999999999999974465 ) ;
#9512 = ORIENTED_EDGE ( 'NONE', *, *, #496, .F. ) ;
#9513 = CARTESIAN_POINT ( 'NONE',  ( 36.49999999999999289, 1.999999999999998224, -41.23776336359135541 ) ) ;
#9514 = DIRECTION ( 'NONE',  ( -0.000000000000000000, -1.000000000000000000, -0.000000000000000000 ) ) ;
#9515 = CARTESIAN_POINT ( 'NONE',  ( 67.99999999999992895, 11.00000000000000000, -30.99999999999995381 ) ) ;
#9516 = CIRCLE ( 'NONE', #223, 0.9999999999999974465 ) ;
#9517 = VECTOR ( 'NONE', #5531, 1000.000000000000000 ) ;
#9518 = CARTESIAN_POINT ( 'NONE',  ( 20.99999999999990052, 11.00000000000000000, -33.49999999999998579 ) ) ;
#9519 = CARTESIAN_POINT ( 'NONE',  ( 0.000000000000000000, 11.00000000000000000, -46.00000000000000000 ) ) ;
#9520 = ORIENTED_EDGE ( 'NONE', *, *, #8443, .T. ) ;
#9521 = FACE_OUTER_BOUND ( 'NONE', #4147, .T. ) ;
#9522 = CARTESIAN_POINT ( 'NONE',  ( 63.49999999999997158, 2.000000000000000000, -21.99999999999992895 ) ) ;
#9523 = ORIENTED_EDGE ( 'NONE', *, *, #8018, .F. ) ;
#9524 = DIRECTION ( 'NONE',  ( 0.000000000000000000, 0.000000000000000000, 1.000000000000000000 ) ) ;
#9525 = VECTOR ( 'NONE', #7810, 1000.000000000000000 ) ;
#9526 = AXIS2_PLACEMENT_3D ( 'NONE', #8821, #1234, #8953 ) ;
#9527 = VERTEX_POINT ( 'NONE', #6468 ) ;
#9528 = LINE ( 'NONE', #1923, #9517 ) ;
#9529 = ORIENTED_EDGE ( 'NONE', *, *, #8667, .T. ) ;
#9530 = ADVANCED_FACE ( 'NONE', ( #9521 ), #853, .T. ) ;
#9531 = DIRECTION ( 'NONE',  ( -0.000000000000000000, 1.000000000000000000, -0.000000000000000000 ) ) ;
#9532 = CARTESIAN_POINT ( 'NONE',  ( 67.99999999999997158, 2.000000000000000000, -16.49999999999996447 ) ) ;
#9533 = EDGE_CURVE ( 'NONE', #1827, #1189, #8506, .T. ) ;
#9534 = EDGE_CURVE ( 'NONE', #8250, #7124, #6806, .T. ) ;
#9535 = CIRCLE ( 'NONE', #10549, 0.9999999999999974465 ) ;
#9536 = VECTOR ( 'NONE', #6653, 1000.000000000000000 ) ;
#9537 = FACE_OUTER_BOUND ( 'NONE', #10026, .T. ) ;
#9538 = CARTESIAN_POINT ( 'NONE',  ( 16.49999999999993960, 11.00000000000000000, -29.99999999999995737 ) ) ;
#9539 = DIRECTION ( 'NONE',  ( -0.7071067811865436870, 0.000000000000000000, 0.7071067811865514585 ) ) ;
#9540 = ORIENTED_EDGE ( 'NONE', *, *, #10825, .F. ) ;
#9541 = DIRECTION ( 'NONE',  ( -0.000000000000000000, -0.000000000000000000, 1.000000000000000000 ) ) ;
#9542 = FACE_OUTER_BOUND ( 'NONE', #2968, .T. ) ;
#9543 = ORIENTED_EDGE ( 'NONE', *, *, #9684, .T. ) ;
#9544 = ORIENTED_EDGE ( 'NONE', *, *, #6814, .T. ) ;
#9545 = EDGE_CURVE ( 'NONE', #8972, #7157, #9336, .T. ) ;
#9546 = CARTESIAN_POINT ( 'NONE',  ( 35.07228714274742742, 11.00000000000000000, -6.000000000000002665 ) ) ;
#9547 = DIRECTION ( 'NONE',  ( -0.000000000000000000, -1.000000000000000000, -0.000000000000000000 ) ) ;
#9548 = EDGE_CURVE ( 'NONE', #8348, #10048, #6626, .T. ) ;
#9549 = EDGE_CURVE ( 'NONE', #8865, #6388, #4169, .T. ) ;
#9550 = ORIENTED_EDGE ( 'NONE', *, *, #462, .F. ) ;
#9551 = CYLINDRICAL_SURFACE ( 'NONE', #2842, 0.9999999999999940048 ) ;
#9552 = VERTEX_POINT ( 'NONE', #12239 ) ;
#9553 = VERTEX_POINT ( 'NONE', #1860 ) ;
#9554 = CARTESIAN_POINT ( 'NONE',  ( 45.75613998199875709, 9.799999999999998934, -1.000000000000002665 ) ) ;
#9555 = DIRECTION ( 'NONE',  ( 0.7071067811865483499, 0.000000000000000000, -0.7071067811865467956 ) ) ;
#9556 = DIRECTION ( 'NONE',  ( -0.000000000000000000, 1.000000000000000000, -0.000000000000000000 ) ) ;
#9557 = VERTEX_POINT ( 'NONE', #4577 ) ;
#9558 = VERTEX_POINT ( 'NONE', #8431 ) ;
#9559 = CARTESIAN_POINT ( 'NONE',  ( 14.52771285725251715, 9.799999999999998934, -47.19999999999998863 ) ) ;
#9560 = DIRECTION ( 'NONE',  ( 0.000000000000000000, 1.000000000000000000, -0.000000000000000000 ) ) ;
#9561 = LINE ( 'NONE', #12537, #2321 ) ;
#9562 = ADVANCED_FACE ( 'NONE', ( #5718 ), #11295, .T. ) ;
#9563 = ADVANCED_FACE ( 'NONE', ( #12297 ), #2607, .T. ) ;
#9564 = VERTEX_POINT ( 'NONE', #6531 ) ;
#9565 = CYLINDRICAL_SURFACE ( 'NONE', #2334, 0.9999999999999940048 ) ;
#9566 = ORIENTED_EDGE ( 'NONE', *, *, #8644, .F. ) ;
#9567 = ORIENTED_EDGE ( 'NONE', *, *, #10705, .T. ) ;
#9568 = CARTESIAN_POINT ( 'NONE',  ( 80.00000000000000000, 0.000000000000000000, 3.100000000000000089 ) ) ;
#9569 = DIRECTION ( 'NONE',  ( -0.000000000000000000, 1.000000000000000000, -0.000000000000000000 ) ) ;
#9570 = DIRECTION ( 'NONE',  ( -0.000000000000000000, 1.000000000000000000, -0.000000000000000000 ) ) ;
#9571 = ORIENTED_EDGE ( 'NONE', *, *, #2431, .F. ) ;
#9572 = LINE ( 'NONE', #709, #5851 ) ;
#9573 = DIRECTION ( 'NONE',  ( 0.000000000000000000, 1.000000000000000000, 0.000000000000000000 ) ) ;
#9574 = FACE_OUTER_BOUND ( 'NONE', #6869, .T. ) ;
#9575 = DIRECTION ( 'NONE',  ( -0.000000000000000000, -1.000000000000000000, -0.000000000000000000 ) ) ;
#9576 = FACE_OUTER_BOUND ( 'NONE', #7290, .T. ) ;
#9577 = CIRCLE ( 'NONE', #66, 0.9999999999999974465 ) ;
#9578 = EDGE_CURVE ( 'NONE', #7424, #5709, #4704, .T. ) ;
#9579 = EDGE_CURVE ( 'NONE', #4799, #5474, #5794, .T. ) ;
#9580 = CARTESIAN_POINT ( 'NONE',  ( 16.49999999999996447, 2.000000000000000000, -20.99999999999996447 ) ) ;
#9581 = FACE_OUTER_BOUND ( 'NONE', #5424, .T. ) ;
#9582 = EDGE_LOOP ( 'NONE', ( #4165, #10043, #3169, #11693 ) ) ;
#9583 = AXIS2_PLACEMENT_3D ( 'NONE', #5125, #5248, #9115 ) ;
#9584 = DIRECTION ( 'NONE',  ( 0.000000000000000000, -0.000000000000000000, 1.000000000000000000 ) ) ;
#9585 = CARTESIAN_POINT ( 'NONE',  ( 25.63015151901654676, 9.799999999999998934, -38.50000000000000711 ) ) ;
#9586 = ORIENTED_EDGE ( 'NONE', *, *, #861, .T. ) ;
#9587 = DIRECTION ( 'NONE',  ( 0.000000000000000000, 0.000000000000000000, 1.000000000000000000 ) ) ;
#9588 = FACE_OUTER_BOUND ( 'NONE', #928, .T. ) ;
#9589 = ORIENTED_EDGE ( 'NONE', *, *, #8590, .F. ) ;
#9590 = DIRECTION ( 'NONE',  ( 0.000000000000000000, 0.000000000000000000, 1.000000000000000000 ) ) ;
#9591 = CARTESIAN_POINT ( 'NONE',  ( 48.49999999999999289, 11.00000000000000000, -15.49999999999993427 ) ) ;
#9592 = VECTOR ( 'NONE', #5941, 1000.000000000000000 ) ;
#9593 = CARTESIAN_POINT ( 'NONE',  ( 27.36984848098341416, 9.799999999999998934, -38.50000000000000711 ) ) ;
#9594 = DIRECTION ( 'NONE',  ( -0.000000000000000000, -1.000000000000000000, -0.000000000000000000 ) ) ;
#9595 = ORIENTED_EDGE ( 'NONE', *, *, #7501, .F. ) ;
#9596 = DIRECTION ( 'NONE',  ( -0.000000000000000000, -1.000000000000000000, -0.000000000000000000 ) ) ;
#9597 = AXIS2_PLACEMENT_3D ( 'NONE', #5418, #9294, #4669 ) ;
#9598 = ORIENTED_EDGE ( 'NONE', *, *, #4804, .T. ) ;
#9599 = EDGE_LOOP ( 'NONE', ( #9754, #1388, #9923, #386 ) ) ;
#9600 = LINE ( 'NONE', #331, #3217 ) ;
#9601 = AXIS2_PLACEMENT_3D ( 'NONE', #12448, #2818, #8774 ) ;
#9602 = ADVANCED_FACE ( 'NONE', ( #2669 ), #10404, .F. ) ;
#9603 = ORIENTED_EDGE ( 'NONE', *, *, #4025, .T. ) ;
#9604 = ORIENTED_EDGE ( 'NONE', *, *, #10994, .T. ) ;
#9605 = LINE ( 'NONE', #933, #7150 ) ;
#9606 = EDGE_CURVE ( 'NONE', #1737, #12014, #538, .T. ) ;
#9607 = FACE_OUTER_BOUND ( 'NONE', #3514, .T. ) ;
#9608 = VECTOR ( 'NONE', #3561, 1000.000000000000000 ) ;
#9609 = CIRCLE ( 'NONE', #4145, 0.9999999999999974465 ) ;
#9610 = EDGE_CURVE ( 'NONE', #5322, #1791, #7982, .T. ) ;
#9611 = ORIENTED_EDGE ( 'NONE', *, *, #2714, .T. ) ;
#9612 = FACE_OUTER_BOUND ( 'NONE', #2410, .T. ) ;
#9613 = ORIENTED_EDGE ( 'NONE', *, *, #5804, .F. ) ;
#9614 = EDGE_LOOP ( 'NONE', ( #10420, #5610, #4368, #3477 ) ) ;
#9615 = DIRECTION ( 'NONE',  ( -0.000000000000000000, -1.000000000000000000, -0.000000000000000000 ) ) ;
#9616 = CARTESIAN_POINT ( 'NONE',  ( 67.99999999999992895, 11.00000000000000000, -29.99999999999995737 ) ) ;
#9617 = ADVANCED_FACE ( 'NONE', ( #8696 ), #7864, .F. ) ;
#9618 = CARTESIAN_POINT ( 'NONE',  ( 63.99446968344226150, -21.88036781070453785, -45.26776695296636177 ) ) ;
#9619 = ORIENTED_EDGE ( 'NONE', *, *, #1268, .T. ) ;
#9620 = VERTEX_POINT ( 'NONE', #1918 ) ;
#9621 = CARTESIAN_POINT ( 'NONE',  ( 9.363351365238019142, 11.00000000000000000, 9.363351365237997825 ) ) ;
#9622 = VECTOR ( 'NONE', #7104, 1000.000000000000000 ) ;
#9623 = EDGE_CURVE ( 'NONE', #8773, #3824, #9894, .T. ) ;
#9624 = DIRECTION ( 'NONE',  ( 0.000000000000000000, -1.000000000000000000, 0.000000000000000000 ) ) ;
#9625 = AXIS2_PLACEMENT_3D ( 'NONE', #1294, #1235, #6980 ) ;
#9626 = ORIENTED_EDGE ( 'NONE', *, *, #1833, .F. ) ;
#9627 = PLANE ( 'NONE',  #6183 ) ;
#9628 = ORIENTED_EDGE ( 'NONE', *, *, #7652, .F. ) ;
#9629 = VERTEX_POINT ( 'NONE', #10789 ) ;
#9630 = DIRECTION ( 'NONE',  ( 0.000000000000000000, 1.000000000000000000, 0.000000000000000000 ) ) ;
#9631 = CARTESIAN_POINT ( 'NONE',  ( 48.49999999999999289, 11.00000000000000000, -30.99999999999992539 ) ) ;
#9632 = DIRECTION ( 'NONE',  ( 0.000000000000000000, 0.000000000000000000, 1.000000000000000000 ) ) ;
#9633 = ORIENTED_EDGE ( 'NONE', *, *, #11237, .T. ) ;
#9634 = DIRECTION ( 'NONE',  ( 0.000000000000000000, 1.000000000000000000, 0.000000000000000000 ) ) ;
#9635 = DIRECTION ( 'NONE',  ( -4.818676322157797621E-17, -0.000000000000000000, -1.000000000000000000 ) ) ;
#9636 = CARTESIAN_POINT ( 'NONE',  ( 31.50000000000000711, 2.000000000000000000, -10.99999999999997513 ) ) ;
#9637 = EDGE_CURVE ( 'NONE', #3899, #5397, #1099, .T. ) ;
#9638 = AXIS2_PLACEMENT_3D ( 'NONE', #12073, #7328, #10120 ) ;
#9639 = VECTOR ( 'NONE', #11657, 1000.000000000000000 ) ;
#9640 = DIRECTION ( 'NONE',  ( 0.000000000000000000, 0.000000000000000000, 1.000000000000000000 ) ) ;
#9641 = DIRECTION ( 'NONE',  ( 0.000000000000000000, 1.000000000000000000, 0.000000000000000000 ) ) ;
#9642 = ORIENTED_EDGE ( 'NONE', *, *, #2415, .F. ) ;
#9643 = FACE_OUTER_BOUND ( 'NONE', #1749, .T. ) ;
#9644 = CARTESIAN_POINT ( 'NONE',  ( 62.07220293988400073, 9.799999999999998934, -3.000084202863473326 ) ) ;
#9645 = VERTEX_POINT ( 'NONE', #5967 ) ;
#9646 = DIRECTION ( 'NONE',  ( 0.000000000000000000, 1.000000000000000000, 0.000000000000000000 ) ) ;
#9647 = EDGE_CURVE ( 'NONE', #4597, #12393, #11615, .T. ) ;
#9648 = AXIS2_PLACEMENT_3D ( 'NONE', #10466, #5658, #9584 ) ;
#9649 = ADVANCED_FACE ( 'NONE', ( #10596 ), #1229, .T. ) ;
#9650 = CARTESIAN_POINT ( 'NONE',  ( 7.500000000000020428, 11.00000000000000000, -10.99999999999990585 ) ) ;
#9651 = CARTESIAN_POINT ( 'NONE',  ( 31.50000000000000711, 11.00000000000000000, -12.99999999999996980 ) ) ;
#9652 = CARTESIAN_POINT ( 'NONE',  ( 14.52771285725248873, 9.799999999999998934, -44.19999999999999574 ) ) ;
#9653 = AXIS2_PLACEMENT_3D ( 'NONE', #7514, #4670, #11384 ) ;
#9654 = DIRECTION ( 'NONE',  ( 0.000000000000000000, -0.000000000000000000, 1.000000000000000000 ) ) ;
#9655 = CARTESIAN_POINT ( 'NONE',  ( 7.499999999999958256, 11.00000000000000000, -29.99999999999989342 ) ) ;
#9656 = DIRECTION ( 'NONE',  ( 0.000000000000000000, 1.000000000000000000, 0.000000000000000000 ) ) ;
#9657 = VERTEX_POINT ( 'NONE', #218 ) ;
#9658 = CARTESIAN_POINT ( 'NONE',  ( 44.50000000000000000, 11.00000000000000000, -8.499999999999939604 ) ) ;
#9659 = AXIS2_PLACEMENT_3D ( 'NONE', #6170, #2744, #9464 ) ;
#9660 = ORIENTED_EDGE ( 'NONE', *, *, #12332, .T. ) ;
#9661 = LINE ( 'NONE', #1813, #5145 ) ;
#9662 = CYLINDRICAL_SURFACE ( 'NONE', #8072, 0.9999999999999974465 ) ;
#9663 = EDGE_CURVE ( 'NONE', #5403, #1512, #5082, .T. ) ;
#9664 = ORIENTED_EDGE ( 'NONE', *, *, #5591, .T. ) ;
#9665 = ORIENTED_EDGE ( 'NONE', *, *, #9848, .F. ) ;
#9666 = PLANE ( 'NONE',  #5758 ) ;
#9667 = DIRECTION ( 'NONE',  ( 1.000000000000000000, 0.000000000000000000, 0.000000000000000000 ) ) ;
#9668 = ORIENTED_EDGE ( 'NONE', *, *, #3714, .F. ) ;
#9669 = CARTESIAN_POINT ( 'NONE',  ( 11.99999999999993427, 11.00000000000000000, -34.49999999999992895 ) ) ;
#9670 = EDGE_LOOP ( 'NONE', ( #5530, #8142 ) ) ;
#9671 = VERTEX_POINT ( 'NONE', #2101 ) ;
#9672 = CARTESIAN_POINT ( 'NONE',  ( 42.35613998199880825, 9.799999999999998934, -46.19999999999999574 ) ) ;
#9673 = DIRECTION ( 'NONE',  ( 0.000000000000000000, 1.000000000000000000, 0.000000000000000000 ) ) ;
#9674 = CARTESIAN_POINT ( 'NONE',  ( 39.99999999999999289, 11.00000000000000000, -14.00000000000000000 ) ) ;
#9675 = VECTOR ( 'NONE', #8359, 1000.000000000000000 ) ;
#9676 = CIRCLE ( 'NONE', #9466, 1.000000000000000888 ) ;
#9677 = ORIENTED_EDGE ( 'NONE', *, *, #7683, .T. ) ;
#9678 = ORIENTED_EDGE ( 'NONE', *, *, #4121, .T. ) ;
#9679 = VECTOR ( 'NONE', #9176, 1000.000000000000114 ) ;
#9680 = CARTESIAN_POINT ( 'NONE',  ( 44.50000000000000000, 11.00000000000000000, -15.49999999999994493 ) ) ;
#9681 = DIRECTION ( 'NONE',  ( 1.000000000000000000, 0.000000000000000000, 0.000000000000000000 ) ) ;
#9682 = EDGE_CURVE ( 'NONE', #9158, #332, #1160, .T. ) ;
#9683 = ADVANCED_FACE ( 'NONE', ( #273 ), #7796, .T. ) ;
#9684 = EDGE_CURVE ( 'NONE', #1846, #12477, #7762, .T. ) ;
#9685 = VECTOR ( 'NONE', #10337, 1000.000000000000000 ) ;
#9686 = CIRCLE ( 'NONE', #5650, 0.9999999999999974465 ) ;
#9687 = ADVANCED_FACE ( 'NONE', ( #9643 ), #2158, .T. ) ;
#9688 = ORIENTED_EDGE ( 'NONE', *, *, #801, .F. ) ;
#9689 = PLANE ( 'NONE',  #6590 ) ;
#9690 = ORIENTED_EDGE ( 'NONE', *, *, #8892, .F. ) ;
#9691 = EDGE_LOOP ( 'NONE', ( #74, #8316 ) ) ;
#9692 = DIRECTION ( 'NONE',  ( 0.000000000000000000, 0.000000000000000000, -1.000000000000000000 ) ) ;
#9693 = FACE_OUTER_BOUND ( 'NONE', #10885, .T. ) ;
#9694 = CARTESIAN_POINT ( 'NONE',  ( 7.499999999999930722, 11.00000000000000000, -37.99999999999988631 ) ) ;
#9695 = ORIENTED_EDGE ( 'NONE', *, *, #6583, .T. ) ;
#9696 = LINE ( 'NONE', #1028, #12526 ) ;
#9697 = CARTESIAN_POINT ( 'NONE',  ( 68.00000000000000000, 11.00000000000000000, -7.499999999999968914 ) ) ;
#9698 = DIRECTION ( 'NONE',  ( 1.000000000000000000, 0.000000000000000000, -4.818676322157797621E-17 ) ) ;
#9699 = AXIS2_PLACEMENT_3D ( 'NONE', #8575, #2551, #4588 ) ;
#9700 = AXIS2_PLACEMENT_3D ( 'NONE', #11225, #12042, #6146 ) ;
#9701 = ADVANCED_FACE ( 'NONE', ( #9774 ), #10655, .T. ) ;
#9702 = CIRCLE ( 'NONE', #811, 0.9999999999999974465 ) ;
#9703 = VECTOR ( 'NONE', #3870, 1000.000000000000000 ) ;
#9704 = ADVANCED_FACE ( 'NONE', ( #8753 ), #6973, .T. ) ;
#9705 = EDGE_CURVE ( 'NONE', #11663, #11613, #2983, .T. ) ;
#9706 = AXIS2_PLACEMENT_3D ( 'NONE', #11361, #6466, #851 ) ;
#9707 = DIRECTION ( 'NONE',  ( 0.000000000000000000, 1.000000000000000000, 0.000000000000000000 ) ) ;
#9708 = AXIS2_PLACEMENT_3D ( 'NONE', #75, #2091, #5954 ) ;
#9709 = LINE ( 'NONE', #148, #11939 ) ;
#9710 = EDGE_LOOP ( 'NONE', ( #11204, #4451, #9161, #574, #11366, #5118, #1753, #6622, #9219, #9628, #11690, #7421, #12123, #7441, #9912, #11324, #261, #9802, #1563, #11172, #7846, #10623, #11828, #8679, #7571, #5890, #11487, #911, #5154, #3668, #1448, #6360, #5657, #10247, #4978, #5965, #1893, #3468, #8261, #12169, #1700, #8113 ) ) ;
#9711 = CARTESIAN_POINT ( 'NONE',  ( 63.49999999999998579, 11.00000000000000000, -16.49999999999993250 ) ) ;
#9712 = DIRECTION ( 'NONE',  ( 0.000000000000000000, 0.000000000000000000, -1.000000000000000000 ) ) ;
#9713 = LINE ( 'NONE', #4962, #5231 ) ;
#9714 = VERTEX_POINT ( 'NONE', #11744 ) ;
#9715 = DIRECTION ( 'NONE',  ( 0.000000000000000000, 1.000000000000000000, 0.000000000000000000 ) ) ;
#9716 = CIRCLE ( 'NONE', #815, 2.500000000000002220 ) ;
#9717 = CARTESIAN_POINT ( 'NONE',  ( 14.23776336359134831, 11.00000000000000000, -46.00000000000000000 ) ) ;
#9718 = CARTESIAN_POINT ( 'NONE',  ( 11.51002512578677184, 2.000000000000000000, -4.000000000000001776 ) ) ;
#9719 = FACE_OUTER_BOUND ( 'NONE', #4072, .T. ) ;
#9720 = CIRCLE ( 'NONE', #8088, 1.000000000000000888 ) ;
#9721 = AXIS2_PLACEMENT_3D ( 'NONE', #10543, #8569, #8375 ) ;
#9722 = EDGE_CURVE ( 'NONE', #5923, #12377, #3052, .T. ) ;
#9723 = CARTESIAN_POINT ( 'NONE',  ( 11.99999999999996270, 11.00000000000000000, -25.49999999999992895 ) ) ;
#9724 = DIRECTION ( 'NONE',  ( 0.000000000000000000, 1.000000000000000000, 0.000000000000000000 ) ) ;
#9725 = ORIENTED_EDGE ( 'NONE', *, *, #7144, .T. ) ;
#9726 = CARTESIAN_POINT ( 'NONE',  ( 48.49999999999999289, 11.00000000000000000, -25.49999999999992895 ) ) ;
#9727 = VERTEX_POINT ( 'NONE', #4310 ) ;
#9728 = CIRCLE ( 'NONE', #4257, 0.9999999999999974465 ) ;
#9729 = DIRECTION ( 'NONE',  ( 0.000000000000000000, 0.000000000000000000, -1.000000000000000000 ) ) ;
#9730 = AXIS2_PLACEMENT_3D ( 'NONE', #11807, #3948, #6787 ) ;
#9731 = VERTEX_POINT ( 'NONE', #8229 ) ;
#9732 = CARTESIAN_POINT ( 'NONE',  ( 7.500000000000020428, 2.000000000000000000, -12.99999999999990052 ) ) ;
#9733 = DIRECTION ( 'NONE',  ( 0.000000000000000000, 1.000000000000000000, 0.000000000000000000 ) ) ;
#9734 = VERTEX_POINT ( 'NONE', #5193 ) ;
#9735 = ORIENTED_EDGE ( 'NONE', *, *, #8981, .T. ) ;
#9736 = DIRECTION ( 'NONE',  ( 0.000000000000000000, -0.000000000000000000, 1.000000000000000000 ) ) ;
#9737 = DIRECTION ( 'NONE',  ( -1.000000000000000000, 0.000000000000000000, 0.000000000000000000 ) ) ;
#9738 = AXIS2_PLACEMENT_3D ( 'NONE', #8370, #854, #6470 ) ;
#9739 = AXIS2_PLACEMENT_3D ( 'NONE', #2152, #8875, #6839 ) ;
#9740 = EDGE_CURVE ( 'NONE', #4718, #1615, #7096, .T. ) ;
#9741 = ADVANCED_FACE ( 'NONE', ( #11095 ), #3170, .T. ) ;
#9742 = VERTEX_POINT ( 'NONE', #11914 ) ;
#9743 = DIRECTION ( 'NONE',  ( 0.000000000000000000, 1.000000000000000000, 0.000000000000000000 ) ) ;
#9744 = ORIENTED_EDGE ( 'NONE', *, *, #11600, .T. ) ;
#9745 = ORIENTED_EDGE ( 'NONE', *, *, #10730, .T. ) ;
#9746 = DIRECTION ( 'NONE',  ( 0.000000000000000000, 0.000000000000000000, 1.000000000000000000 ) ) ;
#9747 = DIRECTION ( 'NONE',  ( 0.000000000000000000, 0.000000000000000000, 1.000000000000000000 ) ) ;
#9748 = FACE_OUTER_BOUND ( 'NONE', #8819, .T. ) ;
#9749 = ORIENTED_EDGE ( 'NONE', *, *, #4120, .T. ) ;
#9750 = ORIENTED_EDGE ( 'NONE', *, *, #245, .F. ) ;
#9751 = CYLINDRICAL_SURFACE ( 'NONE', #8238, 3.599999999999992095 ) ;
#9752 = CARTESIAN_POINT ( 'NONE',  ( 44.50000000000000000, 11.00000000000000000, -30.99999999999993605 ) ) ;
#9753 = LINE ( 'NONE', #4936, #733 ) ;
#9754 = ORIENTED_EDGE ( 'NONE', *, *, #496, .T. ) ;
#9755 = DIRECTION ( 'NONE',  ( 0.000000000000000000, 1.000000000000000000, 0.000000000000000000 ) ) ;
#9756 = EDGE_CURVE ( 'NONE', #3857, #5474, #10971, .T. ) ;
#9757 = VECTOR ( 'NONE', #339, 1000.000000000000000 ) ;
#9758 = EDGE_LOOP ( 'NONE', ( #6157, #9032, #1305, #9459 ) ) ;
#9759 = ORIENTED_EDGE ( 'NONE', *, *, #10777, .F. ) ;
#9760 = DIRECTION ( 'NONE',  ( 0.000000000000000000, 0.000000000000000000, 1.000000000000000000 ) ) ;
#9761 = CARTESIAN_POINT ( 'NONE',  ( 7.499999999999930722, 11.00000000000000000, -37.99999999999988631 ) ) ;
#9762 = DIRECTION ( 'NONE',  ( -0.000000000000000000, 1.000000000000000000, -0.000000000000000000 ) ) ;
#9763 = ORIENTED_EDGE ( 'NONE', *, *, #264, .T. ) ;
#9764 = CARTESIAN_POINT ( 'NONE',  ( 73.50000000000000000, 2.000000000000000000, -4.000000000000003553 ) ) ;
#9765 = FACE_BOUND ( 'NONE', #10410, .T. ) ;
#9766 = CARTESIAN_POINT ( 'NONE',  ( 67.99999999999994316, 11.00000000000000000, -24.49999999999996447 ) ) ;
#9767 = DIRECTION ( 'NONE',  ( 0.000000000000000000, 1.000000000000000000, 0.000000000000000000 ) ) ;
#9768 = MECHANICAL_CONTEXT ( 'NONE', #9988, 'mechanical' ) ;
#9769 = EDGE_CURVE ( 'NONE', #4412, #10238, #11620, .T. ) ;
#9770 = DIRECTION ( 'NONE',  ( 0.000000000000000000, 1.000000000000000000, 0.000000000000000000 ) ) ;
#9771 = EDGE_CURVE ( 'NONE', #9087, #425, #8584, .T. ) ;
#9772 = DIRECTION ( 'NONE',  ( 0.000000000000000000, 1.000000000000000000, 0.000000000000000000 ) ) ;
#9773 = ORIENTED_EDGE ( 'NONE', *, *, #8534, .T. ) ;
#9774 = FACE_OUTER_BOUND ( 'NONE', #7379, .T. ) ;
#9775 = DIRECTION ( 'NONE',  ( 0.000000000000000000, 0.000000000000000000, 1.000000000000000000 ) ) ;
#9776 = VECTOR ( 'NONE', #1857, 1000.000000000000000 ) ;
#9777 = DIRECTION ( 'NONE',  ( 0.000000000000000000, 0.000000000000000000, -1.000000000000000000 ) ) ;
#9778 = ORIENTED_EDGE ( 'NONE', *, *, #5074, .F. ) ;
#9779 = VECTOR ( 'NONE', #4115, 1000.000000000000114 ) ;
#9780 = CARTESIAN_POINT ( 'NONE',  ( 16.49999999999995381, 11.00000000000000000, -25.49999999999996092 ) ) ;
#9781 = EDGE_CURVE ( 'NONE', #8957, #5949, #3731, .T. ) ;
#9782 = DIRECTION ( 'NONE',  ( 0.000000000000000000, 0.000000000000000000, -1.000000000000000000 ) ) ;
#9783 = CARTESIAN_POINT ( 'NONE',  ( 31.50000000000000711, 11.00000000000000000, -19.99999999999997158 ) ) ;
#9784 = EDGE_CURVE ( 'NONE', #3922, #8902, #453, .T. ) ;
#9785 = CARTESIAN_POINT ( 'NONE',  ( 63.49999999999991473, 11.00000000000000000, -38.99999999999992184 ) ) ;
#9786 = PLANE ( 'NONE',  #11317 ) ;
#9787 = DIRECTION ( 'NONE',  ( 0.000000000000000000, -0.000000000000000000, 1.000000000000000000 ) ) ;
#9788 = VERTEX_POINT ( 'NONE', #3360 ) ;
#9789 = CARTESIAN_POINT ( 'NONE',  ( 17.92779706011599927, 11.00000000000000000, -3.000084202863473326 ) ) ;
#9790 = LINE ( 'NONE', #4847, #29 ) ;
#9791 = EDGE_LOOP ( 'NONE', ( #7405, #2584 ) ) ;
#9792 = DIRECTION ( 'NONE',  ( 0.000000000000000000, 1.000000000000000000, 0.000000000000000000 ) ) ;
#9793 = ORIENTED_EDGE ( 'NONE', *, *, #228, .T. ) ;
#9794 = VERTEX_POINT ( 'NONE', #1471 ) ;
#9795 = DIRECTION ( 'NONE',  ( 0.000000000000000000, 0.000000000000000000, 1.000000000000000000 ) ) ;
#9796 = AXIS2_PLACEMENT_3D ( 'NONE', #11834, #5880, #4802 ) ;
#9797 = ADVANCED_FACE ( 'NONE', ( #5385 ), #6327, .T. ) ;
#9798 = CARTESIAN_POINT ( 'NONE',  ( 43.50000000000000000, 2.000000000000000000, -41.23776336359134831 ) ) ;
#9799 = AXIS2_PLACEMENT_3D ( 'NONE', #1881, #9855, #5738 ) ;
#9800 = ORIENTED_EDGE ( 'NONE', *, *, #1013, .F. ) ;
#9801 = DIRECTION ( 'NONE',  ( -1.000000000000000000, -0.000000000000000000, -0.000000000000000000 ) ) ;
#9802 = ORIENTED_EDGE ( 'NONE', *, *, #9840, .T. ) ;
#9803 = EDGE_LOOP ( 'NONE', ( #107, #1502, #6310, #3274 ) ) ;
#9804 = DIRECTION ( 'NONE',  ( 0.000000000000000000, -0.000000000000000000, 1.000000000000000000 ) ) ;
#9805 = CARTESIAN_POINT ( 'NONE',  ( 13.50000000000000000, 5.000000000000000000, 3.100000000000000977 ) ) ;
#9806 = LINE ( 'NONE', #7112, #6530 ) ;
#9807 = ORIENTED_EDGE ( 'NONE', *, *, #9337, .T. ) ;
#9808 = VERTEX_POINT ( 'NONE', #12040 ) ;
#9809 = LINE ( 'NONE', #1075, #775 ) ;
#9810 = CARTESIAN_POINT ( 'NONE',  ( 53.50000000000000000, 11.00000000000000000, -3.400000000000000355 ) ) ;
#9811 = ADVANCED_FACE ( 'NONE', ( #11982 ), #5324, .T. ) ;
#9812 = FACE_OUTER_BOUND ( 'NONE', #11484, .T. ) ;
#9813 = EDGE_CURVE ( 'NONE', #1698, #2305, #7291, .T. ) ;
#9814 = AXIS2_PLACEMENT_3D ( 'NONE', #5347, #418, #12001 ) ;
#9815 = VECTOR ( 'NONE', #76, 1000.000000000000000 ) ;
#9816 = VERTEX_POINT ( 'NONE', #9249 ) ;
#9817 = CARTESIAN_POINT ( 'NONE',  ( 16.49999999999996447, 11.00000000000000000, -20.99999999999996447 ) ) ;
#9818 = CIRCLE ( 'NONE', #4351, 0.9999999999999974465 ) ;
#9819 = EDGE_LOOP ( 'NONE', ( #2640, #871 ) ) ;
#9820 = VERTEX_POINT ( 'NONE', #576 ) ;
#9821 = AXIS2_PLACEMENT_3D ( 'NONE', #9105, #12015, #2258 ) ;
#9822 = LINE ( 'NONE', #10583, #9703 ) ;
#9823 = DIRECTION ( 'NONE',  ( 0.000000000000000000, 0.000000000000000000, 1.000000000000000000 ) ) ;
#9824 = CARTESIAN_POINT ( 'NONE',  ( 54.00000000000000000, 2.000000000000000000, -31.14999999999999858 ) ) ;
#9825 = ORIENTED_EDGE ( 'NONE', *, *, #95, .F. ) ;
#9826 = FACE_OUTER_BOUND ( 'NONE', #12257, .T. ) ;
#9827 = CARTESIAN_POINT ( 'NONE',  ( 20.04911740367562700, 11.00000000000000000, -3.878763859303826500 ) ) ;
#9828 = CARTESIAN_POINT ( 'NONE',  ( 16.49999999999995381, 2.000000000000000000, -25.49999999999996092 ) ) ;
#9829 = DATE_AND_TIME ( #2977, #30 ) ;
#9830 = EDGE_CURVE ( 'NONE', #2244, #6697, #1093, .T. ) ;
#9831 = CARTESIAN_POINT ( 'NONE',  ( 7.499999999999944045, 2.000000000000000000, -33.49999999999989342 ) ) ;
#9832 = DIRECTION ( 'NONE',  ( 0.000000000000000000, 0.000000000000000000, 1.000000000000000000 ) ) ;
#9833 = ORIENTED_EDGE ( 'NONE', *, *, #3283, .T. ) ;
#9834 = CARTESIAN_POINT ( 'NONE',  ( 20.99999999999998224, 11.00000000000000000, -11.99999999999999645 ) ) ;
#9835 = CARTESIAN_POINT ( 'NONE',  ( 11.99999999999998934, 11.00000000000000000, -16.49999999999993250 ) ) ;
#9836 = CARTESIAN_POINT ( 'NONE',  ( 72.49999999999991473, 11.00000000000000000, -29.99999999999998934 ) ) ;
#9837 = CARTESIAN_POINT ( 'NONE',  ( 7.499999999999930722, 11.00000000000000000, -38.99999999999988631 ) ) ;
#9838 = DIRECTION ( 'NONE',  ( -0.000000000000000000, -1.000000000000000000, -0.000000000000000000 ) ) ;
#9839 = CYLINDRICAL_SURFACE ( 'NONE', #2515, 0.9999999999999974465 ) ;
#9840 = EDGE_CURVE ( 'NONE', #9850, #762, #1964, .T. ) ;
#9841 = VECTOR ( 'NONE', #1440, 1000.000000000000000 ) ;
#9842 = ADVANCED_FACE ( 'NONE', ( #11855 ), #2225, .T. ) ;
#9843 = EDGE_CURVE ( 'NONE', #6688, #5249, #7621, .T. ) ;
#9844 = FACE_OUTER_BOUND ( 'NONE', #8187, .T. ) ;
#9845 = DIRECTION ( 'NONE',  ( 0.000000000000000000, 0.000000000000000000, 1.000000000000000000 ) ) ;
#9846 = EDGE_LOOP ( 'NONE', ( #375, #1634 ) ) ;
#9847 = CARTESIAN_POINT ( 'NONE',  ( 41.52771285725263084, 9.799999999999998934, -44.19999999999999574 ) ) ;
#9848 = EDGE_CURVE ( 'NONE', #4443, #8180, #328, .T. ) ;
#9849 = CARTESIAN_POINT ( 'NONE',  ( 17.92779706011599927, 9.799999999999998934, -6.000084202863472882 ) ) ;
#9850 = VERTEX_POINT ( 'NONE', #8038 ) ;
#9851 = DIRECTION ( 'NONE',  ( 0.000000000000000000, 0.000000000000000000, -1.000000000000000000 ) ) ;
#9852 = ORIENTED_EDGE ( 'NONE', *, *, #10690, .F. ) ;
#9853 = DIRECTION ( 'NONE',  ( 0.000000000000000000, 0.000000000000000000, 1.000000000000000000 ) ) ;
#9854 = ORIENTED_EDGE ( 'NONE', *, *, #2173, .F. ) ;
#9855 = DIRECTION ( 'NONE',  ( 0.000000000000000000, 1.000000000000000000, -0.000000000000000000 ) ) ;
#9856 = VECTOR ( 'NONE', #11065, 1000.000000000000000 ) ;
#9857 = CARTESIAN_POINT ( 'NONE',  ( 31.50000000000000711, 2.000000000000000000, -29.99999999999997158 ) ) ;
#9858 = EDGE_CURVE ( 'NONE', #8618, #9629, #8003, .T. ) ;
#9859 = CIRCLE ( 'NONE', #2166, 0.9999999999999983347 ) ;
#9860 = EDGE_CURVE ( 'NONE', #12147, #2309, #1847, .T. ) ;
#9861 = ORIENTED_EDGE ( 'NONE', *, *, #1833, .T. ) ;
#9862 = DIRECTION ( 'NONE',  ( 0.000000000000000000, 0.000000000000000000, 1.000000000000000000 ) ) ;
#9863 = ORIENTED_EDGE ( 'NONE', *, *, #5255, .F. ) ;
#9864 = ORIENTED_EDGE ( 'NONE', *, *, #719, .T. ) ;
#9865 = CARTESIAN_POINT ( 'NONE',  ( 46.91263709774426616, 11.00000000000000000, -4.732233047033625795 ) ) ;
#9866 = CYLINDRICAL_SURFACE ( 'NONE', #8471, 0.9999999999999974465 ) ;
#9867 = ORIENTED_EDGE ( 'NONE', *, *, #4207, .T. ) ;
#9868 = ORIENTED_EDGE ( 'NONE', *, *, #2746, .T. ) ;
#9869 = CARTESIAN_POINT ( 'NONE',  ( 67.99999999999994316, 11.00000000000000000, -25.49999999999996092 ) ) ;
#9870 = CYLINDRICAL_SURFACE ( 'NONE', #10023, 0.9999999999999974465 ) ;
#9871 = EDGE_CURVE ( 'NONE', #4880, #11009, #9433, .T. ) ;
#9872 = ORIENTED_EDGE ( 'NONE', *, *, #10937, .F. ) ;
#9873 = DIRECTION ( 'NONE',  ( -0.000000000000000000, -1.000000000000000000, -0.000000000000000000 ) ) ;
#9874 = AXIS2_PLACEMENT_3D ( 'NONE', #6523, #9514, #902 ) ;
#9875 = VECTOR ( 'NONE', #1313, 1000.000000000000000 ) ;
#9876 = CIRCLE ( 'NONE', #6031, 0.9999999999999974465 ) ;
#9877 = ORIENTED_EDGE ( 'NONE', *, *, #6604, .T. ) ;
#9878 = VERTEX_POINT ( 'NONE', #5706 ) ;
#9879 = CARTESIAN_POINT ( 'NONE',  ( 16.49999999999999289, 11.00000000000000000, -10.99999999999996803 ) ) ;
#9880 = LINE ( 'NONE', #8868, #11892 ) ;
#9881 = DIRECTION ( 'NONE',  ( -0.7071067811865474617, 0.000000000000000000, -0.7071067811865474617 ) ) ;
#9882 = VERTEX_POINT ( 'NONE', #12163 ) ;
#9883 = DIRECTION ( 'NONE',  ( 0.000000000000000000, 0.000000000000000000, 1.000000000000000000 ) ) ;
#9884 = FACE_BOUND ( 'NONE', #5175, .T. ) ;
#9885 = CARTESIAN_POINT ( 'NONE',  ( 0.9999999999999870104, 9.799999999999998934, -2.762250190341694227E-14 ) ) ;
#9886 =( LENGTH_UNIT ( ) NAMED_UNIT ( * ) SI_UNIT ( .MILLI., .METRE. ) );
#9887 = VECTOR ( 'NONE', #4697, 1000.000000000000000 ) ;
#9888 = AXIS2_PLACEMENT_3D ( 'NONE', #4158, #4099, #5109 ) ;
#9889 = AXIS2_PLACEMENT_3D ( 'NONE', #11454, #3021, #9747 ) ;
#9890 = EDGE_CURVE ( 'NONE', #3583, #136, #9951, .T. ) ;
#9891 = DIRECTION ( 'NONE',  ( -0.000000000000000000, -1.000000000000000000, -0.000000000000000000 ) ) ;
#9892 = DIRECTION ( 'NONE',  ( 0.000000000000000000, 1.000000000000000000, 0.000000000000000000 ) ) ;
#9893 = VERTEX_POINT ( 'NONE', #9568 ) ;
#9894 = LINE ( 'NONE', #11801, #11403 ) ;
#9895 = VECTOR ( 'NONE', #636, 1000.000000000000000 ) ;
#9896 = FACE_OUTER_BOUND ( 'NONE', #9502, .T. ) ;
#9897 = AXIS2_PLACEMENT_3D ( 'NONE', #9513, #1852, #2855 ) ;
#9898 = CIRCLE ( 'NONE', #11123, 0.9999999999999983347 ) ;
#9899 = CARTESIAN_POINT ( 'NONE',  ( 72.49999999999997158, 11.00000000000000000, -17.49999999999999289 ) ) ;
#9900 = ORIENTED_EDGE ( 'NONE', *, *, #172, .T. ) ;
#9901 = DIRECTION ( 'NONE',  ( 0.000000000000000000, 0.000000000000000000, 1.000000000000000000 ) ) ;
#9902 = LINE ( 'NONE', #11750, #10531 ) ;
#9903 = CARTESIAN_POINT ( 'NONE',  ( 31.50000000000000711, 2.000000000000000000, -24.49999999999997513 ) ) ;
#9904 = AXIS2_PLACEMENT_3D ( 'NONE', #6606, #1809, #4971 ) ;
#9905 = VECTOR ( 'NONE', #10133, 1000.000000000000000 ) ;
#9906 = CARTESIAN_POINT ( 'NONE',  ( 16.49999999999992539, 11.00000000000000000, -34.49999999999996447 ) ) ;
#9907 = CARTESIAN_POINT ( 'NONE',  ( 44.50000000000000000, 11.00000000000000000, -7.499999999999941380 ) ) ;
#9908 = VERTEX_POINT ( 'NONE', #5513 ) ;
#9909 = CARTESIAN_POINT ( 'NONE',  ( 30.50000000000000355, 11.00000000000000000, -10.85512985522205121 ) ) ;
#9910 = CARTESIAN_POINT ( 'NONE',  ( 16.64903320081215199, 11.00000000000000000, -46.32132034355964834 ) ) ;
#9911 = EDGE_CURVE ( 'NONE', #11162, #11220, #5904, .T. ) ;
#9912 = ORIENTED_EDGE ( 'NONE', *, *, #1757, .F. ) ;
#9913 = CARTESIAN_POINT ( 'NONE',  ( 63.49999999999994316, 11.00000000000000000, -30.99999999999992184 ) ) ;
#9914 = CIRCLE ( 'NONE', #7282, 0.9999999999999974465 ) ;
#9915 = VECTOR ( 'NONE', #12378, 1000.000000000000000 ) ;
#9916 = ORIENTED_EDGE ( 'NONE', *, *, #1880, .T. ) ;
#9917 = ORIENTED_EDGE ( 'NONE', *, *, #7822, .F. ) ;
#9918 = DIRECTION ( 'NONE',  ( 0.000000000000000000, 0.000000000000000000, -1.000000000000000000 ) ) ;
#9919 = DIRECTION ( 'NONE',  ( 0.000000000000000000, 0.000000000000000000, -1.000000000000000000 ) ) ;
#9920 = EDGE_CURVE ( 'NONE', #2939, #7636, #9432, .T. ) ;
#9921 = AXIS2_PLACEMENT_3D ( 'NONE', #8916, #7063, #246 ) ;
#9922 = VECTOR ( 'NONE', #1539, 1000.000000000000000 ) ;
#9923 = ORIENTED_EDGE ( 'NONE', *, *, #4825, .F. ) ;
#9924 = DIRECTION ( 'NONE',  ( 0.000000000000000000, 1.000000000000000000, 0.000000000000000000 ) ) ;
#9925 = EDGE_CURVE ( 'NONE', #6878, #5054, #10519, .T. ) ;
#9926 = ORIENTED_EDGE ( 'NONE', *, *, #5352, .F. ) ;
#9927 = ORIENTED_EDGE ( 'NONE', *, *, #1321, .T. ) ;
#9928 = FACE_OUTER_BOUND ( 'NONE', #7013, .T. ) ;
#9929 = DIRECTION ( 'NONE',  ( 0.000000000000000000, 0.000000000000000000, 1.000000000000000000 ) ) ;
#9930 = ORIENTED_EDGE ( 'NONE', *, *, #5508, .T. ) ;
#9931 = ORIENTED_EDGE ( 'NONE', *, *, #6744, .F. ) ;
#9932 = DIRECTION ( 'NONE',  ( 0.000000000000000000, 1.000000000000000000, 0.000000000000000000 ) ) ;
#9933 = ADVANCED_FACE ( 'NONE', ( #11350 ), #9438, .F. ) ;
#9934 = AXIS2_PLACEMENT_3D ( 'NONE', #5482, #1628, #5539 ) ;
#9935 = DIRECTION ( 'NONE',  ( -0.000000000000000000, -1.000000000000000000, -0.000000000000000000 ) ) ;
#9936 = AXIS2_PLACEMENT_3D ( 'NONE', #5774, #1091, #966 ) ;
#9937 = EDGE_CURVE ( 'NONE', #5165, #9620, #8550, .T. ) ;
#9938 = ORIENTED_EDGE ( 'NONE', *, *, #4512, .T. ) ;
#9939 = AXIS2_PLACEMENT_3D ( 'NONE', #11096, #2226, #4185 ) ;
#9940 = ORIENTED_EDGE ( 'NONE', *, *, #4468, .F. ) ;
#9941 = EDGE_LOOP ( 'NONE', ( #1642, #11271 ) ) ;
#9942 = DIRECTION ( 'NONE',  ( 0.000000000000000000, 0.000000000000000000, 1.000000000000000000 ) ) ;
#9943 = DIRECTION ( 'NONE',  ( 0.000000000000000000, 0.000000000000000000, 1.000000000000000000 ) ) ;
#9944 = DIRECTION ( 'NONE',  ( -0.000000000000000000, -1.000000000000000000, -0.000000000000000000 ) ) ;
#9945 = ORIENTED_EDGE ( 'NONE', *, *, #3488, .F. ) ;
#9946 = CARTESIAN_POINT ( 'NONE',  ( 7.500000000000020428, 11.00000000000000000, -11.99999999999990230 ) ) ;
#9947 = CARTESIAN_POINT ( 'NONE',  ( 39.99999999999999289, 11.00000000000000000, -15.00000000000000000 ) ) ;
#9948 = ADVANCED_FACE ( 'NONE', ( #6389 ), #5447, .T. ) ;
#9949 = DIRECTION ( 'NONE',  ( 0.000000000000000000, 0.000000000000000000, -1.000000000000000000 ) ) ;
#9950 = SECURITY_CLASSIFICATION_LEVEL ( 'unclassified' ) ;
#9951 = CIRCLE ( 'NONE', #4481, 0.9999999999999983347 ) ;
#9952 = EDGE_CURVE ( 'NONE', #3018, #1470, #6050, .T. ) ;
#9953 = DIRECTION ( 'NONE',  ( 0.000000000000000000, 0.000000000000000000, 1.000000000000000000 ) ) ;
#9954 = CARTESIAN_POINT ( 'NONE',  ( 59.12248018076000733, 11.00000000000000000, -1.878739150121992108 ) ) ;
#9955 = ORIENTED_EDGE ( 'NONE', *, *, #10240, .T. ) ;
#9956 = EDGE_LOOP ( 'NONE', ( #10295, #2127, #3298, #900 ) ) ;
#9957 = DIRECTION ( 'NONE',  ( 0.000000000000000000, -0.000000000000000000, 1.000000000000000000 ) ) ;
#9958 = DIRECTION ( 'NONE',  ( -0.000000000000000000, -1.000000000000000000, 0.000000000000000000 ) ) ;
#9959 = DIRECTION ( 'NONE',  ( -0.000000000000000000, -1.000000000000000000, -0.000000000000000000 ) ) ;
#9960 = DIRECTION ( 'NONE',  ( -0.000000000000000000, -0.000000000000000000, -1.000000000000000000 ) ) ;
#9961 = VERTEX_POINT ( 'NONE', #8296 ) ;
#9962 = PLANE ( 'NONE',  #2791 ) ;
#9963 = DIRECTION ( 'NONE',  ( 0.000000000000000000, 0.000000000000000000, -1.000000000000000000 ) ) ;
#9964 = DIRECTION ( 'NONE',  ( 0.000000000000000000, 1.000000000000000000, -0.000000000000000000 ) ) ;
#9965 = ADVANCED_FACE ( 'NONE', ( #2722 ), #5570, .T. ) ;
#9966 = EDGE_CURVE ( 'NONE', #10319, #8938, #2990, .T. ) ;
#9967 = DIRECTION ( 'NONE',  ( 0.000000000000000000, 1.000000000000000000, 0.000000000000000000 ) ) ;
#9968 = CARTESIAN_POINT ( 'NONE',  ( 26.50000000000000000, 11.00000000000000000, -45.09999999999999432 ) ) ;
#9969 = VERTEX_POINT ( 'NONE', #2782 ) ;
#9970 = LINE ( 'NONE', #9145, #10652 ) ;
#9971 = DIRECTION ( 'NONE',  ( 0.000000000000000000, 1.000000000000000000, -0.000000000000000000 ) ) ;
#9972 = ORIENTED_EDGE ( 'NONE', *, *, #1721, .T. ) ;
#9973 = DIRECTION ( 'NONE',  ( 0.000000000000000000, 0.000000000000000000, -1.000000000000000000 ) ) ;
#9974 = ORIENTED_EDGE ( 'NONE', *, *, #9549, .F. ) ;
#9975 = VERTEX_POINT ( 'NONE', #12416 ) ;
#9976 = CARTESIAN_POINT ( 'NONE',  ( 24.99999999999999289, 2.000000000000000000, -10.85512985522205476 ) ) ;
#9977 = DIRECTION ( 'NONE',  ( -0.7071067811865433539, 0.000000000000000000, 0.7071067811865517916 ) ) ;
#9978 = CIRCLE ( 'NONE', #5117, 2.800000000000000266 ) ;
#9979 = FACE_OUTER_BOUND ( 'NONE', #1660, .T. ) ;
#9980 = ORIENTED_EDGE ( 'NONE', *, *, #10212, .F. ) ;
#9981 = EDGE_CURVE ( 'NONE', #9211, #9221, #705, .T. ) ;
#9982 = VERTEX_POINT ( 'NONE', #11407 ) ;
#9983 = ORIENTED_EDGE ( 'NONE', *, *, #8631, .T. ) ;
#9984 = CARTESIAN_POINT ( 'NONE',  ( 44.50000000000000000, 11.00000000000000000, -38.99999999999994316 ) ) ;
#9985 = LINE ( 'NONE', #5110, #6638 ) ;
#9986 = VECTOR ( 'NONE', #11585, 1000.000000000000000 ) ;
#9987 = EDGE_CURVE ( 'NONE', #666, #4553, #5853, .T. ) ;
#9988 = APPLICATION_CONTEXT ( 'configuration controlled 3d designs of mechanical parts and assemblies' ) ;
#9989 = ORIENTED_EDGE ( 'NONE', *, *, #3969, .F. ) ;
#9990 = ORIENTED_EDGE ( 'NONE', *, *, #2290, .F. ) ;
#9991 = CARTESIAN_POINT ( 'NONE',  ( 7.500000000000007105, 11.00000000000000000, -16.49999999999990408 ) ) ;
#9992 = CARTESIAN_POINT ( 'NONE',  ( 51.47867965644046961, 9.799999999999998934, -41.32010101267767510 ) ) ;
#9993 = ADVANCED_FACE ( 'NONE', ( #841 ), #4691, .F. ) ;
#9994 = CIRCLE ( 'NONE', #11007, 0.9999999999999974465 ) ;
#9995 = EDGE_LOOP ( 'NONE', ( #5211, #9292 ) ) ;
#9996 = EDGE_CURVE ( 'NONE', #9731, #11882, #3428, .T. ) ;
#9997 = VERTEX_POINT ( 'NONE', #2851 ) ;
#9998 = ORIENTED_EDGE ( 'NONE', *, *, #321, .T. ) ;
#9999 = DIRECTION ( 'NONE',  ( 0.000000000000000000, 0.000000000000000000, -1.000000000000000000 ) ) ;
#10000 = CARTESIAN_POINT ( 'NONE',  ( 0.000000000000000000, 0.000000000000000000, 3.100000000000000089 ) ) ;
#10001 = ADVANCED_FACE ( 'NONE', ( #4815 ), #7915, .T. ) ;
#10002 = DIRECTION ( 'NONE',  ( 0.000000000000000000, -0.000000000000000000, 1.000000000000000000 ) ) ;
#10003 = ORIENTED_EDGE ( 'NONE', *, *, #9548, .T. ) ;
#10004 = CARTESIAN_POINT ( 'NONE',  ( 7.500000000000041744, 2.000000000000000000, -8.499999999999904077 ) ) ;
#10005 = FACE_BOUND ( 'NONE', #5746, .T. ) ;
#10006 = AXIS2_PLACEMENT_3D ( 'NONE', #12249, #2614, #4648 ) ;
#10007 = FACE_OUTER_BOUND ( 'NONE', #11266, .T. ) ;
#10008 = VECTOR ( 'NONE', #11367, 1000.000000000000114 ) ;
#10009 = AXIS2_PLACEMENT_3D ( 'NONE', #6041, #1177, #8961 ) ;
#10010 = DIRECTION ( 'NONE',  ( 0.7071067811865480168, 0.000000000000000000, -0.7071067811865470176 ) ) ;
#10011 = DIRECTION ( 'NONE',  ( 0.000000000000000000, 1.000000000000000000, 0.000000000000000000 ) ) ;
#10012 = ORIENTED_EDGE ( 'NONE', *, *, #7588, .F. ) ;
#10013 = ORIENTED_EDGE ( 'NONE', *, *, #1110, .F. ) ;
#10014 = DIRECTION ( 'NONE',  ( 0.000000000000000000, 0.000000000000000000, 1.000000000000000000 ) ) ;
#10015 = ADVANCED_FACE ( 'NONE', ( #7784 ), #8867, .T. ) ;
#10016 = DIRECTION ( 'NONE',  ( 0.000000000000000000, 0.000000000000000000, -1.000000000000000000 ) ) ;
#10017 = DIRECTION ( 'NONE',  ( 0.000000000000000000, 0.000000000000000000, 1.000000000000000000 ) ) ;
#10018 = CYLINDRICAL_SURFACE ( 'NONE', #7268, 0.9999999999999974465 ) ;
#10019 = ORIENTED_EDGE ( 'NONE', *, *, #8463, .F. ) ;
#10020 = DIRECTION ( 'NONE',  ( 0.000000000000000000, -0.000000000000000000, 1.000000000000000000 ) ) ;
#10021 = CARTESIAN_POINT ( 'NONE',  ( 16.49999999999992539, 2.000000000000000000, -33.49999999999995737 ) ) ;
#10022 = LINE ( 'NONE', #8117, #11639 ) ;
#10023 = AXIS2_PLACEMENT_3D ( 'NONE', #11715, #9935, #8734 ) ;
#10024 = DIRECTION ( 'NONE',  ( 0.000000000000000000, 0.000000000000000000, 1.000000000000000000 ) ) ;
#10025 = CARTESIAN_POINT ( 'NONE',  ( 53.54142135623729359, 9.799999999999998934, -43.30000000000000426 ) ) ;
#10026 = EDGE_LOOP ( 'NONE', ( #4666, #12267, #6224, #2455 ) ) ;
#10027 = CARTESIAN_POINT ( 'NONE',  ( 38.47228714274736916, 9.799999999999998934, -44.19999999999999574 ) ) ;
#10028 = EDGE_CURVE ( 'NONE', #4522, #12147, #11660, .T. ) ;
#10029 = EDGE_LOOP ( 'NONE', ( #5107, #2438, #4536, #1958 ) ) ;
#10030 = DIRECTION ( 'NONE',  ( 0.000000000000000000, 1.000000000000000000, 0.000000000000000000 ) ) ;
#10031 = LINE ( 'NONE', #471, #4929 ) ;
#10032 = ORIENTED_EDGE ( 'NONE', *, *, #5493, .F. ) ;
#10033 = CARTESIAN_POINT ( 'NONE',  ( 74.79999999999998295, 9.799999999999998934, -5.200000000000043698 ) ) ;
#10034 = EDGE_LOOP ( 'NONE', ( #10763, #5081 ) ) ;
#10035 = AXIS2_PLACEMENT_3D ( 'NONE', #12036, #4178, #3234 ) ;
#10036 = DIRECTION ( 'NONE',  ( 0.000000000000000000, 0.000000000000000000, 1.000000000000000000 ) ) ;
#10037 = DIRECTION ( 'NONE',  ( 0.000000000000000000, -1.000000000000000000, 0.000000000000000000 ) ) ;
#10038 = CARTESIAN_POINT ( 'NONE',  ( 11.99999999999992006, 2.000000000000000000, -39.99999999999992184 ) ) ;
#10039 = EDGE_CURVE ( 'NONE', #5948, #5428, #7058, .T. ) ;
#10040 = CIRCLE ( 'NONE', #3982, 2.500000000000000444 ) ;
#10041 = ORIENTED_EDGE ( 'NONE', *, *, #11385, .F. ) ;
#10042 = CARTESIAN_POINT ( 'NONE',  ( 7.499999999999958256, 2.000000000000000000, -28.99999999999989697 ) ) ;
#10043 = ORIENTED_EDGE ( 'NONE', *, *, #1647, .F. ) ;
#10044 = ORIENTED_EDGE ( 'NONE', *, *, #3724, .F. ) ;
#10045 = CYLINDRICAL_SURFACE ( 'NONE', #8256, 0.9999999999999974465 ) ;
#10046 = DIRECTION ( 'NONE',  ( -0.000000000000000000, -1.000000000000000000, -0.000000000000000000 ) ) ;
#10047 = VERTEX_POINT ( 'NONE', #9879 ) ;
#10048 = VERTEX_POINT ( 'NONE', #201 ) ;
#10049 = DIRECTION ( 'NONE',  ( 0.000000000000000000, 1.000000000000000000, 0.000000000000000000 ) ) ;
#10050 = DIRECTION ( 'NONE',  ( 0.000000000000000000, 0.000000000000000000, 1.000000000000000000 ) ) ;
#10051 = AXIS2_PLACEMENT_3D ( 'NONE', #241, #1182, #9919 ) ;
#10052 = ORIENTED_EDGE ( 'NONE', *, *, #6996, .F. ) ;
#10053 = VERTEX_POINT ( 'NONE', #4058 ) ;
#10054 = EDGE_LOOP ( 'NONE', ( #3263, #3137 ) ) ;
#10055 = FACE_OUTER_BOUND ( 'NONE', #6251, .T. ) ;
#10056 = DIRECTION ( 'NONE',  ( 0.000000000000000000, 0.000000000000000000, 1.000000000000000000 ) ) ;
#10057 = CARTESIAN_POINT ( 'NONE',  ( 31.50000000000000711, 11.00000000000000000, -30.99999999999996803 ) ) ;
#10058 = ORIENTED_EDGE ( 'NONE', *, *, #2650, .T. ) ;
#10059 = ADVANCED_FACE ( 'NONE', ( #5825 ), #4750, .T. ) ;
#10060 = AXIS2_PLACEMENT_3D ( 'NONE', #8002, #8254, #10101 ) ;
#10061 = CARTESIAN_POINT ( 'NONE',  ( 35.49999999999999289, 11.00000000000000000, -33.49999999999995737 ) ) ;
#10062 = FACE_BOUND ( 'NONE', #9304, .T. ) ;
#10063 = DIRECTION ( 'NONE',  ( 0.000000000000000000, 1.000000000000000000, 0.000000000000000000 ) ) ;
#10064 = EDGE_CURVE ( 'NONE', #2130, #26, #4841, .T. ) ;
#10065 = EDGE_CURVE ( 'NONE', #11148, #3460, #2969, .T. ) ;
#10066 = EDGE_CURVE ( 'NONE', #1103, #11702, #10305, .T. ) ;
#10067 = VECTOR ( 'NONE', #4313, 1000.000000000000000 ) ;
#10068 = CIRCLE ( 'NONE', #11700, 1.000000000000000888 ) ;
#10069 = CIRCLE ( 'NONE', #3000, 0.9999999999999974465 ) ;
#10070 = CARTESIAN_POINT ( 'NONE',  ( 67.99999999999995737, 11.00000000000000000, -20.99999999999996447 ) ) ;
#10071 = CARTESIAN_POINT ( 'NONE',  ( 63.50000000000002842, 11.00000000000000000, -7.499999999999936939 ) ) ;
#10072 = VERTEX_POINT ( 'NONE', #1903 ) ;
#10073 = EDGE_LOOP ( 'NONE', ( #4540, #2142, #12132, #2323 ) ) ;
#10074 = CARTESIAN_POINT ( 'NONE',  ( 67.99999999999997158, 11.00000000000000000, -17.49999999999996447 ) ) ;
#10075 = CYLINDRICAL_SURFACE ( 'NONE', #3673, 0.9999999999999974465 ) ;
#10076 = CARTESIAN_POINT ( 'NONE',  ( 22.49999999999999645, 11.00000000000000000, -10.85512985522204765 ) ) ;
#10077 = FACE_OUTER_BOUND ( 'NONE', #809, .T. ) ;
#10078 = ORIENTED_EDGE ( 'NONE', *, *, #6010, .T. ) ;
#10079 = DIRECTION ( 'NONE',  ( 0.000000000000000000, 0.000000000000000000, 1.000000000000000000 ) ) ;
#10080 = VECTOR ( 'NONE', #10964, 1000.000000000000114 ) ;
#10081 = AXIS2_PLACEMENT_3D ( 'NONE', #10315, #8402, #5430 ) ;
#10082 = DIRECTION ( 'NONE',  ( 0.000000000000000000, 0.000000000000000000, 1.000000000000000000 ) ) ;
#10083 = CARTESIAN_POINT ( 'NONE',  ( 0.000000000000000000, 9.799999999999998934, -49.20000000000000284 ) ) ;
#10084 = VECTOR ( 'NONE', #9113, 1000.000000000000114 ) ;
#10085 = EDGE_CURVE ( 'NONE', #4020, #11574, #6008, .T. ) ;
#10086 = EDGE_CURVE ( 'NONE', #5874, #23, #9822, .T. ) ;
#10087 = CIRCLE ( 'NONE', #3621, 6.100000000000028955 ) ;
#10088 = CARTESIAN_POINT ( 'NONE',  ( 16.49999999999997868, 2.000000000000000000, -15.49999999999996803 ) ) ;
#10089 = AXIS2_PLACEMENT_3D ( 'NONE', #11379, #547, #10422 ) ;
#10090 = CIRCLE ( 'NONE', #6035, 3.599999999999990319 ) ;
#10091 = DIRECTION ( 'NONE',  ( 0.000000000000000000, 0.000000000000000000, -1.000000000000000000 ) ) ;
#10092 = ORIENTED_EDGE ( 'NONE', *, *, #2864, .F. ) ;
#10093 = DIRECTION ( 'NONE',  ( 0.000000000000000000, 0.000000000000000000, 1.000000000000000000 ) ) ;
#10094 = CARTESIAN_POINT ( 'NONE',  ( 16.50000000000000711, 2.000000000000000000, -6.499999999999969802 ) ) ;
#10095 = DIRECTION ( 'NONE',  ( -0.000000000000000000, -0.000000000000000000, 1.000000000000000000 ) ) ;
#10096 = PLANE ( 'NONE',  #12003 ) ;
#10097 = VERTEX_POINT ( 'NONE', #4882 ) ;
#10098 = DIRECTION ( 'NONE',  ( 0.000000000000000000, 0.000000000000000000, 1.000000000000000000 ) ) ;
#10099 = ORIENTED_EDGE ( 'NONE', *, *, #4267, .T. ) ;
#10100 = DIRECTION ( 'NONE',  ( 0.000000000000000000, 1.000000000000000000, 0.000000000000000000 ) ) ;
#10101 = DIRECTION ( 'NONE',  ( 0.000000000000000000, -0.000000000000000000, 1.000000000000000000 ) ) ;
#10102 = CIRCLE ( 'NONE', #11528, 0.9999999999999974465 ) ;
#10103 = CIRCLE ( 'NONE', #9897, 2.500000000000002220 ) ;
#10104 = VECTOR ( 'NONE', #10487, 1000.000000000000000 ) ;
#10105 = VECTOR ( 'NONE', #1146, 1000.000000000000000 ) ;
#10106 = EDGE_CURVE ( 'NONE', #4007, #11650, #5766, .T. ) ;
#10107 = CARTESIAN_POINT ( 'NONE',  ( 16.49999999999995381, 11.00000000000000000, -26.49999999999995737 ) ) ;
#10108 = CARTESIAN_POINT ( 'NONE',  ( 79.99999999999997158, 11.00000000000000000, -49.20000000000005969 ) ) ;
#10109 = ORIENTED_EDGE ( 'NONE', *, *, #8943, .T. ) ;
#10110 = VECTOR ( 'NONE', #5964, 1000.000000000000000 ) ;
#10111 = CYLINDRICAL_SURFACE ( 'NONE', #10754, 2.800000000000000266 ) ;
#10112 = EDGE_LOOP ( 'NONE', ( #4403, #8736 ) ) ;
#10113 = ORIENTED_EDGE ( 'NONE', *, *, #5432, .T. ) ;
#10114 = CARTESIAN_POINT ( 'NONE',  ( 35.49999999999999289, 11.00000000000000000, -37.99999999999996447 ) ) ;
#10115 = CARTESIAN_POINT ( 'NONE',  ( 11.99999999999996270, 11.00000000000000000, -24.49999999999993250 ) ) ;
#10116 = ORIENTED_EDGE ( 'NONE', *, *, #10609, .T. ) ;
#10117 = ORIENTED_EDGE ( 'NONE', *, *, #8878, .F. ) ;
#10118 = DIRECTION ( 'NONE',  ( -0.7071067811865517916, 0.000000000000000000, 0.7071067811865433539 ) ) ;
#10119 = AXIS2_PLACEMENT_3D ( 'NONE', #2276, #10899, #1467 ) ;
#10120 = DIRECTION ( 'NONE',  ( 0.000000000000000000, 0.000000000000000000, 1.000000000000000000 ) ) ;
#10121 = EDGE_CURVE ( 'NONE', #8022, #4354, #7269, .T. ) ;
#10122 = VECTOR ( 'NONE', #11549, 1000.000000000000000 ) ;
#10123 = EDGE_CURVE ( 'NONE', #10586, #1737, #11596, .T. ) ;
#10124 = CIRCLE ( 'NONE', #6875, 1.699999999999996625 ) ;
#10125 = ORIENTED_EDGE ( 'NONE', *, *, #4903, .T. ) ;
#10126 = ORIENTED_EDGE ( 'NONE', *, *, #9756, .T. ) ;
#10127 = CARTESIAN_POINT ( 'NONE',  ( 80.00000000000000000, 9.799999999999998934, -1.000000000000003553 ) ) ;
#10128 = CARTESIAN_POINT ( 'NONE',  ( 67.99999999999997158, 11.00000000000000000, -16.49999999999996447 ) ) ;
#10129 = AXIS2_PLACEMENT_3D ( 'NONE', #9669, #1256, #4036 ) ;
#10130 = CARTESIAN_POINT ( 'NONE',  ( 30.50060966544065622, 11.00000000000000000, -30.50060966544101149 ) ) ;
#10131 = AXIS2_PLACEMENT_3D ( 'NONE', #10851, #2991, #9782 ) ;
#10132 = ORIENTED_EDGE ( 'NONE', *, *, #5998, .F. ) ;
#10133 = DIRECTION ( 'NONE',  ( -0.000000000000000000, -1.000000000000000000, -0.000000000000000000 ) ) ;
#10134 = FACE_BOUND ( 'NONE', #500, .T. ) ;
#10135 = CARTESIAN_POINT ( 'NONE',  ( 47.87746032555839548, 11.00000000000000000, -1.878679656440361612 ) ) ;
#10136 = PERSON_AND_ORGANIZATION ( #8464, #3667 ) ;
#10137 = AXIS2_PLACEMENT_3D ( 'NONE', #6403, #7489, #12299 ) ;
#10138 = APPROVAL_PERSON_ORGANIZATION ( #7146, #6574, #3232 ) ;
#10139 = EDGE_CURVE ( 'NONE', #8197, #1990, #11124, .T. ) ;
#10140 = EDGE_LOOP ( 'NONE', ( #4283, #8695 ) ) ;
#10141 = CARTESIAN_POINT ( 'NONE',  ( 72.49999999999997158, 11.00000000000000000, -17.49999999999999289 ) ) ;
#10142 = DIRECTION ( 'NONE',  ( -0.000000000000000000, 1.000000000000000000, -0.000000000000000000 ) ) ;
#10143 = ORIENTED_EDGE ( 'NONE', *, *, #6352, .F. ) ;
#10144 = ORIENTED_EDGE ( 'NONE', *, *, #10580, .F. ) ;
#10145 = CARTESIAN_POINT ( 'NONE',  ( 58.99999999999997158, 11.00000000000000000, -26.49999999999989342 ) ) ;
#10146 = LINE ( 'NONE', #2724, #2248 ) ;
#10147 = LINE ( 'NONE', #9064, #391 ) ;
#10148 = CARTESIAN_POINT ( 'NONE',  ( 58.99999999999994316, 11.00000000000000000, -33.49999999999989342 ) ) ;
#10149 = CARTESIAN_POINT ( 'NONE',  ( 44.50000000000000000, 11.00000000000000000, -19.99999999999994316 ) ) ;
#10150 = VECTOR ( 'NONE', #11612, 1000.000000000000000 ) ;
#10151 = LINE ( 'NONE', #6333, #9922 ) ;
#10152 = DIRECTION ( 'NONE',  ( -0.000000000000000000, -1.000000000000000000, 0.000000000000000000 ) ) ;
#10153 = ADVANCED_FACE ( 'NONE', ( #8740 ), #2030, .F. ) ;
#10154 = CARTESIAN_POINT ( 'NONE',  ( 7.500000000000041744, 11.00000000000000000, -7.499999999999904965 ) ) ;
#10155 = FACE_BOUND ( 'NONE', #4304, .T. ) ;
#10156 = EDGE_LOOP ( 'NONE', ( #4719, #5485, #10953, #131 ) ) ;
#10157 = DIRECTION ( 'NONE',  ( -0.000000000000000000, 1.000000000000000000, -0.000000000000000000 ) ) ;
#10158 = EDGE_CURVE ( 'NONE', #12248, #9553, #10773, .T. ) ;
#10159 = LINE ( 'NONE', #6289, #12030 ) ;
#10160 = EDGE_CURVE ( 'NONE', #6958, #6142, #11920, .T. ) ;
#10161 = LINE ( 'NONE', #1487, #3107 ) ;
#10162 = EDGE_LOOP ( 'NONE', ( #9415, #5245, #10388, #2428 ) ) ;
#10163 = DIRECTION ( 'NONE',  ( 0.000000000000000000, 0.000000000000000000, 1.000000000000000000 ) ) ;
#10164 = ORIENTED_EDGE ( 'NONE', *, *, #351, .T. ) ;
#10165 = DIRECTION ( 'NONE',  ( 0.000000000000000000, 0.000000000000000000, 1.000000000000000000 ) ) ;
#10166 = FACE_BOUND ( 'NONE', #1804, .T. ) ;
#10167 = DIRECTION ( 'NONE',  ( 0.000000000000000000, 1.000000000000000000, 0.000000000000000000 ) ) ;
#10168 = DIRECTION ( 'NONE',  ( -0.000000000000000000, -1.000000000000000000, -0.000000000000000000 ) ) ;
#10169 = ORIENTED_EDGE ( 'NONE', *, *, #8999, .F. ) ;
#10170 = ORIENTED_EDGE ( 'NONE', *, *, #12395, .F. ) ;
#10171 = VERTEX_POINT ( 'NONE', #1458 ) ;
#10172 = LINE ( 'NONE', #1503, #9481 ) ;
#10173 = CYLINDRICAL_SURFACE ( 'NONE', #3830, 0.9999999999999983347 ) ;
#10174 = ADVANCED_FACE ( 'NONE', ( #4232 ), #8987, .T. ) ;
#10175 = ORIENTED_EDGE ( 'NONE', *, *, #9534, .T. ) ;
#10176 = AXIS2_PLACEMENT_3D ( 'NONE', #8750, #4956, #7925 ) ;
#10177 = ORIENTED_EDGE ( 'NONE', *, *, #5444, .T. ) ;
#10178 = DIRECTION ( 'NONE',  ( -0.000000000000000000, -1.000000000000000000, -0.000000000000000000 ) ) ;
#10179 = AXIS2_PLACEMENT_3D ( 'NONE', #5952, #11538, #6769 ) ;
#10180 = DIRECTION ( 'NONE',  ( 0.000000000000000000, 1.000000000000000000, 0.000000000000000000 ) ) ;
#10181 = VECTOR ( 'NONE', #10437, 1000.000000000000000 ) ;
#10182 = ORIENTED_EDGE ( 'NONE', *, *, #637, .F. ) ;
#10183 = ORIENTED_EDGE ( 'NONE', *, *, #5901, .F. ) ;
#10184 = ORIENTED_EDGE ( 'NONE', *, *, #2365, .T. ) ;
#10185 = DIRECTION ( 'NONE',  ( 0.000000000000000000, 1.000000000000000000, 0.000000000000000000 ) ) ;
#10186 = DIRECTION ( 'NONE',  ( 0.000000000000000000, 0.000000000000000000, 1.000000000000000000 ) ) ;
#10187 = EDGE_CURVE ( 'NONE', #3775, #11783, #10068, .T. ) ;
#10188 = CARTESIAN_POINT ( 'NONE',  ( 67.99999999999995737, 2.000000000000000000, -19.99999999999996447 ) ) ;
#10189 = EDGE_CURVE ( 'NONE', #6252, #7061, #439, .T. ) ;
#10190 = ORIENTED_EDGE ( 'NONE', *, *, #5350, .T. ) ;
#10191 = FACE_OUTER_BOUND ( 'NONE', #5158, .T. ) ;
#10192 = FACE_BOUND ( 'NONE', #11254, .T. ) ;
#10193 = PLANE ( 'NONE',  #6047 ) ;
#10194 = CIRCLE ( 'NONE', #6549, 2.500000000000002220 ) ;
#10195 = VECTOR ( 'NONE', #9062, 1000.000000000000000 ) ;
#10196 = ORIENTED_EDGE ( 'NONE', *, *, #10511, .T. ) ;
#10197 = CARTESIAN_POINT ( 'NONE',  ( 63.50000000000002842, 2.000000000000000000, -7.499999999999936939 ) ) ;
#10198 = DIRECTION ( 'NONE',  ( 0.000000000000000000, 1.000000000000000000, 0.000000000000000000 ) ) ;
#10199 = VECTOR ( 'NONE', #8131, 1000.000000000000000 ) ;
#10200 = ORIENTED_EDGE ( 'NONE', *, *, #3264, .F. ) ;
#10201 = EDGE_LOOP ( 'NONE', ( #7378, #8846, #8295, #12096 ) ) ;
#10202 = CARTESIAN_POINT ( 'NONE',  ( 45.75613998199875709, 9.799999999999998934, -4.000000000000002665 ) ) ;
#10203 = EDGE_CURVE ( 'NONE', #3359, #2252, #813, .T. ) ;
#10204 = DIRECTION ( 'NONE',  ( -0.000000000000000000, 1.000000000000000000, -0.000000000000000000 ) ) ;
#10205 = DIRECTION ( 'NONE',  ( -0.000000000000000000, -1.000000000000000000, -0.000000000000000000 ) ) ;
#10206 = CARTESIAN_POINT ( 'NONE',  ( 59.00000000000000711, 11.00000000000000000, -16.49999999999990408 ) ) ;
#10207 = ORIENTED_EDGE ( 'NONE', *, *, #9781, .F. ) ;
#10208 = DIRECTION ( 'NONE',  ( 0.000000000000000000, 0.000000000000000000, 1.000000000000000000 ) ) ;
#10209 = CARTESIAN_POINT ( 'NONE',  ( 56.40832611206847957, 9.799999999999998934, -39.37867965644035451 ) ) ;
#10210 = DIRECTION ( 'NONE',  ( 0.000000000000000000, 0.000000000000000000, -1.000000000000000000 ) ) ;
#10211 = AXIS2_PLACEMENT_3D ( 'NONE', #6570, #5756, #10440 ) ;
#10212 = EDGE_CURVE ( 'NONE', #12147, #5588, #8484, .T. ) ;
#10213 = DIRECTION ( 'NONE',  ( 0.000000000000000000, 1.000000000000000000, 0.000000000000000000 ) ) ;
#10214 = PLANE ( 'NONE',  #10512 ) ;
#10215 = EDGE_LOOP ( 'NONE', ( #11382, #4111 ) ) ;
#10216 = CARTESIAN_POINT ( 'NONE',  ( 28.52132034355956591, 9.799999999999998934, -41.32010101267765378 ) ) ;
#10217 = DIRECTION ( 'NONE',  ( -0.000000000000000000, -1.000000000000000000, -0.000000000000000000 ) ) ;
#10218 = CIRCLE ( 'NONE', #486, 0.9999999999999983347 ) ;
#10219 = DIRECTION ( 'NONE',  ( -0.000000000000000000, -1.000000000000000000, -0.000000000000000000 ) ) ;
#10220 = ORIENTED_EDGE ( 'NONE', *, *, #7589, .T. ) ;
#10221 = FACE_OUTER_BOUND ( 'NONE', #10215, .T. ) ;
#10222 = ORIENTED_EDGE ( 'NONE', *, *, #8118, .F. ) ;
#10223 = ADVANCED_FACE ( 'NONE', ( #11968 ), #3405, .T. ) ;
#10224 = LINE ( 'NONE', #1681, #10610 ) ;
#10225 = CARTESIAN_POINT ( 'NONE',  ( 30.50060966544065622, 9.799999999999998934, -30.50060966544101149 ) ) ;
#10226 = EDGE_CURVE ( 'NONE', #2399, #1004, #7273, .T. ) ;
#10227 = EDGE_CURVE ( 'NONE', #12039, #7426, #7667, .T. ) ;
#10228 = CIRCLE ( 'NONE', #3146, 2.800000000000002931 ) ;
#10229 = ADVANCED_FACE ( 'NONE', ( #10957 ), #1212, .F. ) ;
#10230 = CARTESIAN_POINT ( 'NONE',  ( 44.50000000000000000, 11.00000000000000000, -25.49999999999993960 ) ) ;
#10231 = DIRECTION ( 'NONE',  ( -0.000000000000000000, -1.000000000000000000, -0.000000000000000000 ) ) ;
#10232 = ORIENTED_EDGE ( 'NONE', *, *, #1261, .F. ) ;
#10233 = CARTESIAN_POINT ( 'NONE',  ( 77.00000000000000000, 9.799999999999998934, -44.89029455227312582 ) ) ;
#10234 = ORIENTED_EDGE ( 'NONE', *, *, #1418, .F. ) ;
#10235 = ORIENTED_EDGE ( 'NONE', *, *, #65, .T. ) ;
#10236 = DIRECTION ( 'NONE',  ( 0.000000000000000000, 1.000000000000000000, 0.000000000000000000 ) ) ;
#10237 = DIRECTION ( 'NONE',  ( 0.000000000000000000, 1.000000000000000000, 0.000000000000000000 ) ) ;
#10238 = VERTEX_POINT ( 'NONE', #4294 ) ;
#10239 = EDGE_LOOP ( 'NONE', ( #9613, #1053, #7773, #7566 ) ) ;
#10240 = EDGE_CURVE ( 'NONE', #9049, #5165, #9295, .T. ) ;
#10241 = CARTESIAN_POINT ( 'NONE',  ( 35.49999999999999289, 11.00000000000000000, -20.99999999999996447 ) ) ;
#10242 = DIRECTION ( 'NONE',  ( 0.000000000000000000, 1.000000000000000000, 0.000000000000000000 ) ) ;
#10243 = EDGE_CURVE ( 'NONE', #9221, #5779, #10910, .T. ) ;
#10244 = VECTOR ( 'NONE', #7362, 1000.000000000000000 ) ;
#10245 = ORIENTED_EDGE ( 'NONE', *, *, #3191, .F. ) ;
#10246 = ORIENTED_EDGE ( 'NONE', *, *, #11231, .F. ) ;
#10247 = ORIENTED_EDGE ( 'NONE', *, *, #10189, .F. ) ;
#10248 = FACE_OUTER_BOUND ( 'NONE', #1087, .T. ) ;
#10249 = DIRECTION ( 'NONE',  ( 0.000000000000000000, 0.000000000000000000, 1.000000000000000000 ) ) ;
#10250 = CARTESIAN_POINT ( 'NONE',  ( 44.47746032555851770, 9.799999999999998934, -48.32132034355964123 ) ) ;
#10251 = VERTEX_POINT ( 'NONE', #3287 ) ;
#10252 = CARTESIAN_POINT ( 'NONE',  ( 44.50000000000000000, 11.00000000000000000, -19.99999999999994316 ) ) ;
#10253 = FACE_BOUND ( 'NONE', #6241, .T. ) ;
#10254 = DIRECTION ( 'NONE',  ( 0.000000000000000000, 0.000000000000000000, -1.000000000000000000 ) ) ;
#10255 = AXIS2_PLACEMENT_3D ( 'NONE', #10202, #4436, #5262 ) ;
#10256 = ADVANCED_FACE ( 'NONE', ( #2208 ), #7015, .F. ) ;
#10257 = VECTOR ( 'NONE', #5911, 1000.000000000000000 ) ;
#10258 = ORIENTED_EDGE ( 'NONE', *, *, #4782, .T. ) ;
#10259 = CARTESIAN_POINT ( 'NONE',  ( 11.99999999999998934, 11.00000000000000000, -16.49999999999993250 ) ) ;
#10260 = EDGE_LOOP ( 'NONE', ( #7537, #2753, #618, #6785 ) ) ;
#10261 = VERTEX_POINT ( 'NONE', #5122 ) ;
#10262 = DIRECTION ( 'NONE',  ( 0.000000000000000000, 0.000000000000000000, 1.000000000000000000 ) ) ;
#10263 = DIRECTION ( 'NONE',  ( 0.000000000000000000, 1.000000000000000000, 0.000000000000000000 ) ) ;
#10264 = VERTEX_POINT ( 'NONE', #313 ) ;
#10265 = CARTESIAN_POINT ( 'NONE',  ( 72.49999999999991473, 2.000000000000000000, -29.99999999999998934 ) ) ;
#10266 = CARTESIAN_POINT ( 'NONE',  ( 55.00000000000000000, 11.00000000000000000, -32.14999999999999858 ) ) ;
#10267 = VERTEX_POINT ( 'NONE', #4167 ) ;
#10268 = CARTESIAN_POINT ( 'NONE',  ( 35.49999999999999289, 2.000000000000000000, -33.49999999999995737 ) ) ;
#10269 = DIRECTION ( 'NONE',  ( 0.000000000000000000, 0.000000000000000000, 1.000000000000000000 ) ) ;
#10270 = CARTESIAN_POINT ( 'NONE',  ( 27.36984848098341416, 11.00000000000000000, -38.50000000000000711 ) ) ;
#10271 = ADVANCED_FACE ( 'NONE', ( #10055 ), #11012, .T. ) ;
#10272 = EDGE_CURVE ( 'NONE', #5665, #11663, #8688, .T. ) ;
#10273 = LINE ( 'NONE', #3494, #7722 ) ;
#10274 = DIRECTION ( 'NONE',  ( 0.000000000000000000, 0.000000000000000000, 1.000000000000000000 ) ) ;
#10275 = VERTEX_POINT ( 'NONE', #2384 ) ;
#10276 = DIRECTION ( 'NONE',  ( 0.000000000000000000, 0.000000000000000000, 1.000000000000000000 ) ) ;
#10277 = AXIS2_PLACEMENT_3D ( 'NONE', #5330, #11034, #9254 ) ;
#10278 = LINE ( 'NONE', #11365, #11358 ) ;
#10279 = AXIS2_PLACEMENT_3D ( 'NONE', #6176, #489, #6940 ) ;
#10280 = CIRCLE ( 'NONE', #12301, 0.9999999999999974465 ) ;
#10281 = CARTESIAN_POINT ( 'NONE',  ( 7.499999999999944045, 11.00000000000000000, -33.49999999999989342 ) ) ;
#10282 = CARTESIAN_POINT ( 'NONE',  ( 20.99999999999991473, 11.00000000000000000, -29.99999999999998934 ) ) ;
#10283 = ORIENTED_EDGE ( 'NONE', *, *, #7679, .T. ) ;
#10284 = PLANE ( 'NONE',  #1430 ) ;
#10285 = EDGE_LOOP ( 'NONE', ( #9225, #1781, #2823, #8172 ) ) ;
#10286 = PLANE ( 'NONE',  #12439 ) ;
#10287 = CARTESIAN_POINT ( 'NONE',  ( 20.99999999999997158, 11.00000000000000000, -16.49999999999999289 ) ) ;
#10288 = AXIS2_PLACEMENT_3D ( 'NONE', #6790, #4908, #5092 ) ;
#10289 = CIRCLE ( 'NONE', #11908, 0.9999999999999983347 ) ;
#10290 = EDGE_CURVE ( 'NONE', #689, #3095, #6253, .T. ) ;
#10291 = DIRECTION ( 'NONE',  ( 0.000000000000000000, 0.000000000000000000, -1.000000000000000000 ) ) ;
#10292 = DIRECTION ( 'NONE',  ( 0.000000000000000000, 1.000000000000000000, 0.000000000000000000 ) ) ;
#10293 = ORIENTED_EDGE ( 'NONE', *, *, #5858, .T. ) ;
#10294 = PLANE ( 'NONE',  #9934 ) ;
#10295 = ORIENTED_EDGE ( 'NONE', *, *, #2023, .F. ) ;
#10296 = VERTEX_POINT ( 'NONE', #9365 ) ;
#10297 = CARTESIAN_POINT ( 'NONE',  ( 58.99999999999999289, 2.000000000000000000, -20.99999999999990052 ) ) ;
#10298 = CARTESIAN_POINT ( 'NONE',  ( 40.00000000000000000, 2.000000000000000000, -14.00000000000000000 ) ) ;
#10299 = AXIS2_PLACEMENT_3D ( 'NONE', #6231, #1439, #5293 ) ;
#10300 = CIRCLE ( 'NONE', #11514, 0.9999999999999974465 ) ;
#10301 = ORIENTED_EDGE ( 'NONE', *, *, #11189, .T. ) ;
#10302 = ORIENTED_EDGE ( 'NONE', *, *, #4495, .T. ) ;
#10303 = AXIS2_PLACEMENT_3D ( 'NONE', #11919, #3837, #2881 ) ;
#10304 = DIRECTION ( 'NONE',  ( 0.000000000000000000, 0.000000000000000000, 1.000000000000000000 ) ) ;
#10305 = CIRCLE ( 'NONE', #1822, 1.000000000000000888 ) ;
#10306 = ADVANCED_FACE ( 'NONE', ( #11453 ), #691, .T. ) ;
#10307 = FACE_OUTER_BOUND ( 'NONE', #3519, .T. ) ;
#10308 = AXIS2_PLACEMENT_3D ( 'NONE', #11756, #11811, #7882 ) ;
#10309 = VECTOR ( 'NONE', #8281, 1000.000000000000000 ) ;
#10310 = EDGE_CURVE ( 'NONE', #867, #6186, #11895, .T. ) ;
#10311 = ORIENTED_EDGE ( 'NONE', *, *, #8485, .F. ) ;
#10312 = ORIENTED_EDGE ( 'NONE', *, *, #1911, .F. ) ;
#10313 = EDGE_LOOP ( 'NONE', ( #936, #9867 ) ) ;
#10314 = EDGE_LOOP ( 'NONE', ( #415, #8711, #6374, #7496 ) ) ;
#10315 = CARTESIAN_POINT ( 'NONE',  ( 67.99999999999998579, 11.00000000000000000, -11.99999999999996625 ) ) ;
#10316 = DIRECTION ( 'NONE',  ( -0.000000000000000000, -1.000000000000000000, -0.000000000000000000 ) ) ;
#10317 = EDGE_CURVE ( 'NONE', #9629, #3677, #8337, .T. ) ;
#10318 = CARTESIAN_POINT ( 'NONE',  ( 35.49999999999999289, 11.00000000000000000, -15.49999999999996447 ) ) ;
#10319 = VERTEX_POINT ( 'NONE', #9234 ) ;
#10320 = LINE ( 'NONE', #1706, #1015 ) ;
#10321 = DIRECTION ( 'NONE',  ( 4.818676322157797621E-17, 0.000000000000000000, 1.000000000000000000 ) ) ;
#10322 = FACE_OUTER_BOUND ( 'NONE', #8489, .T. ) ;
#10323 = EDGE_CURVE ( 'NONE', #2252, #3359, #5024, .T. ) ;
#10324 = CIRCLE ( 'NONE', #7685, 0.9999999999999974465 ) ;
#10325 = VECTOR ( 'NONE', #11694, 1000.000000000000000 ) ;
#10326 = EDGE_LOOP ( 'NONE', ( #4404, #11840 ) ) ;
#10327 = LINE ( 'NONE', #572, #9030 ) ;
#10328 = EDGE_CURVE ( 'NONE', #9397, #437, #11268, .T. ) ;
#10329 = EDGE_LOOP ( 'NONE', ( #10771, #10258 ) ) ;
#10330 = ORIENTED_EDGE ( 'NONE', *, *, #144, .T. ) ;
#10331 = DIRECTION ( 'NONE',  ( -0.000000000000000000, 1.000000000000000000, -0.000000000000000000 ) ) ;
#10332 = LINE ( 'NONE', #10391, #5210 ) ;
#10333 = CARTESIAN_POINT ( 'NONE',  ( 16.49999999999997868, 11.00000000000000000, -16.49999999999996447 ) ) ;
#10334 = ORIENTED_EDGE ( 'NONE', *, *, #10796, .T. ) ;
#10335 = CARTESIAN_POINT ( 'NONE',  ( 11.99999999999996270, 11.00000000000000000, -25.49999999999992895 ) ) ;
#10336 = DIRECTION ( 'NONE',  ( -1.063339831563103695E-15, 0.000000000000000000, 1.000000000000000000 ) ) ;
#10337 = DIRECTION ( 'NONE',  ( -0.000000000000000000, -1.000000000000000000, -0.000000000000000000 ) ) ;
#10338 = EDGE_CURVE ( 'NONE', #2567, #6680, #8863, .T. ) ;
#10339 = CARTESIAN_POINT ( 'NONE',  ( 63.49999999999995737, 2.000000000000000000, -26.49999999999992539 ) ) ;
#10340 = CC_DESIGN_SECURITY_CLASSIFICATION ( #4269, ( #5087 ) ) ;
#10341 = AXIS2_PLACEMENT_3D ( 'NONE', #11684, #11755, #5977 ) ;
#10342 = LINE ( 'NONE', #4514, #1867 ) ;
#10343 = DIRECTION ( 'NONE',  ( -0.000000000000000000, -1.000000000000000000, 0.000000000000000000 ) ) ;
#10344 = ORIENTED_EDGE ( 'NONE', *, *, #12395, .T. ) ;
#10345 = DIRECTION ( 'NONE',  ( 0.000000000000000000, 1.000000000000000000, 0.000000000000000000 ) ) ;
#10346 = AXIS2_PLACEMENT_3D ( 'NONE', #9339, #5587, #4519 ) ;
#10347 = DIRECTION ( 'NONE',  ( 0.000000000000000000, 1.000000000000000000, 0.000000000000000000 ) ) ;
#10348 = EDGE_LOOP ( 'NONE', ( #6491, #5002, #5104, #11773 ) ) ;
#10349 = FACE_OUTER_BOUND ( 'NONE', #253, .T. ) ;
#10350 = EDGE_CURVE ( 'NONE', #3243, #8457, #4617, .T. ) ;
#10351 = EDGE_CURVE ( 'NONE', #448, #7740, #4549, .T. ) ;
#10352 = ORIENTED_EDGE ( 'NONE', *, *, #3226, .F. ) ;
#10353 = DIRECTION ( 'NONE',  ( -0.000000000000000000, -1.000000000000000000, -0.000000000000000000 ) ) ;
#10354 = ORIENTED_EDGE ( 'NONE', *, *, #8270, .T. ) ;
#10355 = LINE ( 'NONE', #9402, #1522 ) ;
#10356 = DIRECTION ( 'NONE',  ( 0.000000000000000000, 0.000000000000000000, 1.000000000000000000 ) ) ;
#10357 = CARTESIAN_POINT ( 'NONE',  ( 15.35613998199869457, 11.00000000000000000, -49.20000000000000995 ) ) ;
#10358 = DIRECTION ( 'NONE',  ( -0.000000000000000000, -1.000000000000000000, -0.000000000000000000 ) ) ;
#10359 = PLANE ( 'NONE',  #5280 ) ;
#10360 = VERTEX_POINT ( 'NONE', #4486 ) ;
#10361 = ORIENTED_EDGE ( 'NONE', *, *, #2184, .T. ) ;
#10362 = DIRECTION ( 'NONE',  ( -0.000000000000000000, -1.000000000000000000, -0.000000000000000000 ) ) ;
#10363 = DIRECTION ( 'NONE',  ( 0.000000000000000000, 0.000000000000000000, 1.000000000000000000 ) ) ;
#10364 = ORIENTED_EDGE ( 'NONE', *, *, #9337, .F. ) ;
#10365 = ORIENTED_EDGE ( 'NONE', *, *, #11795, .T. ) ;
#10366 = CARTESIAN_POINT ( 'NONE',  ( 79.99999999999997158, 9.799999999999998934, -49.20000000000005969 ) ) ;
#10367 = CARTESIAN_POINT ( 'NONE',  ( 79.00000000000001421, 9.799999999999998934, -2.762250190341694227E-14 ) ) ;
#10368 = ADVANCED_FACE ( 'NONE', ( #12208 ), #5620, .T. ) ;
#10369 = EDGE_CURVE ( 'NONE', #8250, #11882, #7393, .T. ) ;
#10370 = ORIENTED_EDGE ( 'NONE', *, *, #4913, .F. ) ;
#10371 = EDGE_LOOP ( 'NONE', ( #7778, #2212, #7863, #8067 ) ) ;
#10372 = ORIENTED_EDGE ( 'NONE', *, *, #2136, .F. ) ;
#10373 = DIRECTION ( 'NONE',  ( 0.000000000000000000, 0.000000000000000000, 1.000000000000000000 ) ) ;
#10374 = DIRECTION ( 'NONE',  ( -0.000000000000000000, -0.000000000000000000, -1.000000000000000000 ) ) ;
#10375 = CIRCLE ( 'NONE', #9167, 2.999999999999999112 ) ;
#10376 = FACE_OUTER_BOUND ( 'NONE', #5769, .T. ) ;
#10377 = EDGE_LOOP ( 'NONE', ( #857, #6761, #8965, #6270 ) ) ;
#10378 = LINE ( 'NONE', #2706, #3838 ) ;
#10379 = DIRECTION ( 'NONE',  ( -3.496519228280624712E-16, 0.000000000000000000, 1.000000000000000000 ) ) ;
#10380 = CARTESIAN_POINT ( 'NONE',  ( 44.50000000000000000, 2.000000000000000000, -38.99999999999994316 ) ) ;
#10381 = ADVANCED_FACE ( 'NONE', ( #1515 ), #12148, .T. ) ;
#10382 = AXIS2_PLACEMENT_3D ( 'NONE', #6911, #3940, #10592 ) ;
#10383 = VECTOR ( 'NONE', #7459, 1000.000000000000000 ) ;
#10384 = ADVANCED_FACE ( 'NONE', ( #10248 ), #1577, .T. ) ;
#10385 = EDGE_CURVE ( 'NONE', #355, #6563, #1987, .T. ) ;
#10386 = ORIENTED_EDGE ( 'NONE', *, *, #12397, .T. ) ;
#10387 = DIRECTION ( 'NONE',  ( 0.000000000000000000, 1.000000000000000000, 0.000000000000000000 ) ) ;
#10388 = ORIENTED_EDGE ( 'NONE', *, *, #11928, .T. ) ;
#10389 = VERTEX_POINT ( 'NONE', #3664 ) ;
#10390 = DIRECTION ( 'NONE',  ( -0.000000000000000000, -1.000000000000000000, -0.000000000000000000 ) ) ;
#10391 = CARTESIAN_POINT ( 'NONE',  ( 67.99999999999995737, 11.00000000000000000, -19.99999999999996447 ) ) ;
#10392 = CARTESIAN_POINT ( 'NONE',  ( 72.49999999999988631, 11.00000000000000000, -37.99999999999998579 ) ) ;
#10393 = ORIENTED_EDGE ( 'NONE', *, *, #10351, .F. ) ;
#10394 = CARTESIAN_POINT ( 'NONE',  ( 53.45857864376280588, 11.00000000000000000, -43.30000000000000426 ) ) ;
#10395 = DIRECTION ( 'NONE',  ( 0.000000000000000000, 1.000000000000000000, 0.000000000000000000 ) ) ;
#10396 = DIRECTION ( 'NONE',  ( -0.7071067811865483499, 0.000000000000000000, -0.7071067811865467956 ) ) ;
#10397 = DIRECTION ( 'NONE',  ( -0.000000000000000000, -1.000000000000000000, -0.000000000000000000 ) ) ;
#10398 = ADVANCED_FACE ( 'NONE', ( #8539 ), #12269, .F. ) ;
#10399 = AXIS2_PLACEMENT_3D ( 'NONE', #5547, #4599, #3711 ) ;
#10400 = ADVANCED_FACE ( 'NONE', ( #12402 ), #5498, .T. ) ;
#10401 = PLANE ( 'NONE',  #10176 ) ;
#10402 = LINE ( 'NONE', #9519, #1816 ) ;
#10403 = ORIENTED_EDGE ( 'NONE', *, *, #7501, .T. ) ;
#10404 = PLANE ( 'NONE',  #6002 ) ;
#10405 = CARTESIAN_POINT ( 'NONE',  ( 31.50000000000000711, 11.00000000000000000, -12.99999999999996980 ) ) ;
#10406 = ORIENTED_EDGE ( 'NONE', *, *, #481, .T. ) ;
#10407 = DIRECTION ( 'NONE',  ( 0.000000000000000000, 0.000000000000000000, 1.000000000000000000 ) ) ;
#10408 = VERTEX_POINT ( 'NONE', #2701 ) ;
#10409 = CARTESIAN_POINT ( 'NONE',  ( 31.50000000000000711, 11.00000000000000000, -11.99999999999997335 ) ) ;
#10410 = EDGE_LOOP ( 'NONE', ( #12161, #8779 ) ) ;
#10411 = CARTESIAN_POINT ( 'NONE',  ( 48.49999999999999289, 2.000000000000000000, -17.49999999999992895 ) ) ;
#10412 = AXIS2_PLACEMENT_3D ( 'NONE', #1047, #3061, #6788 ) ;
#10413 = AXIS2_PLACEMENT_3D ( 'NONE', #3934, #10715, #11728 ) ;
#10414 = DIRECTION ( 'NONE',  ( 0.000000000000000000, 0.000000000000000000, -1.000000000000000000 ) ) ;
#10415 = EDGE_CURVE ( 'NONE', #10612, #7826, #9676, .T. ) ;
#10416 = CARTESIAN_POINT ( 'NONE',  ( 67.99999999999997158, 11.00000000000000000, -16.49999999999996447 ) ) ;
#10417 = AXIS2_PLACEMENT_3D ( 'NONE', #9869, #9932, #3920 ) ;
#10418 = DIRECTION ( 'NONE',  ( 0.000000000000000000, 0.000000000000000000, 1.000000000000000000 ) ) ;
#10419 = CYLINDRICAL_SURFACE ( 'NONE', #10949, 0.9999999999999974465 ) ;
#10420 = ORIENTED_EDGE ( 'NONE', *, *, #4078, .F. ) ;
#10421 = ORIENTED_EDGE ( 'NONE', *, *, #6117, .F. ) ;
#10422 = DIRECTION ( 'NONE',  ( 0.000000000000000000, 0.000000000000000000, 1.000000000000000000 ) ) ;
#10423 = PLANE ( 'NONE',  #10907 ) ;
#10424 = ORIENTED_EDGE ( 'NONE', *, *, #10810, .T. ) ;
#10425 = ORIENTED_EDGE ( 'NONE', *, *, #12078, .T. ) ;
#10426 = FACE_OUTER_BOUND ( 'NONE', #10657, .T. ) ;
#10427 = DIRECTION ( 'NONE',  ( -0.7071067811865513475, 0.000000000000000000, -0.7071067811865436870 ) ) ;
#10428 = VECTOR ( 'NONE', #12109, 1000.000000000000000 ) ;
#10429 = EDGE_CURVE ( 'NONE', #8037, #10800, #786, .T. ) ;
#10430 = EDGE_LOOP ( 'NONE', ( #8301, #1009 ) ) ;
#10431 = ORIENTED_EDGE ( 'NONE', *, *, #9370, .F. ) ;
#10432 = LINE ( 'NONE', #11513, #9318 ) ;
#10433 = ORIENTED_EDGE ( 'NONE', *, *, #10385, .F. ) ;
#10434 = ORIENTED_EDGE ( 'NONE', *, *, #9475, .T. ) ;
#10435 = DIRECTION ( 'NONE',  ( -1.000000000000000000, 0.000000000000000000, -3.352801296326884019E-17 ) ) ;
#10436 = DIRECTION ( 'NONE',  ( 0.000000000000000000, 0.000000000000000000, 1.000000000000000000 ) ) ;
#10437 = DIRECTION ( 'NONE',  ( -0.000000000000000000, 1.000000000000000000, -0.000000000000000000 ) ) ;
#10438 = ORIENTED_EDGE ( 'NONE', *, *, #2040, .T. ) ;
#10439 = CARTESIAN_POINT ( 'NONE',  ( 67.99999999999995737, 11.00000000000000000, -21.99999999999996092 ) ) ;
#10440 = DIRECTION ( 'NONE',  ( 4.956352788505157943E-15, 0.000000000000000000, 1.000000000000000000 ) ) ;
#10441 = DIRECTION ( 'NONE',  ( 0.000000000000000000, 0.000000000000000000, 1.000000000000000000 ) ) ;
#10442 = AXIS2_PLACEMENT_3D ( 'NONE', #2027, #9755, #7250 ) ;
#10443 = ORIENTED_EDGE ( 'NONE', *, *, #9375, .T. ) ;
#10444 = LINE ( 'NONE', #7531, #4366 ) ;
#10445 = EDGE_CURVE ( 'NONE', #5573, #8345, #4867, .T. ) ;
#10446 = ORIENTED_EDGE ( 'NONE', *, *, #3755, .T. ) ;
#10447 = ORIENTED_EDGE ( 'NONE', *, *, #4223, .T. ) ;
#10448 = DIRECTION ( 'NONE',  ( -0.000000000000000000, 1.000000000000000000, -0.000000000000000000 ) ) ;
#10449 = FACE_OUTER_BOUND ( 'NONE', #12184, .T. ) ;
#10450 = CARTESIAN_POINT ( 'NONE',  ( 23.65025253169423891, 9.799999999999998934, -39.32010101267766800 ) ) ;
#10451 = ORIENTED_EDGE ( 'NONE', *, *, #8808, .T. ) ;
#10452 = AXIS2_PLACEMENT_3D ( 'NONE', #11042, #11112, #1427 ) ;
#10453 = VECTOR ( 'NONE', #1756, 1000.000000000000000 ) ;
#10454 = DIRECTION ( 'NONE',  ( 0.000000000000000000, 0.000000000000000000, 1.000000000000000000 ) ) ;
#10455 = DIRECTION ( 'NONE',  ( 0.000000000000000000, 0.000000000000000000, 1.000000000000000000 ) ) ;
#10456 = EDGE_CURVE ( 'NONE', #409, #929, #7845, .T. ) ;
#10457 = LINE ( 'NONE', #11474, #9887 ) ;
#10458 = EDGE_CURVE ( 'NONE', #6250, #8100, #2892, .T. ) ;
#10459 = CARTESIAN_POINT ( 'NONE',  ( 31.50000000000000711, 11.00000000000000000, -16.49999999999997158 ) ) ;
#10460 = ADVANCED_FACE ( 'NONE', ( #1945 ), #6880, .T. ) ;
#10461 = VECTOR ( 'NONE', #3448, 1000.000000000000000 ) ;
#10462 = LINE ( 'NONE', #1789, #2274 ) ;
#10463 = EDGE_CURVE ( 'NONE', #2982, #7456, #11710, .T. ) ;
#10464 = LINE ( 'NONE', #8561, #12126 ) ;
#10465 = ORIENTED_EDGE ( 'NONE', *, *, #8200, .F. ) ;
#10466 = CARTESIAN_POINT ( 'NONE',  ( 48.49999999999999289, 11.00000000000000000, -20.99999999999992895 ) ) ;
#10467 = CARTESIAN_POINT ( 'NONE',  ( 16.50000000000000711, 11.00000000000000000, -6.499999999999969802 ) ) ;
#10468 = ORIENTED_EDGE ( 'NONE', *, *, #12188, .T. ) ;
#10469 = DIRECTION ( 'NONE',  ( 0.000000000000000000, 1.000000000000000000, -0.000000000000000000 ) ) ;
#10470 = ADVANCED_FACE ( 'NONE', ( #4042 ), #10569, .T. ) ;
#10471 = EDGE_LOOP ( 'NONE', ( #10687, #11440 ) ) ;
#10472 = CYLINDRICAL_SURFACE ( 'NONE', #4062, 0.9999999999999974465 ) ;
#10473 = EDGE_LOOP ( 'NONE', ( #12027, #2838, #5260, #6316 ) ) ;
#10474 = DIRECTION ( 'NONE',  ( -0.000000000000000000, 1.000000000000000000, -0.000000000000000000 ) ) ;
#10475 = CIRCLE ( 'NONE', #7025, 1.000000000000000888 ) ;
#10476 = EDGE_CURVE ( 'NONE', #9850, #5298, #1070, .T. ) ;
#10477 = CARTESIAN_POINT ( 'NONE',  ( 63.49999999999997158, 11.00000000000000000, -20.99999999999993250 ) ) ;
#10478 = VECTOR ( 'NONE', #6093, 1000.000000000000000 ) ;
#10479 = VECTOR ( 'NONE', #3974, 1000.000000000000000 ) ;
#10480 = AXIS2_PLACEMENT_3D ( 'NONE', #6254, #1459, #10186 ) ;
#10481 = LINE ( 'NONE', #1684, #4035 ) ;
#10482 = DIRECTION ( 'NONE',  ( 0.000000000000000000, 0.000000000000000000, -1.000000000000000000 ) ) ;
#10483 = DIRECTION ( 'NONE',  ( -0.000000000000000000, -1.000000000000000000, -0.000000000000000000 ) ) ;
#10484 = VERTEX_POINT ( 'NONE', #3912 ) ;
#10485 = CARTESIAN_POINT ( 'NONE',  ( 59.00000000000000711, 11.00000000000000000, -15.49999999999990585 ) ) ;
#10486 = CYLINDRICAL_SURFACE ( 'NONE', #12107, 0.9999999999999974465 ) ;
#10487 = DIRECTION ( 'NONE',  ( -0.7127720722690772392, 0.000000000000000000, 0.7013957320894141922 ) ) ;
#10488 = ORIENTED_EDGE ( 'NONE', *, *, #6934, .F. ) ;
#10489 = ORIENTED_EDGE ( 'NONE', *, *, #12491, .F. ) ;
#10490 = DIRECTION ( 'NONE',  ( 0.000000000000000000, 0.000000000000000000, 1.000000000000000000 ) ) ;
#10491 = ADVANCED_FACE ( 'NONE', ( #3852 ), #4927, .T. ) ;
#10492 = CARTESIAN_POINT ( 'NONE',  ( 72.89939033455932815, 9.799999999999998934, 7.100609665440744678 ) ) ;
#10493 = AXIS2_PLACEMENT_3D ( 'NONE', #2914, #965, #4757 ) ;
#10494 = AXIS2_PLACEMENT_3D ( 'NONE', #1751, #4537, #12258 ) ;
#10495 = EDGE_LOOP ( 'NONE', ( #8739, #10988, #4499, #789 ) ) ;
#10496 = AXIS2_PLACEMENT_3D ( 'NONE', #12156, #12346, #9373 ) ;
#10497 = DIRECTION ( 'NONE',  ( -1.315205372940911737E-16, 0.000000000000000000, 1.000000000000000000 ) ) ;
#10498 = AXIS2_PLACEMENT_3D ( 'NONE', #6648, #11286, #2591 ) ;
#10499 = AXIS2_PLACEMENT_3D ( 'NONE', #5300, #2628, #11443 ) ;
#10500 = ORIENTED_EDGE ( 'NONE', *, *, #2709, .F. ) ;
#10501 = VERTEX_POINT ( 'NONE', #5935 ) ;
#10502 = DIRECTION ( 'NONE',  ( 0.000000000000000000, 0.000000000000000000, 1.000000000000000000 ) ) ;
#10503 = CARTESIAN_POINT ( 'NONE',  ( -3.352801296326895729E-17, 11.00000000000000000, -1.000000000000003553 ) ) ;
#10504 = FACE_OUTER_BOUND ( 'NONE', #197, .T. ) ;
#10505 = ORIENTED_EDGE ( 'NONE', *, *, #7738, .T. ) ;
#10506 = ORIENTED_EDGE ( 'NONE', *, *, #7857, .T. ) ;
#10507 = CARTESIAN_POINT ( 'NONE',  ( 61.86511866750601030, 11.00000000000000000, -1.000000000000005551 ) ) ;
#10508 = CARTESIAN_POINT ( 'NONE',  ( 27.36984848098349232, 9.799999999999998934, -8.299999999999991829 ) ) ;
#10509 = EDGE_CURVE ( 'NONE', #3447, #9489, #1787, .T. ) ;
#10510 = DIRECTION ( 'NONE',  ( 0.000000000000000000, 0.000000000000000000, 1.000000000000000000 ) ) ;
#10511 = EDGE_CURVE ( 'NONE', #11010, #6174, #10688, .T. ) ;
#10512 = AXIS2_PLACEMENT_3D ( 'NONE', #5396, #7486, #6592 ) ;
#10513 = VECTOR ( 'NONE', #4946, 1000.000000000000000 ) ;
#10514 = VECTOR ( 'NONE', #3343, 1000.000000000000000 ) ;
#10515 = VERTEX_POINT ( 'NONE', #940 ) ;
#10516 = CARTESIAN_POINT ( 'NONE',  ( 44.50000000000000000, 11.00000000000000000, -38.99999999999994316 ) ) ;
#10517 = VERTEX_POINT ( 'NONE', #4990 ) ;
#10518 = ORIENTED_EDGE ( 'NONE', *, *, #5351, .T. ) ;
#10519 = LINE ( 'NONE', #6579, #78 ) ;
#10520 = DIRECTION ( 'NONE',  ( 0.000000000000000000, 1.000000000000000000, 0.000000000000000000 ) ) ;
#10521 = AXIS2_PLACEMENT_3D ( 'NONE', #10071, #8106, #271 ) ;
#10522 = LINE ( 'NONE', #3801, #670 ) ;
#10523 = AXIS2_PLACEMENT_3D ( 'NONE', #10409, #4584, #6476 ) ;
#10524 = ORIENTED_EDGE ( 'NONE', *, *, #8545, .T. ) ;
#10525 = CYLINDRICAL_SURFACE ( 'NONE', #5440, 2.999999999999998668 ) ;
#10526 = DIRECTION ( 'NONE',  ( -0.000000000000000000, 1.000000000000000000, -0.000000000000000000 ) ) ;
#10527 = DIRECTION ( 'NONE',  ( 0.000000000000000000, 0.000000000000000000, -1.000000000000000000 ) ) ;
#10528 = DIRECTION ( 'NONE',  ( 0.000000000000000000, 1.000000000000000000, 0.000000000000000000 ) ) ;
#10529 = AXIS2_PLACEMENT_3D ( 'NONE', #6266, #11163, #9000 ) ;
#10530 = CIRCLE ( 'NONE', #6473, 3.599999999999993872 ) ;
#10531 = VECTOR ( 'NONE', #1106, 1000.000000000000000 ) ;
#10532 = EDGE_CURVE ( 'NONE', #5261, #257, #6624, .T. ) ;
#10533 = LINE ( 'NONE', #11479, #9776 ) ;
#10534 = CARTESIAN_POINT ( 'NONE',  ( 16.49999999999989697, 11.00000000000000000, -38.99999999999995026 ) ) ;
#10535 = ORIENTED_EDGE ( 'NONE', *, *, #12434, .F. ) ;
#10536 = CARTESIAN_POINT ( 'NONE',  ( 48.49999999999999289, 2.000000000000000000, -15.49999999999993427 ) ) ;
#10537 = APPROVAL ( #3877, 'UNSPECIFIED' ) ;
#10538 = CARTESIAN_POINT ( 'NONE',  ( 63.49999999999998579, 11.00000000000000000, -15.49999999999993427 ) ) ;
#10539 = ORIENTED_EDGE ( 'NONE', *, *, #11654, .T. ) ;
#10540 = DIRECTION ( 'NONE',  ( -0.000000000000000000, -1.000000000000000000, -0.000000000000000000 ) ) ;
#10541 = VECTOR ( 'NONE', #6990, 1000.000000000000000 ) ;
#10542 = APPROVAL_PERSON_ORGANIZATION ( #79, #8827, #7791 ) ;
#10543 = CARTESIAN_POINT ( 'NONE',  ( 35.49999999999999289, 11.00000000000000000, -16.49999999999996092 ) ) ;
#10544 = ORIENTED_EDGE ( 'NONE', *, *, #3983, .T. ) ;
#10545 = CARTESIAN_POINT ( 'NONE',  ( 22.99939033455905601, 11.00000000000000000, 22.99939033455901694 ) ) ;
#10546 = DIRECTION ( 'NONE',  ( 0.000000000000000000, 1.000000000000000000, 0.000000000000000000 ) ) ;
#10547 = EDGE_CURVE ( 'NONE', #11227, #2492, #9267, .T. ) ;
#10548 = EDGE_CURVE ( 'NONE', #4355, #2383, #11774, .T. ) ;
#10549 = AXIS2_PLACEMENT_3D ( 'NONE', #7930, #8817, #4005 ) ;
#10550 = DIRECTION ( 'NONE',  ( 0.000000000000000000, 0.000000000000000000, -1.000000000000000000 ) ) ;
#10551 =( GEOMETRIC_REPRESENTATION_CONTEXT ( 3 ) GLOBAL_UNCERTAINTY_ASSIGNED_CONTEXT ( ( #11015 ) ) GLOBAL_UNIT_ASSIGNED_CONTEXT ( ( #9886, #11544, #10782 ) ) REPRESENTATION_CONTEXT ( 'NONE', 'WORKASPACE' ) );
#10552 = DIRECTION ( 'NONE',  ( 0.000000000000000000, 0.000000000000000000, -1.000000000000000000 ) ) ;
#10553 = CARTESIAN_POINT ( 'NONE',  ( 35.49999999999999289, 2.000000000000000000, -7.499999999999963585 ) ) ;
#10554 = ADVANCED_FACE ( 'NONE', ( #882 ), #8597, .T. ) ;
#10555 = EDGE_LOOP ( 'NONE', ( #2139, #7578 ) ) ;
#10556 = FACE_OUTER_BOUND ( 'NONE', #5829, .T. ) ;
#10557 = ORIENTED_EDGE ( 'NONE', *, *, #3698, .F. ) ;
#10558 = EDGE_LOOP ( 'NONE', ( #4308, #5546 ) ) ;
#10559 = LINE ( 'NONE', #2819, #392 ) ;
#10560 = ORIENTED_EDGE ( 'NONE', *, *, #8018, .T. ) ;
#10561 = ORIENTED_EDGE ( 'NONE', *, *, #1647, .T. ) ;
#10562 = CARTESIAN_POINT ( 'NONE',  ( 25.63015151901654676, 9.799999999999998934, -38.50000000000000711 ) ) ;
#10563 = FACE_OUTER_BOUND ( 'NONE', #4567, .T. ) ;
#10564 = EDGE_CURVE ( 'NONE', #6550, #7272, #8046, .T. ) ;
#10565 = ORIENTED_EDGE ( 'NONE', *, *, #3123, .T. ) ;
#10566 = DIRECTION ( 'NONE',  ( -0.000000000000000000, 1.000000000000000000, -0.000000000000000000 ) ) ;
#10567 = ORIENTED_EDGE ( 'NONE', *, *, #4544, .F. ) ;
#10568 = VERTEX_POINT ( 'NONE', #10627 ) ;
#10569 = CYLINDRICAL_SURFACE ( 'NONE', #176, 2.800000000000002931 ) ;
#10570 = DIRECTION ( 'NONE',  ( 0.000000000000000000, 1.000000000000000000, 0.000000000000000000 ) ) ;
#10571 = DIRECTION ( 'NONE',  ( -0.000000000000000000, -1.000000000000000000, -0.000000000000000000 ) ) ;
#10572 = VERTEX_POINT ( 'NONE', #2834 ) ;
#10573 = ORIENTED_EDGE ( 'NONE', *, *, #5074, .T. ) ;
#10574 = DIRECTION ( 'NONE',  ( 0.000000000000000000, 0.000000000000000000, 1.000000000000000000 ) ) ;
#10575 = DIRECTION ( 'NONE',  ( -0.000000000000000000, -1.000000000000000000, -0.000000000000000000 ) ) ;
#10576 = AXIS2_PLACEMENT_3D ( 'NONE', #5461, #11360, #2601 ) ;
#10577 = EDGE_CURVE ( 'NONE', #4272, #10515, #1445, .T. ) ;
#10578 = ORIENTED_EDGE ( 'NONE', *, *, #6663, .F. ) ;
#10579 = DIRECTION ( 'NONE',  ( -1.000000000000000000, 0.000000000000000000, 1.239088197126290817E-16 ) ) ;
#10580 = EDGE_CURVE ( 'NONE', #8389, #4993, #4408, .T. ) ;
#10581 = ORIENTED_EDGE ( 'NONE', *, *, #4573, .F. ) ;
#10582 = EDGE_LOOP ( 'NONE', ( #2366, #12431, #7242, #4784 ) ) ;
#10583 = CARTESIAN_POINT ( 'NONE',  ( 11.99999999999997513, 11.00000000000000000, -21.99999999999992895 ) ) ;
#10584 = LINE ( 'NONE', #3800, #1382 ) ;
#10585 = CARTESIAN_POINT ( 'NONE',  ( 20.99999999999994316, 2.000000000000000000, -24.49999999999999289 ) ) ;
#10586 = VERTEX_POINT ( 'NONE', #10874 ) ;
#10587 = CARTESIAN_POINT ( 'NONE',  ( 48.49999999999999289, 2.000000000000000000, -12.99999999999992895 ) ) ;
#10588 = CARTESIAN_POINT ( 'NONE',  ( 0.000000000000000000, 9.799999999999998934, -47.19999999999999574 ) ) ;
#10589 = CARTESIAN_POINT ( 'NONE',  ( 63.50000000000002842, 2.000000000000000000, -6.499999999999938716 ) ) ;
#10590 = CYLINDRICAL_SURFACE ( 'NONE', #9739, 0.9999999999999974465 ) ;
#10591 = EDGE_CURVE ( 'NONE', #12116, #4980, #11493, .T. ) ;
#10592 = DIRECTION ( 'NONE',  ( 0.000000000000000000, 0.000000000000000000, 1.000000000000000000 ) ) ;
#10593 = DIRECTION ( 'NONE',  ( 0.000000000000000000, 1.000000000000000000, 0.000000000000000000 ) ) ;
#10594 = ORIENTED_EDGE ( 'NONE', *, *, #9578, .F. ) ;
#10595 = AXIS2_PLACEMENT_3D ( 'NONE', #5622, #3595, #8404 ) ;
#10596 = FACE_OUTER_BOUND ( 'NONE', #10999, .T. ) ;
#10597 = LINE ( 'NONE', #9644, #6094 ) ;
#10598 = VERTEX_POINT ( 'NONE', #9865 ) ;
#10599 = CARTESIAN_POINT ( 'NONE',  ( 72.49999999999988631, 11.00000000000000000, -37.99999999999998579 ) ) ;
#10600 = FACE_OUTER_BOUND ( 'NONE', #6418, .T. ) ;
#10601 = EDGE_LOOP ( 'NONE', ( #7842, #8280 ) ) ;
#10602 = LINE ( 'NONE', #8702, #1727 ) ;
#10603 = CARTESIAN_POINT ( 'NONE',  ( 16.49999999999997868, 11.00000000000000000, -17.49999999999996447 ) ) ;
#10604 = VECTOR ( 'NONE', #12453, 1000.000000000000000 ) ;
#10605 = CARTESIAN_POINT ( 'NONE',  ( 35.49999999999999289, 11.00000000000000000, -29.99999999999996447 ) ) ;
#10606 = CARTESIAN_POINT ( 'NONE',  ( 44.50000000000000000, 11.00000000000000000, -20.99999999999993960 ) ) ;
#10607 = DIRECTION ( 'NONE',  ( 0.000000000000000000, 0.000000000000000000, 1.000000000000000000 ) ) ;
#10608 = FACE_OUTER_BOUND ( 'NONE', #11886, .T. ) ;
#10609 = EDGE_CURVE ( 'NONE', #9982, #4976, #3197, .T. ) ;
#10610 = VECTOR ( 'NONE', #6601, 1000.000000000000000 ) ;
#10611 = ORIENTED_EDGE ( 'NONE', *, *, #11189, .F. ) ;
#10612 = VERTEX_POINT ( 'NONE', #303 ) ;
#10613 = LINE ( 'NONE', #1877, #11735 ) ;
#10614 = ORIENTED_EDGE ( 'NONE', *, *, #11891, .F. ) ;
#10615 = ORIENTED_EDGE ( 'NONE', *, *, #7821, .F. ) ;
#10616 = CARTESIAN_POINT ( 'NONE',  ( 28.00000000000000355, -0.002000000000000265454, -9.819595949289306347 ) ) ;
#10617 = ADVANCED_FACE ( 'NONE', ( #2370 ), #10045, .T. ) ;
#10618 = ADVANCED_FACE ( 'NONE', ( #1374 ), #6236, .T. ) ;
#10619 = CARTESIAN_POINT ( 'NONE',  ( 73.50000000000000000, 11.00000000000000000, -46.00000000000000000 ) ) ;
#10620 = ADVANCED_FACE ( 'NONE', ( #11884 ), #8198, .T. ) ;
#10621 = VECTOR ( 'NONE', #5595, 1000.000000000000114 ) ;
#10622 = VECTOR ( 'NONE', #7238, 1000.000000000000000 ) ;
#10623 = ORIENTED_EDGE ( 'NONE', *, *, #7668, .F. ) ;
#10624 = CARTESIAN_POINT ( 'NONE',  ( 31.50000000000000711, 2.000000000000000000, -16.49999999999997158 ) ) ;
#10625 = ORIENTED_EDGE ( 'NONE', *, *, #5981, .T. ) ;
#10626 = ORIENTED_EDGE ( 'NONE', *, *, #2153, .F. ) ;
#10627 = CARTESIAN_POINT ( 'NONE',  ( 11.99999999999998934, 11.00000000000000000, -15.49999999999993427 ) ) ;
#10628 = DIRECTION ( 'NONE',  ( -0.000000000000000000, -1.000000000000000000, -0.000000000000000000 ) ) ;
#10629 = DIRECTION ( 'NONE',  ( 0.7071067811865474617, 0.000000000000000000, 0.7071067811865474617 ) ) ;
#10630 = ORIENTED_EDGE ( 'NONE', *, *, #9830, .F. ) ;
#10631 = ORIENTED_EDGE ( 'NONE', *, *, #8722, .F. ) ;
#10632 = DIRECTION ( 'NONE',  ( -0.000000000000000000, -1.000000000000000000, -0.000000000000000000 ) ) ;
#10633 = EDGE_CURVE ( 'NONE', #12324, #10264, #1600, .T. ) ;
#10634 = CYLINDRICAL_SURFACE ( 'NONE', #12459, 2.500000000000000444 ) ;
#10635 = EDGE_CURVE ( 'NONE', #11411, #11391, #5996, .T. ) ;
#10636 = VERTEX_POINT ( 'NONE', #9101 ) ;
#10637 = DIRECTION ( 'NONE',  ( 0.000000000000000000, 1.000000000000000000, 0.000000000000000000 ) ) ;
#10638 = EDGE_LOOP ( 'NONE', ( #12515, #70, #3299, #6991 ) ) ;
#10639 = ORIENTED_EDGE ( 'NONE', *, *, #10933, .T. ) ;
#10640 = DIRECTION ( 'NONE',  ( 0.000000000000000000, 1.000000000000000000, 0.000000000000000000 ) ) ;
#10641 = DIRECTION ( 'NONE',  ( -0.000000000000000000, -1.000000000000000000, -0.000000000000000000 ) ) ;
#10642 = DIRECTION ( 'NONE',  ( 0.000000000000000000, 1.000000000000000000, 0.000000000000000000 ) ) ;
#10643 = ORIENTED_EDGE ( 'NONE', *, *, #12332, .F. ) ;
#10644 = CARTESIAN_POINT ( 'NONE',  ( 79.99999999999992895, 11.00000000000000000, -6.300000000000552269 ) ) ;
#10645 = CARTESIAN_POINT ( 'NONE',  ( 26.50000000000000000, -21.88036781070453785, -43.39999999999999858 ) ) ;
#10646 = DIRECTION ( 'NONE',  ( 0.000000000000000000, 1.000000000000000000, 0.000000000000000000 ) ) ;
#10647 = COORDINATED_UNIVERSAL_TIME_OFFSET ( 1, 0, .AHEAD. ) ;
#10648 = CIRCLE ( 'NONE', #9026, 0.9999999999999974465 ) ;
#10649 = ADVANCED_FACE ( 'NONE', ( #9928 ), #1193, .F. ) ;
#10650 = CIRCLE ( 'NONE', #10035, 2.500000000000000444 ) ;
#10651 = CARTESIAN_POINT ( 'NONE',  ( 44.98517677218605115, 9.799999999999998934, -44.98517677218592326 ) ) ;
#10652 = VECTOR ( 'NONE', #8310, 1000.000000000000000 ) ;
#10653 = CARTESIAN_POINT ( 'NONE',  ( 53.50000000000000000, 11.00000000000000000, -45.10000000000000142 ) ) ;
#10654 = EDGE_LOOP ( 'NONE', ( #5865, #3745 ) ) ;
#10655 = CYLINDRICAL_SURFACE ( 'NONE', #2703, 0.9999999999999974465 ) ;
#10656 = CARTESIAN_POINT ( 'NONE',  ( 72.49999999999991473, 2.000000000000000000, -28.99999999999998934 ) ) ;
#10657 = EDGE_LOOP ( 'NONE', ( #8274, #10421, #10643, #3840 ) ) ;
#10658 = DIRECTION ( 'NONE',  ( -0.000000000000000000, -1.000000000000000000, -0.000000000000000000 ) ) ;
#10659 = DIRECTION ( 'NONE',  ( 0.000000000000000000, 0.000000000000000000, 1.000000000000000000 ) ) ;
#10660 = DIRECTION ( 'NONE',  ( -0.000000000000000000, -1.000000000000000000, -0.000000000000000000 ) ) ;
#10661 = ADVANCED_FACE ( 'NONE', ( #249 ), #1259, .T. ) ;
#10662 = DIRECTION ( 'NONE',  ( 0.000000000000000000, 0.000000000000000000, -1.000000000000000000 ) ) ;
#10663 = EDGE_CURVE ( 'NONE', #4507, #11868, #6637, .T. ) ;
#10664 = VECTOR ( 'NONE', #3816, 1000.000000000000000 ) ;
#10665 = LINE ( 'NONE', #6985, #4070 ) ;
#10666 = LINE ( 'NONE', #9593, #3638 ) ;
#10667 = ORIENTED_EDGE ( 'NONE', *, *, #6352, .T. ) ;
#10668 = FACE_OUTER_BOUND ( 'NONE', #11185, .T. ) ;
#10669 = ORIENTED_EDGE ( 'NONE', *, *, #8363, .F. ) ;
#10670 = LINE ( 'NONE', #1993, #2847 ) ;
#10672 = AXIS2_PLACEMENT_3D ( 'NONE', #11120, #2488, #11945 ) ;
#10671 = AXIS2_PLACEMENT_3D ( 'NONE', #1285, #5136, #9004 ) ;
#10673 = ORIENTED_EDGE ( 'NONE', *, *, #4137, .T. ) ;
#10674 = CARTESIAN_POINT ( 'NONE',  ( 37.64386001800112069, 11.00000000000000000, -49.20000000000000284 ) ) ;
#10675 = DIRECTION ( 'NONE',  ( 0.000000000000000000, 0.000000000000000000, 1.000000000000000000 ) ) ;
#10676 = ORIENTED_EDGE ( 'NONE', *, *, #7314, .T. ) ;
#10677 = DIRECTION ( 'NONE',  ( -0.000000000000000000, -1.000000000000000000, -0.000000000000000000 ) ) ;
#10678 = ORIENTED_EDGE ( 'NONE', *, *, #11237, .F. ) ;
#10679 = FACE_OUTER_BOUND ( 'NONE', #9691, .T. ) ;
#10680 = DIRECTION ( 'NONE',  ( 1.000000000000000000, 0.000000000000000000, -4.818676322157797621E-17 ) ) ;
#10681 = AXIS2_PLACEMENT_3D ( 'NONE', #8682, #9635, #6649 ) ;
#10682 = ADVANCED_FACE ( 'NONE', ( #9036 ), #7954, .F. ) ;
#10683 = EDGE_LOOP ( 'NONE', ( #3386, #10500, #6810, #1173 ) ) ;
#10684 = ADVANCED_FACE ( 'NONE', ( #8974 ), #10944, .T. ) ;
#10685 = CARTESIAN_POINT ( 'NONE',  ( 63.49999999999994316, 11.00000000000000000, -29.99999999999992539 ) ) ;
#10686 = EDGE_LOOP ( 'NONE', ( #11532, #8647, #5323, #1720 ) ) ;
#10687 = ORIENTED_EDGE ( 'NONE', *, *, #3332, .T. ) ;
#10688 = LINE ( 'NONE', #2954, #3396 ) ;
#10689 = LINE ( 'NONE', #8851, #10703 ) ;
#10690 = EDGE_CURVE ( 'NONE', #7654, #8865, #11956, .T. ) ;
#10691 = LINE ( 'NONE', #2014, #5130 ) ;
#10692 = AXIS2_PLACEMENT_3D ( 'NONE', #3489, #12422, #6651 ) ;
#10693 = AXIS2_PLACEMENT_3D ( 'NONE', #630, #11392, #3527 ) ;
#10694 = VERTEX_POINT ( 'NONE', #12011 ) ;
#10695 = EDGE_LOOP ( 'NONE', ( #5592, #8216, #4088, #431 ) ) ;
#10696 = VECTOR ( 'NONE', #4233, 1000.000000000000000 ) ;
#10697 = PLANE ( 'NONE',  #9257 ) ;
#10698 = DIRECTION ( 'NONE',  ( 0.000000000000000000, 0.000000000000000000, 1.000000000000000000 ) ) ;
#10699 = DIRECTION ( 'NONE',  ( 0.000000000000000000, 0.000000000000000000, 1.000000000000000000 ) ) ;
#10700 = ADVANCED_FACE ( 'NONE', ( #5359 ), #11196, .T. ) ;
#10701 = AXIS2_PLACEMENT_3D ( 'NONE', #5085, #6026, #7870 ) ;
#10702 = AXIS2_PLACEMENT_3D ( 'NONE', #447, #3411, #11848 ) ;
#10703 = VECTOR ( 'NONE', #2013, 1000.000000000000000 ) ;
#10704 = ORIENTED_EDGE ( 'NONE', *, *, #715, .T. ) ;
#10705 = EDGE_CURVE ( 'NONE', #4940, #6142, #2495, .T. ) ;
#10706 = FACE_OUTER_BOUND ( 'NONE', #5594, .T. ) ;
#10707 = ORIENTED_EDGE ( 'NONE', *, *, #11978, .F. ) ;
#10708 = EDGE_LOOP ( 'NONE', ( #9285, #3768, #6087, #6938 ) ) ;
#10709 = DIRECTION ( 'NONE',  ( 1.000000000000000000, -0.000000000000000000, -0.000000000000000000 ) ) ;
#10710 = FACE_OUTER_BOUND ( 'NONE', #9758, .T. ) ;
#10711 = ADVANCED_FACE ( 'NONE', ( #5486 ), #6362, .F. ) ;
#10712 = DIRECTION ( 'NONE',  ( 1.000000000000000000, 0.000000000000000000, 6.999854048275122104E-16 ) ) ;
#10713 = ORIENTED_EDGE ( 'NONE', *, *, #63, .T. ) ;
#10714 = FACE_OUTER_BOUND ( 'NONE', #6930, .T. ) ;
#10715 = DIRECTION ( 'NONE',  ( 0.000000000000000000, 1.000000000000000000, 0.000000000000000000 ) ) ;
#10716 = DIRECTION ( 'NONE',  ( 0.000000000000000000, 1.000000000000000000, 0.000000000000000000 ) ) ;
#10717 = CYLINDRICAL_SURFACE ( 'NONE', #2195, 0.9999999999999974465 ) ;
#10718 = AXIS2_PLACEMENT_3D ( 'NONE', #12031, #11022, #6194 ) ;
#10719 = AXIS2_PLACEMENT_3D ( 'NONE', #1088, #5072, #11665 ) ;
#10720 = CARTESIAN_POINT ( 'NONE',  ( 18.14487014477789728, -0.002000000000000265454, -6.500000000000001776 ) ) ;
#10721 = AXIS2_PLACEMENT_3D ( 'NONE', #3277, #7258, #1375 ) ;
#10722 = VECTOR ( 'NONE', #5892, 1000.000000000000000 ) ;
#10723 = EDGE_CURVE ( 'NONE', #852, #8180, #3209, .T. ) ;
#10724 = VECTOR ( 'NONE', #5917, 1000.000000000000114 ) ;
#10725 = DIRECTION ( 'NONE',  ( 0.000000000000000000, 0.000000000000000000, 1.000000000000000000 ) ) ;
#10726 = CIRCLE ( 'NONE', #12539, 0.9999999999999974465 ) ;
#10727 = CARTESIAN_POINT ( 'NONE',  ( 20.99999999999998224, 11.00000000000000000, -12.99999999999999467 ) ) ;
#10728 = ORIENTED_EDGE ( 'NONE', *, *, #7971, .T. ) ;
#10729 = DIRECTION ( 'NONE',  ( -1.239088197126289880E-15, 0.000000000000000000, 1.000000000000000000 ) ) ;
#10730 = EDGE_CURVE ( 'NONE', #748, #6697, #9473, .T. ) ;
#10731 = CARTESIAN_POINT ( 'NONE',  ( 53.45857864376269220, 9.799999999999998934, -6.299999999999992717 ) ) ;
#10732 = CARTESIAN_POINT ( 'NONE',  ( 20.99999999999990052, 11.00000000000000000, -35.49999999999999289 ) ) ;
#10733 = ORIENTED_EDGE ( 'NONE', *, *, #2068, .F. ) ;
#10734 = DIRECTION ( 'NONE',  ( 2.011680777451463154E-16, 0.000000000000000000, -1.000000000000000000 ) ) ;
#10735 = CARTESIAN_POINT ( 'NONE',  ( 63.50000000000002842, 11.00000000000000000, -8.499999999999934275 ) ) ;
#10736 = DIRECTION ( 'NONE',  ( 0.000000000000000000, 1.000000000000000000, 0.000000000000000000 ) ) ;
#10737 = CARTESIAN_POINT ( 'NONE',  ( 36.35096679918766682, 9.799999999999998934, -46.32132034355964123 ) ) ;
#10738 = AXIS2_PLACEMENT_3D ( 'NONE', #3555, #7420, #11293 ) ;
#10739 = AXIS2_PLACEMENT_3D ( 'NONE', #11999, #4460, #10098 ) ;
#10740 = DIRECTION ( 'NONE',  ( 0.000000000000000000, 1.000000000000000000, 0.000000000000000000 ) ) ;
#10741 = ORIENTED_EDGE ( 'NONE', *, *, #2247, .T. ) ;
#10742 = DIRECTION ( 'NONE',  ( -0.000000000000000000, -1.000000000000000000, -0.000000000000000000 ) ) ;
#10743 = EDGE_CURVE ( 'NONE', #7579, #2241, #11309, .T. ) ;
#10744 = AXIS2_PLACEMENT_3D ( 'NONE', #4603, #12399, #8469 ) ;
#10745 = ADVANCED_FACE ( 'NONE', ( #7380 ), #6419, .F. ) ;
#10746 = LINE ( 'NONE', #9658, #4268 ) ;
#10747 = VECTOR ( 'NONE', #3431, 999.9999999999998863 ) ;
#10748 = ORIENTED_EDGE ( 'NONE', *, *, #9448, .F. ) ;
#10749 = DIRECTION ( 'NONE',  ( 0.000000000000000000, 1.000000000000000000, 0.000000000000000000 ) ) ;
#10750 = ORIENTED_EDGE ( 'NONE', *, *, #656, .T. ) ;
#10751 = VERTEX_POINT ( 'NONE', #7257 ) ;
#10752 = DIRECTION ( 'NONE',  ( 0.000000000000000000, 1.000000000000000000, -0.000000000000000000 ) ) ;
#10753 = LINE ( 'NONE', #4982, #8222 ) ;
#10754 = AXIS2_PLACEMENT_3D ( 'NONE', #9470, #4777, #802 ) ;
#10755 = VECTOR ( 'NONE', #2528, 1000.000000000000000 ) ;
#10756 = VERTEX_POINT ( 'NONE', #2627 ) ;
#10757 = CARTESIAN_POINT ( 'NONE',  ( 48.49999999999999289, 2.000000000000000000, -20.99999999999992895 ) ) ;
#10758 = ORIENTED_EDGE ( 'NONE', *, *, #9058, .F. ) ;
#10759 = VERTEX_POINT ( 'NONE', #12136 ) ;
#10760 = CARTESIAN_POINT ( 'NONE',  ( 16.49999999999995381, 11.00000000000000000, -25.49999999999996092 ) ) ;
#10761 = DIRECTION ( 'NONE',  ( 0.000000000000000000, 0.000000000000000000, 1.000000000000000000 ) ) ;
#10762 = DIRECTION ( 'NONE',  ( 0.000000000000000000, 0.000000000000000000, -1.000000000000000000 ) ) ;
#10763 = ORIENTED_EDGE ( 'NONE', *, *, #873, .T. ) ;
#10764 = ORIENTED_EDGE ( 'NONE', *, *, #11850, .F. ) ;
#10765 = DIRECTION ( 'NONE',  ( 0.000000000000000000, 1.000000000000000000, 0.000000000000000000 ) ) ;
#10766 = DIRECTION ( 'NONE',  ( 0.000000000000000000, 1.000000000000000000, 0.000000000000000000 ) ) ;
#10767 = ADVANCED_FACE ( 'NONE', ( #7508 ), #9222, .T. ) ;
#10768 = CC_DESIGN_DATE_AND_TIME_ASSIGNMENT ( #7024, #379, ( #4269 ) ) ;
#10769 = EDGE_LOOP ( 'NONE', ( #10667, #4745 ) ) ;
#10770 = LINE ( 'NONE', #3034, #11261 ) ;
#10771 = ORIENTED_EDGE ( 'NONE', *, *, #798, .T. ) ;
#10772 = ORIENTED_EDGE ( 'NONE', *, *, #7990, .F. ) ;
#10773 = LINE ( 'NONE', #5950, #10105 ) ;
#10774 = LINE ( 'NONE', #1022, #4211 ) ;
#10775 = CYLINDRICAL_SURFACE ( 'NONE', #12404, 2.800000000000010925 ) ;
#10776 = ORIENTED_EDGE ( 'NONE', *, *, #10158, .F. ) ;
#10777 = EDGE_CURVE ( 'NONE', #2368, #10408, #6239, .T. ) ;
#10778 = FACE_OUTER_BOUND ( 'NONE', #1851, .T. ) ;
#10779 = FACE_OUTER_BOUND ( 'NONE', #12447, .T. ) ;
#10780 = DIRECTION ( 'NONE',  ( -0.000000000000000000, 1.000000000000000000, -0.000000000000000000 ) ) ;
#10781 = LINE ( 'NONE', #5957, #380 ) ;
#10782 =( NAMED_UNIT ( * ) SI_UNIT ( $, .STERADIAN. ) SOLID_ANGLE_UNIT ( ) );
#10783 = EDGE_CURVE ( 'NONE', #5121, #11047, #5844, .T. ) ;
#10784 = EDGE_CURVE ( 'NONE', #9354, #7061, #3819, .T. ) ;
#10785 = EDGE_CURVE ( 'NONE', #7325, #5737, #10897, .T. ) ;
#10786 = DIRECTION ( 'NONE',  ( 0.000000000000000000, 0.000000000000000000, -1.000000000000000000 ) ) ;
#10787 = DIRECTION ( 'NONE',  ( 0.000000000000000000, 0.000000000000000000, 1.000000000000000000 ) ) ;
#10788 = VERTEX_POINT ( 'NONE', #740 ) ;
#10789 = CARTESIAN_POINT ( 'NONE',  ( 26.54142135623725451, 9.799999999999998934, -40.50000000000000711 ) ) ;
#10790 = LINE ( 'NONE', #3424, #5086 ) ;
#10791 = FACE_OUTER_BOUND ( 'NONE', #8977, .T. ) ;
#10792 = DIRECTION ( 'NONE',  ( 0.000000000000000000, 0.000000000000000000, 1.000000000000000000 ) ) ;
#10793 = CARTESIAN_POINT ( 'NONE',  ( 26.50000000000000000, -21.88036781070453785, -37.29999999999996874 ) ) ;
#10794 = DIRECTION ( 'NONE',  ( 0.000000000000000000, 0.000000000000000000, 1.000000000000000000 ) ) ;
#10795 = CARTESIAN_POINT ( 'NONE',  ( 11.99999999999993427, 2.000000000000000000, -33.49999999999992895 ) ) ;
#10796 = EDGE_CURVE ( 'NONE', #84, #6563, #3580, .T. ) ;
#10797 = CIRCLE ( 'NONE', #7353, 0.9999999999999974465 ) ;
#10798 = DIRECTION ( 'NONE',  ( 0.000000000000000000, 1.000000000000000000, 0.000000000000000000 ) ) ;
#10799 = DIRECTION ( 'NONE',  ( 0.000000000000000000, 1.000000000000000000, 0.000000000000000000 ) ) ;
#10800 = VERTEX_POINT ( 'NONE', #4664 ) ;
#10801 = LINE ( 'NONE', #2115, #5598 ) ;
#10802 = CARTESIAN_POINT ( 'NONE',  ( 35.49999999999999289, 11.00000000000000000, -17.49999999999996092 ) ) ;
#10803 = ORIENTED_EDGE ( 'NONE', *, *, #1319, .T. ) ;
#10804 = DIRECTION ( 'NONE',  ( -0.000000000000000000, -1.000000000000000000, -0.000000000000000000 ) ) ;
#10805 = ORIENTED_EDGE ( 'NONE', *, *, #9890, .T. ) ;
#10806 = ORIENTED_EDGE ( 'NONE', *, *, #9952, .T. ) ;
#10807 = FACE_OUTER_BOUND ( 'NONE', #6387, .T. ) ;
#10808 = CIRCLE ( 'NONE', #2695, 0.9999999999999974465 ) ;
#10809 = CYLINDRICAL_SURFACE ( 'NONE', #10051, 0.9999999999999974465 ) ;
#10810 = EDGE_CURVE ( 'NONE', #11624, #8022, #10172, .T. ) ;
#10811 = VECTOR ( 'NONE', #6022, 1000.000000000000000 ) ;
#10812 = AXIS2_PLACEMENT_3D ( 'NONE', #3961, #5922, #6797 ) ;
#10813 = VERTEX_POINT ( 'NONE', #4594 ) ;
#10814 = CARTESIAN_POINT ( 'NONE',  ( 38.47228714274736916, 11.00000000000000000, -44.19999999999999574 ) ) ;
#10815 = ORIENTED_EDGE ( 'NONE', *, *, #2715, .F. ) ;
#10816 = ORIENTED_EDGE ( 'NONE', *, *, #2632, .T. ) ;
#10817 = DIRECTION ( 'NONE',  ( 0.000000000000000000, 1.000000000000000000, 0.000000000000000000 ) ) ;
#10818 = DIRECTION ( 'NONE',  ( 0.000000000000000000, 0.000000000000000000, 1.000000000000000000 ) ) ;
#10819 = ORIENTED_EDGE ( 'NONE', *, *, #6838, .F. ) ;
#10820 = ORIENTED_EDGE ( 'NONE', *, *, #12016, .T. ) ;
#10821 = CARTESIAN_POINT ( 'NONE',  ( 77.00000000000000000, 11.00000000000000000, -5.200000000000043698 ) ) ;
#10822 = CIRCLE ( 'NONE', #5959, 3.000000000000002665 ) ;
#10823 = DIRECTION ( 'NONE',  ( 0.000000000000000000, -1.000000000000000000, 0.000000000000000000 ) ) ;
#10824 = VECTOR ( 'NONE', #9531, 1000.000000000000000 ) ;
#10825 = EDGE_CURVE ( 'NONE', #10891, #8786, #7442, .T. ) ;
#10826 = ORIENTED_EDGE ( 'NONE', *, *, #3827, .T. ) ;
#10827 = DIRECTION ( 'NONE',  ( -0.7071067811865486830, 0.000000000000000000, 0.7071067811865464625 ) ) ;
#10828 = ORIENTED_EDGE ( 'NONE', *, *, #5651, .T. ) ;
#10829 = ORIENTED_EDGE ( 'NONE', *, *, #3451, .T. ) ;
#10830 = CIRCLE ( 'NONE', #10417, 0.9999999999999974465 ) ;
#10831 = DIRECTION ( 'NONE',  ( -0.000000000000000000, -1.000000000000000000, -0.000000000000000000 ) ) ;
#10832 = LINE ( 'NONE', #9631, #3598 ) ;
#10833 = CARTESIAN_POINT ( 'NONE',  ( 35.49999999999999289, 2.000000000000000000, -11.99999999999996270 ) ) ;
#10834 = ORIENTED_EDGE ( 'NONE', *, *, #1884, .F. ) ;
#10835 = DIRECTION ( 'NONE',  ( 0.000000000000000000, 0.000000000000000000, -1.000000000000000000 ) ) ;
#10836 = FACE_BOUND ( 'NONE', #2161, .T. ) ;
#10837 = DIRECTION ( 'NONE',  ( -7.534230757946422568E-17, 0.000000000000000000, -1.000000000000000000 ) ) ;
#10838 = DIRECTION ( 'NONE',  ( 0.000000000000000000, -0.000000000000000000, 1.000000000000000000 ) ) ;
#10839 = DIRECTION ( 'NONE',  ( 0.000000000000000000, 0.000000000000000000, 1.000000000000000000 ) ) ;
#10840 = VECTOR ( 'NONE', #1953, 1000.000000000000000 ) ;
#10841 = EDGE_CURVE ( 'NONE', #10891, #7107, #10289, .T. ) ;
#10842 = FACE_OUTER_BOUND ( 'NONE', #1433, .T. ) ;
#10843 = PLANE ( 'NONE',  #5668 ) ;
#10844 = EDGE_LOOP ( 'NONE', ( #6537, #2196, #8512, #10196 ) ) ;
#10845 = DIRECTION ( 'NONE',  ( -0.000000000000000000, -1.000000000000000000, -0.000000000000000000 ) ) ;
#10846 = LINE ( 'NONE', #87, #4079 ) ;
#10847 = CARTESIAN_POINT ( 'NONE',  ( 15.35613998199869457, 9.799999999999998934, -49.20000000000000995 ) ) ;
#10848 = EDGE_LOOP ( 'NONE', ( #729, #10975, #6235, #9359 ) ) ;
#10849 = EDGE_CURVE ( 'NONE', #9149, #689, #9287, .T. ) ;
#10850 = DIRECTION ( 'NONE',  ( 0.000000000000000000, 1.000000000000000000, 0.000000000000000000 ) ) ;
#10851 = CARTESIAN_POINT ( 'NONE',  ( 26.50000000000000000, 0.000000000000000000, -3.400000000000000355 ) ) ;
#10852 = CARTESIAN_POINT ( 'NONE',  ( 45.14487014477790439, 2.000000000000000000, -4.000000000000002665 ) ) ;
#10853 = VECTOR ( 'NONE', #10448, 1000.000000000000000 ) ;
#10854 = CYLINDRICAL_SURFACE ( 'NONE', #424, 1.000000000000000888 ) ;
#10855 = DIRECTION ( 'NONE',  ( 0.000000000000000000, -0.000000000000000000, -1.000000000000000000 ) ) ;
#10856 = EDGE_LOOP ( 'NONE', ( #1656, #6240, #6178, #11578 ) ) ;
#10857 = DIRECTION ( 'NONE',  ( -0.000000000000000000, 1.000000000000000000, 0.000000000000000000 ) ) ;
#10858 = ADVANCED_FACE ( 'NONE', ( #1162 ), #6024, .T. ) ;
#10859 = LINE ( 'NONE', #2878, #10541 ) ;
#10860 = ORIENTED_EDGE ( 'NONE', *, *, #5150, .F. ) ;
#10861 = CARTESIAN_POINT ( 'NONE',  ( 44.50000000000000000, 2.000000000000000000, -26.49999999999993605 ) ) ;
#10862 = EDGE_CURVE ( 'NONE', #1615, #6174, #2595, .T. ) ;
#10863 = EDGE_LOOP ( 'NONE', ( #4265, #6311 ) ) ;
#10864 = CARTESIAN_POINT ( 'NONE',  ( 72.49999999999990052, 11.00000000000000000, -33.49999999999998579 ) ) ;
#10865 = VERTEX_POINT ( 'NONE', #11442 ) ;
#10866 = DIRECTION ( 'NONE',  ( -0.000000000000000000, -1.000000000000000000, 0.000000000000000000 ) ) ;
#10867 = PLANE ( 'NONE',  #9042 ) ;
#10868 = CIRCLE ( 'NONE', #5604, 0.9999999999999974465 ) ;
#10869 = EDGE_CURVE ( 'NONE', #9808, #2553, #4900, .T. ) ;
#10870 = EDGE_LOOP ( 'NONE', ( #8393, #11500, #8223, #7642 ) ) ;
#10871 = DIRECTION ( 'NONE',  ( 0.000000000000000000, 0.000000000000000000, 1.000000000000000000 ) ) ;
#10872 = ORIENTED_EDGE ( 'NONE', *, *, #5703, .T. ) ;
#10873 = ORIENTED_EDGE ( 'NONE', *, *, #7792, .F. ) ;
#10874 = CARTESIAN_POINT ( 'NONE',  ( 25.63015151901654676, 11.00000000000000000, -38.50000000000000711 ) ) ;
#10875 = DIRECTION ( 'NONE',  ( -0.000000000000000000, -1.000000000000000000, -0.000000000000000000 ) ) ;
#10876 = EDGE_CURVE ( 'NONE', #2585, #7957, #7032, .T. ) ;
#10877 = VERTEX_POINT ( 'NONE', #8950 ) ;
#10878 = ORIENTED_EDGE ( 'NONE', *, *, #6546, .T. ) ;
#10879 = CARTESIAN_POINT ( 'NONE',  ( 34.73223304703362402, -21.88036781070453785, -43.00553031655772429 ) ) ;
#10880 = DIRECTION ( 'NONE',  ( 0.000000000000000000, 0.000000000000000000, 1.000000000000000000 ) ) ;
#10881 = VERTEX_POINT ( 'NONE', #4006 ) ;
#10882 = AXIS2_PLACEMENT_3D ( 'NONE', #7034, #1346, #6208 ) ;
#10883 = CIRCLE ( 'NONE', #12506, 1.000000000000000888 ) ;
#10884 = ORIENTED_EDGE ( 'NONE', *, *, #5237, .T. ) ;
#10885 = EDGE_LOOP ( 'NONE', ( #4, #10424, #3835, #1665 ) ) ;
#10886 = CARTESIAN_POINT ( 'NONE',  ( 74.79999999999998295, 9.799999999999998934, -5.200000000000042810 ) ) ;
#10887 = CARTESIAN_POINT ( 'NONE',  ( 68.00000000000000000, 11.00000000000000000, -7.499999999999968914 ) ) ;
#10888 = ADVANCED_FACE ( 'NONE', ( #7931 ), #11857, .T. ) ;
#10889 = DIRECTION ( 'NONE',  ( -0.000000000000000000, -1.000000000000000000, -0.000000000000000000 ) ) ;
#10890 = EDGE_CURVE ( 'NONE', #326, #10319, #6090, .T. ) ;
#10891 = VERTEX_POINT ( 'NONE', #8887 ) ;
#10892 = CARTESIAN_POINT ( 'NONE',  ( 7.499999999999992895, 11.00000000000000000, -19.99999999999990408 ) ) ;
#10893 = DIRECTION ( 'NONE',  ( 0.000000000000000000, 1.000000000000000000, 0.000000000000000000 ) ) ;
#10894 = CYLINDRICAL_SURFACE ( 'NONE', #1196, 0.9999999999999974465 ) ;
#10895 = PERSON_AND_ORGANIZATION_ROLE ( 'creator' ) ;
#10896 = CIRCLE ( 'NONE', #3617, 0.9999999999999983347 ) ;
#10897 = CIRCLE ( 'NONE', #10494, 1.000000000000000888 ) ;
#10898 = AXIS2_PLACEMENT_3D ( 'NONE', #6115, #3206, #2311 ) ;
#10899 = DIRECTION ( 'NONE',  ( -0.000000000000000000, -1.000000000000000000, -0.000000000000000000 ) ) ;
#10900 = FACE_OUTER_BOUND ( 'NONE', #1097, .T. ) ;
#10901 = ORIENTED_EDGE ( 'NONE', *, *, #6889, .F. ) ;
#10902 = ORIENTED_EDGE ( 'NONE', *, *, #3435, .T. ) ;
#10903 = CARTESIAN_POINT ( 'NONE',  ( 67.49999999999998579, 5.000000000000000000, -4.000000000000003553 ) ) ;
#10904 = AXIS2_PLACEMENT_3D ( 'NONE', #4394, #11128, #7318 ) ;
#10905 = CARTESIAN_POINT ( 'NONE',  ( 20.99999999999991473, 11.00000000000000000, -30.99999999999998579 ) ) ;
#10906 = AXIS2_PLACEMENT_3D ( 'NONE', #5195, #393, #5387 ) ;
#10907 = AXIS2_PLACEMENT_3D ( 'NONE', #11197, #5415, #7381 ) ;
#10908 = FACE_OUTER_BOUND ( 'NONE', #4548, .T. ) ;
#10909 = FACE_OUTER_BOUND ( 'NONE', #10686, .T. ) ;
#10910 = CIRCLE ( 'NONE', #9501, 0.9999999999999974465 ) ;
#10911 = ORIENTED_EDGE ( 'NONE', *, *, #10039, .T. ) ;
#10912 = PLANE ( 'NONE',  #8244 ) ;
#10913 = CARTESIAN_POINT ( 'NONE',  ( 74.79999999999998295, 9.799999999999998934, -3.000000000000007994 ) ) ;
#10914 = CARTESIAN_POINT ( 'NONE',  ( 14.23776336359134831, 2.000000000000000000, -46.00000000000000000 ) ) ;
#10915 = AXIS2_PLACEMENT_3D ( 'NONE', #9409, #5729, #8449 ) ;
#10916 = ADVANCED_FACE ( 'NONE', ( #10908 ), #3055, .F. ) ;
#10917 = AXIS2_PLACEMENT_3D ( 'NONE', #3124, #2930, #6731 ) ;
#10918 = VECTOR ( 'NONE', #3993, 1000.000000000000000 ) ;
#10919 = PRODUCT_DEFINITION ( 'UNKNOWN', '', #5087, #8869 ) ;
#10920 = CARTESIAN_POINT ( 'NONE',  ( 56.34974746830582859, 9.799999999999998934, -7.479898987322344261 ) ) ;
#10921 = FACE_OUTER_BOUND ( 'NONE', #11628, .T. ) ;
#10922 = ORIENTED_EDGE ( 'NONE', *, *, #9106, .T. ) ;
#10923 = DIRECTION ( 'NONE',  ( 0.000000000000000000, 0.000000000000000000, 1.000000000000000000 ) ) ;
#10924 = LINE ( 'NONE', #2238, #7301 ) ;
#10925 = CIRCLE ( 'NONE', #7244, 0.9999999999999974465 ) ;
#10926 = ORIENTED_EDGE ( 'NONE', *, *, #1027, .F. ) ;
#10927 = LINE ( 'NONE', #1995, #8583 ) ;
#10928 = AXIS2_PLACEMENT_3D ( 'NONE', #11234, #4515, #8367 ) ;
#10929 = VECTOR ( 'NONE', #10989, 1000.000000000000000 ) ;
#10930 = ORIENTED_EDGE ( 'NONE', *, *, #2168, .T. ) ;
#10931 = FACE_OUTER_BOUND ( 'NONE', #3802, .T. ) ;
#10932 = ORIENTED_EDGE ( 'NONE', *, *, #3331, .F. ) ;
#10933 = EDGE_CURVE ( 'NONE', #3417, #2569, #88, .T. ) ;
#10934 = DIRECTION ( 'NONE',  ( 0.7071067811865506814, 0.000000000000000000, 0.7071067811865443531 ) ) ;
#10935 = FACE_OUTER_BOUND ( 'NONE', #10769, .T. ) ;
#10936 = ADVANCED_FACE ( 'NONE', ( #10791 ), #2985, .T. ) ;
#10937 = EDGE_CURVE ( 'NONE', #4272, #4020, #6431, .T. ) ;
#10938 = CIRCLE ( 'NONE', #1638, 0.9999999999999983347 ) ;
#10939 = DIRECTION ( 'NONE',  ( -0.000000000000000000, 1.000000000000000000, -0.000000000000000000 ) ) ;
#10940 = EDGE_LOOP ( 'NONE', ( #6684, #11194, #6291, #10012 ) ) ;
#10941 = DIRECTION ( 'NONE',  ( -6.999854048275122104E-16, 0.000000000000000000, -1.000000000000000000 ) ) ;
#10942 = ORIENTED_EDGE ( 'NONE', *, *, #3068, .T. ) ;
#10943 = EDGE_LOOP ( 'NONE', ( #4214, #5704, #4287, #9800 ) ) ;
#10944 = PLANE ( 'NONE',  #381 ) ;
#10945 = LINE ( 'NONE', #8199, #997 ) ;
#10946 = VERTEX_POINT ( 'NONE', #7568 ) ;
#10947 = ORIENTED_EDGE ( 'NONE', *, *, #1969, .T. ) ;
#10948 = CARTESIAN_POINT ( 'NONE',  ( 49.49939033455934378, 9.799999999999998934, -30.50060966544101149 ) ) ;
#10949 = AXIS2_PLACEMENT_3D ( 'NONE', #6608, #9596, #12510 ) ;
#10950 = CYLINDRICAL_SURFACE ( 'NONE', #5579, 0.9999999999999974465 ) ;
#10951 = CIRCLE ( 'NONE', #7703, 0.9999999999999974465 ) ;
#10952 = ADVANCED_FACE ( 'NONE', ( #2103 ), #2754, .T. ) ;
#10953 = ORIENTED_EDGE ( 'NONE', *, *, #11164, .T. ) ;
#10954 = VECTOR ( 'NONE', #10204, 1000.000000000000000 ) ;
#10955 = VERTEX_POINT ( 'NONE', #9899 ) ;
#10956 = ORIENTED_EDGE ( 'NONE', *, *, #9508, .F. ) ;
#10957 = FACE_OUTER_BOUND ( 'NONE', #1562, .T. ) ;
#10958 = DIRECTION ( 'NONE',  ( 0.000000000000000000, 1.000000000000000000, 0.000000000000000000 ) ) ;
#10959 = FACE_OUTER_BOUND ( 'NONE', #8452, .T. ) ;
#10960 = ORIENTED_EDGE ( 'NONE', *, *, #3794, .F. ) ;
#10961 = CIRCLE ( 'NONE', #12380, 0.9999999999999974465 ) ;
#10962 = LINE ( 'NONE', #10061, #9905 ) ;
#10963 = FACE_BOUND ( 'NONE', #11711, .T. ) ;
#10964 = DIRECTION ( 'NONE',  ( -0.7071067811865513475, 0.000000000000000000, 0.7071067811865435759 ) ) ;
#10965 = ADVANCED_FACE ( 'NONE', ( #6612 ), #10486, .T. ) ;
#10966 = VECTOR ( 'NONE', #6155, 1000.000000000000000 ) ;
#10967 = CARTESIAN_POINT ( 'NONE',  ( 26.45857864376269930, 11.00000000000000000, -3.499999999999993339 ) ) ;
#10968 = DIRECTION ( 'NONE',  ( 0.000000000000000000, 0.000000000000000000, 1.000000000000000000 ) ) ;
#10969 = ORIENTED_EDGE ( 'NONE', *, *, #10456, .T. ) ;
#10970 = ORIENTED_EDGE ( 'NONE', *, *, #8144, .T. ) ;
#10971 = LINE ( 'NONE', #10145, #12050 ) ;
#10972 = FACE_OUTER_BOUND ( 'NONE', #10940, .T. ) ;
#10973 = CARTESIAN_POINT ( 'NONE',  ( 76.00000000000000000, 11.00000000000000000, -6.500000000000004441 ) ) ;
#10974 = FACE_OUTER_BOUND ( 'NONE', #893, .T. ) ;
#10975 = ORIENTED_EDGE ( 'NONE', *, *, #7700, .F. ) ;
#10976 = CARTESIAN_POINT ( 'NONE',  ( 54.28700576850885540, 9.799999999999998934, -38.50000000000001421 ) ) ;
#10977 = DIRECTION ( 'NONE',  ( -0.000000000000000000, -1.000000000000000000, -0.000000000000000000 ) ) ;
#10978 = DIRECTION ( 'NONE',  ( -0.000000000000000000, -1.000000000000000000, -0.000000000000000000 ) ) ;
#10979 = EDGE_CURVE ( 'NONE', #1443, #748, #1197, .T. ) ;
#10980 = FACE_OUTER_BOUND ( 'NONE', #4388, .T. ) ;
#10981 = DIRECTION ( 'NONE',  ( -0.000000000000000000, -1.000000000000000000, -0.000000000000000000 ) ) ;
#10982 = ORIENTED_EDGE ( 'NONE', *, *, #3176, .T. ) ;
#10983 = AXIS2_PLACEMENT_3D ( 'NONE', #11789, #2210, #7140 ) ;
#10984 = DIRECTION ( 'NONE',  ( -0.000000000000000000, -1.000000000000000000, -0.000000000000000000 ) ) ;
#10985 = ORIENTED_EDGE ( 'NONE', *, *, #11086, .T. ) ;
#10986 = CARTESIAN_POINT ( 'NONE',  ( 20.99999999999990052, 2.000000000000000000, -34.49999999999998579 ) ) ;
#10987 = DIRECTION ( 'NONE',  ( 1.000000000000000000, -0.000000000000000000, 0.000000000000000000 ) ) ;
#10988 = ORIENTED_EDGE ( 'NONE', *, *, #10445, .F. ) ;
#10989 = DIRECTION ( 'NONE',  ( -1.000000000000000000, 0.000000000000000000, -2.011680777451463154E-16 ) ) ;
#10990 = ORIENTED_EDGE ( 'NONE', *, *, #7200, .T. ) ;
#10991 = CARTESIAN_POINT ( 'NONE',  ( 7.500000000000007105, 11.00000000000000000, -16.49999999999990408 ) ) ;
#10992 = FACE_OUTER_BOUND ( 'NONE', #12266, .T. ) ;
#10993 = VECTOR ( 'NONE', #20, 1000.000000000000000 ) ;
#10994 = EDGE_CURVE ( 'NONE', #10251, #7468, #9713, .T. ) ;
#10995 = CARTESIAN_POINT ( 'NONE',  ( 53.50000000000000000, 11.00000000000000000, -43.39999999999999858 ) ) ;
#10996 = ORIENTED_EDGE ( 'NONE', *, *, #8616, .F. ) ;
#10997 = DIRECTION ( 'NONE',  ( 0.000000000000000000, 1.000000000000000000, 0.000000000000000000 ) ) ;
#10998 = VERTEX_POINT ( 'NONE', #10847 ) ;
#10999 = EDGE_LOOP ( 'NONE', ( #7084, #5918, #10425, #7392 ) ) ;
#11000 = DIRECTION ( 'NONE',  ( -0.000000000000000000, -1.000000000000000000, -0.000000000000000000 ) ) ;
#11001 = CYLINDRICAL_SURFACE ( 'NONE', #11909, 0.9999999999999974465 ) ;
#11002 = ADVANCED_FACE ( 'NONE', ( #152 ), #2160, .T. ) ;
#11003 = EDGE_LOOP ( 'NONE', ( #8260, #7653 ) ) ;
#11004 = LINE ( 'NONE', #2315, #510 ) ;
#11005 = EDGE_CURVE ( 'NONE', #7428, #5261, #3216, .T. ) ;
#11006 = LINE ( 'NONE', #7196, #9856 ) ;
#11007 = AXIS2_PLACEMENT_3D ( 'NONE', #12516, #6871, #1181 ) ;
#11008 = ADVANCED_FACE ( 'NONE', ( #518 ), #9251, .T. ) ;
#11009 = VERTEX_POINT ( 'NONE', #330 ) ;
#11010 = VERTEX_POINT ( 'NONE', #8231 ) ;
#11011 = ORIENTED_EDGE ( 'NONE', *, *, #8764, .T. ) ;
#11012 = CYLINDRICAL_SURFACE ( 'NONE', #569, 0.9999999999999974465 ) ;
#11013 = CARTESIAN_POINT ( 'NONE',  ( 31.50000000000000711, 11.00000000000000000, -25.49999999999997513 ) ) ;
#11014 = EDGE_CURVE ( 'NONE', #8613, #290, #9092, .T. ) ;
#11015 = UNCERTAINTY_MEASURE_WITH_UNIT (LENGTH_MEASURE( 1.000000000000000082E-05 ), #9886, 'distance_accuracy_value', 'NONE');
#11016 = CARTESIAN_POINT ( 'NONE',  ( 31.50000000000000711, 2.000000000000000000, -15.49999999999997513 ) ) ;
#11017 = VERTEX_POINT ( 'NONE', #3485 ) ;
#11018 = CYLINDRICAL_SURFACE ( 'NONE', #6055, 0.9999999999999974465 ) ;
#11019 = FACE_BOUND ( 'NONE', #4911, .T. ) ;
#11020 = AXIS2_PLACEMENT_3D ( 'NONE', #4331, #7177, #9918 ) ;
#11021 = CIRCLE ( 'NONE', #1716, 0.9999999999999974465 ) ;
#11022 = DIRECTION ( 'NONE',  ( -0.000000000000000000, -1.000000000000000000, -0.000000000000000000 ) ) ;
#11023 = EDGE_CURVE ( 'NONE', #11424, #1827, #4636, .T. ) ;
#11024 = AXIS2_PLACEMENT_3D ( 'NONE', #9341, #856, #3822 ) ;
#11025 = AXIS2_PLACEMENT_3D ( 'NONE', #6078, #3160, #6772 ) ;
#11026 = DIRECTION ( 'NONE',  ( -0.000000000000000000, -1.000000000000000000, -0.000000000000000000 ) ) ;
#11027 = CYLINDRICAL_SURFACE ( 'NONE', #12133, 2.999999999999996447 ) ;
#11028 = ORIENTED_EDGE ( 'NONE', *, *, #12099, .T. ) ;
#11029 = ORIENTED_EDGE ( 'NONE', *, *, #3100, .F. ) ;
#11030 = CARTESIAN_POINT ( 'NONE',  ( 57.00060966544094754, 11.00000000000000000, 22.99939033455901694 ) ) ;
#11031 = DIRECTION ( 'NONE',  ( 1.239088197126291063E-16, 0.000000000000000000, 1.000000000000000000 ) ) ;
#11032 = LINE ( 'NONE', #4441, #11322 ) ;
#11033 = CARTESIAN_POINT ( 'NONE',  ( 67.99999999999997158, 11.00000000000000000, -16.49999999999996447 ) ) ;
#11034 = DIRECTION ( 'NONE',  ( 0.000000000000000000, 1.000000000000000000, 0.000000000000000000 ) ) ;
#11035 = EDGE_CURVE ( 'NONE', #6614, #10759, #1535, .T. ) ;
#11036 = CARTESIAN_POINT ( 'NONE',  ( 0.9999999999999870104, 9.799999999999998934, -2.762250190341694227E-14 ) ) ;
#11037 = DIRECTION ( 'NONE',  ( 0.000000000000000000, 0.000000000000000000, 1.000000000000000000 ) ) ;
#11038 = AXIS2_PLACEMENT_3D ( 'NONE', #2473, #1840, #5699 ) ;
#11039 = CARTESIAN_POINT ( 'NONE',  ( 31.50000000000000711, 11.00000000000000000, -20.99999999999997158 ) ) ;
#11040 = CYLINDRICAL_SURFACE ( 'NONE', #4852, 0.9999999999999974465 ) ;
#11041 = ORIENTED_EDGE ( 'NONE', *, *, #8667, .F. ) ;
#11042 = CARTESIAN_POINT ( 'NONE',  ( 44.50000000000000000, 11.00000000000000000, -38.99999999999994316 ) ) ;
#11043 = DIRECTION ( 'NONE',  ( 0.000000000000000000, 0.000000000000000000, 1.000000000000000000 ) ) ;
#11044 = DIRECTION ( 'NONE',  ( -0.000000000000000000, -1.000000000000000000, -0.000000000000000000 ) ) ;
#11045 = EDGE_CURVE ( 'NONE', #11010, #7141, #11032, .T. ) ;
#11046 = EDGE_CURVE ( 'NONE', #10694, #10171, #590, .T. ) ;
#11047 = VERTEX_POINT ( 'NONE', #2467 ) ;
#11048 = DIRECTION ( 'NONE',  ( 0.000000000000000000, 0.000000000000000000, -1.000000000000000000 ) ) ;
#11049 = ORIENTED_EDGE ( 'NONE', *, *, #874, .T. ) ;
#11050 = CIRCLE ( 'NONE', #3356, 0.9999999999999974465 ) ;
#11051 = FACE_OUTER_BOUND ( 'NONE', #6207, .T. ) ;
#11052 = CARTESIAN_POINT ( 'NONE',  ( 7.499999999999958256, 2.000000000000000000, -30.99999999999989342 ) ) ;
#11053 = CYLINDRICAL_SURFACE ( 'NONE', #389, 0.9999999999999974465 ) ;
#11054 = LINE ( 'NONE', #9218, #4984 ) ;
#11055 = ORIENTED_EDGE ( 'NONE', *, *, #3606, .T. ) ;
#11056 = DIRECTION ( 'NONE',  ( 0.000000000000000000, 1.000000000000000000, 0.000000000000000000 ) ) ;
#11057 = CIRCLE ( 'NONE', #4591, 2.999999999999995559 ) ;
#11058 = VERTEX_POINT ( 'NONE', #7294 ) ;
#11059 = ORIENTED_EDGE ( 'NONE', *, *, #6504, .T. ) ;
#11060 = CARTESIAN_POINT ( 'NONE',  ( 16.50000000000000711, 11.00000000000000000, -7.499999999999968914 ) ) ;
#11061 = DIRECTION ( 'NONE',  ( -0.000000000000000000, -1.000000000000000000, -0.000000000000000000 ) ) ;
#11062 = VERTEX_POINT ( 'NONE', #10973 ) ;
#11063 = ORIENTED_EDGE ( 'NONE', *, *, #6970, .F. ) ;
#11064 = CARTESIAN_POINT ( 'NONE',  ( 44.50000000000000000, 2.000000000000000000, -20.99999999999993960 ) ) ;
#11065 = DIRECTION ( 'NONE',  ( -0.000000000000000000, 1.000000000000000000, -0.000000000000000000 ) ) ;
#11066 = EDGE_CURVE ( 'NONE', #6471, #6388, #7098, .T. ) ;
#11067 = AXIS2_PLACEMENT_3D ( 'NONE', #6287, #6158, #5278 ) ;
#11069 = AXIS2_PLACEMENT_3D ( 'NONE', #10477, #10546, #4527 ) ;
#11068 = AXIS2_PLACEMENT_3D ( 'NONE', #1533, #6088, #9957 ) ;
#11070 = EDGE_CURVE ( 'NONE', #5661, #12377, #7465, .T. ) ;
#11071 = CC_DESIGN_PERSON_AND_ORGANIZATION_ASSIGNMENT ( #2915, #6775, ( #10919 ) ) ;
#11072 = ORIENTED_EDGE ( 'NONE', *, *, #212, .T. ) ;
#11073 = VERTEX_POINT ( 'NONE', #2524 ) ;
#11074 = ORIENTED_EDGE ( 'NONE', *, *, #11621, .T. ) ;
#11075 = CARTESIAN_POINT ( 'NONE',  ( 48.49999999999999289, 11.00000000000000000, -25.49999999999992895 ) ) ;
#11076 = DIRECTION ( 'NONE',  ( 3.496519228280624712E-16, 0.000000000000000000, 1.000000000000000000 ) ) ;
#11077 = CARTESIAN_POINT ( 'NONE',  ( 28.00000000000000355, 11.00000000000000000, -9.819595949289306347 ) ) ;
#11078 = ORIENTED_EDGE ( 'NONE', *, *, #2599, .T. ) ;
#11079 = AXIS2_PLACEMENT_3D ( 'NONE', #2658, #5707, #5767 ) ;
#11080 = PLANE ( 'NONE',  #4853 ) ;
#11081 = FACE_BOUND ( 'NONE', #5516, .T. ) ;
#11082 = CARTESIAN_POINT ( 'NONE',  ( 8.514823227813753448, 11.00000000000000000, 8.514823227813847595 ) ) ;
#11083 = EDGE_CURVE ( 'NONE', #4854, #10251, #11108, .T. ) ;
#11084 = VECTOR ( 'NONE', #4995, 1000.000000000000000 ) ;
#11085 = VECTOR ( 'NONE', #12495, 1000.000000000000000 ) ;
#11086 = EDGE_CURVE ( 'NONE', #5949, #12071, #10147, .T. ) ;
#11087 = AXIS2_PLACEMENT_3D ( 'NONE', #3805, #1783, #10336 ) ;
#11088 = AXIS2_PLACEMENT_3D ( 'NONE', #3928, #5826, #5067 ) ;
#11089 = ADVANCED_FACE ( 'NONE', ( #9194 ), #2407, .F. ) ;
#11090 = VERTEX_POINT ( 'NONE', #6393 ) ;
#11091 = DIRECTION ( 'NONE',  ( -0.000000000000000000, -1.000000000000000000, -0.000000000000000000 ) ) ;
#11092 = DIRECTION ( 'NONE',  ( 0.000000000000000000, 1.000000000000000000, 0.000000000000000000 ) ) ;
#11093 = VERTEX_POINT ( 'NONE', #1473 ) ;
#11094 = ORIENTED_EDGE ( 'NONE', *, *, #6952, .F. ) ;
#11095 = FACE_OUTER_BOUND ( 'NONE', #5736, .T. ) ;
#11096 = CARTESIAN_POINT ( 'NONE',  ( 63.50000000000000000, 11.00000000000000000, -11.99999999999993427 ) ) ;
#11097 = DIRECTION ( 'NONE',  ( 0.000000000000000000, 0.000000000000000000, -1.000000000000000000 ) ) ;
#11098 = DIRECTION ( 'NONE',  ( -0.000000000000000000, -1.000000000000000000, -0.000000000000000000 ) ) ;
#11099 = ORIENTED_EDGE ( 'NONE', *, *, #7961, .T. ) ;
#11100 = CARTESIAN_POINT ( 'NONE',  ( 52.63015151901650768, 9.799999999999998934, -8.299999999999991829 ) ) ;
#11101 = AXIS2_PLACEMENT_3D ( 'NONE', #8424, #12290, #3616 ) ;
#11102 = VECTOR ( 'NONE', #5166, 1000.000000000000000 ) ;
#11103 = LINE ( 'NONE', #9255, #623 ) ;
#11104 = DIRECTION ( 'NONE',  ( 1.000000000000000000, -0.000000000000000000, 0.000000000000000000 ) ) ;
#11105 = EDGE_CURVE ( 'NONE', #1999, #6639, #10300, .T. ) ;
#11106 = CIRCLE ( 'NONE', #9699, 2.800000000000002931 ) ;
#11107 = CARTESIAN_POINT ( 'NONE',  ( 58.99999999999999289, 2.000000000000000000, -19.99999999999990408 ) ) ;
#11108 = CIRCLE ( 'NONE', #11733, 2.500000000000000444 ) ;
#11109 = CIRCLE ( 'NONE', #9487, 0.9999999999999974465 ) ;
#11110 = CYLINDRICAL_SURFACE ( 'NONE', #1409, 0.9999999999999983347 ) ;
#11111 = VERTEX_POINT ( 'NONE', #1413 ) ;
#11112 = DIRECTION ( 'NONE',  ( 0.000000000000000000, 1.000000000000000000, 0.000000000000000000 ) ) ;
#11113 = DIRECTION ( 'NONE',  ( 0.000000000000000000, 0.000000000000000000, 1.000000000000000000 ) ) ;
#11114 = CARTESIAN_POINT ( 'NONE',  ( 35.49999999999999289, 11.00000000000000000, -7.499999999999963585 ) ) ;
#11115 = VECTOR ( 'NONE', #7437, 1000.000000000000000 ) ;
#11116 = ORIENTED_EDGE ( 'NONE', *, *, #6513, .T. ) ;
#11117 = DIRECTION ( 'NONE',  ( 0.000000000000000000, 1.000000000000000000, -0.000000000000000000 ) ) ;
#11118 = ORIENTED_EDGE ( 'NONE', *, *, #2247, .F. ) ;
#11119 = DIRECTION ( 'NONE',  ( 1.239088197126291063E-16, 0.000000000000000000, 1.000000000000000000 ) ) ;
#11120 = CARTESIAN_POINT ( 'NONE',  ( 72.49999999999995737, 2.000000000000000000, -20.99999999999999289 ) ) ;
#11121 = VECTOR ( 'NONE', #1172, 1000.000000000000000 ) ;
#11122 = AXIS2_PLACEMENT_3D ( 'NONE', #4312, #4186, #6273 ) ;
#11123 = AXIS2_PLACEMENT_3D ( 'NONE', #1596, #5196, #7351 ) ;
#11124 = CIRCLE ( 'NONE', #11516, 0.9999999999999974465 ) ;
#11125 = EDGE_CURVE ( 'NONE', #4418, #10408, #3302, .T. ) ;
#11126 = AXIS2_PLACEMENT_3D ( 'NONE', #8710, #10742, #6038 ) ;
#11127 = EDGE_CURVE ( 'NONE', #4188, #316, #5264, .T. ) ;
#11128 = DIRECTION ( 'NONE',  ( 0.000000000000000000, 1.000000000000000000, 0.000000000000000000 ) ) ;
#11129 = CARTESIAN_POINT ( 'NONE',  ( 31.50000000000000711, 11.00000000000000000, -30.99999999999996803 ) ) ;
#11130 = VERTEX_POINT ( 'NONE', #3362 ) ;
#11131 = AXIS2_PLACEMENT_3D ( 'NONE', #5080, #7216, #7926 ) ;
#11132 = DIRECTION ( 'NONE',  ( 4.818676322157797621E-17, 0.000000000000000000, 1.000000000000000000 ) ) ;
#11133 = AXIS2_PLACEMENT_3D ( 'NONE', #4298, #376, #4236 ) ;
#11134 = ORIENTED_EDGE ( 'NONE', *, *, #4735, .F. ) ;
#11135 = ORIENTED_EDGE ( 'NONE', *, *, #3398, .T. ) ;
#11136 = DIRECTION ( 'NONE',  ( -0.000000000000000000, -1.000000000000000000, -0.000000000000000000 ) ) ;
#11137 = DIRECTION ( 'NONE',  ( -0.000000000000000000, -1.000000000000000000, -0.000000000000000000 ) ) ;
#11138 = ORIENTED_EDGE ( 'NONE', *, *, #2549, .T. ) ;
#11139 = EDGE_LOOP ( 'NONE', ( #1519, #8674 ) ) ;
#11140 = FACE_OUTER_BOUND ( 'NONE', #11381, .T. ) ;
#11141 = CIRCLE ( 'NONE', #3854, 1.000000000000000888 ) ;
#11142 = DIRECTION ( 'NONE',  ( -0.000000000000000000, -1.000000000000000000, -0.000000000000000000 ) ) ;
#11143 = AXIS2_PLACEMENT_3D ( 'NONE', #10685, #9924, #6809 ) ;
#11144 = AXIS2_PLACEMENT_3D ( 'NONE', #1489, #4204, #4329 ) ;
#11145 = EDGE_CURVE ( 'NONE', #6040, #2373, #4428, .T. ) ;
#11146 = ORIENTED_EDGE ( 'NONE', *, *, #1509, .T. ) ;
#11147 = ORIENTED_EDGE ( 'NONE', *, *, #2153, .T. ) ;
#11148 = VERTEX_POINT ( 'NONE', #2661 ) ;
#11149 = DIRECTION ( 'NONE',  ( 0.000000000000000000, 1.000000000000000000, 0.000000000000000000 ) ) ;
#11150 = DIRECTION ( 'NONE',  ( 2.478176394252579760E-15, 0.000000000000000000, 1.000000000000000000 ) ) ;
#11151 = CIRCLE ( 'NONE', #8723, 1.000000000000000888 ) ;
#11152 = FACE_OUTER_BOUND ( 'NONE', #9173, .T. ) ;
#11153 = VECTOR ( 'NONE', #3060, 1000.000000000000000 ) ;
#11154 = EDGE_LOOP ( 'NONE', ( #8400, #2949, #2463, #12219 ) ) ;
#11155 = CARTESIAN_POINT ( 'NONE',  ( 72.49999999999990052, 11.00000000000000000, -34.49999999999998579 ) ) ;
#11156 = FACE_BOUND ( 'NONE', #12494, .T. ) ;
#11157 = CARTESIAN_POINT ( 'NONE',  ( 54.00000000000000000, 11.00000000000000000, -32.14999999999999858 ) ) ;
#11158 = ADVANCED_FACE ( 'NONE', ( #9385 ), #3804, .T. ) ;
#11159 = AXIS2_PLACEMENT_3D ( 'NONE', #36, #10798, #1986 ) ;
#11160 = AXIS2_PLACEMENT_3D ( 'NONE', #6783, #2102, #9712 ) ;
#11161 = AXIS2_PLACEMENT_3D ( 'NONE', #7416, #4698, #11290 ) ;
#11162 = VERTEX_POINT ( 'NONE', #8619 ) ;
#11163 = DIRECTION ( 'NONE',  ( 0.000000000000000000, 1.000000000000000000, 0.000000000000000000 ) ) ;
#11164 = EDGE_CURVE ( 'NONE', #6639, #1999, #11917, .T. ) ;
#11165 = DIRECTION ( 'NONE',  ( -0.000000000000000000, -1.000000000000000000, -0.000000000000000000 ) ) ;
#11166 = VERTEX_POINT ( 'NONE', #650 ) ;
#11167 = EDGE_LOOP ( 'NONE', ( #4771, #5099 ) ) ;
#11168 = CARTESIAN_POINT ( 'NONE',  ( 63.50000000000002842, 2.000000000000000000, -7.499999999999936939 ) ) ;
#11169 = CARTESIAN_POINT ( 'NONE',  ( 6.500000000000005329, 11.00000000000000000, -4.000000000000000000 ) ) ;
#11170 = CARTESIAN_POINT ( 'NONE',  ( 30.50000000000000355, 2.000000000000000000, -10.85512985522205121 ) ) ;
#11171 = LINE ( 'NONE', #9132, #10067 ) ;
#11172 = ORIENTED_EDGE ( 'NONE', *, *, #383, .T. ) ;
#11173 = EDGE_CURVE ( 'NONE', #7636, #2939, #7260, .T. ) ;
#11174 = CARTESIAN_POINT ( 'NONE',  ( 44.50000000000000000, 11.00000000000000000, -28.99999999999994316 ) ) ;
#11175 = EDGE_CURVE ( 'NONE', #10264, #12324, #4840, .T. ) ;
#11176 = DIRECTION ( 'NONE',  ( 1.387778780781441100E-14, 0.000000000000000000, 1.000000000000000000 ) ) ;
#11177 = DIRECTION ( 'NONE',  ( -0.000000000000000000, 1.000000000000000000, -0.000000000000000000 ) ) ;
#11178 = EDGE_CURVE ( 'NONE', #67, #7772, #10103, .T. ) ;
#11179 = DIRECTION ( 'NONE',  ( 0.000000000000000000, 0.000000000000000000, -1.000000000000000000 ) ) ;
#11180 = DIRECTION ( 'NONE',  ( 0.000000000000000000, 0.000000000000000000, 1.000000000000000000 ) ) ;
#11181 = EDGE_LOOP ( 'NONE', ( #1248, #2279, #1739, #9852 ) ) ;
#11182 = CARTESIAN_POINT ( 'NONE',  ( 67.99999999999997158, 11.00000000000000000, -16.49999999999996447 ) ) ;
#11183 = DIRECTION ( 'NONE',  ( -0.000000000000000000, -0.000000000000000000, 1.000000000000000000 ) ) ;
#11184 = CARTESIAN_POINT ( 'NONE',  ( 7.499999999999958256, 11.00000000000000000, -30.99999999999989342 ) ) ;
#11185 = EDGE_LOOP ( 'NONE', ( #6061, #423, #4941, #7909 ) ) ;
#11186 = LINE ( 'NONE', #7114, #10929 ) ;
#11187 = EDGE_LOOP ( 'NONE', ( #9566, #4779, #11444, #6043 ) ) ;
#11188 = CARTESIAN_POINT ( 'NONE',  ( 42.35613998199880825, 9.799999999999998934, -46.19999999999999574 ) ) ;
#11189 = EDGE_CURVE ( 'NONE', #5511, #11883, #6247, .T. ) ;
#11190 = PLANE ( 'NONE',  #10060 ) ;
#11191 = LINE ( 'NONE', #2490, #2201 ) ;
#11192 = DIRECTION ( 'NONE',  ( 0.000000000000000000, 0.000000000000000000, 1.000000000000000000 ) ) ;
#11193 = ORIENTED_EDGE ( 'NONE', *, *, #778, .F. ) ;
#11194 = ORIENTED_EDGE ( 'NONE', *, *, #10369, .T. ) ;
#11195 = ORIENTED_EDGE ( 'NONE', *, *, #1465, .T. ) ;
#11196 = CYLINDRICAL_SURFACE ( 'NONE', #1401, 0.9999999999999974465 ) ;
#11197 = CARTESIAN_POINT ( 'NONE',  ( 48.49999999999999289, 11.00000000000000000, -11.99999999999993072 ) ) ;
#11198 = VERTEX_POINT ( 'NONE', #8554 ) ;
#11199 = VERTEX_POINT ( 'NONE', #8497 ) ;
#11200 = CARTESIAN_POINT ( 'NONE',  ( 6.500000000000005329, 11.00000000000000000, -6.500000000000000888 ) ) ;
#11201 = AXIS2_PLACEMENT_3D ( 'NONE', #8937, #2267, #4234 ) ;
#11202 = EDGE_CURVE ( 'NONE', #2070, #7322, #7056, .T. ) ;
#11203 = DIRECTION ( 'NONE',  ( 0.000000000000000000, -0.000000000000000000, 1.000000000000000000 ) ) ;
#11204 = ORIENTED_EDGE ( 'NONE', *, *, #11850, .T. ) ;
#11205 = ORIENTED_EDGE ( 'NONE', *, *, #11671, .T. ) ;
#11206 = ORIENTED_EDGE ( 'NONE', *, *, #10663, .F. ) ;
#11207 = CARTESIAN_POINT ( 'NONE',  ( 67.99999999999992895, 11.00000000000000000, -29.99999999999995737 ) ) ;
#11208 = DIRECTION ( 'NONE',  ( 1.000000000000000000, 0.000000000000000000, -0.000000000000000000 ) ) ;
#11209 = CARTESIAN_POINT ( 'NONE',  ( 76.00000000000000000, 2.000000000000000000, 0.000000000000000000 ) ) ;
#11210 = ORIENTED_EDGE ( 'NONE', *, *, #12153, .T. ) ;
#11211 = CARTESIAN_POINT ( 'NONE',  ( 26.50000000000000000, 0.000000000000000000, -5.099999999999995204 ) ) ;
#11212 = FACE_BOUND ( 'NONE', #6042, .T. ) ;
#11213 = FACE_OUTER_BOUND ( 'NONE', #10156, .T. ) ;
#11214 = ADVANCED_FACE ( 'NONE', ( #7477 ), #6712, .T. ) ;
#11215 = EDGE_CURVE ( 'NONE', #6623, #6306, #3613, .T. ) ;
#11216 = VECTOR ( 'NONE', #12409, 1000.000000000000000 ) ;
#11217 = ORIENTED_EDGE ( 'NONE', *, *, #2395, .F. ) ;
#11218 = CARTESIAN_POINT ( 'NONE',  ( 48.49999999999999289, 11.00000000000000000, -35.49999999999992895 ) ) ;
#11219 = AXIS2_PLACEMENT_3D ( 'NONE', #9546, #11446, #10490 ) ;
#11220 = VERTEX_POINT ( 'NONE', #7412 ) ;
#11221 = ORIENTED_EDGE ( 'NONE', *, *, #6725, .T. ) ;
#11222 = DIRECTION ( 'NONE',  ( 0.000000000000000000, 0.000000000000000000, 1.000000000000000000 ) ) ;
#11223 = LINE ( 'NONE', #10392, #5318 ) ;
#11224 = EDGE_LOOP ( 'NONE', ( #2776, #11819 ) ) ;
#11225 = CARTESIAN_POINT ( 'NONE',  ( 22.99939033455905601, 9.799999999999998934, 22.99939033455901694 ) ) ;
#11226 = CARTESIAN_POINT ( 'NONE',  ( 72.49999999999995737, 11.00000000000000000, -19.99999999999999645 ) ) ;
#11227 = VERTEX_POINT ( 'NONE', #1782 ) ;
#11228 = LINE ( 'NONE', #1854, #9675 ) ;
#11229 = FACE_OUTER_BOUND ( 'NONE', #9291, .T. ) ;
#11230 = DIRECTION ( 'NONE',  ( 0.000000000000000000, 0.000000000000000000, 1.000000000000000000 ) ) ;
#11231 = EDGE_CURVE ( 'NONE', #3125, #1819, #1001, .T. ) ;
#11232 = AXIS2_PLACEMENT_3D ( 'NONE', #3072, #5098, #237 ) ;
#11233 = CARTESIAN_POINT ( 'NONE',  ( 20.99999999999997158, 11.00000000000000000, -15.49999999999999645 ) ) ;
#11234 = CARTESIAN_POINT ( 'NONE',  ( 61.85512985522206009, 2.000000000000000000, -6.500000000000003553 ) ) ;
#11235 = ORIENTED_EDGE ( 'NONE', *, *, #9533, .F. ) ;
#11236 = FACE_OUTER_BOUND ( 'NONE', #1548, .T. ) ;
#11237 = EDGE_CURVE ( 'NONE', #2100, #3125, #901, .T. ) ;
#11238 = CYLINDRICAL_SURFACE ( 'NONE', #433, 1.000000000000000888 ) ;
#11239 = CARTESIAN_POINT ( 'NONE',  ( 54.36984848098349232, 11.00000000000000000, -5.499999999999992895 ) ) ;
#11240 = CARTESIAN_POINT ( 'NONE',  ( 67.99999999999997158, 11.00000000000000000, -15.49999999999996803 ) ) ;
#11241 = EDGE_LOOP ( 'NONE', ( #1875, #1387 ) ) ;
#11242 = DIRECTION ( 'NONE',  ( 0.000000000000000000, 1.000000000000000000, 0.000000000000000000 ) ) ;
#11243 = ORIENTED_EDGE ( 'NONE', *, *, #11127, .T. ) ;
#11244 = CARTESIAN_POINT ( 'NONE',  ( 53.50000000000000000, 11.00000000000000000, -3.400000000000000355 ) ) ;
#11245 = DIRECTION ( 'NONE',  ( 0.000000000000000000, 1.000000000000000000, -0.000000000000000000 ) ) ;
#11246 = ADVANCED_FACE ( 'NONE', ( #11354 ), #10525, .F. ) ;
#11247 = EDGE_CURVE ( 'NONE', #9727, #3420, #2008, .T. ) ;
#11248 = FACE_OUTER_BOUND ( 'NONE', #1469, .T. ) ;
#11249 = CARTESIAN_POINT ( 'NONE',  ( 52.00000000000000000, 11.00000000000000000, -31.14999999999999858 ) ) ;
#11250 = EDGE_CURVE ( 'NONE', #5642, #6305, #5041, .T. ) ;
#11251 = EDGE_LOOP ( 'NONE', ( #6746, #2504 ) ) ;
#11252 = DIRECTION ( 'NONE',  ( 0.000000000000000000, 0.000000000000000000, 1.000000000000000000 ) ) ;
#11253 = ORIENTED_EDGE ( 'NONE', *, *, #6546, .F. ) ;
#11254 = EDGE_LOOP ( 'NONE', ( #12059, #11952 ) ) ;
#11255 = CARTESIAN_POINT ( 'NONE',  ( 53.50000000000000000, 1.999999999999998224, -43.39999999999999858 ) ) ;
#11256 = CARTESIAN_POINT ( 'NONE',  ( 31.70538416267119786, 11.00000000000000000, -39.97868143219528747 ) ) ;
#11257 = ORIENTED_EDGE ( 'NONE', *, *, #1350, .T. ) ;
#11258 = ORIENTED_EDGE ( 'NONE', *, *, #3588, .T. ) ;
#11259 = DIRECTION ( 'NONE',  ( -0.000000000000000000, -1.000000000000000000, -0.000000000000000000 ) ) ;
#11260 = FACE_OUTER_BOUND ( 'NONE', #4897, .T. ) ;
#11261 = VECTOR ( 'NONE', #2777, 1000.000000000000000 ) ;
#11262 = EDGE_CURVE ( 'NONE', #9354, #5625, #12484, .T. ) ;
#11263 = AXIS2_PLACEMENT_3D ( 'NONE', #6722, #9646, #7986 ) ;
#11264 = EDGE_CURVE ( 'NONE', #4231, #3438, #9572, .T. ) ;
#11265 = ORIENTED_EDGE ( 'NONE', *, *, #3351, .F. ) ;
#11266 = EDGE_LOOP ( 'NONE', ( #8228, #11368, #9164, #8336 ) ) ;
#11267 = ORIENTED_EDGE ( 'NONE', *, *, #8516, .T. ) ;
#11268 = LINE ( 'NONE', #4419, #2376 ) ;
#11269 = FACE_OUTER_BOUND ( 'NONE', #11804, .T. ) ;
#11270 = CARTESIAN_POINT ( 'NONE',  ( -7.534230757946416405E-17, 9.799999999999998934, -0.9999999999999991118 ) ) ;
#11271 = ORIENTED_EDGE ( 'NONE', *, *, #11145, .F. ) ;
#11272 = DIRECTION ( 'NONE',  ( -0.000000000000000000, 1.000000000000000000, -0.000000000000000000 ) ) ;
#11273 = CYLINDRICAL_SURFACE ( 'NONE', #3750, 1.000000000000000888 ) ;
#11274 = CARTESIAN_POINT ( 'NONE',  ( 72.49999999999991473, 11.00000000000000000, -29.99999999999998934 ) ) ;
#11275 = EDGE_CURVE ( 'NONE', #10484, #1835, #6048, .T. ) ;
#11276 = EDGE_LOOP ( 'NONE', ( #7530, #12162, #1323, #12196 ) ) ;
#11277 = DIRECTION ( 'NONE',  ( 0.000000000000000000, 1.000000000000000000, 0.000000000000000000 ) ) ;
#11278 = EDGE_CURVE ( 'NONE', #3143, #11658, #6015, .T. ) ;
#11279 = CIRCLE ( 'NONE', #8845, 3.000000000000023537 ) ;
#11280 = ORIENTED_EDGE ( 'NONE', *, *, #6739, .T. ) ;
#11281 = VERTEX_POINT ( 'NONE', #1907 ) ;
#11282 = DIRECTION ( 'NONE',  ( -0.000000000000000000, -1.000000000000000000, -0.000000000000000000 ) ) ;
#11283 = CARTESIAN_POINT ( 'NONE',  ( 72.49999999999998579, 2.000000000000000000, -12.99999999999999467 ) ) ;
#11284 = LINE ( 'NONE', #6328, #11564 ) ;
#11285 = EDGE_LOOP ( 'NONE', ( #5126, #2556, #1836, #8265 ) ) ;
#11286 = DIRECTION ( 'NONE',  ( 0.000000000000000000, 1.000000000000000000, 0.000000000000000000 ) ) ;
#11287 = CARTESIAN_POINT ( 'NONE',  ( 5.443227718325019282, 9.799999999999998934, -49.20000000000000284 ) ) ;
#11288 = EDGE_LOOP ( 'NONE', ( #3696, #8496, #8888, #6312 ) ) ;
#11289 = DIRECTION ( 'NONE',  ( -0.7071067811865474617, 0.000000000000000000, -0.7071067811865474617 ) ) ;
#11290 = DIRECTION ( 'NONE',  ( 0.000000000000000000, -0.000000000000000000, 1.000000000000000000 ) ) ;
#11291 = PLANE ( 'NONE',  #7590 ) ;
#11292 = CARTESIAN_POINT ( 'NONE',  ( 63.50000000000000000, 2.000000000000000000, -11.99999999999993427 ) ) ;
#11293 = DIRECTION ( 'NONE',  ( 1.000000000000000000, 0.000000000000000000, -3.352801296326884019E-17 ) ) ;
#11294 = ORIENTED_EDGE ( 'NONE', *, *, #1238, .F. ) ;
#11295 = PLANE ( 'NONE',  #9648 ) ;
#11296 = AXIS2_PLACEMENT_3D ( 'NONE', #6277, #5390, #10079 ) ;
#11297 = CARTESIAN_POINT ( 'NONE',  ( 11.99999999999996270, 11.00000000000000000, -26.49999999999992539 ) ) ;
#11298 = AXIS2_PLACEMENT_3D ( 'NONE', #9672, #1132, #7708 ) ;
#11299 = VECTOR ( 'NONE', #502, 1000.000000000000000 ) ;
#11300 = ORIENTED_EDGE ( 'NONE', *, *, #9315, .F. ) ;
#11301 = DIRECTION ( 'NONE',  ( 0.000000000000000000, 1.000000000000000000, 0.000000000000000000 ) ) ;
#11302 = EDGE_LOOP ( 'NONE', ( #5134, #8388 ) ) ;
#11303 = DIRECTION ( 'NONE',  ( 0.7071067811865474617, 0.000000000000000000, 0.7071067811865474617 ) ) ;
#11304 = ORIENTED_EDGE ( 'NONE', *, *, #3309, .F. ) ;
#11305 = DIRECTION ( 'NONE',  ( 0.000000000000000000, 1.000000000000000000, 0.000000000000000000 ) ) ;
#11306 = ADVANCED_FACE ( 'NONE', ( #10714 ), #3933, .T. ) ;
#11307 = CARTESIAN_POINT ( 'NONE',  ( 72.49999999999994316, 11.00000000000000000, -25.49999999999999289 ) ) ;
#11308 = AXIS2_PLACEMENT_3D ( 'NONE', #7731, #10646, #14 ) ;
#11309 = CIRCLE ( 'NONE', #4017, 6.100000000000028955 ) ;
#11310 = CARTESIAN_POINT ( 'NONE',  ( 11.99999999999994849, 2.000000000000000000, -29.99999999999992539 ) ) ;
#11311 = CARTESIAN_POINT ( 'NONE',  ( 63.49999999999998579, 11.00000000000000000, -16.49999999999993250 ) ) ;
#11312 = DIRECTION ( 'NONE',  ( 0.000000000000000000, 1.000000000000000000, 0.000000000000000000 ) ) ;
#11313 = ORIENTED_EDGE ( 'NONE', *, *, #4190, .T. ) ;
#11314 = DIRECTION ( 'NONE',  ( -0.000000000000000000, 1.000000000000000000, -0.000000000000000000 ) ) ;
#11315 = EDGE_CURVE ( 'NONE', #2141, #7985, #4819, .T. ) ;
#11316 = ORIENTED_EDGE ( 'NONE', *, *, #7060, .T. ) ;
#11317 = AXIS2_PLACEMENT_3D ( 'NONE', #10605, #159, #9654 ) ;
#11318 = ORIENTED_EDGE ( 'NONE', *, *, #8995, .F. ) ;
#11319 = DIRECTION ( 'NONE',  ( -0.000000000000000000, 1.000000000000000000, -0.000000000000000000 ) ) ;
#11320 = LINE ( 'NONE', #1692, #6859 ) ;
#11321 = CIRCLE ( 'NONE', #8685, 0.9999999999999974465 ) ;
#11322 = VECTOR ( 'NONE', #12102, 1000.000000000000000 ) ;
#11323 = ORIENTED_EDGE ( 'NONE', *, *, #5743, .F. ) ;
#11324 = ORIENTED_EDGE ( 'NONE', *, *, #3965, .F. ) ;
#11325 = AXIS2_PLACEMENT_3D ( 'NONE', #3390, #2371, #12069 ) ;
#11326 = LINE ( 'NONE', #8458, #4135 ) ;
#11327 = ADVANCED_FACE ( 'NONE', ( #9826 ), #8681, .T. ) ;
#11328 = DIRECTION ( 'NONE',  ( -0.000000000000000000, 1.000000000000000000, -0.000000000000000000 ) ) ;
#11329 = ADVANCED_FACE ( 'NONE', ( #7920 ), #7972, .T. ) ;
#11330 = CIRCLE ( 'NONE', #8893, 0.9999999999999974465 ) ;
#11331 = AXIS2_PLACEMENT_3D ( 'NONE', #904, #11729, #11667 ) ;
#11332 = EDGE_LOOP ( 'NONE', ( #8061, #4663 ) ) ;
#11333 = ORIENTED_EDGE ( 'NONE', *, *, #7552, .F. ) ;
#11334 = ORIENTED_EDGE ( 'NONE', *, *, #7975, .F. ) ;
#11335 = CARTESIAN_POINT ( 'NONE',  ( 55.52132034355962276, 9.799999999999998934, -5.479898987322342485 ) ) ;
#11336 = CARTESIAN_POINT ( 'NONE',  ( 53.00000000000000000, 11.00000000000000000, -31.14999999999999858 ) ) ;
#11337 = DIRECTION ( 'NONE',  ( -0.000000000000000000, 1.000000000000000000, -0.000000000000000000 ) ) ;
#11338 = ORIENTED_EDGE ( 'NONE', *, *, #9068, .T. ) ;
#11339 = LINE ( 'NONE', #756, #5654 ) ;
#11340 = CARTESIAN_POINT ( 'NONE',  ( 0.9999999999999870104, 11.00000000000000000, -2.762250190341694227E-14 ) ) ;
#11341 = CARTESIAN_POINT ( 'NONE',  ( 11.99999999999997513, 11.00000000000000000, -20.99999999999993250 ) ) ;
#11342 = CIRCLE ( 'NONE', #832, 1.699999999999993072 ) ;
#11343 = EDGE_CURVE ( 'NONE', #2253, #2305, #1411, .T. ) ;
#11344 = ORIENTED_EDGE ( 'NONE', *, *, #6212, .F. ) ;
#11345 = CIRCLE ( 'NONE', #11948, 2.799999999999997158 ) ;
#11346 = CARTESIAN_POINT ( 'NONE',  ( 59.00000000000001421, 2.000000000000000000, -12.99999999999990052 ) ) ;
#11347 = CIRCLE ( 'NONE', #2042, 0.9999999999999974465 ) ;
#11348 = ORIENTED_EDGE ( 'NONE', *, *, #972, .T. ) ;
#11349 = ORIENTED_EDGE ( 'NONE', *, *, #192, .F. ) ;
#11350 = FACE_OUTER_BOUND ( 'NONE', #9956, .T. ) ;
#11351 = FACE_OUTER_BOUND ( 'NONE', #2308, .T. ) ;
#11352 = DIRECTION ( 'NONE',  ( -0.000000000000000000, -1.000000000000000000, -0.000000000000000000 ) ) ;
#11353 = ORIENTED_EDGE ( 'NONE', *, *, #3435, .F. ) ;
#11354 = FACE_OUTER_BOUND ( 'NONE', #7808, .T. ) ;
#11355 = CARTESIAN_POINT ( 'NONE',  ( 72.89939033455932815, 11.00000000000000000, 7.100609665440744678 ) ) ;
#11356 = DIRECTION ( 'NONE',  ( 0.000000000000000000, -1.000000000000000000, 0.000000000000000000 ) ) ;
#11357 = EDGE_CURVE ( 'NONE', #7579, #9794, #9696, .T. ) ;
#11358 = VECTOR ( 'NONE', #5527, 1000.000000000000000 ) ;
#11359 = CC_DESIGN_APPROVAL ( #6574, ( #4269 ) ) ;
#11360 = DIRECTION ( 'NONE',  ( 0.000000000000000000, 1.000000000000000000, 0.000000000000000000 ) ) ;
#11361 = CARTESIAN_POINT ( 'NONE',  ( 72.49999999999997158, 11.00000000000000000, -16.49999999999999289 ) ) ;
#11362 = VERTEX_POINT ( 'NONE', #10587 ) ;
#11363 = CARTESIAN_POINT ( 'NONE',  ( 58.99999999999997158, 2.000000000000000000, -25.49999999999989697 ) ) ;
#11364 = AXIS2_PLACEMENT_3D ( 'NONE', #12101, #1472, #8169 ) ;
#11365 = CARTESIAN_POINT ( 'NONE',  ( -1.927470528863119049E-16, 2.000000000000000000, -4.000000000000000000 ) ) ;
#11366 = ORIENTED_EDGE ( 'NONE', *, *, #2167, .T. ) ;
#11367 = DIRECTION ( 'NONE',  ( -0.7071067811865513475, 0.000000000000000000, 0.7071067811865435759 ) ) ;
#11368 = ORIENTED_EDGE ( 'NONE', *, *, #8148, .T. ) ;
#11369 = DIRECTION ( 'NONE',  ( 0.000000000000000000, -0.000000000000000000, 1.000000000000000000 ) ) ;
#11370 = VERTEX_POINT ( 'NONE', #2148 ) ;
#11371 = DIRECTION ( 'NONE',  ( 0.000000000000000000, 0.000000000000000000, 1.000000000000000000 ) ) ;
#11372 = ADVANCED_FACE ( 'NONE', ( #7788 ), #12, .F. ) ;
#11373 = CARTESIAN_POINT ( 'NONE',  ( 67.99999999999991473, 11.00000000000000000, -34.49999999999996447 ) ) ;
#11374 = CARTESIAN_POINT ( 'NONE',  ( 16.49999999999995381, 11.00000000000000000, -25.49999999999996092 ) ) ;
#11375 = CARTESIAN_POINT ( 'NONE',  ( 18.75648667122642976, 9.799999999999998934, -1.000059507428522121 ) ) ;
#11376 = LINE ( 'NONE', #5603, #6893 ) ;
#11377 = ORIENTED_EDGE ( 'NONE', *, *, #1883, .F. ) ;
#11378 = VERTEX_POINT ( 'NONE', #7729 ) ;
#11379 = CARTESIAN_POINT ( 'NONE',  ( 31.50000000000000711, 11.00000000000000000, -34.49999999999997158 ) ) ;
#11380 = LINE ( 'NONE', #4402, #9500 ) ;
#11381 = EDGE_LOOP ( 'NONE', ( #2557, #9100, #3882, #6392 ) ) ;
#11382 = ORIENTED_EDGE ( 'NONE', *, *, #685, .T. ) ;
#11383 = CARTESIAN_POINT ( 'NONE',  ( 26.54142135623725451, 11.00000000000000000, -43.30000000000000426 ) ) ;
#11384 = DIRECTION ( 'NONE',  ( 0.000000000000000000, 0.000000000000000000, 1.000000000000000000 ) ) ;
#11385 = EDGE_CURVE ( 'NONE', #10408, #2368, #2022, .T. ) ;
#11386 = EDGE_CURVE ( 'NONE', #6174, #8211, #8872, .T. ) ;
#11387 = ORIENTED_EDGE ( 'NONE', *, *, #10272, .T. ) ;
#11388 = ADVANCED_FACE ( 'NONE', ( #10778 ), #1216, .T. ) ;
#11389 = CARTESIAN_POINT ( 'NONE',  ( 74.79999999999998295, 11.00000000000000000, -5.200000000000043698 ) ) ;
#11390 = EDGE_LOOP ( 'NONE', ( #2264, #4865 ) ) ;
#11391 = VERTEX_POINT ( 'NONE', #8744 ) ;
#11392 = DIRECTION ( 'NONE',  ( 0.000000000000000000, 1.000000000000000000, 0.000000000000000000 ) ) ;
#11393 = DIRECTION ( 'NONE',  ( 0.000000000000000000, 0.000000000000000000, 1.000000000000000000 ) ) ;
#11394 = AXIS2_PLACEMENT_3D ( 'NONE', #2522, #8352, #3744 ) ;
#11395 = EDGE_CURVE ( 'NONE', #1376, #5044, #6455, .T. ) ;
#11396 = CYLINDRICAL_SURFACE ( 'NONE', #6331, 0.9999999999999974465 ) ;
#11397 = ORIENTED_EDGE ( 'NONE', *, *, #7181, .F. ) ;
#11398 = CARTESIAN_POINT ( 'NONE',  ( 72.49999999999997158, 2.000000000000000000, -16.49999999999999289 ) ) ;
#11399 = FACE_OUTER_BOUND ( 'NONE', #2016, .T. ) ;
#11400 = CARTESIAN_POINT ( 'NONE',  ( 61.85512985522206009, 2.000000000000000000, -4.000000000000002665 ) ) ;
#11401 = ORIENTED_EDGE ( 'NONE', *, *, #10730, .F. ) ;
#11402 = EDGE_CURVE ( 'NONE', #5617, #10636, #9511, .T. ) ;
#11403 = VECTOR ( 'NONE', #2921, 1000.000000000000000 ) ;
#11404 = DIRECTION ( 'NONE',  ( 0.000000000000000000, 0.000000000000000000, 1.000000000000000000 ) ) ;
#11405 = ORIENTED_EDGE ( 'NONE', *, *, #3116, .T. ) ;
#11406 = ORIENTED_EDGE ( 'NONE', *, *, #11864, .F. ) ;
#11407 = CARTESIAN_POINT ( 'NONE',  ( 16.49999999999995381, 2.000000000000000000, -26.49999999999995737 ) ) ;
#11408 = DIRECTION ( 'NONE',  ( 0.000000000000000000, 1.000000000000000000, 0.000000000000000000 ) ) ;
#11409 = EDGE_CURVE ( 'NONE', #12057, #886, #2036, .T. ) ;
#11410 = FACE_OUTER_BOUND ( 'NONE', #8833, .T. ) ;
#11411 = VERTEX_POINT ( 'NONE', #7852 ) ;
#11412 = CARTESIAN_POINT ( 'NONE',  ( 11.99999999999996270, 2.000000000000000000, -25.49999999999992895 ) ) ;
#11413 = DIRECTION ( 'NONE',  ( 0.000000000000000000, 0.000000000000000000, 1.000000000000000000 ) ) ;
#11414 = CIRCLE ( 'NONE', #7962, 2.499999999999999556 ) ;
#11415 = CARTESIAN_POINT ( 'NONE',  ( 9.363351365238019142, -21.88036781070453785, 9.363351365237997825 ) ) ;
#11416 = DIRECTION ( 'NONE',  ( 0.000000000000000000, 0.000000000000000000, -1.000000000000000000 ) ) ;
#11417 = VECTOR ( 'NONE', #536, 1000.000000000000000 ) ;
#11418 = DIRECTION ( 'NONE',  ( 0.000000000000000000, 0.000000000000000000, 1.000000000000000000 ) ) ;
#11419 = CARTESIAN_POINT ( 'NONE',  ( 74.55677228167498072, 11.00000000000000000, -44.75291287251024386 ) ) ;
#11420 = EDGE_LOOP ( 'NONE', ( #3579, #11265 ) ) ;
#11421 = DIRECTION ( 'NONE',  ( -0.000000000000000000, -1.000000000000000000, -0.000000000000000000 ) ) ;
#11422 = ADVANCED_FACE ( 'NONE', ( #3044 ), #6901, .F. ) ;
#11423 = CARTESIAN_POINT ( 'NONE',  ( 63.49999999999995737, 11.00000000000000000, -24.49999999999993250 ) ) ;
#11424 = VERTEX_POINT ( 'NONE', #2388 ) ;
#11425 = FACE_OUTER_BOUND ( 'NONE', #11518, .T. ) ;
#11426 = ORIENTED_EDGE ( 'NONE', *, *, #441, .T. ) ;
#11427 = CARTESIAN_POINT ( 'NONE',  ( 11.99999999999996270, 11.00000000000000000, -25.49999999999992895 ) ) ;
#11428 = ORIENTED_EDGE ( 'NONE', *, *, #226, .T. ) ;
#11429 = DIRECTION ( 'NONE',  ( 0.000000000000000000, 1.000000000000000000, 0.000000000000000000 ) ) ;
#11430 = AXIS2_PLACEMENT_3D ( 'NONE', #8125, #7365, #8312 ) ;
#11431 = LINE ( 'NONE', #1682, #5817 ) ;
#11432 = VECTOR ( 'NONE', #4318, 1000.000000000000000 ) ;
#11433 = PLANE ( 'NONE',  #9904 ) ;
#11434 = VECTOR ( 'NONE', #2079, 1000.000000000000000 ) ;
#11435 = CARTESIAN_POINT ( 'NONE',  ( 44.50000000000000000, 11.00000000000000000, -16.49999999999994316 ) ) ;
#11436 = ADVANCED_FACE ( 'NONE', ( #8217 ), #11903, .T. ) ;
#11437 = VERTEX_POINT ( 'NONE', #1520 ) ;
#11438 = EDGE_CURVE ( 'NONE', #5397, #4182, #5047, .T. ) ;
#11439 = CARTESIAN_POINT ( 'NONE',  ( 16.49999999999993960, 2.000000000000000000, -30.99999999999995381 ) ) ;
#11440 = ORIENTED_EDGE ( 'NONE', *, *, #5841, .T. ) ;
#11441 = EDGE_LOOP ( 'NONE', ( #8014, #11138, #822, #2609 ) ) ;
#11442 = CARTESIAN_POINT ( 'NONE',  ( 35.49999999999999289, 2.000000000000000000, -6.499999999999965361 ) ) ;
#11443 = DIRECTION ( 'NONE',  ( 0.000000000000000000, 0.000000000000000000, -1.000000000000000000 ) ) ;
#11444 = ORIENTED_EDGE ( 'NONE', *, *, #3743, .T. ) ;
#11445 = ORIENTED_EDGE ( 'NONE', *, *, #599, .F. ) ;
#11446 = DIRECTION ( 'NONE',  ( -0.000000000000000000, -1.000000000000000000, -0.000000000000000000 ) ) ;
#11447 = CARTESIAN_POINT ( 'NONE',  ( 51.47867965644046961, 11.00000000000000000, -41.32010101267767510 ) ) ;
#11448 = ORIENTED_EDGE ( 'NONE', *, *, #5393, .T. ) ;
#11449 = DIRECTION ( 'NONE',  ( 0.000000000000000000, -0.000000000000000000, 1.000000000000000000 ) ) ;
#11450 = CIRCLE ( 'NONE', #8608, 3.000000000000023537 ) ;
#11451 = ORIENTED_EDGE ( 'NONE', *, *, #4879, .F. ) ;
#11452 = EDGE_LOOP ( 'NONE', ( #4870, #9589, #2451, #3538 ) ) ;
#11453 = FACE_OUTER_BOUND ( 'NONE', #10329, .T. ) ;
#11454 = CARTESIAN_POINT ( 'NONE',  ( 44.50000000000000000, 11.00000000000000000, -25.49999999999993960 ) ) ;
#11455 = DIRECTION ( 'NONE',  ( 0.000000000000000000, 0.000000000000000000, -1.000000000000000000 ) ) ;
#11456 = VERTEX_POINT ( 'NONE', #12154 ) ;
#11457 = EDGE_CURVE ( 'NONE', #1306, #8252, #3409, .T. ) ;
#11458 = DIRECTION ( 'NONE',  ( -0.7071067811865467956, 0.000000000000000000, -0.7071067811865483499 ) ) ;
#11459 = LINE ( 'NONE', #9621, #6355 ) ;
#11460 = CIRCLE ( 'NONE', #1349, 0.9999999999999974465 ) ;
#11461 = EDGE_CURVE ( 'NONE', #10053, #2569, #9300, .T. ) ;
#11462 = EDGE_LOOP ( 'NONE', ( #3503, #5497, #11499, #766 ) ) ;
#11463 = CARTESIAN_POINT ( 'NONE',  ( 4.000000000000006217, 2.000000000000000000, -4.956352788505171156E-16 ) ) ;
#11464 = ORIENTED_EDGE ( 'NONE', *, *, #2994, .T. ) ;
#11465 = ORIENTED_EDGE ( 'NONE', *, *, #7010, .F. ) ;
#11466 = CARTESIAN_POINT ( 'NONE',  ( 12.00000000000003197, 2.000000000000000000, -7.499999999999936939 ) ) ;
#11467 = DIRECTION ( 'NONE',  ( 0.000000000000000000, 0.000000000000000000, -1.000000000000000000 ) ) ;
#11468 = CARTESIAN_POINT ( 'NONE',  ( 79.00000000000001421, 11.00000000000000000, -5.200000000000043698 ) ) ;
#11469 = EDGE_LOOP ( 'NONE', ( #10631, #4160 ) ) ;
#11470 = EDGE_CURVE ( 'NONE', #12320, #4585, #3639, .T. ) ;
#11471 = CIRCLE ( 'NONE', #544, 2.499999999999999556 ) ;
#11472 = DIRECTION ( 'NONE',  ( 0.000000000000000000, 1.000000000000000000, -0.000000000000000000 ) ) ;
#11473 = CARTESIAN_POINT ( 'NONE',  ( 44.50000000000000000, 2.000000000000000000, -35.49999999999993605 ) ) ;
#11474 = CARTESIAN_POINT ( 'NONE',  ( -1.927470528863119049E-16, 2.000000000000000000, -4.000000000000000000 ) ) ;
#11475 = DIRECTION ( 'NONE',  ( 0.000000000000000000, 0.000000000000000000, 1.000000000000000000 ) ) ;
#11476 = EDGE_CURVE ( 'NONE', #4576, #11062, #6077, .T. ) ;
#11477 = EDGE_CURVE ( 'NONE', #1594, #6347, #7020, .T. ) ;
#11478 = VECTOR ( 'NONE', #2809, 1000.000000000000000 ) ;
#11479 = CARTESIAN_POINT ( 'NONE',  ( 52.00000000000000000, 2.000000000000000000, -32.14999999999999858 ) ) ;
#11480 = DIRECTION ( 'NONE',  ( 0.000000000000000000, 1.000000000000000000, 0.000000000000000000 ) ) ;
#11481 = ORIENTED_EDGE ( 'NONE', *, *, #2405, .F. ) ;
#11482 = DIRECTION ( 'NONE',  ( 0.000000000000000000, 1.000000000000000000, -0.000000000000000000 ) ) ;
#11483 = FACE_OUTER_BOUND ( 'NONE', #2560, .T. ) ;
#11484 = EDGE_LOOP ( 'NONE', ( #8013, #1943, #10361, #6529 ) ) ;
#11485 = CARTESIAN_POINT ( 'NONE',  ( 35.49999999999999289, 11.00000000000000000, -38.99999999999996447 ) ) ;
#11486 = DIRECTION ( 'NONE',  ( -0.7071067811865475727, 0.000000000000000000, 0.7071067811865475727 ) ) ;
#11487 = ORIENTED_EDGE ( 'NONE', *, *, #2025, .T. ) ;
#11488 = DIRECTION ( 'NONE',  ( -0.000000000000000000, -1.000000000000000000, -0.000000000000000000 ) ) ;
#11489 = AXIS2_PLACEMENT_3D ( 'NONE', #1848, #898, #4751 ) ;
#11490 = DIRECTION ( 'NONE',  ( 0.000000000000000000, 0.000000000000000000, 1.000000000000000000 ) ) ;
#11491 = EDGE_CURVE ( 'NONE', #5801, #4274, #10962, .T. ) ;
#11492 = CIRCLE ( 'NONE', #10882, 0.9999999999999974465 ) ;
#11493 = CIRCLE ( 'NONE', #1586, 2.500000000000002220 ) ;
#11494 = CIRCLE ( 'NONE', #8049, 0.9999999999999983347 ) ;
#11495 = DIRECTION ( 'NONE',  ( -0.000000000000000000, -1.000000000000000000, -0.000000000000000000 ) ) ;
#11496 = DIRECTION ( 'NONE',  ( 0.000000000000000000, 1.000000000000000000, 0.000000000000000000 ) ) ;
#11497 = ORIENTED_EDGE ( 'NONE', *, *, #5048, .T. ) ;
#11498 = DIRECTION ( 'NONE',  ( 0.7071067811865513475, 0.000000000000000000, 0.7071067811865435759 ) ) ;
#11499 = ORIENTED_EDGE ( 'NONE', *, *, #9146, .T. ) ;
#11500 = ORIENTED_EDGE ( 'NONE', *, *, #4769, .T. ) ;
#11501 = DIRECTION ( 'NONE',  ( -0.000000000000000000, -0.000000000000000000, 1.000000000000000000 ) ) ;
#11502 = ORIENTED_EDGE ( 'NONE', *, *, #4429, .F. ) ;
#11503 = VERTEX_POINT ( 'NONE', #8101 ) ;
#11504 = DIRECTION ( 'NONE',  ( 0.000000000000000000, 0.000000000000000000, -1.000000000000000000 ) ) ;
#11505 = CYLINDRICAL_SURFACE ( 'NONE', #1965, 1.000000000000000888 ) ;
#11506 = AXIS2_PLACEMENT_3D ( 'NONE', #11830, #4284, #7003 ) ;
#11507 = AXIS2_PLACEMENT_3D ( 'NONE', #184, #6881, #3084 ) ;
#11508 = ADVANCED_FACE ( 'NONE', ( #10191 ), #6257, .T. ) ;
#11509 = ADVANCED_FACE ( 'NONE', ( #9238 ), #11080, .T. ) ;
#11510 = CIRCLE ( 'NONE', #5646, 1.000000000000000888 ) ;
#11511 = ORIENTED_EDGE ( 'NONE', *, *, #5456, .F. ) ;
#11512 = VECTOR ( 'NONE', #2649, 1000.000000000000000 ) ;
#11513 = CARTESIAN_POINT ( 'NONE',  ( 24.99999999999999645, 11.00000000000000000, -32.14999999999999858 ) ) ;
#11514 = AXIS2_PLACEMENT_3D ( 'NONE', #10265, #7155, #10017 ) ;
#11515 = CIRCLE ( 'NONE', #10721, 1.000000000000000888 ) ;
#11516 = AXIS2_PLACEMENT_3D ( 'NONE', #6767, #3037, #1959 ) ;
#11517 = VERTEX_POINT ( 'NONE', #12087 ) ;
#11518 = EDGE_LOOP ( 'NONE', ( #5481, #11770, #3709, #189 ) ) ;
#11519 = DIRECTION ( 'NONE',  ( 0.000000000000000000, 0.000000000000000000, 1.000000000000000000 ) ) ;
#11520 = CARTESIAN_POINT ( 'NONE',  ( 7.499999999999944045, 11.00000000000000000, -35.49999999999989342 ) ) ;
#11521 = LINE ( 'NONE', #1892, #3914 ) ;
#11522 = VERTEX_POINT ( 'NONE', #10004 ) ;
#11523 = ORIENTED_EDGE ( 'NONE', *, *, #4807, .F. ) ;
#11524 = LINE ( 'NONE', #1653, #925 ) ;
#11525 = AXIS2_PLACEMENT_3D ( 'NONE', #1746, #1685, #6545 ) ;
#11526 = DIRECTION ( 'NONE',  ( -0.000000000000000000, -1.000000000000000000, -0.000000000000000000 ) ) ;
#11527 = EDGE_CURVE ( 'NONE', #8798, #3676, #11927, .T. ) ;
#11528 = AXIS2_PLACEMENT_3D ( 'NONE', #10606, #10799, #7750 ) ;
#11529 = AXIS2_PLACEMENT_3D ( 'NONE', #6192, #5250, #4424 ) ;
#11530 = ORIENTED_EDGE ( 'NONE', *, *, #1883, .T. ) ;
#11531 = DIRECTION ( 'NONE',  ( 0.000000000000000000, 0.000000000000000000, 1.000000000000000000 ) ) ;
#11532 = ORIENTED_EDGE ( 'NONE', *, *, #4769, .F. ) ;
#11533 = VERTEX_POINT ( 'NONE', #318 ) ;
#11534 = DIRECTION ( 'NONE',  ( 0.000000000000000000, 0.000000000000000000, 1.000000000000000000 ) ) ;
#11535 = CARTESIAN_POINT ( 'NONE',  ( 48.49999999999999289, 11.00000000000000000, -21.99999999999992539 ) ) ;
#11536 = EDGE_CURVE ( 'NONE', #9620, #9997, #10726, .T. ) ;
#11537 = AXIS2_PLACEMENT_3D ( 'NONE', #3814, #8694, #6844 ) ;
#11538 = DIRECTION ( 'NONE',  ( 0.000000000000000000, 1.000000000000000000, 0.000000000000000000 ) ) ;
#11539 = CIRCLE ( 'NONE', #10739, 2.800000000000003819 ) ;
#11540 = ORIENTED_EDGE ( 'NONE', *, *, #4526, .T. ) ;
#11541 = DIRECTION ( 'NONE',  ( 0.000000000000000000, 0.000000000000000000, 1.000000000000000000 ) ) ;
#11542 = DIRECTION ( 'NONE',  ( 0.000000000000000000, 0.000000000000000000, 1.000000000000000000 ) ) ;
#11543 = CARTESIAN_POINT ( 'NONE',  ( 58.99999999999994316, 2.000000000000000000, -34.49999999999989342 ) ) ;
#11544 =( NAMED_UNIT ( * ) PLANE_ANGLE_UNIT ( ) SI_UNIT ( $, .RADIAN. ) );
#11545 = CIRCLE ( 'NONE', #227, 0.9999999999999974465 ) ;
#11546 = AXIS2_PLACEMENT_3D ( 'NONE', #4632, #10397, #11416 ) ;
#11547 = EDGE_CURVE ( 'NONE', #5874, #5585, #4052, .T. ) ;
#11548 = DIRECTION ( 'NONE',  ( 0.000000000000000000, 0.000000000000000000, 1.000000000000000000 ) ) ;
#11549 = DIRECTION ( 'NONE',  ( -1.000000000000000000, -0.000000000000000000, -0.000000000000000000 ) ) ;
#11550 = ORIENTED_EDGE ( 'NONE', *, *, #539, .F. ) ;
#11551 = EDGE_CURVE ( 'NONE', #6234, #2986, #6133, .T. ) ;
#11552 = CARTESIAN_POINT ( 'NONE',  ( 79.00000000000000000, 9.799999999999998934, -44.89029455227312582 ) ) ;
#11553 = EDGE_CURVE ( 'NONE', #3910, #7193, #12334, .T. ) ;
#11554 = FACE_OUTER_BOUND ( 'NONE', #2958, .T. ) ;
#11555 = ORIENTED_EDGE ( 'NONE', *, *, #11692, .T. ) ;
#11556 = ADVANCED_FACE ( 'NONE', ( #7142 ), #11018, .T. ) ;
#11557 = DIRECTION ( 'NONE',  ( 0.000000000000000000, 0.000000000000000000, 1.000000000000000000 ) ) ;
#11558 = CIRCLE ( 'NONE', #4068, 0.9999999999999983347 ) ;
#11559 = LOCAL_TIME ( 15, 59, 51.00000000000000000, #7732 ) ;
#11560 = PLANE ( 'NONE',  #3042 ) ;
#11561 = ORIENTED_EDGE ( 'NONE', *, *, #3686, .T. ) ;
#11562 = DIRECTION ( 'NONE',  ( 0.000000000000000000, 0.000000000000000000, -1.000000000000000000 ) ) ;
#11563 = CARTESIAN_POINT ( 'NONE',  ( 72.49999999999988631, 11.00000000000000000, -38.99999999999998579 ) ) ;
#11564 = VECTOR ( 'NONE', #6581, 1000.000000000000000 ) ;
#11565 = FACE_OUTER_BOUND ( 'NONE', #2134, .T. ) ;
#11566 = FACE_OUTER_BOUND ( 'NONE', #11302, .T. ) ;
#11567 = FACE_OUTER_BOUND ( 'NONE', #9494, .T. ) ;
#11568 = PLANE ( 'NONE',  #8518 ) ;
#11569 = CIRCLE ( 'NONE', #7719, 0.9999999999999974465 ) ;
#11570 = ORIENTED_EDGE ( 'NONE', *, *, #1511, .T. ) ;
#11571 = ORIENTED_EDGE ( 'NONE', *, *, #7679, .F. ) ;
#11572 = CARTESIAN_POINT ( 'NONE',  ( 26.54142135623725451, 11.00000000000000000, -40.50000000000000711 ) ) ;
#11573 = EDGE_CURVE ( 'NONE', #7224, #10877, #7671, .T. ) ;
#11574 = VERTEX_POINT ( 'NONE', #8406 ) ;
#11575 = EDGE_LOOP ( 'NONE', ( #7440, #8356, #12038, #9342 ) ) ;
#11576 = DIRECTION ( 'NONE',  ( -0.000000000000000000, -1.000000000000000000, -0.000000000000000000 ) ) ;
#11577 = DIRECTION ( 'NONE',  ( 0.000000000000000000, 0.000000000000000000, 1.000000000000000000 ) ) ;
#11578 = ORIENTED_EDGE ( 'NONE', *, *, #6952, .T. ) ;
#11579 = CARTESIAN_POINT ( 'NONE',  ( 44.50000000000000000, 11.00000000000000000, -11.99999999999994138 ) ) ;
#11580 = ORIENTED_EDGE ( 'NONE', *, *, #11536, .T. ) ;
#11581 = ORIENTED_EDGE ( 'NONE', *, *, #11215, .F. ) ;
#11582 = CARTESIAN_POINT ( 'NONE',  ( 30.51814099834517791, 6.499999999999999112, -38.81038749811948207 ) ) ;
#11583 = CARTESIAN_POINT ( 'NONE',  ( 31.50000000000000711, 11.00000000000000000, -11.99999999999997335 ) ) ;
#11584 = EDGE_CURVE ( 'NONE', #9558, #11378, #2771, .T. ) ;
#11585 = DIRECTION ( 'NONE',  ( -0.000000000000000000, 1.000000000000000000, -0.000000000000000000 ) ) ;
#11586 = ORIENTED_EDGE ( 'NONE', *, *, #3844, .T. ) ;
#11587 = ORIENTED_EDGE ( 'NONE', *, *, #5714, .F. ) ;
#11588 = CARTESIAN_POINT ( 'NONE',  ( 72.49999999999997158, 11.00000000000000000, -16.49999999999999289 ) ) ;
#11589 = LINE ( 'NONE', #11651, #6368 ) ;
#11590 = DIRECTION ( 'NONE',  ( 0.000000000000000000, 0.000000000000000000, 1.000000000000000000 ) ) ;
#11591 = AXIS2_PLACEMENT_3D ( 'NONE', #8297, #9382, #7348 ) ;
#11592 = ORIENTED_EDGE ( 'NONE', *, *, #6996, .T. ) ;
#11593 = CARTESIAN_POINT ( 'NONE',  ( 31.50000000000000711, 11.00000000000000000, -28.99999999999997513 ) ) ;
#11594 = ORIENTED_EDGE ( 'NONE', *, *, #801, .T. ) ;
#11595 = ORIENTED_EDGE ( 'NONE', *, *, #5976, .T. ) ;
#11596 = LINE ( 'NONE', #2906, #12293 ) ;
#11597 = CARTESIAN_POINT ( 'NONE',  ( 28.52132034355965473, 9.799999999999998934, -5.479898987322321169 ) ) ;
#11598 = EDGE_CURVE ( 'NONE', #1819, #3125, #7267, .T. ) ;
#11599 = CARTESIAN_POINT ( 'NONE',  ( 74.55677228167498072, 9.799999999999998934, -47.20000000000000284 ) ) ;
#11600 = EDGE_CURVE ( 'NONE', #7070, #8057, #7064, .T. ) ;
#11601 = ORIENTED_EDGE ( 'NONE', *, *, #9813, .F. ) ;
#11602 = CARTESIAN_POINT ( 'NONE',  ( 11.99999999999998934, 2.000000000000000000, -16.49999999999993250 ) ) ;
#11603 = DIRECTION ( 'NONE',  ( -0.000000000000000000, 1.000000000000000000, -0.000000000000000000 ) ) ;
#11604 = DIRECTION ( 'NONE',  ( 0.000000000000000000, 0.000000000000000000, 1.000000000000000000 ) ) ;
#11605 = CALENDAR_DATE ( 2022, 16, 2 ) ;
#11606 = AXIS2_PLACEMENT_3D ( 'NONE', #4944, #5005, #4884 ) ;
#11607 = LINE ( 'NONE', #5903, #6948 ) ;
#11608 = CARTESIAN_POINT ( 'NONE',  ( 7.499999999999971578, 2.000000000000000000, -26.49999999999989342 ) ) ;
#11609 = VERTEX_POINT ( 'NONE', #6508 ) ;
#11610 = CIRCLE ( 'NONE', #10595, 1.000000000000000888 ) ;
#11611 = DIRECTION ( 'NONE',  ( -0.000000000000000000, -1.000000000000000000, -0.000000000000000000 ) ) ;
#11612 = DIRECTION ( 'NONE',  ( -0.000000000000000000, -1.000000000000000000, -0.000000000000000000 ) ) ;
#11613 = VERTEX_POINT ( 'NONE', #10507 ) ;
#11614 = DIRECTION ( 'NONE',  ( 0.000000000000000000, 1.000000000000000000, 0.000000000000000000 ) ) ;
#11615 = CIRCLE ( 'NONE', #6543, 0.9999999999999974465 ) ;
#11616 = FACE_OUTER_BOUND ( 'NONE', #2426, .T. ) ;
#11617 = EDGE_CURVE ( 'NONE', #2638, #7377, #3727, .T. ) ;
#11618 = DIRECTION ( 'NONE',  ( 0.000000000000000000, -0.000000000000000000, 1.000000000000000000 ) ) ;
#11619 = AXIS2_PLACEMENT_3D ( 'NONE', #109, #5802, #3966 ) ;
#11620 = CIRCLE ( 'NONE', #2712, 0.9999999999999983347 ) ;
#11621 = EDGE_CURVE ( 'NONE', #3082, #9893, #10378, .T. ) ;
#11622 = CARTESIAN_POINT ( 'NONE',  ( 16.49999999999989697, 11.00000000000000000, -38.99999999999995026 ) ) ;
#11623 = FACE_OUTER_BOUND ( 'NONE', #7914, .T. ) ;
#11624 = VERTEX_POINT ( 'NONE', #11211 ) ;
#11625 = DIRECTION ( 'NONE',  ( -1.239088197126289880E-15, 0.000000000000000000, 1.000000000000000000 ) ) ;
#11626 = ORIENTED_EDGE ( 'NONE', *, *, #4025, .F. ) ;
#11627 = CARTESIAN_POINT ( 'NONE',  ( 44.50000000000000000, 11.00000000000000000, -10.99999999999994316 ) ) ;
#11628 = EDGE_LOOP ( 'NONE', ( #8490, #1513 ) ) ;
#11629 = ORIENTED_EDGE ( 'NONE', *, *, #11457, .F. ) ;
#11630 = DIRECTION ( 'NONE',  ( 0.000000000000000000, 0.000000000000000000, 1.000000000000000000 ) ) ;
#11631 = ORIENTED_EDGE ( 'NONE', *, *, #8962, .F. ) ;
#11632 = CYLINDRICAL_SURFACE ( 'NONE', #1226, 2.500000000000002220 ) ;
#11633 = VERTEX_POINT ( 'NONE', #6379 ) ;
#11634 = EDGE_CURVE ( 'NONE', #4091, #7677, #2576, .T. ) ;
#11635 = DIRECTION ( 'NONE',  ( -0.000000000000000000, -1.000000000000000000, -0.000000000000000000 ) ) ;
#11636 = DIRECTION ( 'NONE',  ( 4.818676322157797621E-17, 0.000000000000000000, 1.000000000000000000 ) ) ;
#11637 = VECTOR ( 'NONE', #12120, 1000.000000000000000 ) ;
#11638 = EDGE_CURVE ( 'NONE', #10047, #4182, #10320, .T. ) ;
#11639 = VECTOR ( 'NONE', #8048, 1000.000000000000000 ) ;
#11640 = AXIS2_PLACEMENT_3D ( 'NONE', #5341, #1428, #530 ) ;
#11641 = EDGE_CURVE ( 'NONE', #8618, #9734, #7338, .T. ) ;
#11642 = VERTEX_POINT ( 'NONE', #9559 ) ;
#11643 = CARTESIAN_POINT ( 'NONE',  ( 63.49999999999995737, 11.00000000000000000, -26.49999999999992539 ) ) ;
#11644 = ORIENTED_EDGE ( 'NONE', *, *, #8380, .F. ) ;
#11645 = EDGE_LOOP ( 'NONE', ( #10772, #1998, #6802, #8777 ) ) ;
#11646 = CARTESIAN_POINT ( 'NONE',  ( 74.55677228167498072, 9.799999999999998934, -44.75470390403734200 ) ) ;
#11647 = CARTESIAN_POINT ( 'NONE',  ( 11.99999999999993427, 11.00000000000000000, -34.49999999999992895 ) ) ;
#11648 = CARTESIAN_POINT ( 'NONE',  ( 1.000000000000000888, 9.799999999999998934, -44.89029455227312582 ) ) ;
#11649 = VERTEX_POINT ( 'NONE', #6569 ) ;
#11650 = VERTEX_POINT ( 'NONE', #3473 ) ;
#11651 = CARTESIAN_POINT ( 'NONE',  ( 53.54142135623730070, 9.799999999999998934, -6.299999999999991829 ) ) ;
#11652 = VECTOR ( 'NONE', #9332, 1000.000000000000000 ) ;
#11653 = DIRECTION ( 'NONE',  ( 0.000000000000000000, 1.000000000000000000, 0.000000000000000000 ) ) ;
#11654 = EDGE_CURVE ( 'NONE', #4516, #7902, #829, .T. ) ;
#11655 = EDGE_CURVE ( 'NONE', #1250, #8037, #3669, .T. ) ;
#11656 = VERTEX_POINT ( 'NONE', #1769 ) ;
#11657 = DIRECTION ( 'NONE',  ( -0.000000000000000000, -1.000000000000000000, -0.000000000000000000 ) ) ;
#11658 = VERTEX_POINT ( 'NONE', #9428 ) ;
#11659 = VERTEX_POINT ( 'NONE', #10252 ) ;
#11660 = LINE ( 'NONE', #3988, #1003 ) ;
#11661 = DIRECTION ( 'NONE',  ( 0.000000000000000000, 0.000000000000000000, 1.000000000000000000 ) ) ;
#11662 = LINE ( 'NONE', #11599, #4511 ) ;
#11663 = VERTEX_POINT ( 'NONE', #5503 ) ;
#11664 = AXIS2_PLACEMENT_3D ( 'NONE', #11463, #10579, #1081 ) ;
#11665 = DIRECTION ( 'NONE',  ( 1.000000000000000000, 0.000000000000000000, -4.818676322157797621E-17 ) ) ;
#11666 = FACE_OUTER_BOUND ( 'NONE', #1531, .T. ) ;
#11667 = DIRECTION ( 'NONE',  ( -0.7071067811865506814, 0.000000000000000000, 0.7071067811865443531 ) ) ;
#11668 = CARTESIAN_POINT ( 'NONE',  ( 53.45857864376280588, 9.799999999999998934, -43.30000000000000426 ) ) ;
#11669 = COORDINATED_UNIVERSAL_TIME_OFFSET ( 1, 0, .AHEAD. ) ;
#11670 = ADVANCED_FACE ( 'NONE', ( #4739 ), #8603, .T. ) ;
#11671 = EDGE_CURVE ( 'NONE', #2689, #9657, #695, .T. ) ;
#11672 = DIRECTION ( 'NONE',  ( 0.000000000000000000, 0.000000000000000000, 1.000000000000000000 ) ) ;
#11673 = AXIS2_PLACEMENT_3D ( 'NONE', #5742, #9547, #6425 ) ;
#11674 = CARTESIAN_POINT ( 'NONE',  ( 40.00000000000000000, 2.000000000000000000, -15.00000000000000000 ) ) ;
#11675 = ORIENTED_EDGE ( 'NONE', *, *, #7482, .T. ) ;
#11676 = DIRECTION ( 'NONE',  ( 0.000000000000000000, 0.000000000000000000, -1.000000000000000000 ) ) ;
#11677 = CARTESIAN_POINT ( 'NONE',  ( 55.52132034355960144, 11.00000000000000000, -41.32010101267766089 ) ) ;
#11678 = CARTESIAN_POINT ( 'NONE',  ( 44.50000000000000000, 11.00000000000000000, -11.99999999999994138 ) ) ;
#11679 = CYLINDRICAL_SURFACE ( 'NONE', #4808, 1.000000000000000888 ) ;
#11680 = DIRECTION ( 'NONE',  ( 0.000000000000000000, -1.000000000000000000, -0.000000000000000000 ) ) ;
#11681 = DIRECTION ( 'NONE',  ( 0.000000000000000000, 1.000000000000000000, -0.000000000000000000 ) ) ;
#11682 = FACE_OUTER_BOUND ( 'NONE', #2197, .T. ) ;
#11683 = AXIS2_PLACEMENT_3D ( 'NONE', #5990, #8841, #4094 ) ;
#11684 = CARTESIAN_POINT ( 'NONE',  ( 44.50000000000000000, 11.00000000000000000, -16.49999999999994316 ) ) ;
#11685 = CARTESIAN_POINT ( 'NONE',  ( 26.50000000000000000, 0.000000000000000000, -1.700000000000005285 ) ) ;
#11686 = DIRECTION ( 'NONE',  ( 0.000000000000000000, 0.000000000000000000, 1.000000000000000000 ) ) ;
#11687 = VERTEX_POINT ( 'NONE', #10439 ) ;
#11688 = CARTESIAN_POINT ( 'NONE',  ( 7.500000000000041744, 11.00000000000000000, -7.499999999999904965 ) ) ;
#11689 = AXIS2_PLACEMENT_3D ( 'NONE', #2615, #5476, #6412 ) ;
#11690 = ORIENTED_EDGE ( 'NONE', *, *, #9275, .F. ) ;
#11691 = CYLINDRICAL_SURFACE ( 'NONE', #704, 0.9999999999999974465 ) ;
#11692 = EDGE_CURVE ( 'NONE', #5428, #316, #11339, .T. ) ;
#11693 = ORIENTED_EDGE ( 'NONE', *, *, #11617, .T. ) ;
#11694 = DIRECTION ( 'NONE',  ( -0.000000000000000000, 1.000000000000000000, -0.000000000000000000 ) ) ;
#11695 = ORIENTED_EDGE ( 'NONE', *, *, #5886, .F. ) ;
#11696 = CARTESIAN_POINT ( 'NONE',  ( 59.12248018076000733, 9.799999999999998934, -1.878739150121992108 ) ) ;
#11697 = EDGE_CURVE ( 'NONE', #12319, #7607, #8894, .T. ) ;
#11698 = FACE_OUTER_BOUND ( 'NONE', #8466, .T. ) ;
#11699 = AXIS2_PLACEMENT_3D ( 'NONE', #12289, #963, #11413 ) ;
#11700 = AXIS2_PLACEMENT_3D ( 'NONE', #9175, #5066, #8024 ) ;
#11701 = EDGE_CURVE ( 'NONE', #1588, #4814, #1220, .T. ) ;
#11702 = VERTEX_POINT ( 'NONE', #4684 ) ;
#11703 = FACE_OUTER_BOUND ( 'NONE', #4918, .T. ) ;
#11704 = ORIENTED_EDGE ( 'NONE', *, *, #1794, .T. ) ;
#11705 = ORIENTED_EDGE ( 'NONE', *, *, #7588, .T. ) ;
#11706 = CARTESIAN_POINT ( 'NONE',  ( 20.99999999999995737, 11.00000000000000000, -20.99999999999999289 ) ) ;
#11707 = DIRECTION ( 'NONE',  ( 0.000000000000000000, 1.000000000000000000, 0.000000000000000000 ) ) ;
#11708 = ADVANCED_FACE ( 'NONE', ( #2913 ), #6773, .T. ) ;
#11709 = LINE ( 'NONE', #6627, #9986 ) ;
#11710 = CIRCLE ( 'NONE', #5624, 1.000000000000000888 ) ;
#11711 = EDGE_LOOP ( 'NONE', ( #1962, #2895 ) ) ;
#11712 = ORIENTED_EDGE ( 'NONE', *, *, #8963, .T. ) ;
#11713 = FACE_OUTER_BOUND ( 'NONE', #1799, .T. ) ;
#11714 = ADVANCED_FACE ( 'NONE', ( #9574 ), #6903, .F. ) ;
#11715 = CARTESIAN_POINT ( 'NONE',  ( 31.50000000000000711, 11.00000000000000000, -29.99999999999997158 ) ) ;
#11716 = CIRCLE ( 'NONE', #7055, 1.699999999999993072 ) ;
#11717 = VECTOR ( 'NONE', #11136, 1000.000000000000000 ) ;
#11718 = AXIS2_PLACEMENT_3D ( 'NONE', #5810, #9673, #9929 ) ;
#11719 = ORIENTED_EDGE ( 'NONE', *, *, #794, .T. ) ;
#11720 = DIRECTION ( 'NONE',  ( -0.000000000000000000, 1.000000000000000000, -0.000000000000000000 ) ) ;
#11721 = VERTEX_POINT ( 'NONE', #9766 ) ;
#11722 = ORIENTED_EDGE ( 'NONE', *, *, #317, .F. ) ;
#11723 = DIRECTION ( 'NONE',  ( 0.000000000000000000, 0.000000000000000000, 1.000000000000000000 ) ) ;
#11724 = DIRECTION ( 'NONE',  ( 0.000000000000000000, 1.000000000000000000, 0.000000000000000000 ) ) ;
#11725 = CARTESIAN_POINT ( 'NONE',  ( 17.92779706011599927, 11.00000000000000000, -6.000084202863472882 ) ) ;
#11726 = VERTEX_POINT ( 'NONE', #4756 ) ;
#11727 = DIRECTION ( 'NONE',  ( 0.000000000000000000, 1.000000000000000000, 0.000000000000000000 ) ) ;
#11728 = DIRECTION ( 'NONE',  ( 0.000000000000000000, 0.000000000000000000, 1.000000000000000000 ) ) ;
#11729 = DIRECTION ( 'NONE',  ( -0.7071067811865443531, 0.000000000000000000, -0.7071067811865506814 ) ) ;
#11730 = LINE ( 'NONE', #2039, #8255 ) ;
#11731 = ADVANCED_FACE ( 'NONE', ( #8621 ), #4949, .T. ) ;
#11732 = VECTOR ( 'NONE', #7230, 1000.000000000000000 ) ;
#11733 = AXIS2_PLACEMENT_3D ( 'NONE', #11170, #7222, #3241 ) ;
#11734 = APPLICATION_PROTOCOL_DEFINITION ( 'international standard', 'config_control_design', 1994, #51 ) ;
#11735 = VECTOR ( 'NONE', #5735, 1000.000000000000000 ) ;
#11736 = AXIS2_PLACEMENT_3D ( 'NONE', #2324, #6313, #9999 ) ;
#11737 = VECTOR ( 'NONE', #5063, 1000.000000000000000 ) ;
#11738 = B_SPLINE_CURVE_WITH_KNOTS ( 'NONE', 3,
 ( #2190, #6054, #1442, #485 ),
 .UNSPECIFIED., .F., .F.,
 ( 4, 4 ),
 ( 0.000000000000000000, 1.000000000000000000 ),
 .UNSPECIFIED. ) ;
#11739 = AXIS2_PLACEMENT_3D ( 'NONE', #8751, #83, #1858 ) ;
#11740 = PLANE ( 'NONE',  #5932 ) ;
#11741 = VECTOR ( 'NONE', #3599, 1000.000000000000000 ) ;
#11742 = CARTESIAN_POINT ( 'NONE',  ( 58.99999999999997158, 2.000000000000000000, -26.49999999999989342 ) ) ;
#11743 = ORIENTED_EDGE ( 'NONE', *, *, #6708, .F. ) ;
#11744 = CARTESIAN_POINT ( 'NONE',  ( 34.24386001800125001, 11.00000000000000000, -1.000000000000002665 ) ) ;
#11745 = DIRECTION ( 'NONE',  ( 0.000000000000000000, -0.000000000000000000, 1.000000000000000000 ) ) ;
#11746 = DIRECTION ( 'NONE',  ( 0.000000000000000000, 1.000000000000000000, 0.000000000000000000 ) ) ;
#11747 = ORIENTED_EDGE ( 'NONE', *, *, #6369, .F. ) ;
#11748 = CARTESIAN_POINT ( 'NONE',  ( 35.49999999999999289, 11.00000000000000000, -38.99999999999996447 ) ) ;
#11749 = EDGE_CURVE ( 'NONE', #10515, #9358, #5772, .T. ) ;
#11750 = CARTESIAN_POINT ( 'NONE',  ( 48.49999999999999289, 11.00000000000000000, -26.49999999999992539 ) ) ;
#11751 = LINE ( 'NONE', #4013, #7163 ) ;
#11752 = CARTESIAN_POINT ( 'NONE',  ( 31.50000000000000711, 11.00000000000000000, -19.99999999999997158 ) ) ;
#11753 = CIRCLE ( 'NONE', #1437, 1.000000000000000888 ) ;
#11754 = AXIS2_PLACEMENT_3D ( 'NONE', #9460, #7612, #2741 ) ;
#11755 = DIRECTION ( 'NONE',  ( 0.000000000000000000, 1.000000000000000000, 0.000000000000000000 ) ) ;
#11756 = CARTESIAN_POINT ( 'NONE',  ( 63.50000000000002842, 11.00000000000000000, -7.499999999999936939 ) ) ;
#11757 = ORIENTED_EDGE ( 'NONE', *, *, #10086, .F. ) ;
#11758 = DIRECTION ( 'NONE',  ( -0.000000000000000000, -1.000000000000000000, -0.000000000000000000 ) ) ;
#11759 = CIRCLE ( 'NONE', #12351, 0.9999999999999974465 ) ;
#11760 = CARTESIAN_POINT ( 'NONE',  ( 58.99999999999994316, 11.00000000000000000, -33.49999999999989342 ) ) ;
#11761 = CIRCLE ( 'NONE', #3452, 3.000000000000023537 ) ;
#11762 = ORIENTED_EDGE ( 'NONE', *, *, #11477, .T. ) ;
#11763 = PLANE ( 'NONE',  #11232 ) ;
#11764 = EDGE_CURVE ( 'NONE', #10047, #3899, #4439, .T. ) ;
#11765 = ORIENTED_EDGE ( 'NONE', *, *, #9375, .F. ) ;
#11766 = ORIENTED_EDGE ( 'NONE', *, *, #3198, .F. ) ;
#11767 = CARTESIAN_POINT ( 'NONE',  ( 16.50000000000000711, 11.00000000000000000, -7.499999999999968914 ) ) ;
#11768 = CARTESIAN_POINT ( 'NONE',  ( 31.50000000000000711, 2.000000000000000000, -19.99999999999997158 ) ) ;
#11769 = AXIS2_PLACEMENT_3D ( 'NONE', #1175, #163, #7941 ) ;
#11770 = ORIENTED_EDGE ( 'NONE', *, *, #10187, .F. ) ;
#11771 = CARTESIAN_POINT ( 'NONE',  ( 72.49999999999998579, 11.00000000000000000, -11.00000000000000000 ) ) ;
#11772 = ORIENTED_EDGE ( 'NONE', *, *, #10532, .F. ) ;
#11773 = ORIENTED_EDGE ( 'NONE', *, *, #2732, .F. ) ;
#11774 = LINE ( 'NONE', #11582, #1186 ) ;
#11775 = LINE ( 'NONE', #8920, #4416 ) ;
#11776 = ORIENTED_EDGE ( 'NONE', *, *, #194, .T. ) ;
#11777 = ORIENTED_EDGE ( 'NONE', *, *, #11386, .T. ) ;
#11778 = CARTESIAN_POINT ( 'NONE',  ( 26.45857864376274549, 9.799999999999998934, -43.30000000000000426 ) ) ;
#11779 = DIRECTION ( 'NONE',  ( -0.000000000000000000, 0.000000000000000000, 1.000000000000000000 ) ) ;
#11780 = ADVANCED_FACE ( 'NONE', ( #4888 ), #8746, .T. ) ;
#11781 = EDGE_CURVE ( 'NONE', #451, #8902, #5061, .T. ) ;
#11782 = ADVANCED_FACE ( 'NONE', ( #10931 ), #11632, .F. ) ;
#11783 = VERTEX_POINT ( 'NONE', #10864 ) ;
#11784 = DIRECTION ( 'NONE',  ( 0.000000000000000000, 0.000000000000000000, 1.000000000000000000 ) ) ;
#11785 = ORIENTED_EDGE ( 'NONE', *, *, #7133, .T. ) ;
#11786 = EDGE_LOOP ( 'NONE', ( #603, #2780 ) ) ;
#11787 = DIRECTION ( 'NONE',  ( 0.9999999954177064554, 0.000000000000000000, 9.573184870828367360E-05 ) ) ;
#11788 = DIRECTION ( 'NONE',  ( -0.000000000000000000, -1.000000000000000000, -0.000000000000000000 ) ) ;
#11789 = CARTESIAN_POINT ( 'NONE',  ( 12.00000000000000355, 2.000000000000000000, -11.99999999999993427 ) ) ;
#11790 = EDGE_LOOP ( 'NONE', ( #11502, #9369, #9456, #3032 ) ) ;
#11791 = CARTESIAN_POINT ( 'NONE',  ( 48.29461583732884122, -0.8284271247461592047, -39.97868143219523773 ) ) ;
#11792 = CARTESIAN_POINT ( 'NONE',  ( 53.50000000000000000, 11.00000000000000000, -41.70000000000000284 ) ) ;
#11793 = DIRECTION ( 'NONE',  ( 0.000000000000000000, 0.000000000000000000, 1.000000000000000000 ) ) ;
#11794 = CARTESIAN_POINT ( 'NONE',  ( 12.00000000000000355, 11.00000000000000000, -10.99999999999993605 ) ) ;
#11795 = EDGE_CURVE ( 'NONE', #4689, #12511, #2180, .T. ) ;
#11796 = EDGE_CURVE ( 'NONE', #7107, #10891, #7686, .T. ) ;
#11797 = EDGE_CURVE ( 'NONE', #2369, #867, #2940, .T. ) ;
#11798 = CARTESIAN_POINT ( 'NONE',  ( 67.99999999999992895, 2.000000000000000000, -28.99999999999996092 ) ) ;
#11799 = CARTESIAN_POINT ( 'NONE',  ( 48.49999999999999289, 11.00000000000000000, -34.49999999999992895 ) ) ;
#11800 = EDGE_LOOP ( 'NONE', ( #10678, #6679, #515, #2114 ) ) ;
#11801 = CARTESIAN_POINT ( 'NONE',  ( 52.00000000000000000, 11.00000000000000000, -32.14999999999999858 ) ) ;
#11802 = DIRECTION ( 'NONE',  ( -0.000000000000000000, 1.000000000000000000, -0.000000000000000000 ) ) ;
#11803 = DIRECTION ( 'NONE',  ( -0.000000000000000000, -1.000000000000000000, -0.000000000000000000 ) ) ;
#11804 = EDGE_LOOP ( 'NONE', ( #5173, #10947, #10058, #7799 ) ) ;
#11805 = VECTOR ( 'NONE', #9570, 1000.000000000000000 ) ;
#11806 = DIRECTION ( 'NONE',  ( 0.000000000000000000, -1.000000000000000000, 0.000000000000000000 ) ) ;
#11807 = CARTESIAN_POINT ( 'NONE',  ( 68.00000000000000000, 11.00000000000000000, -7.499999999999968914 ) ) ;
#11808 = DIRECTION ( 'NONE',  ( 0.000000000000000000, 1.000000000000000000, 0.000000000000000000 ) ) ;
#11809 = EDGE_CURVE ( 'NONE', #5358, #9358, #7817, .T. ) ;
#11810 = EDGE_CURVE ( 'NONE', #6186, #867, #229, .T. ) ;
#11811 = DIRECTION ( 'NONE',  ( 0.000000000000000000, 1.000000000000000000, 0.000000000000000000 ) ) ;
#11812 = ORIENTED_EDGE ( 'NONE', *, *, #2043, .T. ) ;
#11813 = CYLINDRICAL_SURFACE ( 'NONE', #543, 0.9999999999999974465 ) ;
#11814 = FACE_OUTER_BOUND ( 'NONE', #5214, .T. ) ;
#11815 = ORIENTED_EDGE ( 'NONE', *, *, #5187, .T. ) ;
#11816 = CYLINDRICAL_SURFACE ( 'NONE', #9408, 0.9999999999999974465 ) ;
#11817 = VERTEX_POINT ( 'NONE', #3379 ) ;
#11818 = CARTESIAN_POINT ( 'NONE',  ( 14.23776336359134831, 2.000000000000000000, -43.50000000000000000 ) ) ;
#11819 = ORIENTED_EDGE ( 'NONE', *, *, #8643, .F. ) ;
#11820 = DIRECTION ( 'NONE',  ( 0.000000000000000000, 0.000000000000000000, -1.000000000000000000 ) ) ;
#11821 = CIRCLE ( 'NONE', #5974, 0.9999999999999940048 ) ;
#11822 = DIRECTION ( 'NONE',  ( -0.000000000000000000, -0.000000000000000000, 1.000000000000000000 ) ) ;
#11823 = EDGE_CURVE ( 'NONE', #4553, #666, #3847, .T. ) ;
#11824 = EDGE_CURVE ( 'NONE', #645, #3480, #11186, .T. ) ;
#11825 = AXIS2_PLACEMENT_3D ( 'NONE', #2245, #5159, #9024 ) ;
#11826 = ORIENTED_EDGE ( 'NONE', *, *, #1980, .F. ) ;
#11827 = CARTESIAN_POINT ( 'NONE',  ( 44.50000000000000000, 11.00000000000000000, -29.99999999999993960 ) ) ;
#11828 = ORIENTED_EDGE ( 'NONE', *, *, #3656, .T. ) ;
#11829 = ORIENTED_EDGE ( 'NONE', *, *, #2521, .T. ) ;
#11830 = CARTESIAN_POINT ( 'NONE',  ( 37.64386001800119175, 9.799999999999998934, -46.19999999999999574 ) ) ;
#11831 = DIRECTION ( 'NONE',  ( 0.000000000000000000, 0.000000000000000000, -1.000000000000000000 ) ) ;
#11832 = EDGE_LOOP ( 'NONE', ( #1940, #12159 ) ) ;
#11833 = ORIENTED_EDGE ( 'NONE', *, *, #2978, .F. ) ;
#11834 = CARTESIAN_POINT ( 'NONE',  ( 7.499999999999992895, 11.00000000000000000, -20.99999999999990052 ) ) ;
#11835 = LINE ( 'NONE', #2137, #125 ) ;
#11836 = AXIS2_PLACEMENT_3D ( 'NONE', #7527, #3728, #10574 ) ;
#11837 = ORIENTED_EDGE ( 'NONE', *, *, #4653, .F. ) ;
#11838 = CARTESIAN_POINT ( 'NONE',  ( 20.99999999999995737, 2.000000000000000000, -20.99999999999999289 ) ) ;
#11839 = VERTEX_POINT ( 'NONE', #473 ) ;
#11840 = ORIENTED_EDGE ( 'NONE', *, *, #11164, .F. ) ;
#11841 = AXIS2_PLACEMENT_3D ( 'NONE', #11064, #2374, #6366 ) ;
#11842 = CARTESIAN_POINT ( 'NONE',  ( 11.99999999999994849, 2.000000000000000000, -29.99999999999992539 ) ) ;
#11843 = CARTESIAN_POINT ( 'NONE',  ( 38.99999999999999289, 11.00000000000000000, -46.00000000000000000 ) ) ;
#11844 = LINE ( 'NONE', #1391, #467 ) ;
#11845 = EDGE_LOOP ( 'NONE', ( #8129, #4999, #9144, #2613 ) ) ;
#11846 = DIRECTION ( 'NONE',  ( 0.000000000000000000, 0.000000000000000000, 1.000000000000000000 ) ) ;
#11847 = FACE_BOUND ( 'NONE', #10601, .T. ) ;
#11848 = DIRECTION ( 'NONE',  ( 0.000000000000000000, 0.000000000000000000, -1.000000000000000000 ) ) ;
#11849 = EDGE_CURVE ( 'NONE', #236, #3192, #10124, .T. ) ;
#11850 = EDGE_CURVE ( 'NONE', #11898, #1594, #11539, .T. ) ;
#11851 = PLANE ( 'NONE',  #1152 ) ;
#11852 = ADVANCED_FACE ( 'NONE', ( #3446 ), #8251, .F. ) ;
#11853 = DIRECTION ( 'NONE',  ( -0.000000000000000000, 1.000000000000000000, -0.000000000000000000 ) ) ;
#11854 = ORIENTED_EDGE ( 'NONE', *, *, #11173, .T. ) ;
#11855 = FACE_OUTER_BOUND ( 'NONE', #2073, .T. ) ;
#11856 = FACE_OUTER_BOUND ( 'NONE', #11441, .T. ) ;
#11857 = CYLINDRICAL_SURFACE ( 'NONE', #5633, 6.100000000000028955 ) ;
#11858 = CARTESIAN_POINT ( 'NONE',  ( 7.499999999999930722, 2.000000000000000000, -39.99999999999988631 ) ) ;
#11859 = ORIENTED_EDGE ( 'NONE', *, *, #9315, .T. ) ;
#11860 = DIRECTION ( 'NONE',  ( -0.7127720722690772392, 0.000000000000000000, 0.7013957320894141922 ) ) ;
#11861 = ADVANCED_FACE ( 'NONE', ( #6407 ), #10284, .T. ) ;
#11862 = CARTESIAN_POINT ( 'NONE',  ( 45.14487014477790439, 11.00000000000000000, -6.500000000000003553 ) ) ;
#11863 = DIRECTION ( 'NONE',  ( -0.000000000000000000, -1.000000000000000000, -0.000000000000000000 ) ) ;
#11864 = EDGE_CURVE ( 'NONE', #9220, #12248, #5473, .T. ) ;
#11865 = AXIS2_PLACEMENT_3D ( 'NONE', #12279, #3675, #11531 ) ;
#11866 = DIRECTION ( 'NONE',  ( 0.000000000000000000, 0.000000000000000000, -1.000000000000000000 ) ) ;
#11867 = DIRECTION ( 'NONE',  ( 0.000000000000000000, 0.000000000000000000, 1.000000000000000000 ) ) ;
#11868 = VERTEX_POINT ( 'NONE', #8315 ) ;
#11869 = DIRECTION ( 'NONE',  ( -0.000000000000000000, -0.000000000000000000, -1.000000000000000000 ) ) ;
#11870 = ORIENTED_EDGE ( 'NONE', *, *, #1947, .F. ) ;
#11871 = DIRECTION ( 'NONE',  ( -0.000000000000000000, -1.000000000000000000, -0.000000000000000000 ) ) ;
#11872 = ORIENTED_EDGE ( 'NONE', *, *, #5522, .T. ) ;
#11873 = EDGE_LOOP ( 'NONE', ( #1899, #8143, #9567, #7883 ) ) ;
#11874 = DIRECTION ( 'NONE',  ( -0.000000000000000000, -1.000000000000000000, -0.000000000000000000 ) ) ;
#11875 = AXIS2_PLACEMENT_3D ( 'NONE', #7573, #3842, #3077 ) ;
#11876 = ADVANCED_FACE ( 'NONE', ( #5215 ), #7369, .T. ) ;
#11877 = DIRECTION ( 'NONE',  ( 0.000000000000000000, 1.000000000000000000, 0.000000000000000000 ) ) ;
#11878 = AXIS2_PLACEMENT_3D ( 'NONE', #7315, #10037, #296 ) ;
#11879 = CARTESIAN_POINT ( 'NONE',  ( 28.00000000000000355, 2.000000000000000000, -10.85512985522205121 ) ) ;
#11880 = EDGE_LOOP ( 'NONE', ( #4963, #9066 ) ) ;
#11881 = CYLINDRICAL_SURFACE ( 'NONE', #9921, 2.447087127489769198 ) ;
#11882 = VERTEX_POINT ( 'NONE', #12058 ) ;
#11883 = VERTEX_POINT ( 'NONE', #6346 ) ;
#11884 = FACE_OUTER_BOUND ( 'NONE', #10260, .T. ) ;
#11885 = DIRECTION ( 'NONE',  ( 0.000000000000000000, 0.000000000000000000, -1.000000000000000000 ) ) ;
#11886 = EDGE_LOOP ( 'NONE', ( #8986, #11445, #2284, #1372 ) ) ;
#11887 = VERTEX_POINT ( 'NONE', #5287 ) ;
#11888 = DIRECTION ( 'NONE',  ( 0.000000000000000000, 1.000000000000000000, 0.000000000000000000 ) ) ;
#11889 = EDGE_CURVE ( 'NONE', #9557, #6896, #7311, .T. ) ;
#11890 = DIRECTION ( 'NONE',  ( 0.000000000000000000, 0.000000000000000000, -1.000000000000000000 ) ) ;
#11891 = EDGE_CURVE ( 'NONE', #5488, #4844, #6674, .T. ) ;
#11892 = VECTOR ( 'NONE', #7016, 1000.000000000000000 ) ;
#11893 = EDGE_LOOP ( 'NONE', ( #9854, #6148, #6610, #2637 ) ) ;
#11894 = AXIS2_PLACEMENT_3D ( 'NONE', #11415, #10396, #8302 ) ;
#11895 = CIRCLE ( 'NONE', #8461, 0.9999999999999974465 ) ;
#11896 = CIRCLE ( 'NONE', #1386, 0.9999999999999974465 ) ;
#11897 = EDGE_LOOP ( 'NONE', ( #6373, #2766, #4471, #248 ) ) ;
#11898 = VERTEX_POINT ( 'NONE', #9343 ) ;
#11899 = DIRECTION ( 'NONE',  ( 0.000000000000000000, 0.000000000000000000, 1.000000000000000000 ) ) ;
#11900 = DIRECTION ( 'NONE',  ( 0.000000000000000000, 0.000000000000000000, 1.000000000000000000 ) ) ;
#11901 = DIRECTION ( 'NONE',  ( 0.000000000000000000, 0.000000000000000000, 1.000000000000000000 ) ) ;
#11902 = ORIENTED_EDGE ( 'NONE', *, *, #12223, .T. ) ;
#11903 = PLANE ( 'NONE',  #7888 ) ;
#11904 = FACE_BOUND ( 'NONE', #8629, .T. ) ;
#11905 = CARTESIAN_POINT ( 'NONE',  ( 28.00000000000000355, 2.000000000000000000, -31.14999999999999858 ) ) ;
#11906 = ADVANCED_FACE ( 'NONE', ( #10221 ), #1549, .T. ) ;
#11907 = VECTOR ( 'NONE', #6135, 1000.000000000000000 ) ;
#11908 = AXIS2_PLACEMENT_3D ( 'NONE', #3458, #8326, #5414 ) ;
#11909 = AXIS2_PLACEMENT_3D ( 'NONE', #7004, #10875, #11885 ) ;
#11910 = CARTESIAN_POINT ( 'NONE',  ( 63.49999999999997158, 11.00000000000000000, -20.99999999999993250 ) ) ;
#11911 = CARTESIAN_POINT ( 'NONE',  ( 31.50000000000000711, 11.00000000000000000, -25.49999999999997513 ) ) ;
#11912 = ORIENTED_EDGE ( 'NONE', *, *, #11275, .F. ) ;
#11913 = ORIENTED_EDGE ( 'NONE', *, *, #3476, .F. ) ;
#11914 = CARTESIAN_POINT ( 'NONE',  ( 7.499999999999944045, 11.00000000000000000, -35.49999999999989342 ) ) ;
#11915 = CIRCLE ( 'NONE', #4630, 0.9999999999999974465 ) ;
#11916 = DIRECTION ( 'NONE',  ( 1.000000000000000000, 0.000000000000000000, -0.000000000000000000 ) ) ;
#11917 = CIRCLE ( 'NONE', #195, 0.9999999999999974465 ) ;
#11918 = CARTESIAN_POINT ( 'NONE',  ( 63.49999999999995737, 2.000000000000000000, -25.49999999999992895 ) ) ;
#11919 = CARTESIAN_POINT ( 'NONE',  ( 63.50000000000000000, 11.00000000000000000, -11.99999999999993427 ) ) ;
#11920 = CIRCLE ( 'NONE', #1381, 0.9999999999999974465 ) ;
#11921 = ORIENTED_EDGE ( 'NONE', *, *, #3011, .T. ) ;
#11922 = CARTESIAN_POINT ( 'NONE',  ( 24.99999999999999645, -0.002000000000000265454, -9.819595949289308123 ) ) ;
#11923 = DIRECTION ( 'NONE',  ( -1.000000000000000000, 0.000000000000000000, 0.000000000000000000 ) ) ;
#11924 = CARTESIAN_POINT ( 'NONE',  ( 53.00000000000000000, 2.000000000000000000, -31.14999999999999858 ) ) ;
#11925 = ADVANCED_FACE ( 'NONE', ( #1361 ), #9086, .T. ) ;
#11926 = CIRCLE ( 'NONE', #807, 0.9999999999999974465 ) ;
#11927 = CIRCLE ( 'NONE', #2617, 1.000000000000000888 ) ;
#11928 = EDGE_CURVE ( 'NONE', #9645, #11883, #9272, .T. ) ;
#11929 = EDGE_CURVE ( 'NONE', #4814, #1588, #8906, .T. ) ;
#11930 = LINE ( 'NONE', #3370, #10966 ) ;
#11931 = DIRECTION ( 'NONE',  ( 0.000000000000000000, -1.000000000000000000, 0.000000000000000000 ) ) ;
#11932 = ORIENTED_EDGE ( 'NONE', *, *, #9183, .T. ) ;
#11933 = DIRECTION ( 'NONE',  ( -0.000000000000000000, -1.000000000000000000, -0.000000000000000000 ) ) ;
#11934 = EDGE_CURVE ( 'NONE', #4485, #3403, #7074, .T. ) ;
#11935 = CARTESIAN_POINT ( 'NONE',  ( 63.50000000000002842, 11.00000000000000000, -7.499999999999936939 ) ) ;
#11936 = ORIENTED_EDGE ( 'NONE', *, *, #5522, .F. ) ;
#11937 = DIRECTION ( 'NONE',  ( 0.000000000000000000, 1.000000000000000000, 0.000000000000000000 ) ) ;
#11938 = LINE ( 'NONE', #5400, #9199 ) ;
#11939 = VECTOR ( 'NONE', #4896, 1000.000000000000000 ) ;
#11940 = AXIS2_PLACEMENT_3D ( 'NONE', #6836, #10716, #2038 ) ;
#11941 = ORIENTED_EDGE ( 'NONE', *, *, #9769, .T. ) ;
#11942 = DIRECTION ( 'NONE',  ( 0.000000000000000000, 1.000000000000000000, 0.000000000000000000 ) ) ;
#11943 = EDGE_LOOP ( 'NONE', ( #12080, #9571, #2493, #5730 ) ) ;
#11944 = DIRECTION ( 'NONE',  ( 0.000000000000000000, 1.000000000000000000, 0.000000000000000000 ) ) ;
#11945 = DIRECTION ( 'NONE',  ( 0.000000000000000000, 0.000000000000000000, 1.000000000000000000 ) ) ;
#11946 = EDGE_CURVE ( 'NONE', #2675, #7650, #6223, .T. ) ;
#11947 = EDGE_CURVE ( 'NONE', #9376, #4188, #7495, .T. ) ;
#11948 = AXIS2_PLACEMENT_3D ( 'NONE', #9159, #11953, #3273 ) ;
#11949 = AXIS2_PLACEMENT_3D ( 'NONE', #4759, #12488, #7480 ) ;
#11950 = CARTESIAN_POINT ( 'NONE',  ( 48.49999999999999289, 11.00000000000000000, -33.49999999999992895 ) ) ;
#11951 = ADVANCED_FACE ( 'NONE', ( #4523 ), #3563, .T. ) ;
#11952 = ORIENTED_EDGE ( 'NONE', *, *, #9492, .F. ) ;
#11953 = DIRECTION ( 'NONE',  ( 0.000000000000000000, 1.000000000000000000, -0.000000000000000000 ) ) ;
#11954 = ORIENTED_EDGE ( 'NONE', *, *, #2365, .F. ) ;
#11955 = ORIENTED_EDGE ( 'NONE', *, *, #8450, .T. ) ;
#11956 = LINE ( 'NONE', #3276, #4218 ) ;
#11957 = DIRECTION ( 'NONE',  ( 0.000000000000000000, 1.000000000000000000, 0.000000000000000000 ) ) ;
#11958 = ORIENTED_EDGE ( 'NONE', *, *, #4647, .F. ) ;
#11959 = ORIENTED_EDGE ( 'NONE', *, *, #11035, .T. ) ;
#11960 = CARTESIAN_POINT ( 'NONE',  ( 7.500000000000020428, 11.00000000000000000, -10.99999999999990585 ) ) ;
#11961 = AXIS2_PLACEMENT_3D ( 'NONE', #11935, #5208, #9081 ) ;
#11962 = DIRECTION ( 'NONE',  ( -0.000000000000000000, 1.000000000000000000, -0.000000000000000000 ) ) ;
#11963 = ADVANCED_FACE ( 'NONE', ( #3695 ), #11560, .T. ) ;
#11964 = ORIENTED_EDGE ( 'NONE', *, *, #12173, .F. ) ;
#11965 = VECTOR ( 'NONE', #151, 1000.000000000000000 ) ;
#11966 = ORIENTED_EDGE ( 'NONE', *, *, #7023, .T. ) ;
#11967 = ORIENTED_EDGE ( 'NONE', *, *, #2448, .F. ) ;
#11968 = FACE_OUTER_BOUND ( 'NONE', #4417, .T. ) ;
#11969 = DIRECTION ( 'NONE',  ( 0.000000000000000000, 1.000000000000000000, 0.000000000000000000 ) ) ;
#11970 = LINE ( 'NONE', #7918, #278 ) ;
#11971 = EDGE_LOOP ( 'NONE', ( #7835, #8731, #5383, #7643 ) ) ;
#11972 = AXIS2_PLACEMENT_3D ( 'NONE', #11039, #463, #11866 ) ;
#11973 = DIRECTION ( 'NONE',  ( 0.000000000000000000, 1.000000000000000000, 0.000000000000000000 ) ) ;
#11974 = FACE_BOUND ( 'NONE', #10558, .T. ) ;
#11975 = CARTESIAN_POINT ( 'NONE',  ( 62.07341920279139202, 9.799999999999998934, -3.000042224706366500 ) ) ;
#11976 = EDGE_CURVE ( 'NONE', #7333, #664, #4448, .T. ) ;
#11977 = CARTESIAN_POINT ( 'NONE',  ( 35.49999999999999289, 2.000000000000000000, -34.49999999999996447 ) ) ;
#11978 = EDGE_CURVE ( 'NONE', #7913, #6119, #11342, .T. ) ;
#11979 = CARTESIAN_POINT ( 'NONE',  ( 63.49999999999995737, 2.000000000000000000, -24.49999999999993250 ) ) ;
#11980 = VERTEX_POINT ( 'NONE', #7555 ) ;
#11981 = ORIENTED_EDGE ( 'NONE', *, *, #9843, .F. ) ;
#11982 = FACE_OUTER_BOUND ( 'NONE', #5945, .T. ) ;
#11983 = CARTESIAN_POINT ( 'NONE',  ( 52.63015151901651478, 9.799999999999998934, -5.499999999999992895 ) ) ;
#11984 = DIRECTION ( 'NONE',  ( 0.000000000000000000, 1.000000000000000000, 0.000000000000000000 ) ) ;
#11985 = CARTESIAN_POINT ( 'NONE',  ( 12.00000000000000355, 11.00000000000000000, -11.99999999999993427 ) ) ;
#11986 = ORIENTED_EDGE ( 'NONE', *, *, #5333, .F. ) ;
#11987 = CARTESIAN_POINT ( 'NONE',  ( 16.49999999999989697, 11.00000000000000000, -39.99999999999995026 ) ) ;
#11988 = DIRECTION ( 'NONE',  ( 0.000000000000000000, 1.000000000000000000, 0.000000000000000000 ) ) ;
#11989 = DIRECTION ( 'NONE',  ( 0.000000000000000000, 0.000000000000000000, 1.000000000000000000 ) ) ;
#11990 = LINE ( 'NONE', #5146, #9757 ) ;
#11991 = FACE_OUTER_BOUND ( 'NONE', #613, .T. ) ;
#11992 = ORIENTED_EDGE ( 'NONE', *, *, #11809, .F. ) ;
#11993 = CIRCLE ( 'NONE', #5727, 2.799999999999990052 ) ;
#11994 = CARTESIAN_POINT ( 'NONE',  ( 26.50000000000000000, 0.000000000000000000, -45.09999999999999432 ) ) ;
#11995 = EDGE_CURVE ( 'NONE', #11702, #1103, #6066, .T. ) ;
#11996 = DIRECTION ( 'NONE',  ( 0.000000000000000000, 0.000000000000000000, 1.000000000000000000 ) ) ;
#11997 = DIRECTION ( 'NONE',  ( -0.000000000000000000, -1.000000000000000000, -0.000000000000000000 ) ) ;
#11998 = EDGE_LOOP ( 'NONE', ( #8335, #1802, #1066, #3358 ) ) ;
#11999 = CARTESIAN_POINT ( 'NONE',  ( 26.45857864376274549, 9.799999999999998934, -43.30000000000000426 ) ) ;
#12000 = ORIENTED_EDGE ( 'NONE', *, *, #12019, .F. ) ;
#12001 = DIRECTION ( 'NONE',  ( 0.000000000000000000, 0.000000000000000000, -1.000000000000000000 ) ) ;
#12002 = CYLINDRICAL_SURFACE ( 'NONE', #11878, 1.000000000000000888 ) ;
#12003 = AXIS2_PLACEMENT_3D ( 'NONE', #8184, #1359, #5213 ) ;
#12004 = EDGE_CURVE ( 'NONE', #2241, #5606, #5460, .T. ) ;
#12005 = DIRECTION ( 'NONE',  ( -0.000000000000000000, -1.000000000000000000, -0.000000000000000000 ) ) ;
#12006 = ORIENTED_EDGE ( 'NONE', *, *, #5313, .T. ) ;
#12007 = DIRECTION ( 'NONE',  ( 0.000000000000000000, 1.000000000000000000, 0.000000000000000000 ) ) ;
#12008 = EDGE_CURVE ( 'NONE', #12393, #4597, #10, .T. ) ;
#12009 = ORIENTED_EDGE ( 'NONE', *, *, #6694, .F. ) ;
#12010 = EDGE_LOOP ( 'NONE', ( #3202, #7069, #877, #6735 ) ) ;
#12011 = CARTESIAN_POINT ( 'NONE',  ( 71.09999999999998010, 5.000000000000000000, 3.100000000000000977 ) ) ;
#12012 = FACE_OUTER_BOUND ( 'NONE', #6950, .T. ) ;
#12013 = ORIENTED_EDGE ( 'NONE', *, *, #8288, .F. ) ;
#12014 = VERTEX_POINT ( 'NONE', #917 ) ;
#12015 = DIRECTION ( 'NONE',  ( -4.818676322157797621E-17, -0.000000000000000000, -1.000000000000000000 ) ) ;
#12016 = EDGE_CURVE ( 'NONE', #8209, #11362, #4661, .T. ) ;
#12017 = AXIS2_PLACEMENT_3D ( 'NONE', #971, #4829, #6782 ) ;
#12018 = CARTESIAN_POINT ( 'NONE',  ( 72.49999999999991473, 2.000000000000000000, -30.99999999999998579 ) ) ;
#12019 = EDGE_CURVE ( 'NONE', #3420, #9727, #414, .T. ) ;
#12020 = AXIS2_PLACEMENT_3D ( 'NONE', #4093, #7946, #11820 ) ;
#12021 = VERTEX_POINT ( 'NONE', #9400 ) ;
#12022 = ORIENTED_EDGE ( 'NONE', *, *, #9682, .F. ) ;
#12023 = EDGE_LOOP ( 'NONE', ( #11511, #3795, #5733, #4484 ) ) ;
#12024 = DIRECTION ( 'NONE',  ( 0.000000000000000000, 0.000000000000000000, 1.000000000000000000 ) ) ;
#12025 = LINE ( 'NONE', #373, #570 ) ;
#12026 = CARTESIAN_POINT ( 'NONE',  ( 52.00000000000000000, 2.000000000000000000, -31.14999999999999858 ) ) ;
#12027 = ORIENTED_EDGE ( 'NONE', *, *, #5820, .F. ) ;
#12028 = CARTESIAN_POINT ( 'NONE',  ( 24.47867965644041277, 9.799999999999998934, -41.32010101267766089 ) ) ;
#12029 = FACE_BOUND ( 'NONE', #1761, .T. ) ;
#12030 = VECTOR ( 'NONE', #10217, 1000.000000000000000 ) ;
#12031 = CARTESIAN_POINT ( 'NONE',  ( 11.99999999999992006, 11.00000000000000000, -38.99999999999992184 ) ) ;
#12032 = EDGE_CURVE ( 'NONE', #929, #409, #8705, .T. ) ;
#12033 = AXIS2_PLACEMENT_3D ( 'NONE', #225, #7935, #6210 ) ;
#12034 = VECTOR ( 'NONE', #10632, 1000.000000000000000 ) ;
#12035 = EDGE_LOOP ( 'NONE', ( #10431, #11695 ) ) ;
#12036 = CARTESIAN_POINT ( 'NONE',  ( 73.50000000000000000, 11.00000000000000000, -6.500000000000004441 ) ) ;
#12037 = FACE_OUTER_BOUND ( 'NONE', #9096, .T. ) ;
#12038 = ORIENTED_EDGE ( 'NONE', *, *, #11476, .F. ) ;
#12039 = VERTEX_POINT ( 'NONE', #5593 ) ;
#12040 = CARTESIAN_POINT ( 'NONE',  ( 76.00000000000000000, 2.000000000000000000, -43.50000000000000000 ) ) ;
#12041 = PLANE ( 'NONE',  #8115 ) ;
#12042 = DIRECTION ( 'NONE',  ( 0.7071067811865480168, 0.000000000000000000, 0.7071067811865470176 ) ) ;
#12043 = CARTESIAN_POINT ( 'NONE',  ( 20.99999999999994316, 11.00000000000000000, -24.49999999999999289 ) ) ;
#12044 = ORIENTED_EDGE ( 'NONE', *, *, #2654, .T. ) ;
#12045 = CARTESIAN_POINT ( 'NONE',  ( 35.49999999999999289, 11.00000000000000000, -25.49999999999996092 ) ) ;
#12046 = DIRECTION ( 'NONE',  ( -0.000000000000000000, -1.000000000000000000, 0.000000000000000000 ) ) ;
#12047 = LINE ( 'NONE', #10083, #9207 ) ;
#12048 = ADVANCED_FACE ( 'NONE', ( #3760 ), #12247, .T. ) ;
#12049 = ADVANCED_FACE ( 'NONE', ( #10600 ), #7427, .T. ) ;
#12050 = VECTOR ( 'NONE', #2280, 1000.000000000000000 ) ;
#12051 = LINE ( 'NONE', #7229, #9139 ) ;
#12052 = LINE ( 'NONE', #3371, #11732 ) ;
#12053 = EDGE_LOOP ( 'NONE', ( #12000, #5807, #4641, #7076 ) ) ;
#12054 = CARTESIAN_POINT ( 'NONE',  ( 53.00000000000000000, 11.00000000000000000, -32.14999999999999858 ) ) ;
#12055 = CARTESIAN_POINT ( 'NONE',  ( 59.00000000000000711, 2.000000000000000000, -16.49999999999990408 ) ) ;
#12056 = DIRECTION ( 'NONE',  ( 0.000000000000000000, 0.000000000000000000, 1.000000000000000000 ) ) ;
#12057 = VERTEX_POINT ( 'NONE', #6599 ) ;
#12058 = CARTESIAN_POINT ( 'NONE',  ( 20.99999999999997158, 2.000000000000000000, -15.49999999999999645 ) ) ;
#12059 = ORIENTED_EDGE ( 'NONE', *, *, #11250, .F. ) ;
#12060 = AXIS2_PLACEMENT_3D ( 'NONE', #1773, #10387, #1712 ) ;
#12061 = CARTESIAN_POINT ( 'NONE',  ( 63.49999999999997158, 11.00000000000000000, -19.99999999999993605 ) ) ;
#12062 = LINE ( 'NONE', #3323, #1400 ) ;
#12063 = FACE_OUTER_BOUND ( 'NONE', #7444, .T. ) ;
#12064 = ORIENTED_EDGE ( 'NONE', *, *, #6308, .T. ) ;
#12065 = ADVANCED_FACE ( 'NONE', ( #9588 ), #10472, .T. ) ;
#12066 = ORIENTED_EDGE ( 'NONE', *, *, #2474, .F. ) ;
#12067 = ORIENTED_EDGE ( 'NONE', *, *, #7482, .F. ) ;
#12068 = DIRECTION ( 'NONE',  ( 0.000000000000000000, 0.000000000000000000, -1.000000000000000000 ) ) ;
#12069 = DIRECTION ( 'NONE',  ( 0.000000000000000000, -0.000000000000000000, 1.000000000000000000 ) ) ;
#12070 = EDGE_LOOP ( 'NONE', ( #3075, #5701 ) ) ;
#12071 = VERTEX_POINT ( 'NONE', #2805 ) ;
#12072 = DIRECTION ( 'NONE',  ( 0.7071067811865436870, 0.000000000000000000, 0.7071067811865513475 ) ) ;
#12073 = CARTESIAN_POINT ( 'NONE',  ( 48.49999999999999289, 2.000000000000000000, -29.99999999999992895 ) ) ;
#12074 = EDGE_CURVE ( 'NONE', #9629, #11898, #9528, .T. ) ;
#12075 = AXIS2_PLACEMENT_3D ( 'NONE', #2679, #6541, #10414 ) ;
#12076 = EDGE_CURVE ( 'NONE', #2399, #2689, #838, .T. ) ;
#12077 = ORIENTED_EDGE ( 'NONE', *, *, #9937, .T. ) ;
#12078 = EDGE_CURVE ( 'NONE', #6269, #8752, #2635, .T. ) ;
#12079 = ORIENTED_EDGE ( 'NONE', *, *, #8200, .T. ) ;
#12080 = ORIENTED_EDGE ( 'NONE', *, *, #7523, .F. ) ;
#12081 = DIRECTION ( 'NONE',  ( 0.000000000000000000, 0.000000000000000000, 1.000000000000000000 ) ) ;
#12082 = CARTESIAN_POINT ( 'NONE',  ( 17.13664863476204303, 11.00000000000000000, -44.13664863476203948 ) ) ;
#12083 = EDGE_CURVE ( 'NONE', #5157, #11624, #3862, .T. ) ;
#12084 = CARTESIAN_POINT ( 'NONE',  ( 1.000000000000000888, 9.799999999999998934, -44.89029455227312582 ) ) ;
#12085 = VERTEX_POINT ( 'NONE', #2107 ) ;
#12086 = VECTOR ( 'NONE', #8551, 1000.000000000000000 ) ;
#12087 = CARTESIAN_POINT ( 'NONE',  ( 53.54142135623727938, 11.00000000000000000, -40.50000000000000711 ) ) ;
#12088 = FACE_BOUND ( 'NONE', #3836, .T. ) ;
#12089 = CARTESIAN_POINT ( 'NONE',  ( 0.000000000000000000, 11.00000000000000000, 3.100000000000000089 ) ) ;
#12090 = CIRCLE ( 'NONE', #3196, 0.9999999999999974465 ) ;
#12091 = AXIS2_PLACEMENT_3D ( 'NONE', #2505, #752, #4679 ) ;
#12092 = CIRCLE ( 'NONE', #10480, 1.000000000000000888 ) ;
#12093 = ORIENTED_EDGE ( 'NONE', *, *, #7529, .F. ) ;
#12094 = DIRECTION ( 'NONE',  ( 0.000000000000000000, 1.000000000000000000, 0.000000000000000000 ) ) ;
#12095 = PLANE ( 'NONE',  #6886 ) ;
#12096 = ORIENTED_EDGE ( 'NONE', *, *, #4470, .T. ) ;
#12097 = ORIENTED_EDGE ( 'NONE', *, *, #11600, .F. ) ;
#12098 = DIRECTION ( 'NONE',  ( 4.818676322157797621E-17, 0.000000000000000000, 1.000000000000000000 ) ) ;
#12099 = EDGE_CURVE ( 'NONE', #1176, #4780, #1844, .T. ) ;
#12100 = VECTOR ( 'NONE', #10358, 1000.000000000000000 ) ;
#12101 = CARTESIAN_POINT ( 'NONE',  ( 43.50000000000000000, 11.00000000000000000, -41.23776336359134831 ) ) ;
#12102 = DIRECTION ( 'NONE',  ( -1.000000000000000000, 0.000000000000000000, 1.046998235667619153E-14 ) ) ;
#12103 = CARTESIAN_POINT ( 'NONE',  ( 58.99999999999995737, 11.00000000000000000, -28.99999999999989697 ) ) ;
#12104 = EDGE_LOOP ( 'NONE', ( #9310, #755, #9938, #2171 ) ) ;
#12105 = CARTESIAN_POINT ( 'NONE',  ( 7.499999999999992895, 11.00000000000000000, -21.99999999999989697 ) ) ;
#12106 = CIRCLE ( 'NONE', #6430, 0.9999999999999974465 ) ;
#12107 = AXIS2_PLACEMENT_3D ( 'NONE', #1976, #11803, #5969 ) ;
#12108 = DIRECTION ( 'NONE',  ( 0.000000000000000000, 1.000000000000000000, 0.000000000000000000 ) ) ;
#12109 = DIRECTION ( 'NONE',  ( -0.000000000000000000, -1.000000000000000000, -0.000000000000000000 ) ) ;
#12110 = AXIS2_PLACEMENT_3D ( 'NONE', #1446, #10046, #11831 ) ;
#12111 = AXIS2_PLACEMENT_3D ( 'NONE', #6441, #758, #8343 ) ;
#12112 = CARTESIAN_POINT ( 'NONE',  ( 44.50000000000000000, 11.00000000000000000, -15.49999999999994493 ) ) ;
#12113 = VECTOR ( 'NONE', #6457, 1000.000000000000000 ) ;
#12114 = CIRCLE ( 'NONE', #1207, 2.447087127489769198 ) ;
#12115 = FACE_OUTER_BOUND ( 'NONE', #9599, .T. ) ;
#12116 = VERTEX_POINT ( 'NONE', #9717 ) ;
#12117 = DIRECTION ( 'NONE',  ( 0.000000000000000000, 0.000000000000000000, -1.000000000000000000 ) ) ;
#12118 = EDGE_CURVE ( 'NONE', #5949, #8957, #7907, .T. ) ;
#12119 = DIRECTION ( 'NONE',  ( 1.000000000000000000, 0.000000000000000000, 0.000000000000000000 ) ) ;
#12120 = DIRECTION ( 'NONE',  ( -0.000000000000000000, -1.000000000000000000, -0.000000000000000000 ) ) ;
#12121 = VERTEX_POINT ( 'NONE', #1046 ) ;
#12122 = DIRECTION ( 'NONE',  ( 0.000000000000000000, 0.000000000000000000, 1.000000000000000000 ) ) ;
#12123 = ORIENTED_EDGE ( 'NONE', *, *, #11045, .F. ) ;
#12124 = CARTESIAN_POINT ( 'NONE',  ( 27.00000000000000355, 11.00000000000000000, -32.14999999999999858 ) ) ;
#12125 = CARTESIAN_POINT ( 'NONE',  ( 28.00000000000000355, 11.00000000000000000, -31.14999999999999858 ) ) ;
#12126 = VECTOR ( 'NONE', #2476, 1000.000000000000000 ) ;
#12127 = AXIS2_PLACEMENT_3D ( 'NONE', #7210, #6317, #1329 ) ;
#12128 = VECTOR ( 'NONE', #4467, 1000.000000000000000 ) ;
#12129 = DIRECTION ( 'NONE',  ( 0.000000000000000000, 0.000000000000000000, 1.000000000000000000 ) ) ;
#12130 = DIRECTION ( 'NONE',  ( -0.000000000000000000, -1.000000000000000000, -0.000000000000000000 ) ) ;
#12131 = EDGE_CURVE ( 'NONE', #1043, #12057, #6474, .T. ) ;
#12132 = ORIENTED_EDGE ( 'NONE', *, *, #11035, .F. ) ;
#12133 = AXIS2_PLACEMENT_3D ( 'NONE', #450, #2335, #1227 ) ;
#12134 = ORIENTED_EDGE ( 'NONE', *, *, #685, .F. ) ;
#12135 = ORIENTED_EDGE ( 'NONE', *, *, #12118, .F. ) ;
#12136 = CARTESIAN_POINT ( 'NONE',  ( 27.36984848098341416, 9.799999999999998934, -38.50000000000000711 ) ) ;
#12137 = LINE ( 'NONE', #11256, #10104 ) ;
#12138 = ORIENTED_EDGE ( 'NONE', *, *, #4529, .F. ) ;
#12139 = ORIENTED_EDGE ( 'NONE', *, *, #3033, .F. ) ;
#12140 = PLANE ( 'NONE',  #5944 ) ;
#12141 = ADVANCED_BREP_SHAPE_REPRESENTATION ( 'heatsink', ( #8795, #9936 ), #10551 ) ;
#12142 = DIRECTION ( 'NONE',  ( 0.000000000000000000, 0.000000000000000000, 1.000000000000000000 ) ) ;
#12143 = CIRCLE ( 'NONE', #3248, 0.9999999999999974465 ) ;
#12144 = CIRCLE ( 'NONE', #7493, 0.9999999999999974465 ) ;
#12145 = EDGE_LOOP ( 'NONE', ( #11387, #9690, #11334, #601 ) ) ;
#12146 = ORIENTED_EDGE ( 'NONE', *, *, #7090, .T. ) ;
#12147 = VERTEX_POINT ( 'NONE', #10913 ) ;
#12148 = CYLINDRICAL_SURFACE ( 'NONE', #12091, 0.9999999999999974465 ) ;
#12149 = LINE ( 'NONE', #12082, #9679 ) ;
#12150 = CIRCLE ( 'NONE', #9738, 2.500000000000000444 ) ;
#12151 = DIRECTION ( 'NONE',  ( 0.000000000000000000, 0.000000000000000000, -1.000000000000000000 ) ) ;
#12152 = ORIENTED_EDGE ( 'NONE', *, *, #759, .F. ) ;
#12153 = EDGE_CURVE ( 'NONE', #680, #9394, #3890, .T. ) ;
#12154 = CARTESIAN_POINT ( 'NONE',  ( 0.9999999999999870104, 9.799999999999998934, -5.200000000000043698 ) ) ;
#12155 = FACE_BOUND ( 'NONE', #3589, .T. ) ;
#12156 = CARTESIAN_POINT ( 'NONE',  ( 67.99999999999992895, 11.00000000000000000, -29.99999999999995737 ) ) ;
#12157 = CIRCLE ( 'NONE', #11159, 0.9999999999999974465 ) ;
#12158 = EDGE_CURVE ( 'NONE', #8085, #6641, #11347, .T. ) ;
#12159 = ORIENTED_EDGE ( 'NONE', *, *, #6935, .F. ) ;
#12160 = LINE ( 'NONE', #3478, #8624 ) ;
#12161 = ORIENTED_EDGE ( 'NONE', *, *, #2579, .F. ) ;
#12162 = ORIENTED_EDGE ( 'NONE', *, *, #5577, .F. ) ;
#12163 = CARTESIAN_POINT ( 'NONE',  ( 45.26776695296636888, 1.999999999999998224, -43.00553031655771719 ) ) ;
#12164 = DIRECTION ( 'NONE',  ( 0.000000000000000000, 0.000000000000000000, -1.000000000000000000 ) ) ;
#12165 = VERTEX_POINT ( 'NONE', #7987 ) ;
#12166 = EDGE_CURVE ( 'NONE', #9734, #7115, #11761, .T. ) ;
#12167 = DIRECTION ( 'NONE',  ( 0.000000000000000000, 1.000000000000000000, 0.000000000000000000 ) ) ;
#12168 = DIRECTION ( 'NONE',  ( -0.000000000000000000, -1.000000000000000000, -0.000000000000000000 ) ) ;
#12169 = ORIENTED_EDGE ( 'NONE', *, *, #11641, .F. ) ;
#12170 = PLANE ( 'NONE',  #5220 ) ;
#12171 = DIRECTION ( 'NONE',  ( 0.000000000000000000, 0.000000000000000000, -1.000000000000000000 ) ) ;
#12172 = FACE_OUTER_BOUND ( 'NONE', #3798, .T. ) ;
#12173 = EDGE_CURVE ( 'NONE', #10598, #11658, #8714, .T. ) ;
#12174 = ADVANCED_FACE ( 'NONE', ( #4081 ), #3178, .T. ) ;
#12175 = CARTESIAN_POINT ( 'NONE',  ( 34.24386001800125001, 9.799999999999998934, -1.000000000000002665 ) ) ;
#12176 = CARTESIAN_POINT ( 'NONE',  ( 53.50000000000000000, -21.88036781070453785, -37.29999999999996874 ) ) ;
#12177 = EDGE_LOOP ( 'NONE', ( #8420, #6953, #10184, #6895 ) ) ;
#12178 = FACE_OUTER_BOUND ( 'NONE', #4994, .T. ) ;
#12179 = CYLINDRICAL_SURFACE ( 'NONE', #6481, 1.000000000000000888 ) ;
#12180 = CARTESIAN_POINT ( 'NONE',  ( 60.08736290225569121, 11.00000000000000000, -4.732233047033635565 ) ) ;
#12181 = FACE_OUTER_BOUND ( 'NONE', #7176, .T. ) ;
#12182 = ORIENTED_EDGE ( 'NONE', *, *, #6052, .T. ) ;
#12183 = CARTESIAN_POINT ( 'NONE',  ( 0.000000000000000000, 2.000000000000000000, -46.00000000000000000 ) ) ;
#12184 = EDGE_LOOP ( 'NONE', ( #1360, #7927, #1258, #3960 ) ) ;
#12185 = CYLINDRICAL_SURFACE ( 'NONE', #6967, 1.699999999999996625 ) ;
#12186 = EDGE_CURVE ( 'NONE', #9049, #9997, #9902, .T. ) ;
#12187 = DIRECTION ( 'NONE',  ( 0.000000000000000000, 0.000000000000000000, 1.000000000000000000 ) ) ;
#12188 = EDGE_CURVE ( 'NONE', #11017, #10238, #5025, .T. ) ;
#12189 = DIRECTION ( 'NONE',  ( -0.000000000000000000, -1.000000000000000000, -0.000000000000000000 ) ) ;
#12190 = CARTESIAN_POINT ( 'NONE',  ( 48.49999999999999289, 2.000000000000000000, -16.49999999999993250 ) ) ;
#12191 = EDGE_LOOP ( 'NONE', ( #10099, #3455 ) ) ;
#12192 = ORIENTED_EDGE ( 'NONE', *, *, #12240, .T. ) ;
#12193 = VERTEX_POINT ( 'NONE', #7743 ) ;
#12194 = CARTESIAN_POINT ( 'NONE',  ( 79.99990370118348437, 9.799999999999998934, -1.005922452988877946 ) ) ;
#12195 = FACE_OUTER_BOUND ( 'NONE', #1269, .T. ) ;
#12196 = ORIENTED_EDGE ( 'NONE', *, *, #8759, .T. ) ;
#12197 = ORIENTED_EDGE ( 'NONE', *, *, #11046, .F. ) ;
#12198 = CARTESIAN_POINT ( 'NONE',  ( 7.500000000000007105, 11.00000000000000000, -16.49999999999990408 ) ) ;
#12199 = CIRCLE ( 'NONE', #4714, 0.9999999999999974465 ) ;
#12200 = CARTESIAN_POINT ( 'NONE',  ( 64.64386001800129122, 9.799999999999998934, -46.19999999999999574 ) ) ;
#12201 = EDGE_CURVE ( 'NONE', #1470, #3018, #12144, .T. ) ;
#12202 = ADVANCED_FACE ( 'NONE', ( #11616 ), #2925, .T. ) ;
#12203 = AXIS2_PLACEMENT_3D ( 'NONE', #2454, #3529, #6315 ) ;
#12204 = ORIENTED_EDGE ( 'NONE', *, *, #6778, .F. ) ;
#12205 = ORIENTED_EDGE ( 'NONE', *, *, #7716, .T. ) ;
#12206 = ORIENTED_EDGE ( 'NONE', *, *, #7366, .F. ) ;
#12207 = EDGE_LOOP ( 'NONE', ( #5297, #1284, #12216, #9930 ) ) ;
#12208 = FACE_OUTER_BOUND ( 'NONE', #10856, .T. ) ;
#12209 = CARTESIAN_POINT ( 'NONE',  ( 22.49999999999999645, 2.000000000000000000, -10.85512985522204765 ) ) ;
#12210 = LINE ( 'NONE', #1579, #2095 ) ;
#12211 = VERTEX_POINT ( 'NONE', #5847 ) ;
#12212 = CARTESIAN_POINT ( 'NONE',  ( 35.49999999999999289, 2.000000000000000000, -11.99999999999996270 ) ) ;
#12213 = CARTESIAN_POINT ( 'NONE',  ( 40.99999999999999289, 11.00000000000000000, -41.23776336359135541 ) ) ;
#12214 = CARTESIAN_POINT ( 'NONE',  ( 63.49999999999995737, 11.00000000000000000, -24.49999999999993250 ) ) ;
#12215 = AXIS2_PLACEMENT_3D ( 'NONE', #9360, #12263, #5682 ) ;
#12216 = ORIENTED_EDGE ( 'NONE', *, *, #3953, .T. ) ;
#12217 = DIRECTION ( 'NONE',  ( 0.000000000000000000, 0.000000000000000000, 1.000000000000000000 ) ) ;
#12218 = AXIS2_PLACEMENT_3D ( 'NONE', #11188, #3697, #5666 ) ;
#12219 = ORIENTED_EDGE ( 'NONE', *, *, #10458, .F. ) ;
#12220 = ORIENTED_EDGE ( 'NONE', *, *, #6511, .T. ) ;
#12221 = CARTESIAN_POINT ( 'NONE',  ( 11.99999999999994849, 11.00000000000000000, -28.99999999999992895 ) ) ;
#12222 = DIRECTION ( 'NONE',  ( -0.000000000000000000, -1.000000000000000000, -0.000000000000000000 ) ) ;
#12223 = EDGE_CURVE ( 'NONE', #5197, #10517, #7801, .T. ) ;
#12224 = CYLINDRICAL_SURFACE ( 'NONE', #3700, 0.9999999999999974465 ) ;
#12225 = ORIENTED_EDGE ( 'NONE', *, *, #5725, .F. ) ;
#12226 = DIRECTION ( 'NONE',  ( 0.000000000000000000, 0.000000000000000000, -1.000000000000000000 ) ) ;
#12227 = DIRECTION ( 'NONE',  ( -0.000000000000000000, -1.000000000000000000, -0.000000000000000000 ) ) ;
#12228 = ORIENTED_EDGE ( 'NONE', *, *, #1098, .F. ) ;
#12229 = EDGE_CURVE ( 'NONE', #3192, #6119, #2053, .T. ) ;
#12230 = LINE ( 'NONE', #11355, #2379 ) ;
#12231 = DIRECTION ( 'NONE',  ( 0.000000000000000000, 0.000000000000000000, 1.000000000000000000 ) ) ;
#12232 = DIRECTION ( 'NONE',  ( 0.000000000000000000, 0.000000000000000000, 1.000000000000000000 ) ) ;
#12233 = CIRCLE ( 'NONE', #7387, 2.800000000000002931 ) ;
#12234 = AXIS2_PLACEMENT_3D ( 'NONE', #4024, #6104, #1059 ) ;
#12235 = EDGE_CURVE ( 'NONE', #11162, #8057, #6918, .T. ) ;
#12236 = DIRECTION ( 'NONE',  ( -0.000000000000000000, 1.000000000000000000, -0.000000000000000000 ) ) ;
#12237 = FACE_OUTER_BOUND ( 'NONE', #1680, .T. ) ;
#12238 = ORIENTED_EDGE ( 'NONE', *, *, #2694, .T. ) ;
#12239 = CARTESIAN_POINT ( 'NONE',  ( 7.500000000000041744, 11.00000000000000000, -8.499999999999904077 ) ) ;
#12240 = EDGE_CURVE ( 'NONE', #8180, #852, #3658, .T. ) ;
#12241 = CYLINDRICAL_SURFACE ( 'NONE', #3450, 0.9999999999999974465 ) ;
#12242 = AXIS2_PLACEMENT_3D ( 'NONE', #3950, #2992, #1868 ) ;
#12243 = VERTEX_POINT ( 'NONE', #3491 ) ;
#12244 = ADVANCED_FACE ( 'NONE', ( #7356 ), #6151, .T. ) ;
#12245 = CARTESIAN_POINT ( 'NONE',  ( 64.64386001800130543, 9.799999999999998934, -49.20000000000000995 ) ) ;
#12246 = ORIENTED_EDGE ( 'NONE', *, *, #4108, .T. ) ;
#12247 = CYLINDRICAL_SURFACE ( 'NONE', #11754, 1.000000000000000888 ) ;
#12248 = VERTEX_POINT ( 'NONE', #5269 ) ;
#12249 = CARTESIAN_POINT ( 'NONE',  ( 72.89939033455932815, 9.799999999999998934, 7.100609665440744678 ) ) ;
#12250 = DIRECTION ( 'NONE',  ( 0.000000000000000000, 1.000000000000000000, 0.000000000000000000 ) ) ;
#12251 = CIRCLE ( 'NONE', #3757, 1.699999999999993072 ) ;
#12252 = DIRECTION ( 'NONE',  ( 1.000000000000000000, 0.000000000000000000, 6.999854048275122104E-16 ) ) ;
#12253 = CARTESIAN_POINT ( 'NONE',  ( 36.49999999999999289, -21.88036781070453785, -43.73776336359135541 ) ) ;
#12254 = LINE ( 'NONE', #2682, #11115 ) ;
#12255 = LINE ( 'NONE', #3834, #7702 ) ;
#12256 = VERTEX_POINT ( 'NONE', #585 ) ;
#12257 = EDGE_LOOP ( 'NONE', ( #8770, #4738 ) ) ;
#12258 = DIRECTION ( 'NONE',  ( 0.000000000000000000, 0.000000000000000000, 1.000000000000000000 ) ) ;
#12259 = DIRECTION ( 'NONE',  ( 0.7071067811865516806, 0.000000000000000000, 0.7071067811865434649 ) ) ;
#12260 = EDGE_CURVE ( 'NONE', #2638, #12085, #8047, .T. ) ;
#12261 = VERTEX_POINT ( 'NONE', #3367 ) ;
#12262 = ORIENTED_EDGE ( 'NONE', *, *, #6281, .F. ) ;
#12263 = DIRECTION ( 'NONE',  ( -0.000000000000000000, 1.000000000000000000, -0.000000000000000000 ) ) ;
#12264 = DIRECTION ( 'NONE',  ( -1.000000000000000000, 0.000000000000000000, 3.496519228280624712E-16 ) ) ;
#12265 = VECTOR ( 'NONE', #5510, 1000.000000000000000 ) ;
#12266 = EDGE_LOOP ( 'NONE', ( #12064, #1935, #8398, #12379, #3946, #6160, #8960, #7326, #8298, #4213, #1416, #12067, #11063, #12022, #5065, #9863, #9184, #5416, #7945, #3066, #7592, #3772, #354, #9363, #5174, #887, #2896, #5148, #2833, #3481, #6691, #12282, #1488, #1944, #9110, #11221, #5615, #1263, #9243, #6870, #8275, #8568 ) ) ;
#12267 = ORIENTED_EDGE ( 'NONE', *, *, #10890, .T. ) ;
#12268 = ORIENTED_EDGE ( 'NONE', *, *, #11395, .T. ) ;
#12269 = CYLINDRICAL_SURFACE ( 'NONE', #5221, 3.000000000000002665 ) ;
#12270 = CYLINDRICAL_SURFACE ( 'NONE', #3212, 2.800000000000002043 ) ;
#12271 = ADVANCED_FACE ( 'NONE', ( #4445 ), #6209, .T. ) ;
#12272 = PLANE ( 'NONE',  #6124 ) ;
#12273 = EDGE_LOOP ( 'NONE', ( #2656, #6459 ) ) ;
#12274 = CARTESIAN_POINT ( 'NONE',  ( 36.35096679918766682, 9.799999999999998934, -46.32132034355964123 ) ) ;
#12275 = LINE ( 'NONE', #10508, #12444 ) ;
#12276 = DIRECTION ( 'NONE',  ( -0.7071067811865486830, 0.000000000000000000, -0.7071067811865464625 ) ) ;
#12277 = AXIS2_PLACEMENT_3D ( 'NONE', #5464, #2797, #3754 ) ;
#12278 = ORIENTED_EDGE ( 'NONE', *, *, #7293, .T. ) ;
#12279 = CARTESIAN_POINT ( 'NONE',  ( 6.500000000000000888, 2.000000000000000000, -43.50000000000000000 ) ) ;
#12280 = CIRCLE ( 'NONE', #7215, 0.9999999999999974465 ) ;
#12281 = ORIENTED_EDGE ( 'NONE', *, *, #760, .T. ) ;
#12282 = ORIENTED_EDGE ( 'NONE', *, *, #5301, .F. ) ;
#12283 = CARTESIAN_POINT ( 'NONE',  ( 20.99999999999997158, 2.000000000000000000, -16.49999999999999289 ) ) ;
#12284 = FACE_OUTER_BOUND ( 'NONE', #820, .T. ) ;
#12285 = ADVANCED_FACE ( 'NONE', ( #11229 ), #6095, .F. ) ;
#12286 = PLANE ( 'NONE',  #11591 ) ;
#12287 = ORIENTED_EDGE ( 'NONE', *, *, #861, .F. ) ;
#12288 = CARTESIAN_POINT ( 'NONE',  ( 35.49999999999999289, 11.00000000000000000, -20.99999999999996447 ) ) ;
#12289 = CARTESIAN_POINT ( 'NONE',  ( 20.99999999999991473, 11.00000000000000000, -29.99999999999998934 ) ) ;
#12290 = DIRECTION ( 'NONE',  ( 0.000000000000000000, 1.000000000000000000, 0.000000000000000000 ) ) ;
#12291 = CARTESIAN_POINT ( 'NONE',  ( 65.76223663640863037, 2.000000000000000000, -46.00000000000000000 ) ) ;
#12292 = CIRCLE ( 'NONE', #11296, 0.9999999999999974465 ) ;
#12293 = VECTOR ( 'NONE', #10709, 1000.000000000000000 ) ;
#12294 = CYLINDRICAL_SURFACE ( 'NONE', #7924, 0.9999999999999974465 ) ;
#12295 = PLANE ( 'NONE',  #10738 ) ;
#12296 = ORIENTED_EDGE ( 'NONE', *, *, #4045, .T. ) ;
#12297 = FACE_OUTER_BOUND ( 'NONE', #9286, .T. ) ;
#12298 = CIRCLE ( 'NONE', #2002, 0.9999999999999974465 ) ;
#12299 = DIRECTION ( 'NONE',  ( 0.000000000000000000, 0.000000000000000000, -1.000000000000000000 ) ) ;
#12300 = AXIS2_PLACEMENT_3D ( 'NONE', #6502, #12340, #7521 ) ;
#12301 = AXIS2_PLACEMENT_3D ( 'NONE', #1273, #7206, #5123 ) ;
#12302 = ORIENTED_EDGE ( 'NONE', *, *, #5014, .T. ) ;
#12303 = FACE_OUTER_BOUND ( 'NONE', #2442, .T. ) ;
#12304 = ORIENTED_EDGE ( 'NONE', *, *, #10086, .T. ) ;
#12305 = DIRECTION ( 'NONE',  ( 0.000000000000000000, 1.000000000000000000, 0.000000000000000000 ) ) ;
#12306 = ORIENTED_EDGE ( 'NONE', *, *, #11491, .T. ) ;
#12307 = EDGE_CURVE ( 'NONE', #10881, #2372, #11103, .T. ) ;
#12308 = CARTESIAN_POINT ( 'NONE',  ( 7.499999999999992895, 11.00000000000000000, -19.99999999999990408 ) ) ;
#12309 = CARTESIAN_POINT ( 'NONE',  ( 21.58517677218592468, 9.799999999999998934, 21.58517677218592468 ) ) ;
#12310 = EDGE_CURVE ( 'NONE', #3460, #7201, #522, .T. ) ;
#12311 = EDGE_CURVE ( 'NONE', #1550, #8349, #4376, .T. ) ;
#12312 = CIRCLE ( 'NONE', #10904, 0.9999999999999974465 ) ;
#12313 = AXIS2_PLACEMENT_3D ( 'NONE', #9616, #5751, #4797 ) ;
#12314 = ADVANCED_FACE ( 'NONE', ( #459 ), #7103, .T. ) ;
#12315 = CYLINDRICAL_SURFACE ( 'NONE', #2021, 0.9999999999999974465 ) ;
#12316 = LINE ( 'NONE', #4776, #400 ) ;
#12317 = AXIS2_PLACEMENT_3D ( 'NONE', #9538, #864, #983 ) ;
#12318 = PLANE ( 'NONE',  #4464 ) ;
#12319 = VERTEX_POINT ( 'NONE', #1347 ) ;
#12320 = VERTEX_POINT ( 'NONE', #2287 ) ;
#12321 = DIRECTION ( 'NONE',  ( 0.000000000000000000, 0.000000000000000000, -1.000000000000000000 ) ) ;
#12322 = DIRECTION ( 'NONE',  ( 0.000000000000000000, 1.000000000000000000, 0.000000000000000000 ) ) ;
#12323 = VECTOR ( 'NONE', #455, 1000.000000000000000 ) ;
#12324 = VERTEX_POINT ( 'NONE', #10021 ) ;
#12325 = VERTEX_POINT ( 'NONE', #10209 ) ;
#12326 = ADVANCED_FACE ( 'NONE', ( #2472 ), #1419, .T. ) ;
#12327 = AXIS2_PLACEMENT_3D ( 'NONE', #6613, #8264, #1565 ) ;
#12328 = CYLINDRICAL_SURFACE ( 'NONE', #8982, 0.9999999999999974465 ) ;
#12329 = AXIS2_PLACEMENT_3D ( 'NONE', #1084, #7848, #6897 ) ;
#12330 = LINE ( 'NONE', #3655, #10453 ) ;
#12331 = ADVANCED_FACE ( 'NONE', ( #2345 ), #8116, .F. ) ;
#12332 = EDGE_CURVE ( 'NONE', #7218, #2262, #235, .T. ) ;
#12333 = AXIS2_PLACEMENT_3D ( 'NONE', #1989, #4909, #5792 ) ;
#12334 = CIRCLE ( 'NONE', #11133, 0.9999999999999974465 ) ;
#12335 = ORIENTED_EDGE ( 'NONE', *, *, #5943, .F. ) ;
#12336 = ORIENTED_EDGE ( 'NONE', *, *, #5470, .T. ) ;
#12337 = CARTESIAN_POINT ( 'NONE',  ( 7.499999999999971578, 11.00000000000000000, -25.49999999999989697 ) ) ;
#12338 = ORIENTED_EDGE ( 'NONE', *, *, #1335, .F. ) ;
#12339 = ORIENTED_EDGE ( 'NONE', *, *, #7824, .T. ) ;
#12340 = DIRECTION ( 'NONE',  ( -0.000000000000000000, -1.000000000000000000, -0.000000000000000000 ) ) ;
#12341 = CARTESIAN_POINT ( 'NONE',  ( 48.49999999999999289, 2.000000000000000000, -35.49999999999992895 ) ) ;
#12342 = DIRECTION ( 'NONE',  ( 0.000000000000000000, 0.000000000000000000, 1.000000000000000000 ) ) ;
#12343 = ORIENTED_EDGE ( 'NONE', *, *, #4913, .T. ) ;
#12344 = CARTESIAN_POINT ( 'NONE',  ( 35.49999999999999289, 2.000000000000000000, -29.99999999999996447 ) ) ;
#12345 = CARTESIAN_POINT ( 'NONE',  ( 63.49999999999997158, 11.00000000000000000, -20.99999999999993250 ) ) ;
#12346 = DIRECTION ( 'NONE',  ( 0.000000000000000000, 1.000000000000000000, 0.000000000000000000 ) ) ;
#12347 = AXIS2_PLACEMENT_3D ( 'NONE', #592, #1671, #4575 ) ;
#12348 = AXIS2_PLACEMENT_3D ( 'NONE', #4979, #8836, #9853 ) ;
#12349 = EDGE_CURVE ( 'NONE', #5737, #7325, #6678, .T. ) ;
#12350 = ORIENTED_EDGE ( 'NONE', *, *, #6229, .T. ) ;
#12351 = AXIS2_PLACEMENT_3D ( 'NONE', #11827, #7896, #53 ) ;
#12352 = CARTESIAN_POINT ( 'NONE',  ( 63.50000000000000000, 2.000000000000000000, -10.99999999999993605 ) ) ;
#12353 = VECTOR ( 'NONE', #334, 1000.000000000000000 ) ;
#12354 = ORIENTED_EDGE ( 'NONE', *, *, #3536, .F. ) ;
#12355 = VERTEX_POINT ( 'NONE', #3307 ) ;
#12356 = CARTESIAN_POINT ( 'NONE',  ( 35.49999999999999289, 11.00000000000000000, -20.99999999999996447 ) ) ;
#12357 = CARTESIAN_POINT ( 'NONE',  ( 16.49999999999989697, 11.00000000000000000, -38.99999999999995026 ) ) ;
#12358 = CARTESIAN_POINT ( 'NONE',  ( 58.99999999999997158, 11.00000000000000000, -24.49999999999990052 ) ) ;
#12359 = ORIENTED_EDGE ( 'NONE', *, *, #4280, .T. ) ;
#12360 = CARTESIAN_POINT ( 'NONE',  ( 72.49999999999997158, 11.00000000000000000, -15.49999999999999645 ) ) ;
#12361 = LINE ( 'NONE', #710, #3602 ) ;
#12362 = CARTESIAN_POINT ( 'NONE',  ( 63.49999999999992895, 11.00000000000000000, -34.49999999999992895 ) ) ;
#12363 = CARTESIAN_POINT ( 'NONE',  ( 7.499999999999944045, 11.00000000000000000, -34.49999999999989342 ) ) ;
#12364 = AXIS2_PLACEMENT_3D ( 'NONE', #6485, #9410, #736 ) ;
#12365 = AXIS2_PLACEMENT_3D ( 'NONE', #654, #8361, #12231 ) ;
#12366 = EDGE_CURVE ( 'NONE', #10946, #1888, #10151, .T. ) ;
#12367 = ADVANCED_FACE ( 'NONE', ( #5391 ), #7542, .T. ) ;
#12368 = AXIS2_PLACEMENT_3D ( 'NONE', #6337, #7991, #5336 ) ;
#12369 = CARTESIAN_POINT ( 'NONE',  ( 20.99999999999995737, 11.00000000000000000, -21.99999999999999289 ) ) ;
#12370 = CARTESIAN_POINT ( 'NONE',  ( 45.75613998199875709, 11.00000000000000000, -1.000000000000002665 ) ) ;
#12371 = ORIENTED_EDGE ( 'NONE', *, *, #2996, .T. ) ;
#12372 = CARTESIAN_POINT ( 'NONE',  ( 67.99999999999990052, 11.00000000000000000, -39.99999999999995026 ) ) ;
#12373 = VECTOR ( 'NONE', #4128, 1000.000000000000000 ) ;
#12374 = DIRECTION ( 'NONE',  ( 0.000000000000000000, -1.000000000000000000, 0.000000000000000000 ) ) ;
#12375 = ORIENTED_EDGE ( 'NONE', *, *, #9454, .F. ) ;
#12376 = CARTESIAN_POINT ( 'NONE',  ( 16.49999999999996447, 11.00000000000000000, -21.99999999999996092 ) ) ;
#12377 = VERTEX_POINT ( 'NONE', #10339 ) ;
#12378 = DIRECTION ( 'NONE',  ( 1.000000000000000000, 0.000000000000000000, -4.408413623863775552E-15 ) ) ;
#12379 = ORIENTED_EDGE ( 'NONE', *, *, #972, .F. ) ;
#12380 = AXIS2_PLACEMENT_3D ( 'NONE', #3182, #2291, #6284 ) ;
#12381 = DIRECTION ( 'NONE',  ( -0.000000000000000000, 1.000000000000000000, -0.000000000000000000 ) ) ;
#12382 = CARTESIAN_POINT ( 'NONE',  ( 28.52132034355956591, 11.00000000000000000, -41.32010101267765378 ) ) ;
#12383 = ADVANCED_FACE ( 'NONE', ( #9388 ), #8623, .T. ) ;
#12384 = VECTOR ( 'NONE', #5582, 1000.000000000000000 ) ;
#12385 = DIRECTION ( 'NONE',  ( 0.000000000000000000, 1.000000000000000000, 0.000000000000000000 ) ) ;
#12386 = DIRECTION ( 'NONE',  ( 0.000000000000000000, 1.000000000000000000, 0.000000000000000000 ) ) ;
#12387 = LINE ( 'NONE', #1874, #4877 ) ;
#12388 = VERTEX_POINT ( 'NONE', #12424 ) ;
#12389 = ORIENTED_EDGE ( 'NONE', *, *, #10121, .F. ) ;
#12390 = DIRECTION ( 'NONE',  ( -1.000000000000000000, 0.000000000000000000, 0.000000000000000000 ) ) ;
#12391 = DIRECTION ( 'NONE',  ( 0.000000000000000000, 0.000000000000000000, 1.000000000000000000 ) ) ;
#12392 = ORIENTED_EDGE ( 'NONE', *, *, #12397, .F. ) ;
#12393 = VERTEX_POINT ( 'NONE', #5713 ) ;
#12394 = FACE_OUTER_BOUND ( 'NONE', #8166, .T. ) ;
#12395 = EDGE_CURVE ( 'NONE', #11783, #3775, #6075, .T. ) ;
#12396 = LINE ( 'NONE', #10492, #5599 ) ;
#12397 = EDGE_CURVE ( 'NONE', #1550, #1189, #6587, .T. ) ;
#12398 = ORIENTED_EDGE ( 'NONE', *, *, #6051, .T. ) ;
#12399 = DIRECTION ( 'NONE',  ( 0.000000000000000000, 1.000000000000000000, 0.000000000000000000 ) ) ;
#12400 = ORIENTED_EDGE ( 'NONE', *, *, #778, .T. ) ;
#12401 = ORIENTED_EDGE ( 'NONE', *, *, #5033, .T. ) ;
#12402 = FACE_OUTER_BOUND ( 'NONE', #6037, .T. ) ;
#12403 = CYLINDRICAL_SURFACE ( 'NONE', #5634, 2.500000000000000444 ) ;
#12404 = AXIS2_PLACEMENT_3D ( 'NONE', #3930, #4061, #7727 ) ;
#12405 = EDGE_CURVE ( 'NONE', #9742, #199, #2233, .T. ) ;
#12406 = CARTESIAN_POINT ( 'NONE',  ( 48.49999999999999289, 11.00000000000000000, -10.99999999999993427 ) ) ;
#12407 = EDGE_LOOP ( 'NONE', ( #7490, #4658 ) ) ;
#12408 = DIRECTION ( 'NONE',  ( 0.000000000000000000, 0.000000000000000000, 1.000000000000000000 ) ) ;
#12409 = DIRECTION ( 'NONE',  ( -0.000000000000000000, -1.000000000000000000, -0.000000000000000000 ) ) ;
#12410 = EDGE_CURVE ( 'NONE', #11633, #2519, #5471, .T. ) ;
#12411 = AXIS2_PLACEMENT_3D ( 'NONE', #4930, #2837, #1834 ) ;
#12412 = ORIENTED_EDGE ( 'NONE', *, *, #866, .F. ) ;
#12413 = DIRECTION ( 'NONE',  ( 0.000000000000000000, 1.000000000000000000, 0.000000000000000000 ) ) ;
#12414 = ORIENTED_EDGE ( 'NONE', *, *, #4504, .T. ) ;
#12415 = ORIENTED_EDGE ( 'NONE', *, *, #9146, .F. ) ;
#12416 = CARTESIAN_POINT ( 'NONE',  ( 63.49999999999994316, 11.00000000000000000, -30.99999999999992184 ) ) ;
#12417 = DIRECTION ( 'NONE',  ( -0.000000000000000000, -1.000000000000000000, -0.000000000000000000 ) ) ;
#12418 = FACE_OUTER_BOUND ( 'NONE', #4101, .T. ) ;
#12419 = ORIENTED_EDGE ( 'NONE', *, *, #2448, .T. ) ;
#12420 = CARTESIAN_POINT ( 'NONE',  ( 7.100609665440667406, 9.799999999999998934, 7.100609665440744678 ) ) ;
#12421 = CARTESIAN_POINT ( 'NONE',  ( 53.50000000000000000, 11.00000000000000000, -43.39999999999999858 ) ) ;
#12422 = DIRECTION ( 'NONE',  ( 0.000000000000000000, 1.000000000000000000, 0.000000000000000000 ) ) ;
#12423 = EDGE_CURVE ( 'NONE', #3403, #4485, #4875, .T. ) ;
#12424 = CARTESIAN_POINT ( 'NONE',  ( 60.08736290225569121, 2.000000000000000000, -4.732233047033634676 ) ) ;
#12425 = CIRCLE ( 'NONE', #6961, 0.9999999999999974465 ) ;
#12426 = CARTESIAN_POINT ( 'NONE',  ( 67.99999999999994316, 11.00000000000000000, -25.49999999999996092 ) ) ;
#12427 = CARTESIAN_POINT ( 'NONE',  ( 20.99999999999998224, 11.00000000000000000, -11.00000000000000000 ) ) ;
#12428 = ORIENTED_EDGE ( 'NONE', *, *, #11070, .F. ) ;
#12429 = DIRECTION ( 'NONE',  ( 0.000000000000000000, 0.000000000000000000, 1.000000000000000000 ) ) ;
#12430 = CARTESIAN_POINT ( 'NONE',  ( 7.499999999999958256, 11.00000000000000000, -29.99999999999989342 ) ) ;
#12431 = ORIENTED_EDGE ( 'NONE', *, *, #33, .T. ) ;
#12432 = CYLINDRICAL_SURFACE ( 'NONE', #6390, 1.000000000000000888 ) ;
#12433 = EDGE_CURVE ( 'NONE', #3192, #236, #5883, .T. ) ;
#12434 = EDGE_CURVE ( 'NONE', #3286, #7271, #5694, .T. ) ;
#12435 = EDGE_LOOP ( 'NONE', ( #6456, #8107, #10673, #5638 ) ) ;
#12436 = CARTESIAN_POINT ( 'NONE',  ( 67.99999999999991473, 2.000000000000000000, -34.49999999999996447 ) ) ;
#12437 = ORIENTED_EDGE ( 'NONE', *, *, #9623, .T. ) ;
#12438 = CARTESIAN_POINT ( 'NONE',  ( 62.07220293988400073, 9.799999999999998934, -6.000084202863472882 ) ) ;
#12439 = AXIS2_PLACEMENT_3D ( 'NONE', #2678, #1618, #667 ) ;
#12440 = VECTOR ( 'NONE', #3994, 1000.000000000000000 ) ;
#12441 = DIRECTION ( 'NONE',  ( 0.7071067811865474617, 0.000000000000000000, -0.7071067811865474617 ) ) ;
#12442 = AXIS2_PLACEMENT_3D ( 'NONE', #4256, #11863, #2164 ) ;
#12443 = CARTESIAN_POINT ( 'NONE',  ( 20.99999999999994316, 11.00000000000000000, -26.49999999999998934 ) ) ;
#12444 = VECTOR ( 'NONE', #5698, 1000.000000000000000 ) ;
#12445 = LINE ( 'NONE', #7562, #2827 ) ;
#12446 = CARTESIAN_POINT ( 'NONE',  ( 44.50000000000000000, 2.000000000000000000, -34.49999999999994316 ) ) ;
#12447 = EDGE_LOOP ( 'NONE', ( #8918, #4140, #4054, #6988 ) ) ;
#12448 = CARTESIAN_POINT ( 'NONE',  ( 48.49999999999999289, 11.00000000000000000, -29.99999999999992895 ) ) ;
#12449 = DIRECTION ( 'NONE',  ( 0.000000000000000000, 0.000000000000000000, 1.000000000000000000 ) ) ;
#12450 = ADVANCED_FACE ( 'NONE', ( #9576 ), #8557, .T. ) ;
#12451 = EDGE_LOOP ( 'NONE', ( #54, #491, #11785, #3660 ) ) ;
#12452 = EDGE_LOOP ( 'NONE', ( #3789, #6092 ) ) ;
#12453 = DIRECTION ( 'NONE',  ( -0.000000000000000000, -1.000000000000000000, -0.000000000000000000 ) ) ;
#12454 = CARTESIAN_POINT ( 'NONE',  ( 73.50000000000000000, 11.00000000000000000, -4.000000000000003553 ) ) ;
#12455 = VECTOR ( 'NONE', #1202, 1000.000000000000000 ) ;
#12456 = EDGE_CURVE ( 'NONE', #9527, #4718, #4572, .T. ) ;
#12457 = ORIENTED_EDGE ( 'NONE', *, *, #3198, .T. ) ;
#12458 = DIRECTION ( 'NONE',  ( -0.000000000000000000, -1.000000000000000000, -0.000000000000000000 ) ) ;
#12459 = AXIS2_PLACEMENT_3D ( 'NONE', #4874, #6821, #10699 ) ;
#12460 = ORIENTED_EDGE ( 'NONE', *, *, #6921, .F. ) ;
#12461 = ORIENTED_EDGE ( 'NONE', *, *, #4411, .F. ) ;
#12462 = DIRECTION ( 'NONE',  ( -0.000000000000000000, -1.000000000000000000, -0.000000000000000000 ) ) ;
#12463 = DIRECTION ( 'NONE',  ( -0.000000000000000000, -1.000000000000000000, 0.000000000000000000 ) ) ;
#12464 = LINE ( 'NONE', #11648, #9374 ) ;
#12465 = ORIENTED_EDGE ( 'NONE', *, *, #9258, .T. ) ;
#12466 = ORIENTED_EDGE ( 'NONE', *, *, #4806, .F. ) ;
#12467 = DIRECTION ( 'NONE',  ( -0.000000000000000000, -1.000000000000000000, -0.000000000000000000 ) ) ;
#12468 = FACE_OUTER_BOUND ( 'NONE', #11943, .T. ) ;
#12469 = DIRECTION ( 'NONE',  ( 0.000000000000000000, 1.000000000000000000, 0.000000000000000000 ) ) ;
#12470 = EDGE_CURVE ( 'NONE', #9969, #6447, #10951, .T. ) ;
#12471 = VECTOR ( 'NONE', #4688, 1000.000000000000000 ) ;
#12472 = EDGE_CURVE ( 'NONE', #4780, #1176, #7307, .T. ) ;
#12473 = EDGE_CURVE ( 'NONE', #7193, #3910, #1045, .T. ) ;
#12474 = ADVANCED_FACE ( 'NONE', ( #6461 ), #3550, .T. ) ;
#12475 = ORIENTED_EDGE ( 'NONE', *, *, #6276, .T. ) ;
#12476 = CARTESIAN_POINT ( 'NONE',  ( 65.51002512578676829, 2.000000000000000000, -4.000000000000003553 ) ) ;
#12477 = VERTEX_POINT ( 'NONE', #1669 ) ;
#12478 = VERTEX_POINT ( 'NONE', #3749 ) ;
#12479 = CARTESIAN_POINT ( 'NONE',  ( 16.49999999999997868, 11.00000000000000000, -16.49999999999996447 ) ) ;
#12480 = CARTESIAN_POINT ( 'NONE',  ( 11.99999999999992006, 2.000000000000000000, -38.99999999999992184 ) ) ;
#12481 = CARTESIAN_POINT ( 'NONE',  ( 63.49999999999997158, 2.000000000000000000, -19.99999999999993605 ) ) ;
#12482 = ORIENTED_EDGE ( 'NONE', *, *, #3969, .T. ) ;
#12483 = AXIS2_PLACEMENT_3D ( 'NONE', #6617, #6494, #9361 ) ;
#12484 = LINE ( 'NONE', #12420, #6652 ) ;
#12485 = CARTESIAN_POINT ( 'NONE',  ( 34.24386001800125001, 9.799999999999998934, -4.000000000000002665 ) ) ;
#12486 = DIRECTION ( 'NONE',  ( 0.000000000000000000, 0.000000000000000000, 1.000000000000000000 ) ) ;
#12487 = DIRECTION ( 'NONE',  ( 0.000000000000000000, 0.000000000000000000, 1.000000000000000000 ) ) ;
#12488 = DIRECTION ( 'NONE',  ( 0.000000000000000000, 1.000000000000000000, 0.000000000000000000 ) ) ;
#12489 = EDGE_CURVE ( 'NONE', #2278, #12039, #8425, .T. ) ;
#12490 = CIRCLE ( 'NONE', #7019, 0.9999999999999974465 ) ;
#12491 = EDGE_CURVE ( 'NONE', #6698, #2369, #4465, .T. ) ;
#12492 = LINE ( 'NONE', #4826, #10993 ) ;
#12493 = DIRECTION ( 'NONE',  ( 0.000000000000000000, 0.000000000000000000, 1.000000000000000000 ) ) ;
#12494 = EDGE_LOOP ( 'NONE', ( #6660, #11954 ) ) ;
#12495 = DIRECTION ( 'NONE',  ( -0.000000000000000000, -1.000000000000000000, -0.000000000000000000 ) ) ;
#12496 = CARTESIAN_POINT ( 'NONE',  ( 44.50000000000000000, 11.00000000000000000, -24.49999999999994316 ) ) ;
#12497 = VERTEX_POINT ( 'NONE', #11794 ) ;
#12498 = PLANE ( 'NONE',  #11024 ) ;
#12499 = CARTESIAN_POINT ( 'NONE',  ( 72.49999999999988631, 2.000000000000000000, -38.99999999999998579 ) ) ;
#12500 = ORIENTED_EDGE ( 'NONE', *, *, #2549, .F. ) ;
#12501 = VECTOR ( 'NONE', #7875, 1000.000000000000000 ) ;
#12502 = DIRECTION ( 'NONE',  ( 0.000000000000000000, 0.000000000000000000, 1.000000000000000000 ) ) ;
#12503 = EDGE_CURVE ( 'NONE', #6471, #7654, #2239, .T. ) ;
#12504 = AXIS2_PLACEMENT_3D ( 'NONE', #3244, #1417, #6149 ) ;
#12505 = AXIS2_PLACEMENT_3D ( 'NONE', #11646, #1831, #8657 ) ;
#12506 = AXIS2_PLACEMENT_3D ( 'NONE', #11336, #2506, #1646 ) ;
#12507 = CARTESIAN_POINT ( 'NONE',  ( 67.99999999999991473, 11.00000000000000000, -34.49999999999996447 ) ) ;
#12508 = DIRECTION ( 'NONE',  ( -0.000000000000000000, -1.000000000000000000, -0.000000000000000000 ) ) ;
#12509 = ORIENTED_EDGE ( 'NONE', *, *, #11173, .F. ) ;
#12510 = DIRECTION ( 'NONE',  ( 0.000000000000000000, 0.000000000000000000, -1.000000000000000000 ) ) ;
#12511 = VERTEX_POINT ( 'NONE', #4952 ) ;
#12512 = LINE ( 'NONE', #10485, #1914 ) ;
#12513 = CARTESIAN_POINT ( 'NONE',  ( 36.49999999999999289, 11.00000000000000000, -41.23776336359135541 ) ) ;
#12514 = ORIENTED_EDGE ( 'NONE', *, *, #9548, .F. ) ;
#12515 = ORIENTED_EDGE ( 'NONE', *, *, #7293, .F. ) ;
#12516 = CARTESIAN_POINT ( 'NONE',  ( 11.99999999999998934, 11.00000000000000000, -16.49999999999993250 ) ) ;
#12517 = FACE_OUTER_BOUND ( 'NONE', #2441, .T. ) ;
#12518 = AXIS2_PLACEMENT_3D ( 'NONE', #5051, #4215, #8919 ) ;
#12519 = CIRCLE ( 'NONE', #7043, 0.9999999999999983347 ) ;
#12520 = ADVANCED_FACE ( 'NONE', ( #8748 ), #5900, .F. ) ;
#12521 = AXIS2_PLACEMENT_3D ( 'NONE', #4716, #12508, #8576 ) ;
#12522 = ADVANCED_FACE ( 'NONE', ( #5076 ), #10590, .T. ) ;
#12523 = EDGE_LOOP ( 'NONE', ( #9989, #7014 ) ) ;
#12524 = VECTOR ( 'NONE', #353, 1000.000000000000000 ) ;
#12525 = DIRECTION ( 'NONE',  ( 0.000000000000000000, 0.000000000000000000, 1.000000000000000000 ) ) ;
#12526 = VECTOR ( 'NONE', #3159, 1000.000000000000000 ) ;
#12527 = AXIS2_PLACEMENT_3D ( 'NONE', #4474, #679, #9288 ) ;
#12528 = ORIENTED_EDGE ( 'NONE', *, *, #9154, .T. ) ;
#12529 = ORIENTED_EDGE ( 'NONE', *, *, #11278, .F. ) ;
#12530 = DIRECTION ( 'NONE',  ( 0.000000000000000000, 0.000000000000000000, -1.000000000000000000 ) ) ;
#12531 = DIRECTION ( 'NONE',  ( 1.000000000000000000, 0.000000000000000000, 0.000000000000000000 ) ) ;
#12532 = CARTESIAN_POINT ( 'NONE',  ( 63.99446968344227571, 1.999999999999998224, -45.26776695296638309 ) ) ;
#12533 = ORIENTED_EDGE ( 'NONE', *, *, #4822, .F. ) ;
#12534 = VERTEX_POINT ( 'NONE', #8944 ) ;
#12535 = DIRECTION ( 'NONE',  ( 4.818676322157797621E-17, 0.000000000000000000, 1.000000000000000000 ) ) ;
#12536 = CARTESIAN_POINT ( 'NONE',  ( 17.92779706011599927, 9.799999999999998934, -3.000084202863473326 ) ) ;
#12537 = CARTESIAN_POINT ( 'NONE',  ( 38.47228714274731232, 9.799999999999998934, -47.19999999999999574 ) ) ;
#12538 = CIRCLE ( 'NONE', #209, 2.500000000000000444 ) ;
#12539 = AXIS2_PLACEMENT_3D ( 'NONE', #4173, #9051, #8030 ) ;
ENDSEC;
END-ISO-10303-21;
