ISO-10303-21;
HEADER;
FILE_DESCRIPTION (( 'STEP AP203' ),
    '1' );
FILE_NAME ('heatsink2.STEP',
    '2022-02-15T13:54:53',
    ( '' ),
    ( '' ),
    'SwSTEP 2.0',
    'SolidWorks 2020',
    '' );
FILE_SCHEMA (( 'CONFIG_CONTROL_DESIGN' ));
ENDSEC;

DATA;
#1 = DIRECTION ( 'NONE',  ( 1.000000000000000000, 0.000000000000000000, -3.352801296355066075E-17 ) ) ;
#2 = EDGE_CURVE ( 'NONE', #5726, #6036, #5509, .T. ) ;
#3 = VERTEX_POINT ( 'NONE', #2551 ) ;
#4 = ORIENTED_EDGE ( 'NONE', *, *, #528, .T. ) ;
#5 = ORIENTED_EDGE ( 'NONE', *, *, #8410, .F. ) ;
#6 = CARTESIAN_POINT ( 'NONE',  ( 0.000000000000000000, 2.000000000000000000, -46.00000000000000000 ) ) ;
#7 = EDGE_CURVE ( 'NONE', #2084, #2767, #2874, .T. ) ;
#8 = DIRECTION ( 'NONE',  ( -0.000000000000000000, -1.000000000000000000, -0.000000000000000000 ) ) ;
#9 = VERTEX_POINT ( 'NONE', #11265 ) ;
#10 = ORIENTED_EDGE ( 'NONE', *, *, #11811, .F. ) ;
#11 = DIRECTION ( 'NONE',  ( 0.000000000000000000, 0.000000000000000000, 1.000000000000000000 ) ) ;
#12 = CARTESIAN_POINT ( 'NONE',  ( 26.50000000000000000, 11.00000000000000000, -45.09999999999999432 ) ) ;
#13 = ORIENTED_EDGE ( 'NONE', *, *, #4303, .F. ) ;
#14 = CARTESIAN_POINT ( 'NONE',  ( 35.49999999999999289, 11.00000000000000000, -12.99999999999995914 ) ) ;
#15 = LINE ( 'NONE', #2821, #1154 ) ;
#16 = ORIENTED_EDGE ( 'NONE', *, *, #10209, .T. ) ;
#17 = DIRECTION ( 'NONE',  ( 0.000000000000000000, 1.000000000000000000, 0.000000000000000000 ) ) ;
#18 = EDGE_LOOP ( 'NONE', ( #3543, #12220 ) ) ;
#19 = DIRECTION ( 'NONE',  ( 0.7071067811865474617, 0.000000000000000000, 0.7071067811865474617 ) ) ;
#20 = DIRECTION ( 'NONE',  ( -0.7071067811865500152, 0.000000000000000000, -0.7071067811865450192 ) ) ;
#21 = EDGE_LOOP ( 'NONE', ( #3337, #2827, #613, #3957 ) ) ;
#22 = DIRECTION ( 'NONE',  ( 1.000000000000000000, 0.000000000000000000, -4.818676322157797621E-17 ) ) ;
#23 = CARTESIAN_POINT ( 'NONE',  ( 35.49999999999999289, 11.00000000000000000, -33.49999999999995737 ) ) ;
#24 = DIRECTION ( 'NONE',  ( 0.000000000000000000, 0.000000000000000000, 1.000000000000000000 ) ) ;
#25 = ORIENTED_EDGE ( 'NONE', *, *, #6410, .T. ) ;
#26 = DIRECTION ( 'NONE',  ( 0.000000000000000000, 0.000000000000000000, 1.000000000000000000 ) ) ;
#27 = LINE ( 'NONE', #3899, #6560 ) ;
#28 = DIRECTION ( 'NONE',  ( -0.000000000000000000, -1.000000000000000000, -0.000000000000000000 ) ) ;
#29 = ORIENTED_EDGE ( 'NONE', *, *, #8438, .T. ) ;
#30 = VERTEX_POINT ( 'NONE', #4497 ) ;
#31 = DIRECTION ( 'NONE',  ( 0.000000000000000000, 1.000000000000000000, 0.000000000000000000 ) ) ;
#32 = DIRECTION ( 'NONE',  ( -9.573184869153914683E-05, 0.000000000000000000, 0.9999999954177065664 ) ) ;
#33 = VECTOR ( 'NONE', #9000, 1000.000000000000000 ) ;
#34 = CARTESIAN_POINT ( 'NONE',  ( 48.49999999999999289, 2.000000000000000000, -25.49999999999992895 ) ) ;
#35 = EDGE_LOOP ( 'NONE', ( #5607, #10392 ) ) ;
#36 = AXIS2_PLACEMENT_3D ( 'NONE', #7493, #12367, #6609 ) ;
#37 = EDGE_CURVE ( 'NONE', #4354, #5726, #4091, .T. ) ;
#38 = FACE_BOUND ( 'NONE', #10241, .T. ) ;
#39 = CARTESIAN_POINT ( 'NONE',  ( 16.49999999999993960, 11.00000000000000000, -29.99999999999995737 ) ) ;
#40 = ADVANCED_FACE ( 'NONE', ( #2911 ), #8736, .T. ) ;
#41 = EDGE_LOOP ( 'NONE', ( #5892, #10752 ) ) ;
#42 = CIRCLE ( 'NONE', #654, 1.000000000000000888 ) ;
#43 = EDGE_CURVE ( 'NONE', #5685, #10291, #2093, .T. ) ;
#44 = CARTESIAN_POINT ( 'NONE',  ( 16.49999999999992539, 2.000000000000000000, -34.49999999999996447 ) ) ;
#45 = LINE ( 'NONE', #5005, #3530 ) ;
#46 = CARTESIAN_POINT ( 'NONE',  ( 12.00000000000000355, 11.00000000000000000, -11.99999999999993427 ) ) ;
#47 = CYLINDRICAL_SURFACE ( 'NONE', #4148, 1.000000000000000888 ) ;
#48 = CIRCLE ( 'NONE', #6322, 2.500000000000000444 ) ;
#49 = CARTESIAN_POINT ( 'NONE',  ( 11.99999999999998934, 2.000000000000000000, -16.49999999999993250 ) ) ;
#50 = CIRCLE ( 'NONE', #6334, 1.000000000000000888 ) ;
#51 = EDGE_CURVE ( 'NONE', #4181, #9486, #7516, .T. ) ;
#52 = LINE ( 'NONE', #5701, #6592 ) ;
#53 = VECTOR ( 'NONE', #4232, 1000.000000000000000 ) ;
#54 = EDGE_LOOP ( 'NONE', ( #4245, #4759, #3087, #12271 ) ) ;
#55 = EDGE_CURVE ( 'NONE', #8013, #8688, #9947, .T. ) ;
#56 = DIRECTION ( 'NONE',  ( 0.000000000000000000, -0.000000000000000000, 1.000000000000000000 ) ) ;
#58 = CARTESIAN_POINT ( 'NONE',  ( 62.52253967444165994, 9.799999999999998934, -48.32132034355966965 ) ) ;
#57 = VECTOR ( 'NONE', #12069, 1000.000000000000000 ) ;
#59 = DIRECTION ( 'NONE',  ( 0.000000000000000000, 1.000000000000000000, 0.000000000000000000 ) ) ;
#60 = LINE ( 'NONE', #8818, #5139 ) ;
#61 = VERTEX_POINT ( 'NONE', #9630 ) ;
#62 = ORIENTED_EDGE ( 'NONE', *, *, #12075, .F. ) ;
#63 = ORIENTED_EDGE ( 'NONE', *, *, #9561, .F. ) ;
#64 = DIRECTION ( 'NONE',  ( -0.000000000000000000, 1.000000000000000000, -0.000000000000000000 ) ) ;
#65 = AXIS2_PLACEMENT_3D ( 'NONE', #1036, #9661, #3885 ) ;
#66 = CARTESIAN_POINT ( 'NONE',  ( 44.50000000000000000, 11.00000000000000000, -11.99999999999994138 ) ) ;
#67 = ORIENTED_EDGE ( 'NONE', *, *, #2357, .T. ) ;
#68 = VECTOR ( 'NONE', #10506, 1000.000000000000000 ) ;
#69 = AXIS2_PLACEMENT_3D ( 'NONE', #9770, #971, #1092 ) ;
#70 = AXIS2_PLACEMENT_3D ( 'NONE', #8496, #4683, #3487 ) ;
#71 = CARTESIAN_POINT ( 'NONE',  ( 7.500000000000020428, 2.000000000000000000, -11.99999999999990230 ) ) ;
#72 = ADVANCED_FACE ( 'NONE', ( #9811 ), #9694, .T. ) ;
#73 = DIRECTION ( 'NONE',  ( 0.000000000000000000, 1.000000000000000000, 0.000000000000000000 ) ) ;
#74 = ORIENTED_EDGE ( 'NONE', *, *, #7799, .T. ) ;
#75 = DIRECTION ( 'NONE',  ( 0.000000000000000000, -1.000000000000000000, 0.000000000000000000 ) ) ;
#76 = EDGE_CURVE ( 'NONE', #8238, #11155, #6760, .T. ) ;
#77 = DIRECTION ( 'NONE',  ( -0.000000000000000000, -1.000000000000000000, -0.000000000000000000 ) ) ;
#78 = DIRECTION ( 'NONE',  ( 0.7071067811865517916, 0.000000000000000000, 0.7071067811865432429 ) ) ;
#79 = ORIENTED_EDGE ( 'NONE', *, *, #6660, .T. ) ;
#80 = VECTOR ( 'NONE', #7760, 999.9999999999998863 ) ;
#81 = DIRECTION ( 'NONE',  ( -0.000000000000000000, -1.000000000000000000, -0.000000000000000000 ) ) ;
#82 = DIRECTION ( 'NONE',  ( -0.000000000000000000, 1.000000000000000000, -0.000000000000000000 ) ) ;
#83 = EDGE_CURVE ( 'NONE', #6204, #5021, #6882, .T. ) ;
#84 = EDGE_LOOP ( 'NONE', ( #5096, #6321, #3535, #6260 ) ) ;
#85 = AXIS2_PLACEMENT_3D ( 'NONE', #1725, #4757, #1907 ) ;
#86 = LINE ( 'NONE', #9476, #11417 ) ;
#87 = VECTOR ( 'NONE', #12517, 1000.000000000000114 ) ;
#88 = CARTESIAN_POINT ( 'NONE',  ( 0.000000000000000000, 0.000000000000000000, 0.000000000000000000 ) ) ;
#89 = FACE_OUTER_BOUND ( 'NONE', #2112, .T. ) ;
#90 = CIRCLE ( 'NONE', #7162, 0.9999999999999974465 ) ;
#91 = DIRECTION ( 'NONE',  ( -0.000000000000000000, 1.000000000000000000, -0.000000000000000000 ) ) ;
#93 = AXIS2_PLACEMENT_3D ( 'NONE', #9728, #2893, #10498 ) ;
#92 = FACE_OUTER_BOUND ( 'NONE', #9679, .T. ) ;
#94 = EDGE_CURVE ( 'NONE', #9242, #619, #5828, .T. ) ;
#95 = DIRECTION ( 'NONE',  ( -0.000000000000000000, -1.000000000000000000, -0.000000000000000000 ) ) ;
#96 = ORIENTED_EDGE ( 'NONE', *, *, #10687, .T. ) ;
#97 = VERTEX_POINT ( 'NONE', #6001 ) ;
#98 = CIRCLE ( 'NONE', #7175, 1.000000000000000888 ) ;
#99 = CARTESIAN_POINT ( 'NONE',  ( 72.49999999999991473, 11.00000000000000000, -28.99999999999998934 ) ) ;
#100 = DIRECTION ( 'NONE',  ( 0.000000000000000000, 1.000000000000000000, 0.000000000000000000 ) ) ;
#101 = AXIS2_PLACEMENT_3D ( 'NONE', #8208, #12070, #2390 ) ;
#102 = CARTESIAN_POINT ( 'NONE',  ( 55.00000000000000000, 2.000000000000000000, -31.14999999999999858 ) ) ;
#103 = ORIENTED_EDGE ( 'NONE', *, *, #7196, .F. ) ;
#104 = AXIS2_PLACEMENT_3D ( 'NONE', #2552, #3490, #6141 ) ;
#105 = FACE_OUTER_BOUND ( 'NONE', #7449, .T. ) ;
#106 = VECTOR ( 'NONE', #1282, 1000.000000000000114 ) ;
#107 = CARTESIAN_POINT ( 'NONE',  ( 35.49999999999999289, 11.00000000000000000, -38.99999999999996447 ) ) ;
#108 = DIRECTION ( 'NONE',  ( 0.000000000000000000, 1.000000000000000000, 0.000000000000000000 ) ) ;
#109 = ORIENTED_EDGE ( 'NONE', *, *, #6301, .F. ) ;
#110 = DIRECTION ( 'NONE',  ( 0.000000000000000000, 1.000000000000000000, 0.000000000000000000 ) ) ;
#111 = DIRECTION ( 'NONE',  ( 0.000000000000000000, 0.000000000000000000, 1.000000000000000000 ) ) ;
#112 = DIRECTION ( 'NONE',  ( -0.000000000000000000, -1.000000000000000000, -0.000000000000000000 ) ) ;
#113 = CIRCLE ( 'NONE', #2760, 0.9999999999999974465 ) ;
#114 = DIRECTION ( 'NONE',  ( -0.000000000000000000, -1.000000000000000000, -0.000000000000000000 ) ) ;
#115 = VECTOR ( 'NONE', #1976, 1000.000000000000000 ) ;
#116 = EDGE_CURVE ( 'NONE', #1550, #8838, #3275, .T. ) ;
#117 = CIRCLE ( 'NONE', #6794, 2.799999999999997158 ) ;
#118 = DIRECTION ( 'NONE',  ( 0.000000000000000000, 1.000000000000000000, 0.000000000000000000 ) ) ;
#119 = VERTEX_POINT ( 'NONE', #2851 ) ;
#120 = DIRECTION ( 'NONE',  ( 0.000000000000000000, 1.000000000000000000, 0.000000000000000000 ) ) ;
#121 = CIRCLE ( 'NONE', #8026, 0.9999999999999974465 ) ;
#122 = DIRECTION ( 'NONE',  ( 0.000000000000000000, 1.000000000000000000, 0.000000000000000000 ) ) ;
#123 = CYLINDRICAL_SURFACE ( 'NONE', #6525, 0.9999999999999974465 ) ;
#124 = DIRECTION ( 'NONE',  ( -0.000000000000000000, 1.000000000000000000, -0.000000000000000000 ) ) ;
#125 = ORIENTED_EDGE ( 'NONE', *, *, #6915, .T. ) ;
#126 = EDGE_LOOP ( 'NONE', ( #1455, #7203 ) ) ;
#127 = ORIENTED_EDGE ( 'NONE', *, *, #10676, .F. ) ;
#128 = LINE ( 'NONE', #7988, #7989 ) ;
#129 = CARTESIAN_POINT ( 'NONE',  ( 17.09999999999999787, 5.000000000000000000, 0.000000000000000000 ) ) ;
#130 = VERTEX_POINT ( 'NONE', #6695 ) ;
#131 = ADVANCED_FACE ( 'NONE', ( #2981 ), #1972, .T. ) ;
#132 = ORIENTED_EDGE ( 'NONE', *, *, #10800, .F. ) ;
#133 = VECTOR ( 'NONE', #5963, 1000.000000000000000 ) ;
#134 = PLANE ( 'NONE',  #11198 ) ;
#135 = CARTESIAN_POINT ( 'NONE',  ( 20.99999999999994316, 2.000000000000000000, -24.49999999999999289 ) ) ;
#136 = VERTEX_POINT ( 'NONE', #3801 ) ;
#137 = DIRECTION ( 'NONE',  ( 0.000000000000000000, 0.000000000000000000, -1.000000000000000000 ) ) ;
#138 = DIRECTION ( 'NONE',  ( -0.7071067811865500152, 0.000000000000000000, -0.7071067811865450192 ) ) ;
#139 = CYLINDRICAL_SURFACE ( 'NONE', #2868, 0.9999999999999974465 ) ;
#140 = ORIENTED_EDGE ( 'NONE', *, *, #12372, .T. ) ;
#141 = DIRECTION ( 'NONE',  ( -0.000000000000000000, 1.000000000000000000, -0.000000000000000000 ) ) ;
#142 = FACE_OUTER_BOUND ( 'NONE', #5462, .T. ) ;
#143 = VERTEX_POINT ( 'NONE', #10763 ) ;
#144 = VECTOR ( 'NONE', #3748, 1000.000000000000000 ) ;
#145 = CARTESIAN_POINT ( 'NONE',  ( 58.99999999999994316, 2.000000000000000000, -34.49999999999989342 ) ) ;
#146 = ADVANCED_FACE ( 'NONE', ( #11589 ), #7905, .T. ) ;
#147 = DIRECTION ( 'NONE',  ( -0.000000000000000000, -1.000000000000000000, -0.000000000000000000 ) ) ;
#148 = CARTESIAN_POINT ( 'NONE',  ( -1.927470528863119049E-16, 2.000000000000000000, -4.000000000000000000 ) ) ;
#149 = EDGE_CURVE ( 'NONE', #2856, #1733, #5006, .T. ) ;
#150 = EDGE_CURVE ( 'NONE', #11594, #8696, #1900, .T. ) ;
#151 = DIRECTION ( 'NONE',  ( 0.000000000000000000, 1.000000000000000000, 0.000000000000000000 ) ) ;
#152 = CIRCLE ( 'NONE', #7235, 0.9999999999999974465 ) ;
#153 = LINE ( 'NONE', #2831, #3743 ) ;
#154 = AXIS2_PLACEMENT_3D ( 'NONE', #4170, #6832, #7847 ) ;
#155 = AXIS2_PLACEMENT_3D ( 'NONE', #10963, #1350, #11860 ) ;
#156 = CYLINDRICAL_SURFACE ( 'NONE', #1518, 1.000000000000000888 ) ;
#157 = EDGE_LOOP ( 'NONE', ( #1471, #5585, #8640, #5165 ) ) ;
#158 = DIRECTION ( 'NONE',  ( -0.000000000000000000, -1.000000000000000000, -0.000000000000000000 ) ) ;
#159 = ORIENTED_EDGE ( 'NONE', *, *, #9458, .T. ) ;
#160 = CARTESIAN_POINT ( 'NONE',  ( 63.49999999999994316, 11.00000000000000000, -30.99999999999992184 ) ) ;
#161 = FACE_OUTER_BOUND ( 'NONE', #583, .T. ) ;
#162 = ADVANCED_FACE ( 'NONE', ( #7709 ), #11778, .T. ) ;
#163 = AXIS2_PLACEMENT_3D ( 'NONE', #11954, #5994, #3215 ) ;
#164 = ADVANCED_FACE ( 'NONE', ( #948 ), #4814, .F. ) ;
#165 = DIRECTION ( 'NONE',  ( 0.000000000000000000, 1.000000000000000000, 0.000000000000000000 ) ) ;
#166 = AXIS2_PLACEMENT_3D ( 'NONE', #8246, #4572, #8183 ) ;
#167 = VERTEX_POINT ( 'NONE', #6189 ) ;
#168 = CARTESIAN_POINT ( 'NONE',  ( 7.500000000000007105, 2.000000000000000000, -16.49999999999990408 ) ) ;
#169 = DIRECTION ( 'NONE',  ( 0.000000000000000000, 1.000000000000000000, -0.000000000000000000 ) ) ;
#170 = LINE ( 'NONE', #11121, #2375 ) ;
#171 = VERTEX_POINT ( 'NONE', #9933 ) ;
#172 = FACE_OUTER_BOUND ( 'NONE', #1745, .T. ) ;
#173 = CARTESIAN_POINT ( 'NONE',  ( 52.00000000000000000, 2.000000000000000000, -32.14999999999999858 ) ) ;
#174 = DIRECTION ( 'NONE',  ( 0.000000000000000000, 0.000000000000000000, 1.000000000000000000 ) ) ;
#175 = DIRECTION ( 'NONE',  ( 0.000000000000000000, 1.000000000000000000, 0.000000000000000000 ) ) ;
#176 = PLANE ( 'NONE',  #3373 ) ;
#177 = ORIENTED_EDGE ( 'NONE', *, *, #10109, .F. ) ;
#178 = ADVANCED_FACE ( 'NONE', ( #4165 ), #8036, .T. ) ;
#179 = CARTESIAN_POINT ( 'NONE',  ( 1.000000000000000888, 11.00000000000000000, -44.89029455227312582 ) ) ;
#180 = DIRECTION ( 'NONE',  ( -0.000000000000000000, -1.000000000000000000, -0.000000000000000000 ) ) ;
#181 = EDGE_LOOP ( 'NONE', ( #2751, #785, #10942, #12113 ) ) ;
#182 = DIRECTION ( 'NONE',  ( 0.000000000000000000, 0.000000000000000000, -1.000000000000000000 ) ) ;
#183 = ORIENTED_EDGE ( 'NONE', *, *, #5374, .T. ) ;
#184 = ORIENTED_EDGE ( 'NONE', *, *, #5132, .T. ) ;
#185 = ORIENTED_EDGE ( 'NONE', *, *, #1862, .T. ) ;
#186 = FACE_OUTER_BOUND ( 'NONE', #1212, .T. ) ;
#187 = ORIENTED_EDGE ( 'NONE', *, *, #1766, .T. ) ;
#188 = DIRECTION ( 'NONE',  ( 0.000000000000000000, 0.000000000000000000, 1.000000000000000000 ) ) ;
#189 = EDGE_LOOP ( 'NONE', ( #11383, #9899 ) ) ;
#190 = CYLINDRICAL_SURFACE ( 'NONE', #2524, 1.699999999999993072 ) ;
#191 = CARTESIAN_POINT ( 'NONE',  ( 63.49999999999994316, 11.00000000000000000, -28.99999999999992895 ) ) ;
#192 = ORIENTED_EDGE ( 'NONE', *, *, #5075, .T. ) ;
#193 = DIRECTION ( 'NONE',  ( 0.000000000000000000, 1.000000000000000000, 0.000000000000000000 ) ) ;
#194 = ADVANCED_FACE ( 'NONE', ( #7068 ), #10067, .T. ) ;
#195 = LINE ( 'NONE', #9588, #9449 ) ;
#196 = ADVANCED_FACE ( 'NONE', ( #2222 ), #8987, .T. ) ;
#197 = ORIENTED_EDGE ( 'NONE', *, *, #4432, .F. ) ;
#198 = CARTESIAN_POINT ( 'NONE',  ( 5.443227718325019282, 9.799999999999998934, -44.75470390403734200 ) ) ;
#199 = VERTEX_POINT ( 'NONE', #6065 ) ;
#200 = DIRECTION ( 'NONE',  ( 0.000000000000000000, 0.000000000000000000, 1.000000000000000000 ) ) ;
#201 = DIRECTION ( 'NONE',  ( -0.000000000000000000, 1.000000000000000000, -0.000000000000000000 ) ) ;
#202 = EDGE_CURVE ( 'NONE', #2680, #11337, #8231, .T. ) ;
#203 = VERTEX_POINT ( 'NONE', #8925 ) ;
#204 = VERTEX_POINT ( 'NONE', #11904 ) ;
#205 = DIRECTION ( 'NONE',  ( 0.000000000000000000, 0.000000000000000000, -1.000000000000000000 ) ) ;
#206 = CARTESIAN_POINT ( 'NONE',  ( 76.00000000000000000, 2.000000000000000000, -43.50000000000000000 ) ) ;
#207 = DIRECTION ( 'NONE',  ( 0.000000000000000000, 0.000000000000000000, 1.000000000000000000 ) ) ;
#208 = FACE_OUTER_BOUND ( 'NONE', #11817, .T. ) ;
#209 = DIRECTION ( 'NONE',  ( 0.000000000000000000, 0.000000000000000000, 1.000000000000000000 ) ) ;
#210 = ORIENTED_EDGE ( 'NONE', *, *, #9363, .T. ) ;
#211 = EDGE_CURVE ( 'NONE', #9904, #8879, #11008, .T. ) ;
#212 = DIRECTION ( 'NONE',  ( 0.7013957320894119718, 0.000000000000000000, -0.7127720722690795707 ) ) ;
#213 = VERTEX_POINT ( 'NONE', #3358 ) ;
#214 = EDGE_CURVE ( 'NONE', #10097, #3394, #8545, .T. ) ;
#215 = CARTESIAN_POINT ( 'NONE',  ( 59.00000000000000711, 11.00000000000000000, -17.49999999999990052 ) ) ;
#216 = ADVANCED_FACE ( 'NONE', ( #12027 ), #4105, .T. ) ;
#217 = ORIENTED_EDGE ( 'NONE', *, *, #9524, .F. ) ;
#218 = DIRECTION ( 'NONE',  ( 0.000000000000000000, 1.000000000000000000, 0.000000000000000000 ) ) ;
#219 = CARTESIAN_POINT ( 'NONE',  ( 63.49999999999994316, 11.00000000000000000, -29.99999999999992539 ) ) ;
#220 = EDGE_CURVE ( 'NONE', #1855, #7405, #4279, .T. ) ;
#221 = CARTESIAN_POINT ( 'NONE',  ( 53.45857864376280588, 11.00000000000000000, -40.50000000000000711 ) ) ;
#222 = AXIS2_PLACEMENT_3D ( 'NONE', #3625, #7473, #11342 ) ;
#223 = ORIENTED_EDGE ( 'NONE', *, *, #3650, .F. ) ;
#224 = DIRECTION ( 'NONE',  ( 0.000000000000000000, -0.000000000000000000, 1.000000000000000000 ) ) ;
#225 = DIRECTION ( 'NONE',  ( 0.000000000000000000, 1.000000000000000000, 0.000000000000000000 ) ) ;
#226 = EDGE_CURVE ( 'NONE', #11958, #12124, #1330, .T. ) ;
#227 = ORIENTED_EDGE ( 'NONE', *, *, #4152, .F. ) ;
#228 = CARTESIAN_POINT ( 'NONE',  ( 0.000000000000000000, 11.00000000000000000, -50.00000000000000000 ) ) ;
#229 = DIRECTION ( 'NONE',  ( 0.000000000000000000, 0.000000000000000000, -1.000000000000000000 ) ) ;
#230 = VERTEX_POINT ( 'NONE', #422 ) ;
#231 = EDGE_CURVE ( 'NONE', #8419, #8403, #1665, .T. ) ;
#232 = ORIENTED_EDGE ( 'NONE', *, *, #4458, .F. ) ;
#233 = LINE ( 'NONE', #2408, #3131 ) ;
#234 = DIRECTION ( 'NONE',  ( -0.000000000000000000, -1.000000000000000000, -0.000000000000000000 ) ) ;
#235 = CYLINDRICAL_SURFACE ( 'NONE', #6987, 0.9999999999999974465 ) ;
#236 = DIRECTION ( 'NONE',  ( -0.000000000000000000, -1.000000000000000000, -0.000000000000000000 ) ) ;
#237 = AXIS2_PLACEMENT_3D ( 'NONE', #5262, #3419, #1259 ) ;
#238 = CIRCLE ( 'NONE', #4709, 0.9999999999999974465 ) ;
#239 = DIRECTION ( 'NONE',  ( 0.000000000000000000, 0.000000000000000000, -1.000000000000000000 ) ) ;
#240 = ORIENTED_EDGE ( 'NONE', *, *, #9143, .T. ) ;
#241 = DIRECTION ( 'NONE',  ( 0.000000000000000000, 1.000000000000000000, -0.000000000000000000 ) ) ;
#242 = DIRECTION ( 'NONE',  ( 0.000000000000000000, 0.000000000000000000, 1.000000000000000000 ) ) ;
#243 = ORIENTED_EDGE ( 'NONE', *, *, #4892, .F. ) ;
#244 = DIRECTION ( 'NONE',  ( 0.000000000000000000, 1.000000000000000000, 0.000000000000000000 ) ) ;
#245 = ORIENTED_EDGE ( 'NONE', *, *, #4421, .F. ) ;
#246 = ORIENTED_EDGE ( 'NONE', *, *, #9603, .T. ) ;
#247 = CARTESIAN_POINT ( 'NONE',  ( 38.99999999999999289, 11.00000000000000000, -46.00000000000000000 ) ) ;
#248 = AXIS2_PLACEMENT_3D ( 'NONE', #1437, #1377, #4269 ) ;
#249 = DIRECTION ( 'NONE',  ( -0.000000000000000000, -1.000000000000000000, -0.000000000000000000 ) ) ;
#250 = EDGE_LOOP ( 'NONE', ( #11952, #2471, #11181, #10671 ) ) ;
#251 = AXIS2_PLACEMENT_3D ( 'NONE', #3815, #11280, #2624 ) ;
#252 = DIRECTION ( 'NONE',  ( -0.000000000000000000, -1.000000000000000000, -0.000000000000000000 ) ) ;
#253 = CARTESIAN_POINT ( 'NONE',  ( 72.50000000000000000, 11.00000000000000000, -6.500000000000001776 ) ) ;
#254 = CIRCLE ( 'NONE', #7342, 2.500000000000002220 ) ;
#255 = EDGE_LOOP ( 'NONE', ( #9062, #2663, #5017, #7965 ) ) ;
#256 = FACE_BOUND ( 'NONE', #7725, .T. ) ;
#257 = CARTESIAN_POINT ( 'NONE',  ( 31.50000000000000711, 11.00000000000000000, -11.99999999999997335 ) ) ;
#258 = DIRECTION ( 'NONE',  ( 0.000000000000000000, 0.000000000000000000, -1.000000000000000000 ) ) ;
#259 = VERTEX_POINT ( 'NONE', #6251 ) ;
#260 = CIRCLE ( 'NONE', #65, 1.000000000000000888 ) ;
#261 = LINE ( 'NONE', #6855, #4296 ) ;
#262 = FACE_OUTER_BOUND ( 'NONE', #5853, .T. ) ;
#263 = ORIENTED_EDGE ( 'NONE', *, *, #5858, .T. ) ;
#264 = VERTEX_POINT ( 'NONE', #3161 ) ;
#265 = DIRECTION ( 'NONE',  ( -0.000000000000000000, -1.000000000000000000, -0.000000000000000000 ) ) ;
#266 = CARTESIAN_POINT ( 'NONE',  ( 48.49999999999999289, 11.00000000000000000, -17.49999999999992895 ) ) ;
#267 = DIRECTION ( 'NONE',  ( 0.000000000000000000, 1.000000000000000000, 0.000000000000000000 ) ) ;
#268 = CIRCLE ( 'NONE', #10612, 1.000000000000000888 ) ;
#269 = EDGE_CURVE ( 'NONE', #1998, #4910, #11961, .T. ) ;
#270 = EDGE_CURVE ( 'NONE', #2479, #6222, #5205, .T. ) ;
#271 = CYLINDRICAL_SURFACE ( 'NONE', #7777, 0.9999999999999974465 ) ;
#272 = EDGE_CURVE ( 'NONE', #259, #8497, #10158, .T. ) ;
#273 = AXIS2_PLACEMENT_3D ( 'NONE', #12452, #8539, #861 ) ;
#274 = LINE ( 'NONE', #6168, #719 ) ;
#275 = AXIS2_PLACEMENT_3D ( 'NONE', #8832, #7866, #12492 ) ;
#276 = AXIS2_PLACEMENT_3D ( 'NONE', #10025, #1352, #9075 ) ;
#277 = CARTESIAN_POINT ( 'NONE',  ( 31.91482322781366676, 9.799999999999998934, -31.91482322781412506 ) ) ;
#278 = ORIENTED_EDGE ( 'NONE', *, *, #335, .F. ) ;
#279 = VECTOR ( 'NONE', #4297, 1000.000000000000000 ) ;
#280 = DIRECTION ( 'NONE',  ( 0.000000000000000000, -0.000000000000000000, 1.000000000000000000 ) ) ;
#281 = ORIENTED_EDGE ( 'NONE', *, *, #8052, .T. ) ;
#282 = CYLINDRICAL_SURFACE ( 'NONE', #9380, 0.9999999999999974465 ) ;
#283 = CARTESIAN_POINT ( 'NONE',  ( 58.99999999999995737, 2.000000000000000000, -30.99999999999989342 ) ) ;
#284 = AXIS2_PLACEMENT_3D ( 'NONE', #1294, #7043, #5911 ) ;
#285 = EDGE_CURVE ( 'NONE', #3403, #11059, #369, .T. ) ;
#286 = CIRCLE ( 'NONE', #7979, 2.800000000000002931 ) ;
#287 = CIRCLE ( 'NONE', #1925, 0.9999999999999974465 ) ;
#288 = ORIENTED_EDGE ( 'NONE', *, *, #6318, .T. ) ;
#289 = EDGE_CURVE ( 'NONE', #6029, #12417, #8346, .T. ) ;
#290 = CARTESIAN_POINT ( 'NONE',  ( 20.99999999999994316, 11.00000000000000000, -25.49999999999999289 ) ) ;
#291 = DIRECTION ( 'NONE',  ( 0.000000000000000000, 0.000000000000000000, 1.000000000000000000 ) ) ;
#292 = CARTESIAN_POINT ( 'NONE',  ( 28.73223304703364178, 11.00000000000000000, -9.087362902255675223 ) ) ;
#293 = CARTESIAN_POINT ( 'NONE',  ( 20.99999999999994316, 2.000000000000000000, -26.49999999999998934 ) ) ;
#294 = ORIENTED_EDGE ( 'NONE', *, *, #11997, .T. ) ;
#295 = ORIENTED_EDGE ( 'NONE', *, *, #7103, .T. ) ;
#296 = AXIS2_PLACEMENT_3D ( 'NONE', #7864, #3050, #4970 ) ;
#297 = FACE_OUTER_BOUND ( 'NONE', #9829, .T. ) ;
#298 = CARTESIAN_POINT ( 'NONE',  ( 34.85512985522209561, 2.000000000000000000, -4.000000000000001776 ) ) ;
#299 = DIRECTION ( 'NONE',  ( 0.000000000000000000, 0.000000000000000000, -1.000000000000000000 ) ) ;
#300 = ADVANCED_FACE ( 'NONE', ( #8161 ), #7629, .T. ) ;
#301 = FACE_OUTER_BOUND ( 'NONE', #12482, .T. ) ;
#302 = CIRCLE ( 'NONE', #7382, 0.9999999999999983347 ) ;
#303 = EDGE_CURVE ( 'NONE', #418, #3980, #11786, .T. ) ;
#304 = EDGE_CURVE ( 'NONE', #4162, #3256, #7560, .T. ) ;
#305 = CIRCLE ( 'NONE', #9233, 2.500000000000000444 ) ;
#306 = EDGE_LOOP ( 'NONE', ( #10598, #2569, #7267, #774 ) ) ;
#307 = CARTESIAN_POINT ( 'NONE',  ( 76.00000000000000000, 2.000000000000000000, -6.500000000000004441 ) ) ;
#308 = ORIENTED_EDGE ( 'NONE', *, *, #6318, .F. ) ;
#309 = FACE_OUTER_BOUND ( 'NONE', #1340, .T. ) ;
#310 = ADVANCED_FACE ( 'NONE', ( #3893 ), #5803, .T. ) ;
#311 = DIRECTION ( 'NONE',  ( 0.000000000000000000, 0.000000000000000000, -1.000000000000000000 ) ) ;
#312 = ORIENTED_EDGE ( 'NONE', *, *, #3259, .T. ) ;
#313 = VECTOR ( 'NONE', #10865, 1000.000000000000000 ) ;
#314 = DIRECTION ( 'NONE',  ( 0.000000000000000000, 0.000000000000000000, 1.000000000000000000 ) ) ;
#315 = ORIENTED_EDGE ( 'NONE', *, *, #599, .F. ) ;
#316 = ORIENTED_EDGE ( 'NONE', *, *, #6566, .T. ) ;
#317 = AXIS2_PLACEMENT_3D ( 'NONE', #5443, #10127, #3428 ) ;
#318 = DIRECTION ( 'NONE',  ( 0.000000000000000000, 0.000000000000000000, 1.000000000000000000 ) ) ;
#319 = DIRECTION ( 'NONE',  ( -0.000000000000000000, -1.000000000000000000, -0.000000000000000000 ) ) ;
#320 = EDGE_CURVE ( 'NONE', #11748, #5149, #10577, .T. ) ;
#321 = ORIENTED_EDGE ( 'NONE', *, *, #8992, .F. ) ;
#322 = DIRECTION ( 'NONE',  ( -0.000000000000000000, 1.000000000000000000, -0.000000000000000000 ) ) ;
#323 = DIRECTION ( 'NONE',  ( -1.000000000000000000, 0.000000000000000000, -2.011680777452959771E-16 ) ) ;
#324 = FACE_BOUND ( 'NONE', #2293, .T. ) ;
#325 = LINE ( 'NONE', #9138, #9042 ) ;
#326 = DIRECTION ( 'NONE',  ( 0.000000000000000000, -0.000000000000000000, 1.000000000000000000 ) ) ;
#327 = EDGE_LOOP ( 'NONE', ( #2636, #1365 ) ) ;
#328 = DIRECTION ( 'NONE',  ( 0.000000000000000000, 0.000000000000000000, -1.000000000000000000 ) ) ;
#329 = DIRECTION ( 'NONE',  ( 0.000000000000000000, 0.000000000000000000, 1.000000000000000000 ) ) ;
#330 = EDGE_LOOP ( 'NONE', ( #5761, #3362 ) ) ;
#331 = ORIENTED_EDGE ( 'NONE', *, *, #6078, .F. ) ;
#332 = ORIENTED_EDGE ( 'NONE', *, *, #6073, .F. ) ;
#333 = EDGE_LOOP ( 'NONE', ( #375, #12178 ) ) ;
#334 = FACE_OUTER_BOUND ( 'NONE', #9227, .T. ) ;
#335 = EDGE_CURVE ( 'NONE', #5291, #2083, #4789, .T. ) ;
#336 = LINE ( 'NONE', #10980, #8015 ) ;
#337 = CIRCLE ( 'NONE', #10460, 3.000000000000009770 ) ;
#338 = ORIENTED_EDGE ( 'NONE', *, *, #6315, .T. ) ;
#339 = FACE_OUTER_BOUND ( 'NONE', #3941, .T. ) ;
#340 = LINE ( 'NONE', #4212, #6370 ) ;
#341 = ORIENTED_EDGE ( 'NONE', *, *, #12469, .F. ) ;
#342 = AXIS2_PLACEMENT_3D ( 'NONE', #2403, #10116, #10423 ) ;
#343 = DIRECTION ( 'NONE',  ( 0.000000000000000000, 1.000000000000000000, 0.000000000000000000 ) ) ;
#344 = ORIENTED_EDGE ( 'NONE', *, *, #3636, .T. ) ;
#345 = AXIS2_PLACEMENT_3D ( 'NONE', #4226, #8089, #3273 ) ;
#346 = EDGE_CURVE ( 'NONE', #6257, #9665, #1059, .T. ) ;
#347 = VECTOR ( 'NONE', #9503, 1000.000000000000000 ) ;
#348 = CARTESIAN_POINT ( 'NONE',  ( 53.50000000000000000, -21.88036781070453785, -43.39999999999999858 ) ) ;
#349 = ORIENTED_EDGE ( 'NONE', *, *, #1495, .T. ) ;
#350 = CARTESIAN_POINT ( 'NONE',  ( 72.49999999999988631, 2.000000000000000000, -37.99999999999998579 ) ) ;
#351 = CARTESIAN_POINT ( 'NONE',  ( 3.443928191751364240E-14, 9.799999999999998934, -49.20000000000005969 ) ) ;
#352 = EDGE_CURVE ( 'NONE', #9944, #6029, #11365, .T. ) ;
#353 = VECTOR ( 'NONE', #9701, 1000.000000000000000 ) ;
#354 = ORIENTED_EDGE ( 'NONE', *, *, #12320, .F. ) ;
#355 = ORIENTED_EDGE ( 'NONE', *, *, #7787, .F. ) ;
#356 = AXIS2_PLACEMENT_3D ( 'NONE', #9751, #114, #3990 ) ;
#357 = ORIENTED_EDGE ( 'NONE', *, *, #1709, .F. ) ;
#358 = LINE ( 'NONE', #8087, #4349 ) ;
#359 = CARTESIAN_POINT ( 'NONE',  ( 11.99999999999996270, 11.00000000000000000, -25.49999999999992895 ) ) ;
#360 = VERTEX_POINT ( 'NONE', #9536 ) ;
#361 = DIRECTION ( 'NONE',  ( -0.000000000000000000, -1.000000000000000000, -0.000000000000000000 ) ) ;
#362 = DIRECTION ( 'NONE',  ( 0.000000000000000000, -0.000000000000000000, 1.000000000000000000 ) ) ;
#363 = ORIENTED_EDGE ( 'NONE', *, *, #3685, .T. ) ;
#364 = VECTOR ( 'NONE', #2668, 1000.000000000000000 ) ;
#365 = VERTEX_POINT ( 'NONE', #7750 ) ;
#366 = DIRECTION ( 'NONE',  ( 0.000000000000000000, 0.000000000000000000, 1.000000000000000000 ) ) ;
#367 = CYLINDRICAL_SURFACE ( 'NONE', #9199, 2.500000000000002220 ) ;
#368 = EDGE_CURVE ( 'NONE', #11025, #7450, #5732, .T. ) ;
#369 = LINE ( 'NONE', #10886, #1262 ) ;
#370 = DIRECTION ( 'NONE',  ( 0.000000000000000000, 0.000000000000000000, -1.000000000000000000 ) ) ;
#371 = DIRECTION ( 'NONE',  ( 0.000000000000000000, 1.000000000000000000, 0.000000000000000000 ) ) ;
#372 = ORIENTED_EDGE ( 'NONE', *, *, #12339, .F. ) ;
#373 = ADVANCED_BREP_SHAPE_REPRESENTATION ( 'heatsink2', ( #6054, #5434 ), #9280 ) ;
#374 = AXIS2_PLACEMENT_3D ( 'NONE', #10939, #6059, #2272 ) ;
#375 = ORIENTED_EDGE ( 'NONE', *, *, #9286, .F. ) ;
#376 = DIRECTION ( 'NONE',  ( -0.000000000000000000, -1.000000000000000000, -0.000000000000000000 ) ) ;
#377 = EDGE_LOOP ( 'NONE', ( #7335, #2898 ) ) ;
#378 = EDGE_CURVE ( 'NONE', #4340, #11392, #559, .T. ) ;
#379 = CARTESIAN_POINT ( 'NONE',  ( 76.00000000000000000, 11.00000000000000000, -43.50000000000000000 ) ) ;
#380 = CARTESIAN_POINT ( 'NONE',  ( 63.49999999999992895, 11.00000000000000000, -33.49999999999992895 ) ) ;
#381 = EDGE_CURVE ( 'NONE', #3999, #3346, #3838, .T. ) ;
#382 = DIRECTION ( 'NONE',  ( -0.000000000000000000, 1.000000000000000000, -0.000000000000000000 ) ) ;
#383 = EDGE_CURVE ( 'NONE', #6895, #11946, #5613, .T. ) ;
#384 = ORIENTED_EDGE ( 'NONE', *, *, #12339, .T. ) ;
#385 = PRODUCT_DEFINITION_FORMATION_WITH_SPECIFIED_SOURCE ( 'ANY', '', #5373, .NOT_KNOWN. ) ;
#386 = DIRECTION ( 'NONE',  ( -9.573184869153914683E-05, 0.000000000000000000, -0.9999999954177065664 ) ) ;
#387 = ADVANCED_FACE ( 'NONE', ( #1520 ), #852, .T. ) ;
#388 = CARTESIAN_POINT ( 'NONE',  ( 67.99999999999997158, 11.00000000000000000, -16.49999999999996447 ) ) ;
#389 = FACE_OUTER_BOUND ( 'NONE', #4322, .T. ) ;
#390 = CARTESIAN_POINT ( 'NONE',  ( 16.49999999999989697, 11.00000000000000000, -39.99999999999995026 ) ) ;
#391 = ORIENTED_EDGE ( 'NONE', *, *, #8531, .F. ) ;
#392 = EDGE_CURVE ( 'NONE', #2174, #61, #1817, .T. ) ;
#393 = PLANE ( 'NONE',  #5414 ) ;
#394 = VERTEX_POINT ( 'NONE', #8528 ) ;
#395 = DIRECTION ( 'NONE',  ( -0.000000000000000000, -1.000000000000000000, -0.000000000000000000 ) ) ;
#396 = ORIENTED_EDGE ( 'NONE', *, *, #4876, .T. ) ;
#397 = EDGE_CURVE ( 'NONE', #667, #1872, #12193, .T. ) ;
#398 = DIRECTION ( 'NONE',  ( 0.000000000000000000, 0.000000000000000000, 1.000000000000000000 ) ) ;
#399 = CYLINDRICAL_SURFACE ( 'NONE', #3905, 2.447087127489769198 ) ;
#400 = ADVANCED_FACE ( 'NONE', ( #6732 ), #919, .T. ) ;
#401 = EDGE_LOOP ( 'NONE', ( #13, #6510, #1918, #10057 ) ) ;
#402 = CARTESIAN_POINT ( 'NONE',  ( 7.499999999999944045, 2.000000000000000000, -33.49999999999989342 ) ) ;
#403 = DIRECTION ( 'NONE',  ( 0.000000000000000000, 1.000000000000000000, 0.000000000000000000 ) ) ;
#404 = CYLINDRICAL_SURFACE ( 'NONE', #672, 2.500000000000002220 ) ;
#405 = CYLINDRICAL_SURFACE ( 'NONE', #11846, 0.9999999999999974465 ) ;
#406 = ORIENTED_EDGE ( 'NONE', *, *, #1293, .T. ) ;
#407 = DIRECTION ( 'NONE',  ( -0.9999999954177064554, 0.000000000000000000, 9.573184869153914683E-05 ) ) ;
#408 = ORIENTED_EDGE ( 'NONE', *, *, #9855, .T. ) ;
#409 = CARTESIAN_POINT ( 'NONE',  ( 52.00000000000000000, -0.002000000000000265454, -9.819595949289308123 ) ) ;
#410 = ORIENTED_EDGE ( 'NONE', *, *, #1415, .T. ) ;
#411 = VERTEX_POINT ( 'NONE', #8650 ) ;
#412 = DIRECTION ( 'NONE',  ( 0.000000000000000000, 0.000000000000000000, -1.000000000000000000 ) ) ;
#413 = DIRECTION ( 'NONE',  ( 0.000000000000000000, 0.000000000000000000, 1.000000000000000000 ) ) ;
#414 = CARTESIAN_POINT ( 'NONE',  ( 15.35613998199869457, 11.00000000000000000, -49.20000000000000995 ) ) ;
#415 = CARTESIAN_POINT ( 'NONE',  ( 3.000000000000002665, 11.00000000000000000, -44.89029455227312582 ) ) ;
#416 = DIRECTION ( 'NONE',  ( 0.000000000000000000, 0.000000000000000000, 1.000000000000000000 ) ) ;
#417 = DIRECTION ( 'NONE',  ( 0.000000000000000000, 0.000000000000000000, 1.000000000000000000 ) ) ;
#418 = VERTEX_POINT ( 'NONE', #12504 ) ;
#419 = VERTEX_POINT ( 'NONE', #7686 ) ;
#420 = CARTESIAN_POINT ( 'NONE',  ( 63.49999999999997158, 11.00000000000000000, -19.99999999999993605 ) ) ;
#421 = CARTESIAN_POINT ( 'NONE',  ( 12.00000000000000355, 2.000000000000000000, -10.99999999999993605 ) ) ;
#422 = CARTESIAN_POINT ( 'NONE',  ( 36.49999999999999289, 1.999999999999998224, -43.73776336359135541 ) ) ;
#423 = CARTESIAN_POINT ( 'NONE',  ( 7.500000000000020428, 11.00000000000000000, -10.99999999999990585 ) ) ;
#424 = DIRECTION ( 'NONE',  ( 0.000000000000000000, 1.000000000000000000, 0.000000000000000000 ) ) ;
#425 = ADVANCED_FACE ( 'NONE', ( #11561 ), #10615, .T. ) ;
#426 = EDGE_CURVE ( 'NONE', #12535, #3727, #3082, .T. ) ;
#427 = ORIENTED_EDGE ( 'NONE', *, *, #7017, .F. ) ;
#428 = ADVANCED_FACE ( 'NONE', ( #11808 ), #2198, .T. ) ;
#429 = PLANE ( 'NONE',  #9026 ) ;
#430 = ORIENTED_EDGE ( 'NONE', *, *, #523, .F. ) ;
#431 = CIRCLE ( 'NONE', #4077, 0.9999999999999974465 ) ;
#432 = DIRECTION ( 'NONE',  ( 0.000000000000000000, 0.000000000000000000, 1.000000000000000000 ) ) ;
#433 = CARTESIAN_POINT ( 'NONE',  ( 0.000000000000000000, 11.00000000000000000, -46.00000000000000000 ) ) ;
#434 = EDGE_CURVE ( 'NONE', #5543, #9930, #10737, .T. ) ;
#435 = CARTESIAN_POINT ( 'NONE',  ( 0.9999999999999870104, 9.799999999999998934, -2.762250190341694227E-14 ) ) ;
#436 = ORIENTED_EDGE ( 'NONE', *, *, #3696, .F. ) ;
#437 = EDGE_LOOP ( 'NONE', ( #1682, #6537 ) ) ;
#438 = DIRECTION ( 'NONE',  ( -0.000000000000000000, -1.000000000000000000, -0.000000000000000000 ) ) ;
#439 = AXIS2_PLACEMENT_3D ( 'NONE', #8616, #12467, #3090 ) ;
#440 = DIRECTION ( 'NONE',  ( 0.000000000000000000, 0.000000000000000000, -1.000000000000000000 ) ) ;
#441 = VERTEX_POINT ( 'NONE', #4984 ) ;
#442 = CIRCLE ( 'NONE', #10162, 0.9999999999999974465 ) ;
#443 = ADVANCED_FACE ( 'NONE', ( #6797 ), #4912, .T. ) ;
#444 = EDGE_CURVE ( 'NONE', #4257, #9381, #8957, .T. ) ;
#445 = ORIENTED_EDGE ( 'NONE', *, *, #11612, .F. ) ;
#446 = CARTESIAN_POINT ( 'NONE',  ( -1.927470528863119049E-16, 2.000000000000000000, -4.000000000000000000 ) ) ;
#447 = EDGE_CURVE ( 'NONE', #7180, #6278, #7821, .T. ) ;
#448 = DIRECTION ( 'NONE',  ( 0.000000000000000000, 0.000000000000000000, -1.000000000000000000 ) ) ;
#449 = AXIS2_PLACEMENT_3D ( 'NONE', #8294, #8592, #4428 ) ;
#450 = VERTEX_POINT ( 'NONE', #2008 ) ;
#451 = EDGE_CURVE ( 'NONE', #1186, #5235, #8774, .T. ) ;
#452 = DIRECTION ( 'NONE',  ( 0.000000000000000000, 1.000000000000000000, -0.000000000000000000 ) ) ;
#453 = DIRECTION ( 'NONE',  ( -1.239088197126289880E-15, 0.000000000000000000, 1.000000000000000000 ) ) ;
#454 = ORIENTED_EDGE ( 'NONE', *, *, #3910, .T. ) ;
#455 = VECTOR ( 'NONE', #6638, 1000.000000000000000 ) ;
#456 = DIRECTION ( 'NONE',  ( 0.000000000000000000, 1.000000000000000000, 0.000000000000000000 ) ) ;
#457 = CARTESIAN_POINT ( 'NONE',  ( 60.08736290225569121, 2.000000000000000000, -4.732233047033634676 ) ) ;
#458 = VERTEX_POINT ( 'NONE', #11876 ) ;
#459 = EDGE_CURVE ( 'NONE', #5348, #619, #6715, .T. ) ;
#460 = ORIENTED_EDGE ( 'NONE', *, *, #5967, .T. ) ;
#461 = CARTESIAN_POINT ( 'NONE',  ( 35.49999999999999289, 2.000000000000000000, -33.49999999999995737 ) ) ;
#462 = CARTESIAN_POINT ( 'NONE',  ( 7.499999999999930722, 2.000000000000000000, -39.99999999999988631 ) ) ;
#463 = AXIS2_PLACEMENT_3D ( 'NONE', #1101, #3958, #3057 ) ;
#464 = EDGE_CURVE ( 'NONE', #9110, #10372, #4078, .T. ) ;
#465 = ORIENTED_EDGE ( 'NONE', *, *, #6550, .F. ) ;
#466 = AXIS2_PLACEMENT_3D ( 'NONE', #10734, #11752, #6981 ) ;
#467 = CARTESIAN_POINT ( 'NONE',  ( 63.49999999999991473, 11.00000000000000000, -39.99999999999992184 ) ) ;
#468 = ADVANCED_FACE ( 'NONE', ( #10922, #10681, #5912, #5856, #1043 ), #1108, .T. ) ;
#469 = CARTESIAN_POINT ( 'NONE',  ( 48.49999999999999289, 11.00000000000000000, -16.49999999999993250 ) ) ;
#470 = ORIENTED_EDGE ( 'NONE', *, *, #8686, .T. ) ;
#471 = EDGE_CURVE ( 'NONE', #11552, #1938, #9349, .T. ) ;
#472 = CARTESIAN_POINT ( 'NONE',  ( 7.499999999999930722, 11.00000000000000000, -37.99999999999988631 ) ) ;
#473 = VECTOR ( 'NONE', #11315, 1000.000000000000000 ) ;
#474 = ORIENTED_EDGE ( 'NONE', *, *, #7427, .T. ) ;
#475 = DIRECTION ( 'NONE',  ( -0.000000000000000000, 1.000000000000000000, -0.000000000000000000 ) ) ;
#476 = VERTEX_POINT ( 'NONE', #10799 ) ;
#477 = ORIENTED_EDGE ( 'NONE', *, *, #4018, .T. ) ;
#478 = AXIS2_PLACEMENT_3D ( 'NONE', #4725, #12444, #10621 ) ;
#479 = DIRECTION ( 'NONE',  ( 0.000000000000000000, 0.000000000000000000, 1.000000000000000000 ) ) ;
#480 = AXIS2_PLACEMENT_3D ( 'NONE', #1210, #2109, #11674 ) ;
#481 = AXIS2_PLACEMENT_3D ( 'NONE', #9734, #7832, #11711 ) ;
#482 = EDGE_CURVE ( 'NONE', #2424, #2239, #4289, .T. ) ;
#483 = EDGE_LOOP ( 'NONE', ( #2546, #2356 ) ) ;
#484 = AXIS2_PLACEMENT_3D ( 'NONE', #11423, #8759, #7614 ) ;
#486 = AXIS2_PLACEMENT_3D ( 'NONE', #6000, #7708, #11777 ) ;
#485 = DIRECTION ( 'NONE',  ( 0.000000000000000000, 1.000000000000000000, 0.000000000000000000 ) ) ;
#487 = DIRECTION ( 'NONE',  ( 0.000000000000000000, 0.000000000000000000, 1.000000000000000000 ) ) ;
#488 = DIRECTION ( 'NONE',  ( 0.000000000000000000, 0.000000000000000000, 1.000000000000000000 ) ) ;
#489 = FACE_OUTER_BOUND ( 'NONE', #10324, .T. ) ;
#490 = ORIENTED_EDGE ( 'NONE', *, *, #762, .T. ) ;
#491 = ORIENTED_EDGE ( 'NONE', *, *, #11716, .F. ) ;
#492 = PLANE ( 'NONE',  #1905 ) ;
#493 = DIRECTION ( 'NONE',  ( -7.534230757946422568E-17, 0.000000000000000000, -1.000000000000000000 ) ) ;
#494 = CIRCLE ( 'NONE', #7977, 0.9999999999999974465 ) ;
#495 = DIRECTION ( 'NONE',  ( -0.7071067811865432429, 0.000000000000000000, -0.7071067811865517916 ) ) ;
#496 = AXIS2_PLACEMENT_3D ( 'NONE', #2801, #12473, #1194 ) ;
#497 = LINE ( 'NONE', #5439, #12049 ) ;
#498 = VECTOR ( 'NONE', #5313, 1000.000000000000114 ) ;
#499 = PLANE ( 'NONE',  #2013 ) ;
#500 = VERTEX_POINT ( 'NONE', #206 ) ;
#501 = VECTOR ( 'NONE', #9830, 1000.000000000000000 ) ;
#502 = ORIENTED_EDGE ( 'NONE', *, *, #285, .T. ) ;
#503 = VECTOR ( 'NONE', #8343, 1000.000000000000000 ) ;
#504 = CARTESIAN_POINT ( 'NONE',  ( 30.50000000000000355, 2.000000000000000000, -10.85512985522205121 ) ) ;
#505 = ORIENTED_EDGE ( 'NONE', *, *, #8829, .T. ) ;
#506 = CARTESIAN_POINT ( 'NONE',  ( 25.63015151901650768, 11.00000000000000000, -5.499999999999992895 ) ) ;
#507 = DIRECTION ( 'NONE',  ( -0.000000000000000000, 1.000000000000000000, -0.000000000000000000 ) ) ;
#508 = EDGE_LOOP ( 'NONE', ( #11086, #7879 ) ) ;
#509 = DIRECTION ( 'NONE',  ( -3.496519228280624712E-16, 0.000000000000000000, 1.000000000000000000 ) ) ;
#510 = VERTEX_POINT ( 'NONE', #7934 ) ;
#511 = DIRECTION ( 'NONE',  ( 0.000000000000000000, 0.000000000000000000, -1.000000000000000000 ) ) ;
#512 = AXIS2_PLACEMENT_3D ( 'NONE', #701, #4815, #8679 ) ;
#513 = CARTESIAN_POINT ( 'NONE',  ( 41.52771285725268768, 11.00000000000000000, -47.19999999999999574 ) ) ;
#514 = EDGE_LOOP ( 'NONE', ( #8839, #7788 ) ) ;
#515 = AXIS2_PLACEMENT_3D ( 'NONE', #7245, #6990, #11880 ) ;
#516 = EDGE_LOOP ( 'NONE', ( #4843, #8890 ) ) ;
#517 = CARTESIAN_POINT ( 'NONE',  ( 57.50000000000000000, 11.00000000000000000, -10.85512985522207607 ) ) ;
#518 = AXIS2_PLACEMENT_3D ( 'NONE', #11252, #2597, #6436 ) ;
#519 = CARTESIAN_POINT ( 'NONE',  ( 67.99999999999990052, 2.000000000000000000, -38.99999999999995026 ) ) ;
#520 = DIRECTION ( 'NONE',  ( 0.000000000000000000, 1.000000000000000000, 0.000000000000000000 ) ) ;
#521 = CARTESIAN_POINT ( 'NONE',  ( 35.49999999999999289, 2.000000000000000000, -24.49999999999996447 ) ) ;
#522 = ORIENTED_EDGE ( 'NONE', *, *, #8808, .F. ) ;
#523 = EDGE_CURVE ( 'NONE', #9672, #7299, #11360, .T. ) ;
#524 = CARTESIAN_POINT ( 'NONE',  ( 7.500000000000041744, 11.00000000000000000, -6.499999999999906741 ) ) ;
#525 = DIRECTION ( 'NONE',  ( 0.000000000000000000, 0.000000000000000000, 1.000000000000000000 ) ) ;
#526 = EDGE_LOOP ( 'NONE', ( #7240, #5140, #11559, #2684 ) ) ;
#527 = DIRECTION ( 'NONE',  ( 0.000000000000000000, 0.000000000000000000, -1.000000000000000000 ) ) ;
#528 = EDGE_CURVE ( 'NONE', #7318, #3495, #5718, .T. ) ;
#529 = DIRECTION ( 'NONE',  ( 0.000000000000000000, 1.000000000000000000, 0.000000000000000000 ) ) ;
#530 = AXIS2_PLACEMENT_3D ( 'NONE', #5047, #4079, #6986 ) ;
#531 = EDGE_LOOP ( 'NONE', ( #4459, #11322, #10345, #3046 ) ) ;
#532 = VERTEX_POINT ( 'NONE', #1936 ) ;
#533 = AXIS2_PLACEMENT_3D ( 'NONE', #10834, #6009, #9884 ) ;
#534 = EDGE_CURVE ( 'NONE', #4717, #7505, #3643, .T. ) ;
#535 = CARTESIAN_POINT ( 'NONE',  ( 63.50000000000000000, 2.000000000000000000, -10.99999999999993605 ) ) ;
#536 = EDGE_CURVE ( 'NONE', #8101, #5577, #5668, .T. ) ;
#537 = DIRECTION ( 'NONE',  ( 0.000000000000000000, 1.000000000000000000, 0.000000000000000000 ) ) ;
#538 = CARTESIAN_POINT ( 'NONE',  ( 26.54142135623725451, 11.00000000000000000, -40.50000000000000711 ) ) ;
#539 = ORIENTED_EDGE ( 'NONE', *, *, #11307, .F. ) ;
#540 = ADVANCED_FACE ( 'NONE', ( #10609 ), #6538, .T. ) ;
#541 = CARTESIAN_POINT ( 'NONE',  ( 77.00000000000000000, 11.00000000000000000, -5.200000000000043698 ) ) ;
#542 = ORIENTED_EDGE ( 'NONE', *, *, #2170, .F. ) ;
#543 = AXIS2_PLACEMENT_3D ( 'NONE', #11656, #9625, #873 ) ;
#544 = DIRECTION ( 'NONE',  ( 0.000000000000000000, 0.000000000000000000, 1.000000000000000000 ) ) ;
#545 = EDGE_CURVE ( 'NONE', #9008, #3228, #5608, .T. ) ;
#546 = EDGE_CURVE ( 'NONE', #8716, #5770, #7326, .T. ) ;
#547 = DIRECTION ( 'NONE',  ( 0.000000000000000000, 0.000000000000000000, 1.000000000000000000 ) ) ;
#548 = CIRCLE ( 'NONE', #8849, 0.9999999999999940048 ) ;
#549 = DIRECTION ( 'NONE',  ( 0.000000000000000000, 0.000000000000000000, 1.000000000000000000 ) ) ;
#550 = CARTESIAN_POINT ( 'NONE',  ( 72.50000000000000000, 2.000000000000000000, -8.499999999999996447 ) ) ;
#551 = AXIS2_PLACEMENT_3D ( 'NONE', #1974, #3740, #9696 ) ;
#552 = CARTESIAN_POINT ( 'NONE',  ( 65.47228714274751837, 9.799999999999998934, -44.19999999999999574 ) ) ;
#553 = LINE ( 'NONE', #12021, #1769 ) ;
#554 = VERTEX_POINT ( 'NONE', #11557 ) ;
#555 = VERTEX_POINT ( 'NONE', #9473 ) ;
#556 = DIRECTION ( 'NONE',  ( -0.000000000000000000, -1.000000000000000000, -0.000000000000000000 ) ) ;
#557 = EDGE_CURVE ( 'NONE', #10255, #9339, #3895, .T. ) ;
#558 = CARTESIAN_POINT ( 'NONE',  ( 55.52132034355962276, 11.00000000000000000, -5.479898987322335380 ) ) ;
#559 = LINE ( 'NONE', #10182, #4095 ) ;
#560 = CIRCLE ( 'NONE', #7836, 0.9999999999999974465 ) ;
#561 = CARTESIAN_POINT ( 'NONE',  ( 16.49999999999992539, 11.00000000000000000, -33.49999999999995737 ) ) ;
#562 = AXIS2_PLACEMENT_3D ( 'NONE', #618, #424, #3283 ) ;
#563 = LINE ( 'NONE', #4738, #1400 ) ;
#564 = VERTEX_POINT ( 'NONE', #10491 ) ;
#565 = ORIENTED_EDGE ( 'NONE', *, *, #10379, .T. ) ;
#566 = ORIENTED_EDGE ( 'NONE', *, *, #11699, .T. ) ;
#567 = VECTOR ( 'NONE', #6258, 1000.000000000000000 ) ;
#568 = FACE_BOUND ( 'NONE', #1124, .T. ) ;
#569 = DIRECTION ( 'NONE',  ( -0.000000000000000000, -1.000000000000000000, -0.000000000000000000 ) ) ;
#570 = EDGE_LOOP ( 'NONE', ( #11646, #8210, #7910, #8487 ) ) ;
#571 = DIRECTION ( 'NONE',  ( -0.000000000000000000, -1.000000000000000000, -0.000000000000000000 ) ) ;
#572 = DIRECTION ( 'NONE',  ( 0.000000000000000000, 0.000000000000000000, 1.000000000000000000 ) ) ;
#573 = VERTEX_POINT ( 'NONE', #1870 ) ;
#574 = FACE_OUTER_BOUND ( 'NONE', #2312, .T. ) ;
#575 = ORIENTED_EDGE ( 'NONE', *, *, #5350, .F. ) ;
#576 = EDGE_LOOP ( 'NONE', ( #7524, #5590, #9388, #11794 ) ) ;
#577 = LINE ( 'NONE', #1349, #5774 ) ;
#578 = CARTESIAN_POINT ( 'NONE',  ( 25.63015151901658228, 9.799999999999998934, -41.30000000000000426 ) ) ;
#579 = AXIS2_PLACEMENT_3D ( 'NONE', #5930, #9990, #8028 ) ;
#580 = EDGE_LOOP ( 'NONE', ( #4314, #1811, #5213, #240 ) ) ;
#581 = AXIS2_PLACEMENT_3D ( 'NONE', #8098, #371, #9304 ) ;
#582 = EDGE_CURVE ( 'NONE', #1274, #8633, #7116, .T. ) ;
#583 = EDGE_LOOP ( 'NONE', ( #9710, #7410, #3385, #11884 ) ) ;
#584 = CARTESIAN_POINT ( 'NONE',  ( 67.50000000000000000, 5.000000000000000000, 0.000000000000000000 ) ) ;
#585 = CARTESIAN_POINT ( 'NONE',  ( 60.08736290225569121, -0.002000000000000265454, -4.732233047033635565 ) ) ;
#586 = FACE_OUTER_BOUND ( 'NONE', #181, .T. ) ;
#587 = CARTESIAN_POINT ( 'NONE',  ( 0.000000000000000000, 9.799999999999998934, 0.000000000000000000 ) ) ;
#588 = ORIENTED_EDGE ( 'NONE', *, *, #9361, .F. ) ;
#589 = CARTESIAN_POINT ( 'NONE',  ( 53.50000000000000000, 0.000000000000000000, -3.400000000000000355 ) ) ;
#590 = CARTESIAN_POINT ( 'NONE',  ( 5.443227718325019282, 9.799999999999998934, -44.75291287251024386 ) ) ;
#591 = VERTEX_POINT ( 'NONE', #795 ) ;
#592 = FACE_OUTER_BOUND ( 'NONE', #5311, .T. ) ;
#593 = CARTESIAN_POINT ( 'NONE',  ( 44.98517677218605115, 9.799999999999998934, -44.98517677218592326 ) ) ;
#594 = ORIENTED_EDGE ( 'NONE', *, *, #464, .F. ) ;
#595 = EDGE_CURVE ( 'NONE', #12175, #1526, #4844, .T. ) ;
#596 = DIRECTION ( 'NONE',  ( -1.000000000000000000, 0.000000000000000000, -2.011680777452959771E-16 ) ) ;
#597 = CYLINDRICAL_SURFACE ( 'NONE', #4558, 0.9999999999999974465 ) ;
#598 = ORIENTED_EDGE ( 'NONE', *, *, #9912, .T. ) ;
#599 = EDGE_CURVE ( 'NONE', #9146, #11164, #12377, .T. ) ;
#600 = CARTESIAN_POINT ( 'NONE',  ( 5.443227718325019282, 11.00000000000000000, -44.75470390403734200 ) ) ;
#601 = ORIENTED_EDGE ( 'NONE', *, *, #1541, .T. ) ;
#602 = CARTESIAN_POINT ( 'NONE',  ( 53.50000000000000000, 0.000000000000000000, -5.099999999999996980 ) ) ;
#603 = VERTEX_POINT ( 'NONE', #9531 ) ;
#604 = EDGE_LOOP ( 'NONE', ( #11298, #7269, #3429, #2150 ) ) ;
#605 = DIRECTION ( 'NONE',  ( 0.000000000000000000, 0.000000000000000000, -1.000000000000000000 ) ) ;
#606 = EDGE_LOOP ( 'NONE', ( #3703, #1040 ) ) ;
#607 = PLANE ( 'NONE',  #3415 ) ;
#609 = ADVANCED_FACE ( 'NONE', ( #11626 ), #7682, .T. ) ;
#608 = CARTESIAN_POINT ( 'NONE',  ( 26.54142135623730780, 9.799999999999998934, -3.499999999999993339 ) ) ;
#610 = EDGE_CURVE ( 'NONE', #8335, #3985, #7526, .T. ) ;
#611 = DIRECTION ( 'NONE',  ( 0.000000000000000000, 0.000000000000000000, -1.000000000000000000 ) ) ;
#612 = EDGE_LOOP ( 'NONE', ( #3140, #3056, #5906, #10266, #6154, #655, #10321, #8313 ) ) ;
#613 = ORIENTED_EDGE ( 'NONE', *, *, #9735, .F. ) ;
#614 = DIRECTION ( 'NONE',  ( -0.000000000000000000, -1.000000000000000000, -0.000000000000000000 ) ) ;
#615 = DIRECTION ( 'NONE',  ( 0.000000000000000000, 1.000000000000000000, -0.000000000000000000 ) ) ;
#616 = CARTESIAN_POINT ( 'NONE',  ( 7.499999999999930722, 2.000000000000000000, -37.99999999999988631 ) ) ;
#617 = AXIS2_PLACEMENT_3D ( 'NONE', #10635, #1191, #6933 ) ;
#618 = CARTESIAN_POINT ( 'NONE',  ( 67.99999999999992895, 2.000000000000000000, -29.99999999999995737 ) ) ;
#619 = VERTEX_POINT ( 'NONE', #3771 ) ;
#620 = EDGE_CURVE ( 'NONE', #731, #12385, #7621, .T. ) ;
#621 = ORIENTED_EDGE ( 'NONE', *, *, #6389, .F. ) ;
#622 = EDGE_CURVE ( 'NONE', #10418, #7298, #3692, .T. ) ;
#623 = FACE_BOUND ( 'NONE', #330, .T. ) ;
#624 = DIRECTION ( 'NONE',  ( 0.000000000000000000, 1.000000000000000000, 0.000000000000000000 ) ) ;
#625 = ORIENTED_EDGE ( 'NONE', *, *, #11724, .T. ) ;
#626 = CARTESIAN_POINT ( 'NONE',  ( 57.00060966544094754, 11.00000000000000000, 22.99939033455901694 ) ) ;
#627 = FACE_OUTER_BOUND ( 'NONE', #10527, .T. ) ;
#628 = ORIENTED_EDGE ( 'NONE', *, *, #5771, .F. ) ;
#629 = DIRECTION ( 'NONE',  ( 0.000000000000000000, 1.000000000000000000, 0.000000000000000000 ) ) ;
#630 = ORIENTED_EDGE ( 'NONE', *, *, #2555, .F. ) ;
#631 = FACE_OUTER_BOUND ( 'NONE', #7507, .T. ) ;
#632 = LINE ( 'NONE', #12228, #6426 ) ;
#633 = ORIENTED_EDGE ( 'NONE', *, *, #6561, .F. ) ;
#634 = AXIS2_PLACEMENT_3D ( 'NONE', #5554, #9418, #2780 ) ;
#635 = VECTOR ( 'NONE', #9511, 1000.000000000000000 ) ;
#636 = ORIENTED_EDGE ( 'NONE', *, *, #1961, .T. ) ;
#637 = LINE ( 'NONE', #446, #10416 ) ;
#638 = CARTESIAN_POINT ( 'NONE',  ( 79.99990370118349858, 11.00000000000000000, -1.005922452987852544 ) ) ;
#639 = FACE_OUTER_BOUND ( 'NONE', #830, .T. ) ;
#640 = CYLINDRICAL_SURFACE ( 'NONE', #11970, 0.9999999999999974465 ) ;
#641 = EDGE_LOOP ( 'NONE', ( #5972, #10341, #5688, #6343 ) ) ;
#642 = CARTESIAN_POINT ( 'NONE',  ( 7.500000000000020428, 2.000000000000000000, -10.99999999999990585 ) ) ;
#643 = DIRECTION ( 'NONE',  ( 0.000000000000000000, -0.000000000000000000, 1.000000000000000000 ) ) ;
#644 = AXIS2_PLACEMENT_3D ( 'NONE', #11772, #361, #11720 ) ;
#645 = ORIENTED_EDGE ( 'NONE', *, *, #12531, .F. ) ;
#646 = ORIENTED_EDGE ( 'NONE', *, *, #5111, .F. ) ;
#647 = CARTESIAN_POINT ( 'NONE',  ( 44.50000000000000000, 2.000000000000000000, -33.49999999999994316 ) ) ;
#648 = VECTOR ( 'NONE', #507, 1000.000000000000000 ) ;
#649 = CARTESIAN_POINT ( 'NONE',  ( 48.49999999999999289, 11.00000000000000000, -24.49999999999993250 ) ) ;
#650 = ORIENTED_EDGE ( 'NONE', *, *, #10503, .T. ) ;
#651 = AXIS2_PLACEMENT_3D ( 'NONE', #6672, #10554, #800 ) ;
#652 = LINE ( 'NONE', #10347, #4327 ) ;
#653 = CARTESIAN_POINT ( 'NONE',  ( 14.23776336359134831, 2.000000000000000000, -46.00000000000000000 ) ) ;
#654 = AXIS2_PLACEMENT_3D ( 'NONE', #7888, #8907, #4033 ) ;
#655 = ORIENTED_EDGE ( 'NONE', *, *, #7017, .T. ) ;
#656 = DIRECTION ( 'NONE',  ( 1.000000000000000000, -0.000000000000000000, 0.000000000000000000 ) ) ;
#657 = ORIENTED_EDGE ( 'NONE', *, *, #1774, .T. ) ;
#658 = CARTESIAN_POINT ( 'NONE',  ( 67.99999999999995737, 11.00000000000000000, -21.99999999999996092 ) ) ;
#659 = ORIENTED_EDGE ( 'NONE', *, *, #7876, .T. ) ;
#660 = ORIENTED_EDGE ( 'NONE', *, *, #1796, .T. ) ;
#661 = CARTESIAN_POINT ( 'NONE',  ( 7.500000000000007105, 11.00000000000000000, -16.49999999999990408 ) ) ;
#662 = VECTOR ( 'NONE', #6155, 1000.000000000000000 ) ;
#663 = EDGE_CURVE ( 'NONE', #8131, #12041, #6919, .T. ) ;
#664 = EDGE_CURVE ( 'NONE', #4603, #1685, #1890, .T. ) ;
#665 = CIRCLE ( 'NONE', #12391, 2.799999999999997158 ) ;
#666 = ADVANCED_FACE ( 'NONE', ( #8472 ), #2247, .F. ) ;
#667 = VERTEX_POINT ( 'NONE', #8769 ) ;
#668 = DIRECTION ( 'NONE',  ( 0.7071067811865487940, 0.000000000000000000, -0.7071067811865463515 ) ) ;
#669 = VECTOR ( 'NONE', #4585, 1000.000000000000000 ) ;
#670 = CYLINDRICAL_SURFACE ( 'NONE', #5956, 1.000000000000000888 ) ;
#671 = CYLINDRICAL_SURFACE ( 'NONE', #4620, 0.9999999999999974465 ) ;
#672 = AXIS2_PLACEMENT_3D ( 'NONE', #8961, #5050, #3137 ) ;
#673 = CARTESIAN_POINT ( 'NONE',  ( 36.49999999999999289, 1.999999999999998224, -41.23776336359135541 ) ) ;
#674 = EDGE_LOOP ( 'NONE', ( #2440, #9586 ) ) ;
#675 = CIRCLE ( 'NONE', #7753, 2.799999999999996270 ) ;
#676 = ORIENTED_EDGE ( 'NONE', *, *, #12085, .T. ) ;
#677 = DIRECTION ( 'NONE',  ( -0.000000000000000000, 1.000000000000000000, -0.000000000000000000 ) ) ;
#678 = ADVANCED_FACE ( 'NONE', ( #3190 ), #3010, .T. ) ;
#679 = DIRECTION ( 'NONE',  ( 1.000000000000000000, -0.000000000000000000, 0.000000000000000000 ) ) ;
#680 = VERTEX_POINT ( 'NONE', #11871 ) ;
#681 = DIRECTION ( 'NONE',  ( -0.000000000000000000, -1.000000000000000000, -0.000000000000000000 ) ) ;
#682 = AXIS2_PLACEMENT_3D ( 'NONE', #11250, #4546, #2657 ) ;
#683 = ADVANCED_FACE ( 'NONE', ( #5097 ), #1290, .T. ) ;
#684 = DIRECTION ( 'NONE',  ( 0.000000000000000000, 0.000000000000000000, 1.000000000000000000 ) ) ;
#685 = ORIENTED_EDGE ( 'NONE', *, *, #6624, .T. ) ;
#686 = AXIS2_PLACEMENT_3D ( 'NONE', #2576, #1562, #5416 ) ;
#687 = CIRCLE ( 'NONE', #4123, 0.9999999999999974465 ) ;
#688 = ORIENTED_EDGE ( 'NONE', *, *, #10227, .F. ) ;
#689 = ORIENTED_EDGE ( 'NONE', *, *, #2784, .T. ) ;
#690 = FACE_BOUND ( 'NONE', #1424, .T. ) ;
#691 = DIRECTION ( 'NONE',  ( 0.000000000000000000, 0.000000000000000000, 1.000000000000000000 ) ) ;
#692 = AXIS2_PLACEMENT_3D ( 'NONE', #11060, #10934, #6055 ) ;
#693 = ORIENTED_EDGE ( 'NONE', *, *, #2, .F. ) ;
#694 = AXIS2_PLACEMENT_3D ( 'NONE', #10870, #3970, #7829 ) ;
#695 = LINE ( 'NONE', #1460, #4410 ) ;
#697 = DIRECTION ( 'NONE',  ( 0.000000000000000000, 1.000000000000000000, 0.000000000000000000 ) ) ;
#696 = CIRCLE ( 'NONE', #7768, 0.9999999999999974465 ) ;
#698 = AXIS2_PLACEMENT_3D ( 'NONE', #2968, #100, #10632 ) ;
#699 = CARTESIAN_POINT ( 'NONE',  ( 16.49999999999997868, 2.000000000000000000, -16.49999999999996447 ) ) ;
#700 = CARTESIAN_POINT ( 'NONE',  ( 17.92779706011599927, 9.799999999999998934, -6.000084202863472882 ) ) ;
#701 = CARTESIAN_POINT ( 'NONE',  ( 67.99999999999992895, 11.00000000000000000, -29.99999999999995737 ) ) ;
#702 = EDGE_CURVE ( 'NONE', #8511, #213, #261, .T. ) ;
#703 = EDGE_CURVE ( 'NONE', #6161, #10342, #4906, .T. ) ;
#704 = DIRECTION ( 'NONE',  ( -0.000000000000000000, -1.000000000000000000, -0.000000000000000000 ) ) ;
#705 = VECTOR ( 'NONE', #2397, 1000.000000000000000 ) ;
#706 = AXIS2_PLACEMENT_3D ( 'NONE', #4156, #3214, #549 ) ;
#707 = ORIENTED_EDGE ( 'NONE', *, *, #12351, .F. ) ;
#708 = CYLINDRICAL_SURFACE ( 'NONE', #4338, 6.100000000000028955 ) ;
#709 = CARTESIAN_POINT ( 'NONE',  ( 9.900000000000003908, 5.000000000000000888, 0.000000000000000000 ) ) ;
#710 = DIRECTION ( 'NONE',  ( -0.000000000000000000, -1.000000000000000000, -0.000000000000000000 ) ) ;
#711 = FACE_OUTER_BOUND ( 'NONE', #4894, .T. ) ;
#712 = VECTOR ( 'NONE', #12063, 1000.000000000000000 ) ;
#713 = ORIENTED_EDGE ( 'NONE', *, *, #8793, .F. ) ;
#714 = PLANE ( 'NONE',  #5731 ) ;
#715 = CYLINDRICAL_SURFACE ( 'NONE', #3106, 0.9999999999999974465 ) ;
#716 = EDGE_CURVE ( 'NONE', #9192, #1932, #8966, .T. ) ;
#717 = ORIENTED_EDGE ( 'NONE', *, *, #4547, .T. ) ;
#718 = ORIENTED_EDGE ( 'NONE', *, *, #285, .F. ) ;
#719 = VECTOR ( 'NONE', #4142, 1000.000000000000000 ) ;
#720 = EDGE_LOOP ( 'NONE', ( #693, #3150, #5966, #11234 ) ) ;
#721 = DIRECTION ( 'NONE',  ( -0.000000000000000000, -1.000000000000000000, -0.000000000000000000 ) ) ;
#722 = ADVANCED_FACE ( 'NONE', ( #10916 ), #9719, .T. ) ;
#723 = LINE ( 'NONE', #11287, #11666 ) ;
#724 = VERTEX_POINT ( 'NONE', #7815 ) ;
#725 = AXIS2_PLACEMENT_3D ( 'NONE', #7341, #5401, #1599 ) ;
#726 = VECTOR ( 'NONE', #8715, 1000.000000000000000 ) ;
#727 = DIRECTION ( 'NONE',  ( 0.000000000000000000, 0.000000000000000000, 1.000000000000000000 ) ) ;
#728 = VECTOR ( 'NONE', #3623, 1000.000000000000114 ) ;
#729 = DIRECTION ( 'NONE',  ( 0.000000000000000000, 0.000000000000000000, -1.000000000000000000 ) ) ;
#730 = DIRECTION ( 'NONE',  ( -0.000000000000000000, -1.000000000000000000, -0.000000000000000000 ) ) ;
#731 = VERTEX_POINT ( 'NONE', #10858 ) ;
#732 = DIRECTION ( 'NONE',  ( 0.000000000000000000, 0.000000000000000000, 1.000000000000000000 ) ) ;
#733 = CARTESIAN_POINT ( 'NONE',  ( 21.58517677218592468, 9.799999999999998934, 21.58517677218592468 ) ) ;
#734 = ORIENTED_EDGE ( 'NONE', *, *, #6862, .F. ) ;
#735 = CIRCLE ( 'NONE', #3151, 0.9999999999999983347 ) ;
#736 = DIRECTION ( 'NONE',  ( 1.000000000000000000, -0.000000000000000000, 0.000000000000000000 ) ) ;
#737 = AXIS2_PLACEMENT_3D ( 'NONE', #8276, #6170, #11110 ) ;
#738 = AXIS2_PLACEMENT_3D ( 'NONE', #1401, #6955, #10074 ) ;
#739 = DIRECTION ( 'NONE',  ( -0.7127720722690772392, 0.000000000000000000, 0.7013957320894141922 ) ) ;
#740 = CIRCLE ( 'NONE', #1135, 0.9999999999999983347 ) ;
#741 = CYLINDRICAL_SURFACE ( 'NONE', #8398, 0.9999999999999983347 ) ;
#742 = EDGE_CURVE ( 'NONE', #4411, #3751, #2129, .T. ) ;
#743 = APPROVAL_DATE_TIME ( #9417, #8796 ) ;
#744 = VECTOR ( 'NONE', #10640, 1000.000000000000000 ) ;
#745 = LINE ( 'NONE', #4610, #4068 ) ;
#746 = ORIENTED_EDGE ( 'NONE', *, *, #7781, .T. ) ;
#747 = CC_DESIGN_PERSON_AND_ORGANIZATION_ASSIGNMENT ( #7195, #11063, ( #5373 ) ) ;
#748 = ORIENTED_EDGE ( 'NONE', *, *, #11421, .T. ) ;
#749 = LINE ( 'NONE', #9352, #5337 ) ;
#750 = CARTESIAN_POINT ( 'NONE',  ( 7.499999999999971578, 11.00000000000000000, -25.49999999999989697 ) ) ;
#751 = ORIENTED_EDGE ( 'NONE', *, *, #6253, .F. ) ;
#752 = FACE_OUTER_BOUND ( 'NONE', #4364, .T. ) ;
#753 = DIRECTION ( 'NONE',  ( -1.000000000000000000, 0.000000000000000000, 0.000000000000000000 ) ) ;
#754 = ORIENTED_EDGE ( 'NONE', *, *, #8420, .F. ) ;
#755 = CIRCLE ( 'NONE', #10869, 2.500000000000002220 ) ;
#756 = ORIENTED_EDGE ( 'NONE', *, *, #10313, .F. ) ;
#757 = ADVANCED_FACE ( 'NONE', ( #11751 ), #8892, .T. ) ;
#758 = FACE_BOUND ( 'NONE', #8324, .T. ) ;
#759 = VECTOR ( 'NONE', #9976, 1000.000000000000000 ) ;
#760 = CARTESIAN_POINT ( 'NONE',  ( 26.00000000000000000, 2.000000000000000000, -31.14999999999999858 ) ) ;
#761 = VERTEX_POINT ( 'NONE', #4019 ) ;
#762 = EDGE_CURVE ( 'NONE', #12319, #10667, #11597, .T. ) ;
#763 = CARTESIAN_POINT ( 'NONE',  ( 67.99999999999998579, 11.00000000000000000, -11.99999999999996625 ) ) ;
#764 = AXIS2_PLACEMENT_3D ( 'NONE', #11849, #11784, #2171 ) ;
#765 = DIRECTION ( 'NONE',  ( 0.000000000000000000, 0.000000000000000000, -1.000000000000000000 ) ) ;
#766 = DIRECTION ( 'NONE',  ( 0.000000000000000000, 1.000000000000000000, 0.000000000000000000 ) ) ;
#767 = ORIENTED_EDGE ( 'NONE', *, *, #9524, .T. ) ;
#768 = PLANE ( 'NONE',  #7579 ) ;
#769 = DIRECTION ( 'NONE',  ( 0.000000000000000000, 0.000000000000000000, -1.000000000000000000 ) ) ;
#770 = CARTESIAN_POINT ( 'NONE',  ( 35.49999999999999289, 2.000000000000000000, -29.99999999999996447 ) ) ;
#771 = AXIS2_PLACEMENT_3D ( 'NONE', #6079, #7083, #188 ) ;
#772 = DIRECTION ( 'NONE',  ( 0.000000000000000000, 1.000000000000000000, 0.000000000000000000 ) ) ;
#773 = EDGE_CURVE ( 'NONE', #3630, #10871, #12197, .T. ) ;
#774 = ORIENTED_EDGE ( 'NONE', *, *, #6335, .T. ) ;
#775 = EDGE_CURVE ( 'NONE', #4512, #10248, #12389, .T. ) ;
#776 = CARTESIAN_POINT ( 'NONE',  ( 73.50000000000000000, 2.000000000000000000, -6.500000000000004441 ) ) ;
#777 = CARTESIAN_POINT ( 'NONE',  ( 36.35096679918766682, 11.00000000000000000, -46.32132034355964123 ) ) ;
#778 = ORIENTED_EDGE ( 'NONE', *, *, #5935, .F. ) ;
#779 = CARTESIAN_POINT ( 'NONE',  ( 74.55677228167498072, 9.799999999999998934, -44.75291287251024386 ) ) ;
#780 = FACE_OUTER_BOUND ( 'NONE', #10128, .T. ) ;
#781 = EDGE_CURVE ( 'NONE', #724, #9672, #11385, .T. ) ;
#782 = ORIENTED_EDGE ( 'NONE', *, *, #3023, .F. ) ;
#783 = VECTOR ( 'NONE', #9740, 1000.000000000000000 ) ;
#784 = VERTEX_POINT ( 'NONE', #2058 ) ;
#785 = ORIENTED_EDGE ( 'NONE', *, *, #8100, .F. ) ;
#786 = CARTESIAN_POINT ( 'NONE',  ( 26.50000000000000000, 11.00000000000000000, -43.39999999999999858 ) ) ;
#787 = PLANE ( 'NONE',  #6993 ) ;
#788 = DIRECTION ( 'NONE',  ( 1.000000000000000000, 0.000000000000000000, -0.000000000000000000 ) ) ;
#789 = FACE_OUTER_BOUND ( 'NONE', #7278, .T. ) ;
#790 = ORIENTED_EDGE ( 'NONE', *, *, #5630, .T. ) ;
#791 = ADVANCED_FACE ( 'NONE', ( #5908 ), #5968, .F. ) ;
#792 = FACE_OUTER_BOUND ( 'NONE', #10426, .T. ) ;
#793 = CARTESIAN_POINT ( 'NONE',  ( 58.99999999999994316, 11.00000000000000000, -33.49999999999989342 ) ) ;
#794 = ORIENTED_EDGE ( 'NONE', *, *, #1050, .T. ) ;
#795 = CARTESIAN_POINT ( 'NONE',  ( 63.50000000000000000, 11.00000000000000000, -12.99999999999993250 ) ) ;
#796 = LINE ( 'NONE', #8646, #1887 ) ;
#797 = ORIENTED_EDGE ( 'NONE', *, *, #4464, .F. ) ;
#798 = ORIENTED_EDGE ( 'NONE', *, *, #4024, .F. ) ;
#799 = CARTESIAN_POINT ( 'NONE',  ( 19.91263709774426260, 11.00000000000000000, -4.732233047033622242 ) ) ;
#800 = DIRECTION ( 'NONE',  ( 0.000000000000000000, 0.000000000000000000, 1.000000000000000000 ) ) ;
#801 = DIRECTION ( 'NONE',  ( 0.000000000000000000, -1.000000000000000000, 0.000000000000000000 ) ) ;
#802 = DIRECTION ( 'NONE',  ( -0.000000000000000000, -1.000000000000000000, -0.000000000000000000 ) ) ;
#803 = APPROVAL_STATUS ( 'not_yet_approved' ) ;
#804 = CARTESIAN_POINT ( 'NONE',  ( 11.99999999999998934, 11.00000000000000000, -15.49999999999993427 ) ) ;
#805 = VERTEX_POINT ( 'NONE', #5040 ) ;
#806 = ORIENTED_EDGE ( 'NONE', *, *, #3396, .F. ) ;
#807 = DIRECTION ( 'NONE',  ( -0.000000000000000000, -1.000000000000000000, -0.000000000000000000 ) ) ;
#808 = DIRECTION ( 'NONE',  ( 0.000000000000000000, 0.000000000000000000, 1.000000000000000000 ) ) ;
#809 = EDGE_LOOP ( 'NONE', ( #2626, #1438 ) ) ;
#810 = CARTESIAN_POINT ( 'NONE',  ( 53.50000000000000000, 0.000000000000000000, -41.70000000000000284 ) ) ;
#811 = ORIENTED_EDGE ( 'NONE', *, *, #4348, .T. ) ;
#812 = ORIENTED_EDGE ( 'NONE', *, *, #4381, .F. ) ;
#813 = CARTESIAN_POINT ( 'NONE',  ( 80.00000000000000000, 0.000000000000000000, -50.00000000000000000 ) ) ;
#814 = DIRECTION ( 'NONE',  ( 0.000000000000000000, 0.000000000000000000, -1.000000000000000000 ) ) ;
#815 = ORIENTED_EDGE ( 'NONE', *, *, #7612, .F. ) ;
#816 = CARTESIAN_POINT ( 'NONE',  ( 61.85512985522206009, 2.000000000000000000, -6.500000000000003553 ) ) ;
#817 = CARTESIAN_POINT ( 'NONE',  ( 63.49999999999994316, 11.00000000000000000, -29.99999999999992539 ) ) ;
#818 = FACE_OUTER_BOUND ( 'NONE', #11030, .T. ) ;
#819 = ORIENTED_EDGE ( 'NONE', *, *, #2429, .T. ) ;
#820 = CARTESIAN_POINT ( 'NONE',  ( 63.49999999999992895, 11.00000000000000000, -35.49999999999992895 ) ) ;
#821 = ADVANCED_FACE ( 'NONE', ( #2191 ), #6037, .F. ) ;
#822 = CARTESIAN_POINT ( 'NONE',  ( 27.36984848098348522, 9.799999999999998934, -5.499999999999992895 ) ) ;
#823 = ADVANCED_FACE ( 'NONE', ( #11097 ), #6397, .F. ) ;
#824 = EDGE_CURVE ( 'NONE', #8385, #12520, #6513, .T. ) ;
#825 = FACE_OUTER_BOUND ( 'NONE', #7901, .T. ) ;
#826 = CARTESIAN_POINT ( 'NONE',  ( 35.49999999999999289, 11.00000000000000000, -25.49999999999996092 ) ) ;
#827 = ORIENTED_EDGE ( 'NONE', *, *, #11449, .F. ) ;
#828 = CARTESIAN_POINT ( 'NONE',  ( 12.00000000000003197, 2.000000000000000000, -7.499999999999936939 ) ) ;
#829 = DIRECTION ( 'NONE',  ( 0.000000000000000000, 1.000000000000000000, 0.000000000000000000 ) ) ;
#830 = EDGE_LOOP ( 'NONE', ( #4201, #8947, #5074, #10884 ) ) ;
#831 = DIRECTION ( 'NONE',  ( 1.000000000000000000, 0.000000000000000000, -1.527636139592262070E-15 ) ) ;
#832 = DIRECTION ( 'NONE',  ( 0.000000000000000000, 0.000000000000000000, -1.000000000000000000 ) ) ;
#833 = ORIENTED_EDGE ( 'NONE', *, *, #2726, .T. ) ;
#834 = VERTEX_POINT ( 'NONE', #11153 ) ;
#835 = LINE ( 'NONE', #7610, #3741 ) ;
#836 = CYLINDRICAL_SURFACE ( 'NONE', #1963, 0.9999999999999974465 ) ;
#837 = ADVANCED_FACE ( 'NONE', ( #2435 ), #6279, .T. ) ;
#838 = EDGE_CURVE ( 'NONE', #8838, #1550, #1489, .T. ) ;
#839 = FACE_OUTER_BOUND ( 'NONE', #5151, .T. ) ;
#840 = DIRECTION ( 'NONE',  ( -0.000000000000000000, 1.000000000000000000, -0.000000000000000000 ) ) ;
#841 = EDGE_LOOP ( 'NONE', ( #10794, #10063 ) ) ;
#842 = CARTESIAN_POINT ( 'NONE',  ( 48.49999999999999289, 11.00000000000000000, -26.49999999999992539 ) ) ;
#843 = DIRECTION ( 'NONE',  ( 0.000000000000000000, -1.000000000000000000, 0.000000000000000000 ) ) ;
#844 = ORIENTED_EDGE ( 'NONE', *, *, #8431, .T. ) ;
#845 = VECTOR ( 'NONE', #5593, 1000.000000000000000 ) ;
#846 = DIRECTION ( 'NONE',  ( 0.000000000000000000, 0.000000000000000000, 1.000000000000000000 ) ) ;
#847 = CARTESIAN_POINT ( 'NONE',  ( 26.45857864376284496, 9.799999999999998934, -40.50000000000000711 ) ) ;
#848 = EDGE_LOOP ( 'NONE', ( #9567, #132 ) ) ;
#849 = ORIENTED_EDGE ( 'NONE', *, *, #1636, .F. ) ;
#850 = ORIENTED_EDGE ( 'NONE', *, *, #3868, .F. ) ;
#851 = CARTESIAN_POINT ( 'NONE',  ( 40.99999999999999289, 2.000000000000000000, -46.00000000000000000 ) ) ;
#852 = PLANE ( 'NONE',  #449 ) ;
#853 = EDGE_CURVE ( 'NONE', #6520, #3845, #8559, .T. ) ;
#854 = EDGE_CURVE ( 'NONE', #2789, #3289, #7945, .T. ) ;
#855 = AXIS2_PLACEMENT_3D ( 'NONE', #817, #4626, #12219 ) ;
#856 = CARTESIAN_POINT ( 'NONE',  ( 45.14487014477790439, 11.00000000000000000, -4.000000000000002665 ) ) ;
#857 = CARTESIAN_POINT ( 'NONE',  ( 3.000000000000002665, 9.799999999999998934, -44.89029455227312582 ) ) ;
#858 = CARTESIAN_POINT ( 'NONE',  ( 11.99999999999997513, 2.000000000000000000, -20.99999999999993250 ) ) ;
#859 = ORIENTED_EDGE ( 'NONE', *, *, #3859, .F. ) ;
#860 = ORIENTED_EDGE ( 'NONE', *, *, #5368, .F. ) ;
#861 = DIRECTION ( 'NONE',  ( 0.000000000000000000, 0.000000000000000000, 1.000000000000000000 ) ) ;
#862 = VECTOR ( 'NONE', #4216, 1000.000000000000000 ) ;
#863 = CYLINDRICAL_SURFACE ( 'NONE', #5173, 0.9999999999999974465 ) ;
#864 = EDGE_CURVE ( 'NONE', #6222, #11594, #48, .T. ) ;
#865 = ADVANCED_FACE ( 'NONE', ( #11219 ), #5231, .F. ) ;
#866 = CARTESIAN_POINT ( 'NONE',  ( 58.99999999999997158, 2.000000000000000000, -26.49999999999989342 ) ) ;
#867 = ORIENTED_EDGE ( 'NONE', *, *, #6815, .F. ) ;
#868 = AXIS2_PLACEMENT_3D ( 'NONE', #5595, #2861, #3752 ) ;
#869 = ORIENTED_EDGE ( 'NONE', *, *, #7716, .T. ) ;
#870 = CIRCLE ( 'NONE', #2703, 0.9999999999999983347 ) ;
#871 = ORIENTED_EDGE ( 'NONE', *, *, #8683, .F. ) ;
#872 = CARTESIAN_POINT ( 'NONE',  ( 67.50000000000000000, 5.000000000000000000, 0.000000000000000000 ) ) ;
#873 = DIRECTION ( 'NONE',  ( 0.000000000000000000, 0.000000000000000000, 1.000000000000000000 ) ) ;
#874 = ORIENTED_EDGE ( 'NONE', *, *, #3033, .T. ) ;
#875 = DIRECTION ( 'NONE',  ( -0.000000000000000000, -1.000000000000000000, -0.000000000000000000 ) ) ;
#876 = CARTESIAN_POINT ( 'NONE',  ( 35.49999999999999289, 11.00000000000000000, -17.49999999999996092 ) ) ;
#877 = CIRCLE ( 'NONE', #7360, 1.000000000000000888 ) ;
#878 = DIRECTION ( 'NONE',  ( 0.000000000000000000, 1.000000000000000000, 0.000000000000000000 ) ) ;
#879 = EDGE_CURVE ( 'NONE', #12106, #5604, #4386, .T. ) ;
#880 = EDGE_LOOP ( 'NONE', ( #5256, #812, #1718, #566 ) ) ;
#881 = CARTESIAN_POINT ( 'NONE',  ( 67.99999999999995737, 11.00000000000000000, -20.99999999999996447 ) ) ;
#882 = CIRCLE ( 'NONE', #7959, 0.9999999999999974465 ) ;
#883 = CARTESIAN_POINT ( 'NONE',  ( 79.99999999999997158, 9.799999999999998934, -49.20000000000005969 ) ) ;
#884 = DIRECTION ( 'NONE',  ( 0.000000000000000000, -0.000000000000000000, 1.000000000000000000 ) ) ;
#885 = AXIS2_PLACEMENT_3D ( 'NONE', #12083, #6242, #12017 ) ;
#886 = CARTESIAN_POINT ( 'NONE',  ( 48.49999999999999289, 11.00000000000000000, -16.49999999999993250 ) ) ;
#887 = VECTOR ( 'NONE', #9746, 1000.000000000000000 ) ;
#888 = ORIENTED_EDGE ( 'NONE', *, *, #12224, .T. ) ;
#889 = EDGE_CURVE ( 'NONE', #458, #6629, #3705, .T. ) ;
#890 = CARTESIAN_POINT ( 'NONE',  ( 77.00000000000000000, 9.799999999999998934, -5.200000000000043698 ) ) ;
#891 = CARTESIAN_POINT ( 'NONE',  ( 61.24351332877357379, 9.799999999999998934, -1.000059507428522121 ) ) ;
#892 = VERTEX_POINT ( 'NONE', #6220 ) ;
#893 = DIRECTION ( 'NONE',  ( -1.000000000000000000, 0.000000000000000000, 0.000000000000000000 ) ) ;
#894 = DIRECTION ( 'NONE',  ( 0.000000000000000000, 1.000000000000000000, 0.000000000000000000 ) ) ;
#895 = EDGE_CURVE ( 'NONE', #8696, #2479, #9566, .T. ) ;
#896 = VERTEX_POINT ( 'NONE', #1611 ) ;
#897 = ORIENTED_EDGE ( 'NONE', *, *, #8720, .T. ) ;
#898 = VERTEX_POINT ( 'NONE', #5458 ) ;
#899 = DIRECTION ( 'NONE',  ( -0.000000000000000000, 1.000000000000000000, -0.000000000000000000 ) ) ;
#900 = VECTOR ( 'NONE', #736, 1000.000000000000000 ) ;
#901 = DIRECTION ( 'NONE',  ( 0.000000000000000000, 1.000000000000000000, -0.000000000000000000 ) ) ;
#902 = VECTOR ( 'NONE', #9104, 1000.000000000000000 ) ;
#903 = CIRCLE ( 'NONE', #3334, 0.9999999999999974465 ) ;
#904 = VERTEX_POINT ( 'NONE', #642 ) ;
#905 = CARTESIAN_POINT ( 'NONE',  ( 26.54142135623725451, 9.799999999999998934, -40.50000000000000711 ) ) ;
#906 = AXIS2_PLACEMENT_3D ( 'NONE', #7481, #11416, #5784 ) ;
#907 = DIRECTION ( 'NONE',  ( 0.000000000000000000, 1.000000000000000000, 0.000000000000000000 ) ) ;
#908 = VERTEX_POINT ( 'NONE', #3568 ) ;
#909 = CARTESIAN_POINT ( 'NONE',  ( 15.48997487421323171, 2.000000000000000000, -4.000000000000000888 ) ) ;
#910 = DIRECTION ( 'NONE',  ( 0.000000000000000000, 0.000000000000000000, -1.000000000000000000 ) ) ;
#911 = AXIS2_PLACEMENT_3D ( 'NONE', #9167, #7194, #11118 ) ;
#912 = LINE ( 'NONE', #12433, #11334 ) ;
#913 = VERTEX_POINT ( 'NONE', #10974 ) ;
#914 = CARTESIAN_POINT ( 'NONE',  ( 58.99999999999997158, 11.00000000000000000, -25.49999999999989697 ) ) ;
#915 = DIRECTION ( 'NONE',  ( 1.000000000000000000, 0.000000000000000000, 0.000000000000000000 ) ) ;
#916 = EDGE_CURVE ( 'NONE', #3518, #6608, #4258, .T. ) ;
#917 = ORIENTED_EDGE ( 'NONE', *, *, #1428, .T. ) ;
#918 = CARTESIAN_POINT ( 'NONE',  ( 74.79999999999998295, 11.00000000000000000, -1.000000000000005995 ) ) ;
#919 = PLANE ( 'NONE',  #9970 ) ;
#920 = VECTOR ( 'NONE', #6577, 1000.000000000000000 ) ;
#921 = VECTOR ( 'NONE', #2873, 1000.000000000000000 ) ;
#922 = DIRECTION ( 'NONE',  ( 0.000000000000000000, 0.000000000000000000, -1.000000000000000000 ) ) ;
#923 = CARTESIAN_POINT ( 'NONE',  ( 62.07220293988400073, 11.00000000000000000, -6.000084202863472882 ) ) ;
#924 = APPROVAL_STATUS ( 'not_yet_approved' ) ;
#925 = PLANE ( 'NONE',  #3647 ) ;
#926 = AXIS2_PLACEMENT_3D ( 'NONE', #2354, #9727, #2009 ) ;
#927 = EDGE_LOOP ( 'NONE', ( #849, #10819, #10003, #11099 ) ) ;
#928 = ADVANCED_FACE ( 'NONE', ( #2309 ), #10033, .T. ) ;
#929 = ADVANCED_FACE ( 'NONE', ( #2381 ), #10095, .T. ) ;
#930 = ORIENTED_EDGE ( 'NONE', *, *, #9802, .F. ) ;
#931 = AXIS2_PLACEMENT_3D ( 'NONE', #9134, #4251, #8945 ) ;
#932 = CARTESIAN_POINT ( 'NONE',  ( 7.499999999999958256, 2.000000000000000000, -30.99999999999989342 ) ) ;
#933 = DIRECTION ( 'NONE',  ( 0.000000000000000000, -0.000000000000000000, 1.000000000000000000 ) ) ;
#934 = EDGE_CURVE ( 'NONE', #10306, #12535, #1482, .T. ) ;
#935 = DIRECTION ( 'NONE',  ( 0.000000000000000000, -1.000000000000000000, 0.000000000000000000 ) ) ;
#936 = ORIENTED_EDGE ( 'NONE', *, *, #3189, .T. ) ;
#937 = CIRCLE ( 'NONE', #9637, 3.000000000000002665 ) ;
#938 = EDGE_LOOP ( 'NONE', ( #8730, #9433, #10779, #8951 ) ) ;
#939 = CIRCLE ( 'NONE', #10246, 0.9999999999999974465 ) ;
#940 = ADVANCED_FACE ( 'NONE', ( #2498 ), #4764, .T. ) ;
#941 = DIRECTION ( 'NONE',  ( 0.000000000000000000, 0.000000000000000000, 1.000000000000000000 ) ) ;
#942 = DIRECTION ( 'NONE',  ( 0.000000000000000000, 0.000000000000000000, 1.000000000000000000 ) ) ;
#943 = EDGE_LOOP ( 'NONE', ( #12336, #9689, #3609, #4526 ) ) ;
#944 = ADVANCED_FACE ( 'NONE', ( #1916 ), #714, .T. ) ;
#945 = DIRECTION ( 'NONE',  ( 4.818676322157797621E-17, 0.000000000000000000, 1.000000000000000000 ) ) ;
#946 = CARTESIAN_POINT ( 'NONE',  ( 11.99999999999994849, 11.00000000000000000, -30.99999999999992184 ) ) ;
#947 = CARTESIAN_POINT ( 'NONE',  ( 26.50000000000000000, 11.00000000000000000, -5.099999999999995204 ) ) ;
#948 = FACE_OUTER_BOUND ( 'NONE', #10903, .T. ) ;
#949 = AXIS2_PLACEMENT_3D ( 'NONE', #6823, #6753, #12525 ) ;
#950 = CARTESIAN_POINT ( 'NONE',  ( 31.50000000000000711, 11.00000000000000000, -26.49999999999997158 ) ) ;
#951 = CARTESIAN_POINT ( 'NONE',  ( 35.49999999999999289, 11.00000000000000000, -28.99999999999996803 ) ) ;
#952 = DIRECTION ( 'NONE',  ( -0.000000000000000000, 1.000000000000000000, -0.000000000000000000 ) ) ;
#953 = VECTOR ( 'NONE', #6216, 1000.000000000000000 ) ;
#954 = CARTESIAN_POINT ( 'NONE',  ( 63.49999999999992895, 11.00000000000000000, -33.49999999999992895 ) ) ;
#955 = ORIENTED_EDGE ( 'NONE', *, *, #3160, .T. ) ;
#956 = AXIS2_PLACEMENT_3D ( 'NONE', #2402, #10115, #11120 ) ;
#957 = CIRCLE ( 'NONE', #8040, 0.9999999999999974465 ) ;
#958 = FACE_OUTER_BOUND ( 'NONE', #5525, .T. ) ;
#959 = LINE ( 'NONE', #8874, #10964 ) ;
#960 = ORIENTED_EDGE ( 'NONE', *, *, #8464, .F. ) ;
#961 = DIRECTION ( 'NONE',  ( 1.000000000000000000, 0.000000000000000000, 0.000000000000000000 ) ) ;
#962 = FACE_OUTER_BOUND ( 'NONE', #6684, .T. ) ;
#963 = ORIENTED_EDGE ( 'NONE', *, *, #10288, .T. ) ;
#964 = ORIENTED_EDGE ( 'NONE', *, *, #12531, .T. ) ;
#965 = ORIENTED_EDGE ( 'NONE', *, *, #11233, .F. ) ;
#966 = DIRECTION ( 'NONE',  ( -0.000000000000000000, -1.000000000000000000, -0.000000000000000000 ) ) ;
#967 = DIRECTION ( 'NONE',  ( -0.000000000000000000, 1.000000000000000000, -0.000000000000000000 ) ) ;
#968 = AXIS2_PLACEMENT_3D ( 'NONE', #7601, #11732, #10773 ) ;
#969 = VERTEX_POINT ( 'NONE', #12299 ) ;
#970 = ORIENTED_EDGE ( 'NONE', *, *, #663, .T. ) ;
#971 = DIRECTION ( 'NONE',  ( 0.000000000000000000, 1.000000000000000000, 0.000000000000000000 ) ) ;
#972 = DIRECTION ( 'NONE',  ( 0.000000000000000000, 0.000000000000000000, 1.000000000000000000 ) ) ;
#973 = EDGE_LOOP ( 'NONE', ( #10087, #11489 ) ) ;
#974 = CARTESIAN_POINT ( 'NONE',  ( 35.49999999999999289, 11.00000000000000000, -19.99999999999996447 ) ) ;
#976 = DIRECTION ( 'NONE',  ( 0.000000000000000000, 1.000000000000000000, 0.000000000000000000 ) ) ;
#975 = AXIS2_PLACEMENT_3D ( 'NONE', #5326, #9187, #10387 ) ;
#977 = ORIENTED_EDGE ( 'NONE', *, *, #6407, .F. ) ;
#978 = DIRECTION ( 'NONE',  ( 0.000000000000000000, 1.000000000000000000, 0.000000000000000000 ) ) ;
#979 = ORIENTED_EDGE ( 'NONE', *, *, #6485, .F. ) ;
#980 = DIRECTION ( 'NONE',  ( 0.000000000000000000, 0.000000000000000000, 1.000000000000000000 ) ) ;
#981 = DIRECTION ( 'NONE',  ( -1.000000000000000000, -0.000000000000000000, -0.000000000000000000 ) ) ;
#982 = ORIENTED_EDGE ( 'NONE', *, *, #3301, .F. ) ;
#983 = DIRECTION ( 'NONE',  ( 0.000000000000000000, 1.000000000000000000, 0.000000000000000000 ) ) ;
#984 = DIRECTION ( 'NONE',  ( 0.000000000000000000, -0.000000000000000000, 1.000000000000000000 ) ) ;
#985 = DIRECTION ( 'NONE',  ( 0.000000000000000000, -0.000000000000000000, 1.000000000000000000 ) ) ;
#986 = EDGE_CURVE ( 'NONE', #5653, #5693, #7536, .T. ) ;
#987 = EDGE_CURVE ( 'NONE', #11790, #896, #1666, .T. ) ;
#988 = ORIENTED_EDGE ( 'NONE', *, *, #8466, .F. ) ;
#989 = LINE ( 'NONE', #3967, #9982 ) ;
#990 = ADVANCED_FACE ( 'NONE', ( #9389 ), #2808, .T. ) ;
#991 = CARTESIAN_POINT ( 'NONE',  ( 22.18664863476204374, 1.999999999999998224, -39.08664863476204232 ) ) ;
#992 = CALENDAR_DATE ( 2022, 15, 2 ) ;
#993 = DIRECTION ( 'NONE',  ( -0.000000000000000000, -1.000000000000000000, -0.000000000000000000 ) ) ;
#994 = ORIENTED_EDGE ( 'NONE', *, *, #2227, .F. ) ;
#995 = EDGE_CURVE ( 'NONE', #4698, #4863, #10377, .T. ) ;
#996 = ORIENTED_EDGE ( 'NONE', *, *, #7184, .F. ) ;
#997 = CARTESIAN_POINT ( 'NONE',  ( 35.52253967444148230, 9.799999999999998934, -48.32132034355964123 ) ) ;
#998 = DIRECTION ( 'NONE',  ( 0.000000000000000000, 1.000000000000000000, -0.000000000000000000 ) ) ;
#999 = AXIS2_PLACEMENT_3D ( 'NONE', #2127, #17, #6907 ) ;
#1000 = DIRECTION ( 'NONE',  ( 0.000000000000000000, 0.000000000000000000, 1.000000000000000000 ) ) ;
#1001 = ADVANCED_FACE ( 'NONE', ( #5650 ), #12480, .T. ) ;
#1002 = VERTEX_POINT ( 'NONE', #1731 ) ;
#1003 = EDGE_CURVE ( 'NONE', #3, #11696, #4719, .T. ) ;
#1004 = ORIENTED_EDGE ( 'NONE', *, *, #6946, .F. ) ;
#1005 = CARTESIAN_POINT ( 'NONE',  ( 0.000000000000000000, 2.000000000000000000, 0.000000000000000000 ) ) ;
#1006 = FACE_OUTER_BOUND ( 'NONE', #5781, .T. ) ;
#1007 = ORIENTED_EDGE ( 'NONE', *, *, #3696, .T. ) ;
#1008 = CARTESIAN_POINT ( 'NONE',  ( 11.99999999999996270, 11.00000000000000000, -24.49999999999993250 ) ) ;
#1009 = CARTESIAN_POINT ( 'NONE',  ( 26.45857864376274549, 11.00000000000000000, -40.50000000000004263 ) ) ;
#1010 = DIRECTION ( 'NONE',  ( 1.000000000000000000, -0.000000000000000000, 0.000000000000000000 ) ) ;
#1011 = FACE_OUTER_BOUND ( 'NONE', #8853, .T. ) ;
#1012 = EDGE_CURVE ( 'NONE', #3738, #4084, #9986, .T. ) ;
#1013 = DIRECTION ( 'NONE',  ( 1.000000000000000000, 0.000000000000000000, 0.000000000000000000 ) ) ;
#1014 = EDGE_CURVE ( 'NONE', #3472, #1485, #5530, .T. ) ;
#1015 = ADVANCED_FACE ( 'NONE', ( #9513 ), #6706, .F. ) ;
#1016 = CARTESIAN_POINT ( 'NONE',  ( 59.12248018076000733, 9.799999999999998934, -1.878739150121992108 ) ) ;
#1017 = ORIENTED_EDGE ( 'NONE', *, *, #5921, .T. ) ;
#1018 = DIRECTION ( 'NONE',  ( 0.000000000000000000, 0.000000000000000000, 1.000000000000000000 ) ) ;
#1019 = DIRECTION ( 'NONE',  ( 0.000000000000000000, 0.000000000000000000, 1.000000000000000000 ) ) ;
#1020 = CARTESIAN_POINT ( 'NONE',  ( 35.49999999999999289, 11.00000000000000000, -15.49999999999996447 ) ) ;
#1021 = DIRECTION ( 'NONE',  ( -0.000000000000000000, -1.000000000000000000, -0.000000000000000000 ) ) ;
#1022 = ORIENTED_EDGE ( 'NONE', *, *, #37, .F. ) ;
#1023 = ORIENTED_EDGE ( 'NONE', *, *, #1476, .F. ) ;
#1024 = ORIENTED_EDGE ( 'NONE', *, *, #6692, .F. ) ;
#1025 = PLANE ( 'NONE',  #11217 ) ;
#1026 = CARTESIAN_POINT ( 'NONE',  ( 34.73223304703362402, -21.88036781070453785, -43.00553031655772429 ) ) ;
#1027 = ORIENTED_EDGE ( 'NONE', *, *, #9441, .F. ) ;
#1028 = EDGE_CURVE ( 'NONE', #892, #8661, #7133, .T. ) ;
#1029 = ORIENTED_EDGE ( 'NONE', *, *, #10046, .F. ) ;
#1030 = DIRECTION ( 'NONE',  ( 0.000000000000000000, 1.000000000000000000, 0.000000000000000000 ) ) ;
#1031 = LINE ( 'NONE', #4837, #921 ) ;
#1032 = ORIENTED_EDGE ( 'NONE', *, *, #116, .T. ) ;
#1033 = FACE_OUTER_BOUND ( 'NONE', #6391, .T. ) ;
#1034 = CARTESIAN_POINT ( 'NONE',  ( 72.49999999999988631, 2.000000000000000000, -38.99999999999998579 ) ) ;
#1035 = ORIENTED_EDGE ( 'NONE', *, *, #8366, .F. ) ;
#1036 = CARTESIAN_POINT ( 'NONE',  ( 54.00000000000000000, 2.000000000000000000, -31.14999999999999858 ) ) ;
#1037 = ORIENTED_EDGE ( 'NONE', *, *, #6872, .F. ) ;
#1038 = DIRECTION ( 'NONE',  ( 0.000000000000000000, 1.000000000000000000, 0.000000000000000000 ) ) ;
#1039 = LINE ( 'NONE', #7041, #7328 ) ;
#1040 = ORIENTED_EDGE ( 'NONE', *, *, #3004, .T. ) ;
#1041 = VERTEX_POINT ( 'NONE', #8692 ) ;
#1042 = LINE ( 'NONE', #851, #4944 ) ;
#1043 = FACE_OUTER_BOUND ( 'NONE', #5057, .T. ) ;
#1044 = DIRECTION ( 'NONE',  ( 0.000000000000000000, 0.000000000000000000, 1.000000000000000000 ) ) ;
#1045 = LINE ( 'NONE', #3066, #2743 ) ;
#1046 = CARTESIAN_POINT ( 'NONE',  ( 53.00000000000000000, 2.000000000000000000, -31.14999999999999858 ) ) ;
#1047 = AXIS2_PLACEMENT_3D ( 'NONE', #9323, #1663, #3566 ) ;
#1048 = CARTESIAN_POINT ( 'NONE',  ( 59.00000000000000711, 11.00000000000000000, -16.49999999999990408 ) ) ;
#1049 = ORIENTED_EDGE ( 'NONE', *, *, #11270, .T. ) ;
#1050 = EDGE_CURVE ( 'NONE', #11249, #10331, #1073, .T. ) ;
#1051 = ORIENTED_EDGE ( 'NONE', *, *, #2952, .T. ) ;
#1052 = DIRECTION ( 'NONE',  ( 0.000000000000000000, 0.000000000000000000, -1.000000000000000000 ) ) ;
#1053 = AXIS2_PLACEMENT_3D ( 'NONE', #46, #4874, #7779 ) ;
#1054 = DIRECTION ( 'NONE',  ( 0.000000000000000000, 1.000000000000000000, 0.000000000000000000 ) ) ;
#1055 = EDGE_CURVE ( 'NONE', #1531, #3973, #11537, .T. ) ;
#1056 = AXIS2_PLACEMENT_3D ( 'NONE', #1145, #9822, #6703 ) ;
#1057 = LINE ( 'NONE', #10817, #11947 ) ;
#1058 = EDGE_CURVE ( 'NONE', #6647, #1919, #7418, .T. ) ;
#1059 = CIRCLE ( 'NONE', #9953, 2.999999999999996447 ) ;
#1060 = FACE_OUTER_BOUND ( 'NONE', #8662, .T. ) ;
#1061 = CARTESIAN_POINT ( 'NONE',  ( 35.07228714274742032, 9.799999999999998934, -3.000000000000003109 ) ) ;
#1062 = DIRECTION ( 'NONE',  ( -0.000000000000000000, -1.000000000000000000, -0.000000000000000000 ) ) ;
#1063 = ORIENTED_EDGE ( 'NONE', *, *, #10056, .T. ) ;
#1064 = AXIS2_PLACEMENT_3D ( 'NONE', #9099, #4467, #7305 ) ;
#1065 = ADVANCED_FACE ( 'NONE', ( #8509 ), #12352, .T. ) ;
#1066 = CARTESIAN_POINT ( 'NONE',  ( 12.00000000000000355, 11.00000000000000000, -11.99999999999993427 ) ) ;
#1067 = EDGE_CURVE ( 'NONE', #8111, #5653, #2101, .T. ) ;
#1068 = DIRECTION ( 'NONE',  ( 0.000000000000000000, 0.000000000000000000, -1.000000000000000000 ) ) ;
#1069 = CARTESIAN_POINT ( 'NONE',  ( 48.49999999999999289, 2.000000000000000000, -19.99999999999993250 ) ) ;
#1070 = AXIS2_PLACEMENT_3D ( 'NONE', #7930, #2001, #6089 ) ;
#1071 = DIRECTION ( 'NONE',  ( 0.000000000000000000, 0.000000000000000000, 1.000000000000000000 ) ) ;
#1072 = DIRECTION ( 'NONE',  ( -0.000000000000000000, 1.000000000000000000, -0.000000000000000000 ) ) ;
#1073 = CIRCLE ( 'NONE', #1295, 2.447087127489769198 ) ;
#1074 = VERTEX_POINT ( 'NONE', #7204 ) ;
#1075 = ADVANCED_FACE ( 'NONE', ( #10777 ), #123, .T. ) ;
#1076 = DIRECTION ( 'NONE',  ( 0.000000000000000000, -1.000000000000000000, 0.000000000000000000 ) ) ;
#1078 = DIRECTION ( 'NONE',  ( -0.000000000000000000, -1.000000000000000000, -0.000000000000000000 ) ) ;
#1077 = CIRCLE ( 'NONE', #9181, 0.9999999999999974465 ) ;
#1079 = VECTOR ( 'NONE', #4179, 1000.000000000000000 ) ;
#1080 = EDGE_CURVE ( 'NONE', #1515, #11132, #4955, .T. ) ;
#1081 = LINE ( 'NONE', #8484, #3517 ) ;
#1082 = DIRECTION ( 'NONE',  ( 1.000000000000000000, -0.000000000000000000, 0.000000000000000000 ) ) ;
#1083 = ADVANCED_FACE ( 'NONE', ( #2108 ), #2350, .T. ) ;
#1084 = ORIENTED_EDGE ( 'NONE', *, *, #7112, .F. ) ;
#1085 = ORIENTED_EDGE ( 'NONE', *, *, #3353, .F. ) ;
#1086 = CARTESIAN_POINT ( 'NONE',  ( 38.47228714274731232, 9.799999999999998934, -47.19999999999999574 ) ) ;
#1087 = EDGE_CURVE ( 'NONE', #8386, #4772, #1392, .T. ) ;
#1088 = LINE ( 'NONE', #3177, #5030 ) ;
#1089 = AXIS2_PLACEMENT_3D ( 'NONE', #6869, #8663, #5868 ) ;
#1090 = ORIENTED_EDGE ( 'NONE', *, *, #7158, .F. ) ;
#1091 = VECTOR ( 'NONE', #7404, 1000.000000000000000 ) ;
#1092 = DIRECTION ( 'NONE',  ( 0.000000000000000000, 0.000000000000000000, 1.000000000000000000 ) ) ;
#1093 = CARTESIAN_POINT ( 'NONE',  ( 44.50000000000000000, 11.00000000000000000, -7.499999999999941380 ) ) ;
#1094 = EDGE_LOOP ( 'NONE', ( #9393, #3241, #3318, #3423 ) ) ;
#1095 = CARTESIAN_POINT ( 'NONE',  ( 11.99999999999996270, 11.00000000000000000, -26.49999999999992539 ) ) ;
#1096 = FACE_OUTER_BOUND ( 'NONE', #7862, .T. ) ;
#1097 = CARTESIAN_POINT ( 'NONE',  ( 16.49999999999989697, 11.00000000000000000, -38.99999999999995026 ) ) ;
#1098 = AXIS2_PLACEMENT_3D ( 'NONE', #4848, #5801, #10553 ) ;
#1099 = ORIENTED_EDGE ( 'NONE', *, *, #4568, .F. ) ;
#1100 = EDGE_CURVE ( 'NONE', #5153, #8838, #2407, .T. ) ;
#1101 = CARTESIAN_POINT ( 'NONE',  ( 67.99999999999994316, 11.00000000000000000, -25.49999999999996092 ) ) ;
#1102 = CARTESIAN_POINT ( 'NONE',  ( 26.45857864376274549, 11.00000000000000000, -43.30000000000000426 ) ) ;
#1103 = ORIENTED_EDGE ( 'NONE', *, *, #7548, .T. ) ;
#1104 = EDGE_LOOP ( 'NONE', ( #9083, #2941, #778, #5029 ) ) ;
#1105 = CARTESIAN_POINT ( 'NONE',  ( 53.45857864376280588, 9.799999999999998934, -40.50000000000000711 ) ) ;
#1106 = CIRCLE ( 'NONE', #7155, 2.499999999999999556 ) ;
#1107 = ORIENTED_EDGE ( 'NONE', *, *, #272, .F. ) ;
#1108 = PLANE ( 'NONE',  #4914 ) ;
#1109 = DIRECTION ( 'NONE',  ( 0.000000000000000000, 1.000000000000000000, -0.000000000000000000 ) ) ;
#1110 = CARTESIAN_POINT ( 'NONE',  ( 15.35613998199870878, 11.00000000000000000, -46.19999999999999574 ) ) ;
#1111 = CIRCLE ( 'NONE', #10622, 2.999999999999999112 ) ;
#1113 = CIRCLE ( 'NONE', #9408, 1.000000000000000888 ) ;
#1112 = DIRECTION ( 'NONE',  ( 0.000000000000000000, 0.000000000000000000, 1.000000000000000000 ) ) ;
#1114 = CARTESIAN_POINT ( 'NONE',  ( 35.49999999999999289, 2.000000000000000000, -39.99999999999996447 ) ) ;
#1115 = ORIENTED_EDGE ( 'NONE', *, *, #7802, .T. ) ;
#1116 = ORIENTED_EDGE ( 'NONE', *, *, #1163, .T. ) ;
#1117 = AXIS2_PLACEMENT_3D ( 'NONE', #2236, #3937, #4889 ) ;
#1118 = DIRECTION ( 'NONE',  ( 0.000000000000000000, 0.000000000000000000, 1.000000000000000000 ) ) ;
#1119 = LINE ( 'NONE', #10563, #87 ) ;
#1120 = CIRCLE ( 'NONE', #8407, 0.9999999999999974465 ) ;
#1121 = CARTESIAN_POINT ( 'NONE',  ( 67.99999999999997158, 2.000000000000000000, -16.49999999999996447 ) ) ;
#1122 = EDGE_CURVE ( 'NONE', #9003, #6097, #8573, .T. ) ;
#1123 = ORIENTED_EDGE ( 'NONE', *, *, #8410, .T. ) ;
#1124 = EDGE_LOOP ( 'NONE', ( #357, #6894 ) ) ;
#1125 = CIRCLE ( 'NONE', #9229, 0.9999999999999983347 ) ;
#1126 = EDGE_CURVE ( 'NONE', #4899, #3366, #3869, .T. ) ;
#1127 = DIRECTION ( 'NONE',  ( 0.000000000000000000, 1.000000000000000000, 0.000000000000000000 ) ) ;
#1128 = CIRCLE ( 'NONE', #11654, 1.000000000000000888 ) ;
#1129 = DIRECTION ( 'NONE',  ( -0.7071067811865526798, 0.000000000000000000, 0.7071067811865424657 ) ) ;
#1130 = DIRECTION ( 'NONE',  ( -0.000000000000000000, -1.000000000000000000, -0.000000000000000000 ) ) ;
#1131 = ORIENTED_EDGE ( 'NONE', *, *, #1995, .F. ) ;
#1132 = DIRECTION ( 'NONE',  ( 0.000000000000000000, 0.000000000000000000, 1.000000000000000000 ) ) ;
#1133 = DIRECTION ( 'NONE',  ( 0.000000000000000000, 0.000000000000000000, 1.000000000000000000 ) ) ;
#1134 = DIRECTION ( 'NONE',  ( 0.000000000000000000, 1.000000000000000000, 0.000000000000000000 ) ) ;
#1135 = AXIS2_PLACEMENT_3D ( 'NONE', #6661, #11418, #4893 ) ;
#1136 = CYLINDRICAL_SURFACE ( 'NONE', #356, 0.9999999999999974465 ) ;
#1137 = AXIS2_PLACEMENT_3D ( 'NONE', #5643, #3928, #2921 ) ;
#1138 = EDGE_CURVE ( 'NONE', #510, #7456, #9371, .T. ) ;
#1139 = ORIENTED_EDGE ( 'NONE', *, *, #2558, .F. ) ;
#1140 = ADVANCED_FACE ( 'NONE', ( #8748 ), #6248, .T. ) ;
#1141 = CARTESIAN_POINT ( 'NONE',  ( 43.50000000000000000, 2.000000000000000000, -41.23776336359134831 ) ) ;
#1142 = VERTEX_POINT ( 'NONE', #7854 ) ;
#1143 = DIRECTION ( 'NONE',  ( 0.000000000000000000, 1.000000000000000000, 0.000000000000000000 ) ) ;
#1144 = CIRCLE ( 'NONE', #8235, 1.000000000000000888 ) ;
#1145 = CARTESIAN_POINT ( 'NONE',  ( 35.49999999999999289, 11.00000000000000000, -16.49999999999996092 ) ) ;
#1146 = ORIENTED_EDGE ( 'NONE', *, *, #824, .F. ) ;
#1147 = DIRECTION ( 'NONE',  ( -0.000000000000000000, -1.000000000000000000, -0.000000000000000000 ) ) ;
#1148 = DIRECTION ( 'NONE',  ( -0.000000000000000000, -1.000000000000000000, -0.000000000000000000 ) ) ;
#1149 = ORIENTED_EDGE ( 'NONE', *, *, #4287, .T. ) ;
#1150 = ORIENTED_EDGE ( 'NONE', *, *, #5271, .F. ) ;
#1151 = CARTESIAN_POINT ( 'NONE',  ( 7.100609665440774876, 9.799999999999998934, 7.100609665440824614 ) ) ;
#1152 = CARTESIAN_POINT ( 'NONE',  ( 48.49999999999999289, 11.00000000000000000, -26.49999999999992539 ) ) ;
#1153 = VERTEX_POINT ( 'NONE', #9703 ) ;
#1154 = VECTOR ( 'NONE', #77, 1000.000000000000000 ) ;
#1155 = ADVANCED_FACE ( 'NONE', ( #10120 ), #2926, .F. ) ;
#1156 = CARTESIAN_POINT ( 'NONE',  ( 26.45857864376274549, 9.799999999999998934, -40.50000000000004263 ) ) ;
#1157 = AXIS2_PLACEMENT_3D ( 'NONE', #6580, #1783, #2800 ) ;
#1158 = ADVANCED_FACE ( 'NONE', ( #7722 ), #3278, .F. ) ;
#1159 = ORIENTED_EDGE ( 'NONE', *, *, #7506, .F. ) ;
#1160 = CARTESIAN_POINT ( 'NONE',  ( 7.500000000000020428, 11.00000000000000000, -11.99999999999990230 ) ) ;
#1161 = ORIENTED_EDGE ( 'NONE', *, *, #9980, .T. ) ;
#1162 = LINE ( 'NONE', #11798, #5279 ) ;
#1163 = EDGE_CURVE ( 'NONE', #8497, #259, #3304, .T. ) ;
#1164 = DIRECTION ( 'NONE',  ( 0.000000000000000000, 0.000000000000000000, 1.000000000000000000 ) ) ;
#1165 = LINE ( 'NONE', #6725, #11514 ) ;
#1166 = EDGE_LOOP ( 'NONE', ( #7616, #10386, #8624, #9739 ) ) ;
#1167 = DIRECTION ( 'NONE',  ( -0.000000000000000000, -0.000000000000000000, 1.000000000000000000 ) ) ;
#1168 = DIRECTION ( 'NONE',  ( 0.000000000000000000, 0.000000000000000000, 1.000000000000000000 ) ) ;
#1169 = EDGE_LOOP ( 'NONE', ( #9328, #1326, #344, #3502 ) ) ;
#1170 = CIRCLE ( 'NONE', #7633, 0.9999999999999974465 ) ;
#1171 = ORIENTED_EDGE ( 'NONE', *, *, #8598, .F. ) ;
#1172 = DIRECTION ( 'NONE',  ( -0.000000000000000000, -1.000000000000000000, -0.000000000000000000 ) ) ;
#1173 = CARTESIAN_POINT ( 'NONE',  ( 44.50000000000000000, 2.000000000000000000, -16.49999999999994316 ) ) ;
#1174 = CIRCLE ( 'NONE', #11081, 0.9999999999999983347 ) ;
#1175 = FACE_OUTER_BOUND ( 'NONE', #3489, .T. ) ;
#1176 = VECTOR ( 'NONE', #1867, 1000.000000000000000 ) ;
#1177 = EDGE_CURVE ( 'NONE', #680, #6477, #8374, .T. ) ;
#1178 = EDGE_CURVE ( 'NONE', #554, #1891, #1449, .T. ) ;
#1179 = CARTESIAN_POINT ( 'NONE',  ( 58.99999999999997158, 11.00000000000000000, -24.49999999999990052 ) ) ;
#1180 = EDGE_CURVE ( 'NONE', #10192, #9662, #4528, .T. ) ;
#1181 = CIRCLE ( 'NONE', #2203, 2.799999999999996270 ) ;
#1182 = DIRECTION ( 'NONE',  ( 0.000000000000000000, 0.000000000000000000, 1.000000000000000000 ) ) ;
#1183 = DIRECTION ( 'NONE',  ( -0.000000000000000000, -1.000000000000000000, -0.000000000000000000 ) ) ;
#1184 = EDGE_LOOP ( 'NONE', ( #12099, #6887, #3039, #1616 ) ) ;
#1185 = DIRECTION ( 'NONE',  ( -0.000000000000000000, -1.000000000000000000, -0.000000000000000000 ) ) ;
#1186 = VERTEX_POINT ( 'NONE', #5837 ) ;
#1187 = DIRECTION ( 'NONE',  ( 0.000000000000000000, 0.000000000000000000, -1.000000000000000000 ) ) ;
#1188 = DIRECTION ( 'NONE',  ( 0.000000000000000000, 1.000000000000000000, 0.000000000000000000 ) ) ;
#1189 = CIRCLE ( 'NONE', #1390, 2.200000000000028599 ) ;
#1190 = EDGE_CURVE ( 'NONE', #5044, #8042, #3100, .T. ) ;
#1191 = DIRECTION ( 'NONE',  ( 0.000000000000000000, 1.000000000000000000, 0.000000000000000000 ) ) ;
#1192 = AXIS2_PLACEMENT_3D ( 'NONE', #2486, #10200, #11205 ) ;
#1193 = ORIENTED_EDGE ( 'NONE', *, *, #9600, .T. ) ;
#1194 = DIRECTION ( 'NONE',  ( -1.734723475976801375E-15, 0.000000000000000000, 1.000000000000000000 ) ) ;
#1195 = LINE ( 'NONE', #7896, #10293 ) ;
#1196 = CARTESIAN_POINT ( 'NONE',  ( 53.50000000000000000, 1.999999999999998224, -43.39999999999999858 ) ) ;
#1197 = DIRECTION ( 'NONE',  ( -0.000000000000000000, -1.000000000000000000, -0.000000000000000000 ) ) ;
#1198 = EDGE_LOOP ( 'NONE', ( #8122, #3440, #3742, #294 ) ) ;
#1199 = ORIENTED_EDGE ( 'NONE', *, *, #6284, .T. ) ;
#1200 = VECTOR ( 'NONE', #656, 1000.000000000000000 ) ;
#1201 = FACE_OUTER_BOUND ( 'NONE', #11366, .T. ) ;
#1202 = CARTESIAN_POINT ( 'NONE',  ( 72.49999999999990052, 2.000000000000000000, -34.49999999999998579 ) ) ;
#1203 = CARTESIAN_POINT ( 'NONE',  ( -1.927470528863119049E-16, 2.000000000000000000, -4.000000000000000000 ) ) ;
#1204 = DIRECTION ( 'NONE',  ( -0.000000000000000000, -1.000000000000000000, -0.000000000000000000 ) ) ;
#1205 = LINE ( 'NONE', #7980, #11246 ) ;
#1206 = ORIENTED_EDGE ( 'NONE', *, *, #10651, .F. ) ;
#1207 = CARTESIAN_POINT ( 'NONE',  ( 25.63015151901667465, 9.799999999999998934, -38.50000000000000711 ) ) ;
#1208 = CARTESIAN_POINT ( 'NONE',  ( 11.99999999999998934, 2.000000000000000000, -16.49999999999993250 ) ) ;
#1209 = EDGE_CURVE ( 'NONE', #6463, #2675, #1081, .T. ) ;
#1210 = CARTESIAN_POINT ( 'NONE',  ( 64.64386001800129122, 9.799999999999998934, -46.19999999999999574 ) ) ;
#1211 = ORIENTED_EDGE ( 'NONE', *, *, #7022, .T. ) ;
#1212 = EDGE_LOOP ( 'NONE', ( #12170, #3972, #9478, #8718 ) ) ;
#1213 = ORIENTED_EDGE ( 'NONE', *, *, #1383, .F. ) ;
#1214 = CARTESIAN_POINT ( 'NONE',  ( 16.49999999999989697, 11.00000000000000000, -37.99999999999995026 ) ) ;
#1215 = EDGE_CURVE ( 'NONE', #2276, #7943, #8417, .T. ) ;
#1216 = LINE ( 'NONE', #1152, #3407 ) ;
#1217 = ORIENTED_EDGE ( 'NONE', *, *, #7701, .T. ) ;
#1218 = AXIS2_PLACEMENT_3D ( 'NONE', #7693, #2833, #10502 ) ;
#1219 = LINE ( 'NONE', #5087, #8186 ) ;
#1220 = CARTESIAN_POINT ( 'NONE',  ( 48.49999999999999289, 11.00000000000000000, -11.99999999999993072 ) ) ;
#1221 = ORIENTED_EDGE ( 'NONE', *, *, #12458, .F. ) ;
#1222 = FACE_BOUND ( 'NONE', #9512, .T. ) ;
#1223 = CARTESIAN_POINT ( 'NONE',  ( 67.99999999999995737, 2.000000000000000000, -20.99999999999996447 ) ) ;
#1224 = FACE_OUTER_BOUND ( 'NONE', #10354, .T. ) ;
#1225 = ORIENTED_EDGE ( 'NONE', *, *, #10109, .T. ) ;
#1226 = EDGE_CURVE ( 'NONE', #4627, #7375, #7451, .T. ) ;
#1227 = DIRECTION ( 'NONE',  ( 0.000000000000000000, 0.000000000000000000, 1.000000000000000000 ) ) ;
#1228 = DIRECTION ( 'NONE',  ( -0.000000000000000000, 1.000000000000000000, -0.000000000000000000 ) ) ;
#1229 = ORIENTED_EDGE ( 'NONE', *, *, #8731, .F. ) ;
#1230 = FACE_OUTER_BOUND ( 'NONE', #3364, .T. ) ;
#1231 = EDGE_CURVE ( 'NONE', #9003, #7817, #1583, .T. ) ;
#1232 = CARTESIAN_POINT ( 'NONE',  ( 48.49999999999999289, 11.00000000000000000, -29.99999999999992895 ) ) ;
#1233 = ADVANCED_FACE ( 'NONE', ( #12147 ), #10315, .T. ) ;
#1234 = DIRECTION ( 'NONE',  ( 0.000000000000000000, -1.000000000000000000, 0.000000000000000000 ) ) ;
#1235 = CARTESIAN_POINT ( 'NONE',  ( 39.99999999999999289, 11.00000000000000000, -14.00000000000000000 ) ) ;
#1236 = DIRECTION ( 'NONE',  ( -0.000000000000000000, 1.000000000000000000, -0.000000000000000000 ) ) ;
#1237 = DIRECTION ( 'NONE',  ( -0.7127720722690795707, 0.000000000000000000, -0.7013957320894119718 ) ) ;
#1238 = ORIENTED_EDGE ( 'NONE', *, *, #2542, .T. ) ;
#1239 = EDGE_CURVE ( 'NONE', #10006, #10608, #12005, .T. ) ;
#1240 = DIRECTION ( 'NONE',  ( -0.000000000000000000, 1.000000000000000000, -0.000000000000000000 ) ) ;
#1241 = ORIENTED_EDGE ( 'NONE', *, *, #11362, .T. ) ;
#1242 = CARTESIAN_POINT ( 'NONE',  ( 35.49999999999999289, 2.000000000000000000, -20.99999999999996447 ) ) ;
#1243 = EDGE_CURVE ( 'NONE', #1431, #2263, #11396, .T. ) ;
#1244 = CARTESIAN_POINT ( 'NONE',  ( 74.79999999999998295, 9.799999999999998934, -5.200000000000043698 ) ) ;
#1245 = EDGE_CURVE ( 'NONE', #9889, #5561, #4308, .T. ) ;
#1246 = EDGE_CURVE ( 'NONE', #5363, #7817, #5383, .T. ) ;
#1247 = AXIS2_PLACEMENT_3D ( 'NONE', #3680, #4640, #11409 ) ;
#1248 = EDGE_CURVE ( 'NONE', #6520, #11507, #6433, .T. ) ;
#1249 = CARTESIAN_POINT ( 'NONE',  ( 27.36984848098341416, 9.799999999999998934, -41.30000000000000426 ) ) ;
#1250 = CARTESIAN_POINT ( 'NONE',  ( 11.99999999999992006, 11.00000000000000000, -38.99999999999992184 ) ) ;
#1251 = DIRECTION ( 'NONE',  ( 0.000000000000000000, 1.000000000000000000, 0.000000000000000000 ) ) ;
#1252 = DIRECTION ( 'NONE',  ( -0.000000000000000000, -1.000000000000000000, -0.000000000000000000 ) ) ;
#1253 = AXIS2_PLACEMENT_3D ( 'NONE', #7131, #2353, #9113 ) ;
#1254 = ORIENTED_EDGE ( 'NONE', *, *, #1945, .F. ) ;
#1255 = ORIENTED_EDGE ( 'NONE', *, *, #9091, .T. ) ;
#1257 = EDGE_CURVE ( 'NONE', #11430, #7695, #10369, .T. ) ;
#1256 = AXIS2_PLACEMENT_3D ( 'NONE', #8048, #6259, #4369 ) ;
#1258 = DIRECTION ( 'NONE',  ( -0.000000000000000000, -1.000000000000000000, -0.000000000000000000 ) ) ;
#1259 = DIRECTION ( 'NONE',  ( 0.000000000000000000, 0.000000000000000000, -1.000000000000000000 ) ) ;
#1260 = DIRECTION ( 'NONE',  ( 0.000000000000000000, 0.000000000000000000, 1.000000000000000000 ) ) ;
#1261 = CARTESIAN_POINT ( 'NONE',  ( 16.50000000000000711, 11.00000000000000000, -7.499999999999968914 ) ) ;
#1262 = VECTOR ( 'NONE', #8095, 1000.000000000000000 ) ;
#1263 = AXIS2_PLACEMENT_3D ( 'NONE', #12076, #9285, #9160 ) ;
#1264 = DIRECTION ( 'NONE',  ( 0.000000000000000000, 1.000000000000000000, 0.000000000000000000 ) ) ;
#1265 = ORIENTED_EDGE ( 'NONE', *, *, #8285, .F. ) ;
#1266 = FACE_OUTER_BOUND ( 'NONE', #5317, .T. ) ;
#1267 = CARTESIAN_POINT ( 'NONE',  ( 73.50000000000000000, 11.00000000000000000, -43.50000000000000000 ) ) ;
#1268 = VERTEX_POINT ( 'NONE', #3659 ) ;
#1269 = AXIS2_PLACEMENT_3D ( 'NONE', #6727, #3700, #980 ) ;
#1270 = DIRECTION ( 'NONE',  ( 0.000000000000000000, 0.000000000000000000, 1.000000000000000000 ) ) ;
#1271 = AXIS2_PLACEMENT_3D ( 'NONE', #3533, #11065, #6183 ) ;
#1272 = ORIENTED_EDGE ( 'NONE', *, *, #8992, .T. ) ;
#1273 = EDGE_LOOP ( 'NONE', ( #7295, #12483 ) ) ;
#1274 = VERTEX_POINT ( 'NONE', #5436 ) ;
#1275 = CYLINDRICAL_SURFACE ( 'NONE', #12441, 1.699999999999996625 ) ;
#1276 = VECTOR ( 'NONE', #981, 1000.000000000000000 ) ;
#1277 = DIRECTION ( 'NONE',  ( 0.000000000000000000, 0.000000000000000000, -1.000000000000000000 ) ) ;
#1278 = EDGE_LOOP ( 'NONE', ( #10943, #11516, #9480, #588 ) ) ;
#1279 = AXIS2_PLACEMENT_3D ( 'NONE', #9905, #1227, #1422 ) ;
#1280 = ADVANCED_FACE ( 'NONE', ( #5558 ), #2594, .T. ) ;
#1281 = LINE ( 'NONE', #3238, #7143 ) ;
#1282 = DIRECTION ( 'NONE',  ( -0.7071067811865513475, 0.000000000000000000, 0.7071067811865435759 ) ) ;
#1283 = CIRCLE ( 'NONE', #9182, 0.9999999999999974465 ) ;
#1284 = VERTEX_POINT ( 'NONE', #11377 ) ;
#1285 = FACE_BOUND ( 'NONE', #10201, .T. ) ;
#1286 = EDGE_CURVE ( 'NONE', #4767, #7539, #749, .T. ) ;
#1287 = CARTESIAN_POINT ( 'NONE',  ( 31.50000000000000711, 2.000000000000000000, -25.49999999999997513 ) ) ;
#1288 = DIRECTION ( 'NONE',  ( 0.000000000000000000, 0.000000000000000000, 1.000000000000000000 ) ) ;
#1289 = VERTEX_POINT ( 'NONE', #4481 ) ;
#1290 = CYLINDRICAL_SURFACE ( 'NONE', #463, 0.9999999999999974465 ) ;
#1291 = CARTESIAN_POINT ( 'NONE',  ( 44.50000000000000000, 11.00000000000000000, -30.99999999999993605 ) ) ;
#1292 = ORIENTED_EDGE ( 'NONE', *, *, #4098, .F. ) ;
#1293 = EDGE_CURVE ( 'NONE', #784, #3, #7508, .T. ) ;
#1294 = CARTESIAN_POINT ( 'NONE',  ( 67.99999999999990052, 11.00000000000000000, -38.99999999999995026 ) ) ;
#1295 = AXIS2_PLACEMENT_3D ( 'NONE', #779, #6595, #10532 ) ;
#1296 = CARTESIAN_POINT ( 'NONE',  ( 26.45857864376269930, 9.799999999999998934, -3.499999999999993339 ) ) ;
#1297 = CIRCLE ( 'NONE', #8782, 2.799999999999999822 ) ;
#1298 = CIRCLE ( 'NONE', #70, 2.999999999999999112 ) ;
#1299 = VERTEX_POINT ( 'NONE', #4613 ) ;
#1300 = EDGE_CURVE ( 'NONE', #9721, #1934, #10184, .T. ) ;
#1301 = DIRECTION ( 'NONE',  ( 0.000000000000000000, 0.000000000000000000, 1.000000000000000000 ) ) ;
#1302 = AXIS2_PLACEMENT_3D ( 'NONE', #10747, #2783, #4922 ) ;
#1303 = DIRECTION ( 'NONE',  ( -0.000000000000000000, -1.000000000000000000, -0.000000000000000000 ) ) ;
#1304 = VERTEX_POINT ( 'NONE', #2716 ) ;
#1305 = EDGE_CURVE ( 'NONE', #6522, #9186, #877, .T. ) ;
#1306 = CIRCLE ( 'NONE', #6954, 1.699999999999993072 ) ;
#1307 = DIRECTION ( 'NONE',  ( 0.000000000000000000, 0.000000000000000000, 1.000000000000000000 ) ) ;
#1308 = VERTEX_POINT ( 'NONE', #1638 ) ;
#1309 = AXIS2_PLACEMENT_3D ( 'NONE', #5069, #7012, #11839 ) ;
#1310 = FACE_OUTER_BOUND ( 'NONE', #9337, .T. ) ;
#1311 = ORIENTED_EDGE ( 'NONE', *, *, #5581, .T. ) ;
#1312 = DIRECTION ( 'NONE',  ( -0.000000000000000000, -1.000000000000000000, -0.000000000000000000 ) ) ;
#1313 = FACE_OUTER_BOUND ( 'NONE', #9439, .T. ) ;
#1314 = VECTOR ( 'NONE', #10863, 1000.000000000000000 ) ;
#1315 = CIRCLE ( 'NONE', #911, 2.447087127489769198 ) ;
#1316 = VECTOR ( 'NONE', #5736, 1000.000000000000000 ) ;
#1317 = ADVANCED_FACE ( 'NONE', ( #5623 ), #492, .T. ) ;
#1318 = EDGE_CURVE ( 'NONE', #10018, #4309, #12092, .T. ) ;
#1320 = EDGE_CURVE ( 'NONE', #9827, #1669, #7640, .T. ) ;
#1319 = LINE ( 'NONE', #4414, #4755 ) ;
#1321 = CARTESIAN_POINT ( 'NONE',  ( 72.49999999999998579, 11.00000000000000000, -11.99999999999999645 ) ) ;
#1322 = EDGE_CURVE ( 'NONE', #11356, #10510, #1506, .T. ) ;
#1323 = CARTESIAN_POINT ( 'NONE',  ( 11.99999999999993427, 11.00000000000000000, -34.49999999999992895 ) ) ;
#1324 = CARTESIAN_POINT ( 'NONE',  ( 63.49999999999991473, 11.00000000000000000, -39.99999999999992184 ) ) ;
#1325 = AXIS2_PLACEMENT_3D ( 'NONE', #5289, #8127, #11044 ) ;
#1326 = ORIENTED_EDGE ( 'NONE', *, *, #6027, .F. ) ;
#1327 = EDGE_LOOP ( 'NONE', ( #9159, #1024, #12145, #2721 ) ) ;
#1328 = AXIS2_PLACEMENT_3D ( 'NONE', #1564, #1742, #7547 ) ;
#1329 = CARTESIAN_POINT ( 'NONE',  ( 6.500000000000000888, 2.000000000000000000, -43.50000000000000000 ) ) ;
#1330 = LINE ( 'NONE', #2409, #8132 ) ;
#1331 = CARTESIAN_POINT ( 'NONE',  ( 26.50000000000000000, 0.000000000000000000, -3.400000000000000355 ) ) ;
#1332 = CARTESIAN_POINT ( 'NONE',  ( 72.49999999999994316, 11.00000000000000000, -25.49999999999999289 ) ) ;
#1333 = VERTEX_POINT ( 'NONE', #9680 ) ;
#1334 = AXIS2_PLACEMENT_3D ( 'NONE', #11464, #6447, #10576 ) ;
#1335 = EDGE_CURVE ( 'NONE', #2930, #3372, #5748, .T. ) ;
#1336 = EDGE_CURVE ( 'NONE', #6204, #97, #3722, .T. ) ;
#1337 = AXIS2_PLACEMENT_3D ( 'NONE', #3498, #772, #1546 ) ;
#1338 = EDGE_CURVE ( 'NONE', #203, #365, #10994, .T. ) ;
#1339 = CARTESIAN_POINT ( 'NONE',  ( 44.50000000000000000, 2.000000000000000000, -25.49999999999993960 ) ) ;
#1340 = EDGE_LOOP ( 'NONE', ( #6219, #8726, #4225, #3298 ) ) ;
#1341 = CARTESIAN_POINT ( 'NONE',  ( 72.49999999999995737, 11.00000000000000000, -20.99999999999999289 ) ) ;
#1342 = DIRECTION ( 'NONE',  ( 1.000000000000000000, -0.000000000000000000, 0.000000000000000000 ) ) ;
#1343 = AXIS2_PLACEMENT_3D ( 'NONE', #8162, #8295, #6311 ) ;
#1344 = CARTESIAN_POINT ( 'NONE',  ( 20.99999999999998224, 11.00000000000000000, -12.99999999999999467 ) ) ;
#1345 = ORIENTED_EDGE ( 'NONE', *, *, #5989, .F. ) ;
#1346 = ORIENTED_EDGE ( 'NONE', *, *, #1215, .T. ) ;
#1347 = VECTOR ( 'NONE', #8103, 1000.000000000000000 ) ;
#1348 = VERTEX_POINT ( 'NONE', #8719 ) ;
#1349 = CARTESIAN_POINT ( 'NONE',  ( 53.54142135623727938, 9.799999999999998934, -40.50000000000000711 ) ) ;
#1350 = DIRECTION ( 'NONE',  ( -0.000000000000000000, -1.000000000000000000, -0.000000000000000000 ) ) ;
#1351 = AXIS2_PLACEMENT_3D ( 'NONE', #148, #1368, #6044 ) ;
#1352 = DIRECTION ( 'NONE',  ( -0.000000000000000000, -1.000000000000000000, -0.000000000000000000 ) ) ;
#1353 = AXIS2_PLACEMENT_3D ( 'NONE', #1967, #7584, #3915 ) ;
#1354 = DIRECTION ( 'NONE',  ( 1.000000000000000000, 0.000000000000000000, 6.999854048275122104E-16 ) ) ;
#1355 = ORIENTED_EDGE ( 'NONE', *, *, #9235, .F. ) ;
#1356 = FACE_BOUND ( 'NONE', #4895, .T. ) ;
#1357 = DIRECTION ( 'NONE',  ( 0.000000000000000000, -0.000000000000000000, 1.000000000000000000 ) ) ;
#1358 = ORIENTED_EDGE ( 'NONE', *, *, #2261, .F. ) ;
#1359 = DIRECTION ( 'NONE',  ( 0.000000000000000000, 1.000000000000000000, 0.000000000000000000 ) ) ;
#1360 = ORIENTED_EDGE ( 'NONE', *, *, #1322, .T. ) ;
#1361 = CARTESIAN_POINT ( 'NONE',  ( 48.29461583732884122, 2.000000000000000000, -39.97868143219523773 ) ) ;
#1362 = DIRECTION ( 'NONE',  ( 0.000000000000000000, 1.000000000000000000, 0.000000000000000000 ) ) ;
#1363 = ORIENTED_EDGE ( 'NONE', *, *, #4501, .F. ) ;
#1364 = ORIENTED_EDGE ( 'NONE', *, *, #3065, .F. ) ;
#1365 = ORIENTED_EDGE ( 'NONE', *, *, #3778, .T. ) ;
#1366 = ORIENTED_EDGE ( 'NONE', *, *, #11002, .F. ) ;
#1367 = LINE ( 'NONE', #8006, #5164 ) ;
#1368 = DIRECTION ( 'NONE',  ( 4.818676322157797621E-17, 0.000000000000000000, 1.000000000000000000 ) ) ;
#1369 = AXIS2_PLACEMENT_3D ( 'NONE', #1478, #7925, #11799 ) ;
#1370 = FACE_BOUND ( 'NONE', #848, .T. ) ;
#1371 = AXIS2_PLACEMENT_3D ( 'NONE', #3262, #7110, #7182 ) ;
#1372 = DIRECTION ( 'NONE',  ( 0.7071067811865474617, 0.000000000000000000, -0.7071067811865474617 ) ) ;
#1373 = VERTEX_POINT ( 'NONE', #11447 ) ;
#1374 = CIRCLE ( 'NONE', #3603, 0.9999999999999974465 ) ;
#1375 = DIRECTION ( 'NONE',  ( -0.000000000000000000, -1.000000000000000000, 0.000000000000000000 ) ) ;
#1376 = ORIENTED_EDGE ( 'NONE', *, *, #5898, .T. ) ;
#1377 = DIRECTION ( 'NONE',  ( -0.000000000000000000, -1.000000000000000000, -0.000000000000000000 ) ) ;
#1378 = ORIENTED_EDGE ( 'NONE', *, *, #10311, .F. ) ;
#1379 = DIRECTION ( 'NONE',  ( 0.000000000000000000, 0.000000000000000000, 1.000000000000000000 ) ) ;
#1380 = EDGE_CURVE ( 'NONE', #12459, #1554, #2919, .T. ) ;
#1381 = CARTESIAN_POINT ( 'NONE',  ( 35.49999999999999289, 2.000000000000000000, -38.99999999999996447 ) ) ;
#1382 = EDGE_CURVE ( 'NONE', #7795, #11958, #10805, .T. ) ;
#1383 = EDGE_CURVE ( 'NONE', #5310, #8955, #7553, .T. ) ;
#1384 = AXIS2_PLACEMENT_3D ( 'NONE', #11971, #3290, #7023 ) ;
#1385 = DIRECTION ( 'NONE',  ( 0.000000000000000000, 0.000000000000000000, 1.000000000000000000 ) ) ;
#1386 = EDGE_LOOP ( 'NONE', ( #11312, #4270, #10411, #4071 ) ) ;
#1387 = CARTESIAN_POINT ( 'NONE',  ( 20.99999999999994316, 11.00000000000000000, -24.49999999999999289 ) ) ;
#1388 = CARTESIAN_POINT ( 'NONE',  ( 53.54142135623730070, 9.799999999999998934, -6.299999999999992717 ) ) ;
#1389 = EDGE_LOOP ( 'NONE', ( #1090, #7877, #7183, #7135 ) ) ;
#1390 = AXIS2_PLACEMENT_3D ( 'NONE', #7444, #11242, #4606 ) ;
#1391 = ORIENTED_EDGE ( 'NONE', *, *, #3255, .F. ) ;
#1392 = LINE ( 'NONE', #6891, #53 ) ;
#1393 = ADVANCED_FACE ( 'NONE', ( #3904 ), #7764, .T. ) ;
#1394 = DIRECTION ( 'NONE',  ( -0.000000000000000000, 1.000000000000000000, -0.000000000000000000 ) ) ;
#1395 = DIRECTION ( 'NONE',  ( -0.000000000000000000, -1.000000000000000000, -0.000000000000000000 ) ) ;
#1396 = CYLINDRICAL_SURFACE ( 'NONE', #4578, 0.9999999999999974465 ) ;
#1397 = ADVANCED_FACE ( 'NONE', ( #3719 ), #9544, .T. ) ;
#1398 = EDGE_CURVE ( 'NONE', #2424, #1268, #11648, .T. ) ;
#1399 = DIRECTION ( 'NONE',  ( 0.000000000000000000, 0.000000000000000000, -1.000000000000000000 ) ) ;
#1400 = VECTOR ( 'NONE', #4801, 1000.000000000000000 ) ;
#1401 = CARTESIAN_POINT ( 'NONE',  ( 65.76223663640863037, 1.999999999999998224, -43.50000000000000711 ) ) ;
#1402 = VERTEX_POINT ( 'NONE', #2967 ) ;
#1403 = DIRECTION ( 'NONE',  ( -0.000000000000000000, -1.000000000000000000, -0.000000000000000000 ) ) ;
#1404 = CARTESIAN_POINT ( 'NONE',  ( 63.49999999999995737, 2.000000000000000000, -26.49999999999992539 ) ) ;
#1405 = CARTESIAN_POINT ( 'NONE',  ( 48.49999999999999289, 11.00000000000000000, -11.99999999999993072 ) ) ;
#1406 = EDGE_CURVE ( 'NONE', #12328, #913, #9487, .T. ) ;
#1407 = ORIENTED_EDGE ( 'NONE', *, *, #4682, .F. ) ;
#1408 = EDGE_LOOP ( 'NONE', ( #12194, #7830, #3551, #8250 ) ) ;
#1409 = ORIENTED_EDGE ( 'NONE', *, *, #12276, .T. ) ;
#1410 = PLANE ( 'NONE',  #7189 ) ;
#1411 = EDGE_CURVE ( 'NONE', #8482, #3714, #7573, .T. ) ;
#1412 = EDGE_CURVE ( 'NONE', #3518, #3626, #7966, .T. ) ;
#1413 = CARTESIAN_POINT ( 'NONE',  ( -1.927470528863119049E-16, 2.000000000000000000, -4.000000000000000000 ) ) ;
#1414 = VERTEX_POINT ( 'NONE', #3785 ) ;
#1415 = EDGE_CURVE ( 'NONE', #5572, #6130, #8582, .T. ) ;
#1416 = CARTESIAN_POINT ( 'NONE',  ( 24.99999999999999645, 2.000000000000000000, -32.14999999999999858 ) ) ;
#1417 = CARTESIAN_POINT ( 'NONE',  ( 17.09999999999999076, 5.000000000000000000, 1.114428587224088704E-15 ) ) ;
#1418 = VERTEX_POINT ( 'NONE', #932 ) ;
#1419 = CARTESIAN_POINT ( 'NONE',  ( 58.99999999999994316, 11.00000000000000000, -35.49999999999989342 ) ) ;
#1420 = CYLINDRICAL_SURFACE ( 'NONE', #4485, 0.9999999999999974465 ) ;
#1421 = VERTEX_POINT ( 'NONE', #4799 ) ;
#1422 = DIRECTION ( 'NONE',  ( 1.000000000000000000, 0.000000000000000000, -0.000000000000000000 ) ) ;
#1423 = FACE_OUTER_BOUND ( 'NONE', #4252, .T. ) ;
#1424 = EDGE_LOOP ( 'NONE', ( #7417, #127 ) ) ;
#1425 = ORIENTED_EDGE ( 'NONE', *, *, #8468, .T. ) ;
#1426 = VERTEX_POINT ( 'NONE', #12515 ) ;
#1427 = CARTESIAN_POINT ( 'NONE',  ( 63.49999999999995737, 11.00000000000000000, -24.49999999999993250 ) ) ;
#1428 = EDGE_CURVE ( 'NONE', #1697, #4831, #7696, .T. ) ;
#1429 = CARTESIAN_POINT ( 'NONE',  ( 48.49999999999999289, 2.000000000000000000, -12.99999999999992895 ) ) ;
#1430 = CYLINDRICAL_SURFACE ( 'NONE', #3943, 2.799999999999999822 ) ;
#1431 = VERTEX_POINT ( 'NONE', #997 ) ;
#1432 = FACE_OUTER_BOUND ( 'NONE', #11892, .T. ) ;
#1433 = ORIENTED_EDGE ( 'NONE', *, *, #11374, .F. ) ;
#1434 = DIRECTION ( 'NONE',  ( 0.000000000000000000, 0.000000000000000000, -1.000000000000000000 ) ) ;
#1435 = EDGE_LOOP ( 'NONE', ( #11109, #12301, #8872, #5671 ) ) ;
#1436 = AXIS2_PLACEMENT_3D ( 'NONE', #1994, #11745, #7738 ) ;
#1437 = CARTESIAN_POINT ( 'NONE',  ( 35.07228714274742742, 11.00000000000000000, -6.000000000000002665 ) ) ;
#1438 = ORIENTED_EDGE ( 'NONE', *, *, #3425, .F. ) ;
#1439 = ORIENTED_EDGE ( 'NONE', *, *, #7357, .F. ) ;
#1440 = DIRECTION ( 'NONE',  ( 0.000000000000000000, 1.000000000000000000, 0.000000000000000000 ) ) ;
#1441 = CARTESIAN_POINT ( 'NONE',  ( 20.99999999999990052, 11.00000000000000000, -33.49999999999998579 ) ) ;
#1442 = EDGE_CURVE ( 'NONE', #5301, #2384, #11194, .T. ) ;
#1443 = LINE ( 'NONE', #6180, #7647 ) ;
#1444 = DIRECTION ( 'NONE',  ( -0.000000000000000000, -1.000000000000000000, -0.000000000000000000 ) ) ;
#1445 = PLANE ( 'NONE',  #9445 ) ;
#1446 = ORIENTED_EDGE ( 'NONE', *, *, #8899, .T. ) ;
#1447 = EDGE_CURVE ( 'NONE', #6857, #554, #9997, .T. ) ;
#1448 = ORIENTED_EDGE ( 'NONE', *, *, #3910, .F. ) ;
#1449 = LINE ( 'NONE', #5312, #7346 ) ;
#1450 = LINE ( 'NONE', #4104, #9599 ) ;
#1451 = CARTESIAN_POINT ( 'NONE',  ( 59.00000000000000711, 11.00000000000000000, -15.49999999999990585 ) ) ;
#1452 = DIRECTION ( 'NONE',  ( -0.000000000000000000, 1.000000000000000000, -0.000000000000000000 ) ) ;
#1453 = CARTESIAN_POINT ( 'NONE',  ( 11.99999999999997513, 2.000000000000000000, -20.99999999999993250 ) ) ;
#1454 = ORIENTED_EDGE ( 'NONE', *, *, #10253, .T. ) ;
#1455 = ORIENTED_EDGE ( 'NONE', *, *, #1190, .F. ) ;
#1456 = DIRECTION ( 'NONE',  ( 0.000000000000000000, 0.000000000000000000, 1.000000000000000000 ) ) ;
#1457 = ORIENTED_EDGE ( 'NONE', *, *, #11854, .T. ) ;
#1458 = CIRCLE ( 'NONE', #8930, 0.9999999999999974465 ) ;
#1459 = EDGE_CURVE ( 'NONE', #10291, #3110, #8854, .T. ) ;
#1460 = CARTESIAN_POINT ( 'NONE',  ( 16.49999999999989697, 11.00000000000000000, -39.99999999999995026 ) ) ;
#1461 = CARTESIAN_POINT ( 'NONE',  ( 58.99999999999995737, 2.000000000000000000, -29.99999999999989342 ) ) ;
#1462 = VERTEX_POINT ( 'NONE', #350 ) ;
#1463 = DIRECTION ( 'NONE',  ( 0.000000000000000000, 0.000000000000000000, -1.000000000000000000 ) ) ;
#1464 = VERTEX_POINT ( 'NONE', #5249 ) ;
#1465 = ORIENTED_EDGE ( 'NONE', *, *, #12430, .T. ) ;
#1466 = CARTESIAN_POINT ( 'NONE',  ( 71.48517677218623589, 9.799999999999998934, 8.514823227813852924 ) ) ;
#1467 = VECTOR ( 'NONE', #11126, 1000.000000000000000 ) ;
#1468 = CARTESIAN_POINT ( 'NONE',  ( 31.50000000000000711, 2.000000000000000000, -12.99999999999996980 ) ) ;
#1469 = VERTEX_POINT ( 'NONE', #9983 ) ;
#1470 = CIRCLE ( 'NONE', #4905, 0.9999999999999974465 ) ;
#1471 = ORIENTED_EDGE ( 'NONE', *, *, #3259, .F. ) ;
#1472 = FACE_OUTER_BOUND ( 'NONE', #7600, .T. ) ;
#1473 = DIRECTION ( 'NONE',  ( 0.000000000000000000, 0.000000000000000000, 1.000000000000000000 ) ) ;
#1474 = AXIS2_PLACEMENT_3D ( 'NONE', #2774, #2953, #6545 ) ;
#1475 = ADVANCED_FACE ( 'NONE', ( #9102 ), #282, .T. ) ;
#1476 = EDGE_CURVE ( 'NONE', #2882, #9489, #9185, .T. ) ;
#1477 = CIRCLE ( 'NONE', #12379, 1.699999999999993072 ) ;
#1478 = CARTESIAN_POINT ( 'NONE',  ( 36.49999999999999289, -21.88036781070453785, -41.23776336359135541 ) ) ;
#1479 = CARTESIAN_POINT ( 'NONE',  ( 72.49999999999995737, 11.00000000000000000, -21.99999999999999289 ) ) ;
#1480 = ORIENTED_EDGE ( 'NONE', *, *, #7343, .T. ) ;
#1481 = AXIS2_PLACEMENT_3D ( 'NONE', #2735, #3735, #572 ) ;
#1482 = LINE ( 'NONE', #524, #10981 ) ;
#1483 = DIRECTION ( 'NONE',  ( 0.000000000000000000, 1.000000000000000000, 0.000000000000000000 ) ) ;
#1484 = ORIENTED_EDGE ( 'NONE', *, *, #1915, .F. ) ;
#1485 = VERTEX_POINT ( 'NONE', #12010 ) ;
#1486 = VERTEX_POINT ( 'NONE', #10814 ) ;
#1487 = DIRECTION ( 'NONE',  ( 0.000000000000000000, 0.000000000000000000, 1.000000000000000000 ) ) ;
#1488 = LINE ( 'NONE', #649, #3979 ) ;
#1489 = CIRCLE ( 'NONE', #9166, 0.9999999999999974465 ) ;
#1490 = ORIENTED_EDGE ( 'NONE', *, *, #9922, .F. ) ;
#1491 = VERTEX_POINT ( 'NONE', #7056 ) ;
#1492 = VECTOR ( 'NONE', #11039, 1000.000000000000000 ) ;
#1493 = CARTESIAN_POINT ( 'NONE',  ( 31.50000000000000711, 11.00000000000000000, -25.49999999999997513 ) ) ;
#1494 = DIRECTION ( 'NONE',  ( -0.000000000000000000, -1.000000000000000000, -0.000000000000000000 ) ) ;
#1495 = EDGE_CURVE ( 'NONE', #7700, #1589, #11764, .T. ) ;
#1496 = EDGE_LOOP ( 'NONE', ( #12133, #11218, #8297, #3555 ) ) ;
#1497 = DIRECTION ( 'NONE',  ( -0.000000000000000000, -1.000000000000000000, -0.000000000000000000 ) ) ;
#1498 = AXIS2_PLACEMENT_3D ( 'NONE', #8292, #4425, #11124 ) ;
#1499 = ORIENTED_EDGE ( 'NONE', *, *, #7409, .T. ) ;
#1500 = DIRECTION ( 'NONE',  ( -0.000000000000000000, -0.000000000000000000, 1.000000000000000000 ) ) ;
#1501 = ORIENTED_EDGE ( 'NONE', *, *, #8065, .T. ) ;
#1502 = ORIENTED_EDGE ( 'NONE', *, *, #2097, .T. ) ;
#1503 = AXIS2_PLACEMENT_3D ( 'NONE', #8911, #8085, #5987 ) ;
#1504 = CARTESIAN_POINT ( 'NONE',  ( 7.499999999999958256, 11.00000000000000000, -29.99999999999989342 ) ) ;
#1505 = AXIS2_PLACEMENT_3D ( 'NONE', #3870, #1148, #182 ) ;
#1506 = CIRCLE ( 'NONE', #8985, 1.000000000000000888 ) ;
#1507 = LINE ( 'NONE', #3153, #783 ) ;
#1508 = VECTOR ( 'NONE', #1990, 999.9999999999998863 ) ;
#1510 = AXIS2_PLACEMENT_3D ( 'NONE', #3172, #11974, #7217 ) ;
#1509 = FACE_OUTER_BOUND ( 'NONE', #7097, .T. ) ;
#1511 = CARTESIAN_POINT ( 'NONE',  ( 31.50000000000000711, 2.000000000000000000, -19.99999999999997158 ) ) ;
#1512 = DIRECTION ( 'NONE',  ( -0.000000000000000000, -1.000000000000000000, -0.000000000000000000 ) ) ;
#1513 = CARTESIAN_POINT ( 'NONE',  ( 72.49999999999990052, 11.00000000000000000, -35.49999999999999289 ) ) ;
#1514 = VERTEX_POINT ( 'NONE', #6174 ) ;
#1515 = VERTEX_POINT ( 'NONE', #160 ) ;
#1516 = AXIS2_PLACEMENT_3D ( 'NONE', #6914, #9782, #205 ) ;
#1517 = CARTESIAN_POINT ( 'NONE',  ( 64.64386001800129122, 11.00000000000000000, -46.19999999999999574 ) ) ;
#1518 = AXIS2_PLACEMENT_3D ( 'NONE', #8965, #95, #11644 ) ;
#1519 = DIRECTION ( 'NONE',  ( 0.000000000000000000, -1.000000000000000000, 0.000000000000000000 ) ) ;
#1520 = FACE_OUTER_BOUND ( 'NONE', #12097, .T. ) ;
#1521 = VECTOR ( 'NONE', #11211, 1000.000000000000000 ) ;
#1522 = DIRECTION ( 'NONE',  ( -0.000000000000000000, -1.000000000000000000, -0.000000000000000000 ) ) ;
#1523 = VECTOR ( 'NONE', #4233, 1000.000000000000000 ) ;
#1524 = EDGE_CURVE ( 'NONE', #6350, #9827, #7756, .T. ) ;
#1525 = DIRECTION ( 'NONE',  ( 0.000000000000000000, 0.000000000000000000, 1.000000000000000000 ) ) ;
#1526 = VERTEX_POINT ( 'NONE', #4149 ) ;
#1527 = ORIENTED_EDGE ( 'NONE', *, *, #4562, .F. ) ;
#1528 = CIRCLE ( 'NONE', #8194, 2.800000000000002931 ) ;
#1529 = CIRCLE ( 'NONE', #9809, 3.000000000000023537 ) ;
#1530 = LINE ( 'NONE', #1593, #2368 ) ;
#1531 = VERTEX_POINT ( 'NONE', #2145 ) ;
#1532 = CARTESIAN_POINT ( 'NONE',  ( 63.50000000000002842, 11.00000000000000000, -7.499999999999936939 ) ) ;
#1533 = CARTESIAN_POINT ( 'NONE',  ( 20.99999999999995737, 2.000000000000000000, -20.99999999999999289 ) ) ;
#1534 = ORIENTED_EDGE ( 'NONE', *, *, #8913, .F. ) ;
#1535 = DIRECTION ( 'NONE',  ( 0.000000000000000000, 0.000000000000000000, -1.000000000000000000 ) ) ;
#1536 = ORIENTED_EDGE ( 'NONE', *, *, #5771, .T. ) ;
#1537 = DIRECTION ( 'NONE',  ( 0.000000000000000000, 0.000000000000000000, 1.000000000000000000 ) ) ;
#1538 = CARTESIAN_POINT ( 'NONE',  ( 53.50000000000000000, 11.00000000000000000, -43.39999999999999858 ) ) ;
#1539 = ORIENTED_EDGE ( 'NONE', *, *, #6179, .T. ) ;
#1541 = EDGE_CURVE ( 'NONE', #12319, #10376, #3338, .T. ) ;
#1540 = AXIS2_PLACEMENT_3D ( 'NONE', #5359, #6048, #209 ) ;
#1542 = ADVANCED_FACE ( 'NONE', ( #7115 ), #4090, .T. ) ;
#1543 = ORIENTED_EDGE ( 'NONE', *, *, #1559, .F. ) ;
#1544 = DIRECTION ( 'NONE',  ( 0.000000000000000000, -1.000000000000000000, 0.000000000000000000 ) ) ;
#1545 = AXIS2_PLACEMENT_3D ( 'NONE', #3162, #9695, #4940 ) ;
#1546 = DIRECTION ( 'NONE',  ( 0.000000000000000000, 0.000000000000000000, 1.000000000000000000 ) ) ;
#1547 = CARTESIAN_POINT ( 'NONE',  ( 57.00060966544094754, 9.799999999999998934, 22.99939033455901694 ) ) ;
#1548 = CIRCLE ( 'NONE', #9423, 0.9999999999999974465 ) ;
#1549 = FACE_OUTER_BOUND ( 'NONE', #1736, .T. ) ;
#1550 = VERTEX_POINT ( 'NONE', #5923 ) ;
#1551 = DIRECTION ( 'NONE',  ( 0.000000000000000000, 0.000000000000000000, -1.000000000000000000 ) ) ;
#1552 = DIRECTION ( 'NONE',  ( -0.000000000000000000, -1.000000000000000000, -0.000000000000000000 ) ) ;
#1553 = ORIENTED_EDGE ( 'NONE', *, *, #7581, .T. ) ;
#1554 = VERTEX_POINT ( 'NONE', #2335 ) ;
#1555 = DIRECTION ( 'NONE',  ( 0.000000000000000000, 0.000000000000000000, -1.000000000000000000 ) ) ;
#1556 = ADVANCED_FACE ( 'NONE', ( #2264 ), #9920, .F. ) ;
#1557 = CARTESIAN_POINT ( 'NONE',  ( 49.48185900165483275, 6.499999999999999112, -38.81038749811947497 ) ) ;
#1558 = CIRCLE ( 'NONE', #12066, 2.799999999999999822 ) ;
#1559 = EDGE_CURVE ( 'NONE', #97, #6204, #12214, .T. ) ;
#1560 = ORIENTED_EDGE ( 'NONE', *, *, #471, .F. ) ;
#1561 = AXIS2_PLACEMENT_3D ( 'NONE', #8168, #9308, #5503 ) ;
#1562 = DIRECTION ( 'NONE',  ( -0.000000000000000000, 1.000000000000000000, -0.000000000000000000 ) ) ;
#1563 = ADVANCED_FACE ( 'NONE', ( #4995 ), #8909, .T. ) ;
#1564 = CARTESIAN_POINT ( 'NONE',  ( 77.00000000000000000, 9.799999999999998934, 0.000000000000000000 ) ) ;
#1565 = EDGE_LOOP ( 'NONE', ( #7128, #349, #811, #4231 ) ) ;
#1566 = CARTESIAN_POINT ( 'NONE',  ( 63.90000000000001279, 5.000000000000000888, 0.000000000000000000 ) ) ;
#1567 = ORIENTED_EDGE ( 'NONE', *, *, #1827, .F. ) ;
#1568 = CARTESIAN_POINT ( 'NONE',  ( 53.50000000000000000, 11.00000000000000000, -5.099999999999993427 ) ) ;
#1569 = ORIENTED_EDGE ( 'NONE', *, *, #9273, .T. ) ;
#1570 = CIRCLE ( 'NONE', #10866, 0.9999999999999974465 ) ;
#1571 = ORIENTED_EDGE ( 'NONE', *, *, #11440, .F. ) ;
#1572 = CARTESIAN_POINT ( 'NONE',  ( 72.49999999999997158, 11.00000000000000000, -17.49999999999999289 ) ) ;
#1573 = EDGE_CURVE ( 'NONE', #7700, #1289, #4536, .T. ) ;
#1574 = ORIENTED_EDGE ( 'NONE', *, *, #6809, .T. ) ;
#1575 = EDGE_CURVE ( 'NONE', #8042, #5044, #6143, .T. ) ;
#1576 = DIRECTION ( 'NONE',  ( 0.000000000000000000, 0.000000000000000000, 1.000000000000000000 ) ) ;
#1577 = CIRCLE ( 'NONE', #3179, 1.000000000000000888 ) ;
#1578 = CARTESIAN_POINT ( 'NONE',  ( 44.47746032555851770, 9.799999999999998934, -48.32132034355964123 ) ) ;
#1579 = CARTESIAN_POINT ( 'NONE',  ( 5.443227718325019282, 9.799999999999998934, -49.20000000000000284 ) ) ;
#1580 = LINE ( 'NONE', #2591, #3194 ) ;
#1581 = ORIENTED_EDGE ( 'NONE', *, *, #12222, .F. ) ;
#1582 = ORIENTED_EDGE ( 'NONE', *, *, #7870, .T. ) ;
#1583 = LINE ( 'NONE', #8349, #473 ) ;
#1584 = LINE ( 'NONE', #7452, #8187 ) ;
#1585 = VECTOR ( 'NONE', #8744, 1000.000000000000000 ) ;
#1586 = DIRECTION ( 'NONE',  ( -0.000000000000000000, -1.000000000000000000, -0.000000000000000000 ) ) ;
#1587 = CIRCLE ( 'NONE', #154, 2.800000000000002043 ) ;
#1588 = LINE ( 'NONE', #12031, #12121 ) ;
#1589 = VERTEX_POINT ( 'NONE', #4218 ) ;
#1590 = ORIENTED_EDGE ( 'NONE', *, *, #3427, .F. ) ;
#1591 = CIRCLE ( 'NONE', #2602, 6.100000000000028955 ) ;
#1592 = FACE_BOUND ( 'NONE', #4869, .T. ) ;
#1593 = CARTESIAN_POINT ( 'NONE',  ( 27.36984848098341416, 9.799999999999998934, -38.50000000000000711 ) ) ;
#1594 = ORIENTED_EDGE ( 'NONE', *, *, #702, .T. ) ;
#1595 = FACE_OUTER_BOUND ( 'NONE', #8426, .T. ) ;
#1596 = CARTESIAN_POINT ( 'NONE',  ( 52.71299423149120855, 11.00000000000000000, -41.50000000000000711 ) ) ;
#1597 = CARTESIAN_POINT ( 'NONE',  ( 4.000000000000006217, 2.000000000000000000, -4.956352788505171156E-16 ) ) ;
#1598 = ORIENTED_EDGE ( 'NONE', *, *, #211, .T. ) ;
#1599 = DIRECTION ( 'NONE',  ( -0.7071067811865474617, 0.000000000000000000, -0.7071067811865474617 ) ) ;
#1600 = CARTESIAN_POINT ( 'NONE',  ( 76.00000000000000000, 2.000000000000000000, 0.000000000000000000 ) ) ;
#1601 = VECTOR ( 'NONE', #8795, 1000.000000000000000 ) ;
#1602 = ORIENTED_EDGE ( 'NONE', *, *, #12460, .T. ) ;
#1603 = VERTEX_POINT ( 'NONE', #8021 ) ;
#1604 = CARTESIAN_POINT ( 'NONE',  ( 6.500000000000000888, 2.000000000000000000, -46.00000000000000000 ) ) ;
#1605 = CARTESIAN_POINT ( 'NONE',  ( 35.49999999999999289, 11.00000000000000000, -29.99999999999996447 ) ) ;
#1606 = ADVANCED_FACE ( 'NONE', ( #3208 ), #12321, .F. ) ;
#1607 = DIRECTION ( 'NONE',  ( 0.000000000000000000, 0.000000000000000000, -1.000000000000000000 ) ) ;
#1608 = PLANE ( 'NONE',  #9744 ) ;
#1609 = VERTEX_POINT ( 'NONE', #2586 ) ;
#1610 = EDGE_CURVE ( 'NONE', #2181, #2149, #4936, .T. ) ;
#1611 = CARTESIAN_POINT ( 'NONE',  ( 0.9999999999999870104, 11.00000000000000000, -5.200000000000043698 ) ) ;
#1612 = DIRECTION ( 'NONE',  ( 0.000000000000000000, 1.000000000000000000, 0.000000000000000000 ) ) ;
#1613 = EDGE_CURVE ( 'NONE', #3495, #11156, #8337, .T. ) ;
#1614 = ORIENTED_EDGE ( 'NONE', *, *, #6956, .T. ) ;
#1615 = ORIENTED_EDGE ( 'NONE', *, *, #5099, .T. ) ;
#1616 = ORIENTED_EDGE ( 'NONE', *, *, #3945, .F. ) ;
#1617 = FACE_OUTER_BOUND ( 'NONE', #2169, .T. ) ;
#1618 = LINE ( 'NONE', #8326, #9237 ) ;
#1619 = EDGE_LOOP ( 'NONE', ( #8279, #10860 ) ) ;
#1620 = DIRECTION ( 'NONE',  ( 0.000000000000000000, 1.000000000000000000, 0.000000000000000000 ) ) ;
#1621 = CARTESIAN_POINT ( 'NONE',  ( 16.64903320081213778, 11.00000000000000000, -46.32132034355965544 ) ) ;
#1622 = EDGE_CURVE ( 'NONE', #9288, #7763, #11174, .T. ) ;
#1623 = DIRECTION ( 'NONE',  ( 0.000000000000000000, 0.000000000000000000, 1.000000000000000000 ) ) ;
#1624 = ORIENTED_EDGE ( 'NONE', *, *, #12383, .T. ) ;
#1625 = CARTESIAN_POINT ( 'NONE',  ( 35.49999999999999289, 11.00000000000000000, -16.49999999999996092 ) ) ;
#1626 = EDGE_CURVE ( 'NONE', #12424, #11472, #6945, .T. ) ;
#1627 = ORIENTED_EDGE ( 'NONE', *, *, #1575, .T. ) ;
#1628 = ORIENTED_EDGE ( 'NONE', *, *, #8420, .T. ) ;
#1629 = VERTEX_POINT ( 'NONE', #9412 ) ;
#1630 = DIRECTION ( 'NONE',  ( 0.000000000000000000, 1.000000000000000000, 0.000000000000000000 ) ) ;
#1631 = LINE ( 'NONE', #5480, #5251 ) ;
#1632 = FACE_OUTER_BOUND ( 'NONE', #5182, .T. ) ;
#1633 =( NAMED_UNIT ( * ) PLANE_ANGLE_UNIT ( ) SI_UNIT ( $, .RADIAN. ) );
#1634 = CARTESIAN_POINT ( 'NONE',  ( 48.49999999999999289, 2.000000000000000000, -34.49999999999992895 ) ) ;
#1635 = EDGE_LOOP ( 'NONE', ( #8140, #9362, #6850, #3445 ) ) ;
#1636 = EDGE_CURVE ( 'NONE', #4320, #12175, #6345, .T. ) ;
#1637 = VERTEX_POINT ( 'NONE', #5478 ) ;
#1638 = CARTESIAN_POINT ( 'NONE',  ( 67.99999999999997158, 2.000000000000000000, -15.49999999999996803 ) ) ;
#1639 = CARTESIAN_POINT ( 'NONE',  ( 31.50000000000000711, 2.000000000000000000, -11.99999999999997335 ) ) ;
#1640 = ORIENTED_EDGE ( 'NONE', *, *, #2608, .T. ) ;
#1641 = FACE_OUTER_BOUND ( 'NONE', #3175, .T. ) ;
#1642 = DIRECTION ( 'NONE',  ( 0.000000000000000000, 0.000000000000000000, 1.000000000000000000 ) ) ;
#1643 = EDGE_CURVE ( 'NONE', #2648, #532, #1713, .T. ) ;
#1644 = ORIENTED_EDGE ( 'NONE', *, *, #226, .F. ) ;
#1645 = ORIENTED_EDGE ( 'NONE', *, *, #7628, .F. ) ;
#1646 = FACE_BOUND ( 'NONE', #7294, .T. ) ;
#1647 = DIRECTION ( 'NONE',  ( 0.000000000000000000, -1.000000000000000000, 0.000000000000000000 ) ) ;
#1648 = VERTEX_POINT ( 'NONE', #4470 ) ;
#1649 = EDGE_CURVE ( 'NONE', #4161, #2675, #2932, .T. ) ;
#1650 = PLANE ( 'NONE',  #9874 ) ;
#1651 = DIRECTION ( 'NONE',  ( -0.000000000000000000, -1.000000000000000000, -0.000000000000000000 ) ) ;
#1652 = ORIENTED_EDGE ( 'NONE', *, *, #10041, .F. ) ;
#1653 = DIRECTION ( 'NONE',  ( 0.000000000000000000, 1.000000000000000000, 0.000000000000000000 ) ) ;
#1654 = EDGE_LOOP ( 'NONE', ( #3219, #4629, #474, #10846 ) ) ;
#1655 = DIRECTION ( 'NONE',  ( 3.496519228280624712E-16, 0.000000000000000000, 1.000000000000000000 ) ) ;
#1656 = DIRECTION ( 'NONE',  ( 0.000000000000000000, 0.000000000000000000, 1.000000000000000000 ) ) ;
#1657 = ORIENTED_EDGE ( 'NONE', *, *, #2331, .F. ) ;
#1658 = CIRCLE ( 'NONE', #7100, 0.9999999999999974465 ) ;
#1659 = VERTEX_POINT ( 'NONE', #7440 ) ;
#1660 = DIRECTION ( 'NONE',  ( -0.000000000000000000, -0.000000000000000000, 1.000000000000000000 ) ) ;
#1661 = LINE ( 'NONE', #9202, #10441 ) ;
#1662 = DIRECTION ( 'NONE',  ( 0.000000000000000000, -0.000000000000000000, 1.000000000000000000 ) ) ;
#1663 = DIRECTION ( 'NONE',  ( -0.000000000000000000, -1.000000000000000000, 0.000000000000000000 ) ) ;
#1664 = ORIENTED_EDGE ( 'NONE', *, *, #9310, .T. ) ;
#1665 = CIRCLE ( 'NONE', #11978, 2.999999999999999112 ) ;
#1666 = LINE ( 'NONE', #10408, #7731 ) ;
#1667 = DIRECTION ( 'NONE',  ( -0.000000000000000000, 1.000000000000000000, -0.000000000000000000 ) ) ;
#1668 = ORIENTED_EDGE ( 'NONE', *, *, #2988, .T. ) ;
#1669 = VERTEX_POINT ( 'NONE', #10108 ) ;
#1670 = ORIENTED_EDGE ( 'NONE', *, *, #1942, .F. ) ;
#1671 = DIRECTION ( 'NONE',  ( 0.000000000000000000, 1.000000000000000000, 0.000000000000000000 ) ) ;
#1672 = CIRCLE ( 'NONE', #5109, 0.9999999999999974465 ) ;
#1673 = LINE ( 'NONE', #3691, #6191 ) ;
#1674 = EDGE_CURVE ( 'NONE', #554, #6857, #10414, .T. ) ;
#1675 = VECTOR ( 'NONE', #1813, 1000.000000000000000 ) ;
#1676 = DIRECTION ( 'NONE',  ( 0.000000000000000000, 0.000000000000000000, 1.000000000000000000 ) ) ;
#1677 = APPROVAL ( #803, 'UNSPECIFIED' ) ;
#1678 = CYLINDRICAL_SURFACE ( 'NONE', #12247, 0.9999999999999974465 ) ;
#1679 = AXIS2_PLACEMENT_3D ( 'NONE', #5423, #1500, #10105 ) ;
#1680 = VERTEX_POINT ( 'NONE', #6298 ) ;
#1681 = CARTESIAN_POINT ( 'NONE',  ( 51.26776695296635467, -0.002000000000000265454, -9.087362902255675223 ) ) ;
#1682 = ORIENTED_EDGE ( 'NONE', *, *, #6241, .T. ) ;
#1683 = CARTESIAN_POINT ( 'NONE',  ( 53.45857864376269220, 9.799999999999998934, -3.499999999999993339 ) ) ;
#1684 = ORIENTED_EDGE ( 'NONE', *, *, #4062, .T. ) ;
#1685 = VERTEX_POINT ( 'NONE', #10169 ) ;
#1686 = FACE_OUTER_BOUND ( 'NONE', #7857, .T. ) ;
#1687 = AXIS2_PLACEMENT_3D ( 'NONE', #10674, #5539, #732 ) ;
#1688 = CIRCLE ( 'NONE', #4923, 3.599999999999992095 ) ;
#1689 = ADVANCED_FACE ( 'NONE', ( #9230 ), #3463, .T. ) ;
#1690 = CARTESIAN_POINT ( 'NONE',  ( 31.70538416267119786, -0.8284271247461592047, -39.97868143219528747 ) ) ;
#1691 = ADVANCED_FACE ( 'NONE', ( #1686 ), #7308, .T. ) ;
#1692 = VECTOR ( 'NONE', #8093, 1000.000000000000000 ) ;
#1693 = DIRECTION ( 'NONE',  ( 1.000000000000000000, 0.000000000000000000, -0.000000000000000000 ) ) ;
#1694 = PERSON_AND_ORGANIZATION ( #2043, #9079 ) ;
#1695 = VECTOR ( 'NONE', #151, 1000.000000000000000 ) ;
#1696 = DIRECTION ( 'NONE',  ( 3.496519228280624712E-16, 0.000000000000000000, 1.000000000000000000 ) ) ;
#1697 = VERTEX_POINT ( 'NONE', #1572 ) ;
#1698 = AXIS2_PLACEMENT_3D ( 'NONE', #7985, #1917, #10841 ) ;
#1699 = ORIENTED_EDGE ( 'NONE', *, *, #10740, .T. ) ;
#1700 = CARTESIAN_POINT ( 'NONE',  ( 7.499999999999958256, 11.00000000000000000, -29.99999999999989342 ) ) ;
#1701 = CARTESIAN_POINT ( 'NONE',  ( 63.50000000000000000, 11.00000000000000000, -11.99999999999993427 ) ) ;
#1702 = EDGE_LOOP ( 'NONE', ( #1826, #8921, #10659, #10273 ) ) ;
#1703 = CARTESIAN_POINT ( 'NONE',  ( 3.000000000000002665, 11.00000000000000000, -5.200000000000043698 ) ) ;
#1704 = AXIS2_PLACEMENT_3D ( 'NONE', #5302, #3405, #544 ) ;
#1705 = EDGE_CURVE ( 'NONE', #1648, #7746, #4345, .T. ) ;
#1706 = CYLINDRICAL_SURFACE ( 'NONE', #7868, 0.9999999999999974465 ) ;
#1707 = ORIENTED_EDGE ( 'NONE', *, *, #10889, .F. ) ;
#1709 = EDGE_CURVE ( 'NONE', #7074, #1669, #2338, .T. ) ;
#1708 = VECTOR ( 'NONE', #5447, 1000.000000000000000 ) ;
#1710 = EDGE_CURVE ( 'NONE', #5971, #1142, #5940, .T. ) ;
#1711 = FACE_OUTER_BOUND ( 'NONE', #10081, .T. ) ;
#1712 = DIRECTION ( 'NONE',  ( 0.000000000000000000, 1.000000000000000000, -0.000000000000000000 ) ) ;
#1713 = CIRCLE ( 'NONE', #3327, 2.500000000000000444 ) ;
#1714 = VERTEX_POINT ( 'NONE', #6419 ) ;
#1715 = DIRECTION ( 'NONE',  ( 0.000000000000000000, 0.000000000000000000, -1.000000000000000000 ) ) ;
#1716 = DIRECTION ( 'NONE',  ( 0.000000000000000000, 0.000000000000000000, 1.000000000000000000 ) ) ;
#1717 = CARTESIAN_POINT ( 'NONE',  ( 7.499999999999971578, 11.00000000000000000, -25.49999999999989697 ) ) ;
#1718 = ORIENTED_EDGE ( 'NONE', *, *, #2342, .T. ) ;
#1719 = FACE_OUTER_BOUND ( 'NONE', #5234, .T. ) ;
#1720 = EDGE_CURVE ( 'NONE', #2391, #8482, #6476, .T. ) ;
#1721 = FACE_OUTER_BOUND ( 'NONE', #1635, .T. ) ;
#1722 = EDGE_CURVE ( 'NONE', #8234, #564, #7496, .T. ) ;
#1723 = EDGE_CURVE ( 'NONE', #3174, #5995, #6239, .T. ) ;
#1724 = CIRCLE ( 'NONE', #6528, 1.000000000000000888 ) ;
#1725 = CARTESIAN_POINT ( 'NONE',  ( 35.07228714274742742, 9.799999999999998934, -6.000000000000002665 ) ) ;
#1726 = LINE ( 'NONE', #585, #9014 ) ;
#1727 = LINE ( 'NONE', #12117, #12487 ) ;
#1728 = CARTESIAN_POINT ( 'NONE',  ( 18.75619947568033652, 9.799999999999998934, -4.000059493681638045 ) ) ;
#1729 = VECTOR ( 'NONE', #438, 1000.000000000000000 ) ;
#1730 = EDGE_LOOP ( 'NONE', ( #8895, #125, #11937, #7608, #9497, #7986, #11183, #11323, #5470, #4809, #1363, #3559, #103, #2593, #1037, #4542, #1159, #8526, #7557, #689, #7638, #2307, #1409, #7001, #650, #8397, #1465, #5535, #11873, #5780, #6709, #5970, #3416, #8937, #6499, #12500, #9526, #2506, #1956, #994, #6461, #1574 ) ) ;
#1731 = CARTESIAN_POINT ( 'NONE',  ( 54.00000000000000000, 2.000000000000000000, -32.14999999999999858 ) ) ;
#1732 = DIRECTION ( 'NONE',  ( 0.000000000000000000, 0.000000000000000000, 1.000000000000000000 ) ) ;
#1733 = VERTEX_POINT ( 'NONE', #8527 ) ;
#1734 = ORIENTED_EDGE ( 'NONE', *, *, #2955, .T. ) ;
#1735 = AXIS2_PLACEMENT_3D ( 'NONE', #12360, #11232, #4525 ) ;
#1736 = EDGE_LOOP ( 'NONE', ( #3664, #9570 ) ) ;
#1737 = CYLINDRICAL_SURFACE ( 'NONE', #2742, 1.699999999999993072 ) ;
#1738 = DIRECTION ( 'NONE',  ( 0.000000000000000000, -0.000000000000000000, 1.000000000000000000 ) ) ;
#1739 = AXIS2_PLACEMENT_3D ( 'NONE', #2890, #9670, #10373 ) ;
#1740 = DIRECTION ( 'NONE',  ( 1.000000000000000000, 0.000000000000000000, 0.000000000000000000 ) ) ;
#1741 = AXIS2_PLACEMENT_3D ( 'NONE', #2123, #8062, #2301 ) ;
#1742 = DIRECTION ( 'NONE',  ( -1.000000000000000000, 0.000000000000000000, 0.000000000000000000 ) ) ;
#1743 = DIRECTION ( 'NONE',  ( 0.000000000000000000, -0.000000000000000000, 1.000000000000000000 ) ) ;
#1744 = CARTESIAN_POINT ( 'NONE',  ( 16.49999999999992539, 11.00000000000000000, -34.49999999999996447 ) ) ;
#1745 = EDGE_LOOP ( 'NONE', ( #10035, #5982 ) ) ;
#1746 = CARTESIAN_POINT ( 'NONE',  ( 63.50000000000000000, 2.000000000000000000, -11.99999999999993427 ) ) ;
#1747 = DIRECTION ( 'NONE',  ( 0.7071067811865474617, 0.000000000000000000, -0.7071067811865474617 ) ) ;
#1748 = ORIENTED_EDGE ( 'NONE', *, *, #4325, .F. ) ;
#1749 = EDGE_LOOP ( 'NONE', ( #11413, #4 ) ) ;
#1750 = AXIS2_PLACEMENT_3D ( 'NONE', #8712, #6799, #5913 ) ;
#1751 = CYLINDRICAL_SURFACE ( 'NONE', #8993, 0.9999999999999974465 ) ;
#1752 = CARTESIAN_POINT ( 'NONE',  ( 48.49999999999999289, 11.00000000000000000, -12.99999999999992895 ) ) ;
#1753 = AXIS2_PLACEMENT_3D ( 'NONE', #9817, #8871, #6199 ) ;
#1754 = CARTESIAN_POINT ( 'NONE',  ( 67.99999999999997158, 11.00000000000000000, -15.49999999999996803 ) ) ;
#1755 = CIRCLE ( 'NONE', #4593, 2.999999999999998668 ) ;
#1756 = DIRECTION ( 'NONE',  ( -0.000000000000000000, 1.000000000000000000, -0.000000000000000000 ) ) ;
#1757 = DATE_TIME_ROLE ( 'creation_date' ) ;
#1758 = VECTOR ( 'NONE', #6878, 1000.000000000000000 ) ;
#1759 = LINE ( 'NONE', #5619, #9729 ) ;
#1760 = VERTEX_POINT ( 'NONE', #3775 ) ;
#1761 = EDGE_CURVE ( 'NONE', #4772, #6171, #3536, .T. ) ;
#1762 = ORIENTED_EDGE ( 'NONE', *, *, #6469, .T. ) ;
#1763 = DIRECTION ( 'NONE',  ( 0.000000000000000000, 0.000000000000000000, 1.000000000000000000 ) ) ;
#1764 = EDGE_CURVE ( 'NONE', #8512, #4298, #1042, .T. ) ;
#1765 = DIRECTION ( 'NONE',  ( 0.000000000000000000, 0.000000000000000000, 1.000000000000000000 ) ) ;
#1766 = EDGE_CURVE ( 'NONE', #11337, #8452, #5612, .T. ) ;
#1767 = CARTESIAN_POINT ( 'NONE',  ( 15.35613998199869457, 9.799999999999998934, -49.20000000000000995 ) ) ;
#1768 = EDGE_LOOP ( 'NONE', ( #575, #2537, #9656, #6556 ) ) ;
#1769 = VECTOR ( 'NONE', #3470, 1000.000000000000000 ) ;
#1770 = ORIENTED_EDGE ( 'NONE', *, *, #5617, .F. ) ;
#1771 = DIRECTION ( 'NONE',  ( 0.000000000000000000, 0.000000000000000000, 1.000000000000000000 ) ) ;
#1772 = FACE_OUTER_BOUND ( 'NONE', #7987, .T. ) ;
#1773 = ORIENTED_EDGE ( 'NONE', *, *, #8298, .F. ) ;
#1774 = EDGE_CURVE ( 'NONE', #360, #9339, #4661, .T. ) ;
#1775 = CARTESIAN_POINT ( 'NONE',  ( 48.49999999999999289, 11.00000000000000000, -16.49999999999993250 ) ) ;
#1776 = AXIS2_PLACEMENT_3D ( 'NONE', #7533, #5591, #8255 ) ;
#1777 = FACE_OUTER_BOUND ( 'NONE', #4998, .T. ) ;
#1778 = EDGE_CURVE ( 'NONE', #2157, #2882, #86, .T. ) ;
#1779 = DIRECTION ( 'NONE',  ( -0.7071067811865464625, 0.000000000000000000, 0.7071067811865486830 ) ) ;
#1780 = EDGE_CURVE ( 'NONE', #4340, #12135, #2530, .T. ) ;
#1781 = ORIENTED_EDGE ( 'NONE', *, *, #5646, .F. ) ;
#1782 = LINE ( 'NONE', #820, #2144 ) ;
#1783 = DIRECTION ( 'NONE',  ( -0.000000000000000000, -1.000000000000000000, -0.000000000000000000 ) ) ;
#1784 = CIRCLE ( 'NONE', #11283, 0.9999999999999983347 ) ;
#1785 = EDGE_CURVE ( 'NONE', #12146, #136, #2007, .T. ) ;
#1786 = FACE_OUTER_BOUND ( 'NONE', #11737, .T. ) ;
#1787 = CARTESIAN_POINT ( 'NONE',  ( 63.49999999999998579, 11.00000000000000000, -16.49999999999993250 ) ) ;
#1788 = EDGE_LOOP ( 'NONE', ( #11688, #4675, #6565, #2143 ) ) ;
#1789 = EDGE_CURVE ( 'NONE', #969, #10342, #2828, .T. ) ;
#1790 = DIRECTION ( 'NONE',  ( 0.000000000000000000, -1.000000000000000000, 0.000000000000000000 ) ) ;
#1791 = DIRECTION ( 'NONE',  ( 0.000000000000000000, -0.000000000000000000, 1.000000000000000000 ) ) ;
#1792 = VERTEX_POINT ( 'NONE', #799 ) ;
#1793 = EDGE_CURVE ( 'NONE', #4175, #1514, #7773, .T. ) ;
#1794 = CARTESIAN_POINT ( 'NONE',  ( 53.45857864376269220, 11.00000000000000000, -3.499999999999993339 ) ) ;
#1795 = DIRECTION ( 'NONE',  ( 0.000000000000000000, 0.000000000000000000, -1.000000000000000000 ) ) ;
#1796 = EDGE_CURVE ( 'NONE', #9950, #3054, #11824, .T. ) ;
#1797 = EDGE_LOOP ( 'NONE', ( #8583, #657, #8668, #11239 ) ) ;
#1798 = AXIS2_PLACEMENT_3D ( 'NONE', #12084, #9239, #487 ) ;
#1799 = ORIENTED_EDGE ( 'NONE', *, *, #6179, .F. ) ;
#1800 = CARTESIAN_POINT ( 'NONE',  ( 31.50000000000000711, 11.00000000000000000, -34.49999999999997158 ) ) ;
#1801 = ADVANCED_FACE ( 'NONE', ( #12370 ), #1751, .T. ) ;
#1802 = DIRECTION ( 'NONE',  ( -0.7071067811865483499, 0.000000000000000000, -0.7071067811865467956 ) ) ;
#1803 = CIRCLE ( 'NONE', #11905, 0.9999999999999974465 ) ;
#1804 = ADVANCED_FACE ( 'NONE', ( #8710 ), #5730, .T. ) ;
#1805 = ORIENTED_EDGE ( 'NONE', *, *, #2640, .F. ) ;
#1806 = LINE ( 'NONE', #6603, #1508 ) ;
#1807 = DIRECTION ( 'NONE',  ( 0.000000000000000000, 0.000000000000000000, -1.000000000000000000 ) ) ;
#1808 = ORIENTED_EDGE ( 'NONE', *, *, #1622, .T. ) ;
#1809 = DIRECTION ( 'NONE',  ( 0.000000000000000000, 0.000000000000000000, -1.000000000000000000 ) ) ;
#1810 = DIRECTION ( 'NONE',  ( 0.000000000000000000, 1.000000000000000000, 0.000000000000000000 ) ) ;
#1811 = ORIENTED_EDGE ( 'NONE', *, *, #11052, .F. ) ;
#1812 = ADVANCED_FACE ( 'NONE', ( #9598 ), #7685, .T. ) ;
#1813 = DIRECTION ( 'NONE',  ( -0.000000000000000000, -1.000000000000000000, -0.000000000000000000 ) ) ;
#1814 = FACE_OUTER_BOUND ( 'NONE', #8929, .T. ) ;
#1815 = VERTEX_POINT ( 'NONE', #918 ) ;
#1816 = DIRECTION ( 'NONE',  ( -0.000000000000000000, -0.000000000000000000, -1.000000000000000000 ) ) ;
#1817 = LINE ( 'NONE', #3776, #5123 ) ;
#1818 = DIRECTION ( 'NONE',  ( 0.000000000000000000, 1.000000000000000000, 0.000000000000000000 ) ) ;
#1819 = CARTESIAN_POINT ( 'NONE',  ( 8.514823227813758777, 9.799999999999998934, 8.514823227813852924 ) ) ;
#1820 = DIRECTION ( 'NONE',  ( 0.000000000000000000, -1.000000000000000000, 0.000000000000000000 ) ) ;
#1821 = EDGE_LOOP ( 'NONE', ( #4384, #7650 ) ) ;
#1822 = ORIENTED_EDGE ( 'NONE', *, *, #8373, .T. ) ;
#1823 = DIRECTION ( 'NONE',  ( 0.000000000000000000, 0.000000000000000000, 1.000000000000000000 ) ) ;
#1824 = CARTESIAN_POINT ( 'NONE',  ( 52.00000000000000000, 2.000000000000000000, -31.14999999999999858 ) ) ;
#1825 = CARTESIAN_POINT ( 'NONE',  ( 16.49999999999995381, 11.00000000000000000, -25.49999999999996092 ) ) ;
#1826 = ORIENTED_EDGE ( 'NONE', *, *, #3949, .T. ) ;
#1827 = EDGE_CURVE ( 'NONE', #10987, #4017, #11630, .T. ) ;
#1828 = VERTEX_POINT ( 'NONE', #12502 ) ;
#1829 = CC_DESIGN_PERSON_AND_ORGANIZATION_ASSIGNMENT ( #9540, #12325, ( #5779 ) ) ;
#1830 = FACE_BOUND ( 'NONE', #5129, .T. ) ;
#1831 = FACE_OUTER_BOUND ( 'NONE', #3207, .T. ) ;
#1832 = ORIENTED_EDGE ( 'NONE', *, *, #2333, .T. ) ;
#1833 = DIRECTION ( 'NONE',  ( 0.7071067811865517916, 0.000000000000000000, 0.7071067811865432429 ) ) ;
#1834 = AXIS2_PLACEMENT_3D ( 'NONE', #6482, #3782, #1696 ) ;
#1836 = EDGE_CURVE ( 'NONE', #6835, #7726, #7561, .T. ) ;
#1835 = DIRECTION ( 'NONE',  ( 0.000000000000000000, -0.000000000000000000, 1.000000000000000000 ) ) ;
#1837 = CARTESIAN_POINT ( 'NONE',  ( 17.92658079720860798, 9.799999999999998934, -3.000042224706366500 ) ) ;
#1838 = AXIS2_PLACEMENT_3D ( 'NONE', #2728, #6570, #1771 ) ;
#1839 = ORIENTED_EDGE ( 'NONE', *, *, #12065, .T. ) ;
#1840 = CARTESIAN_POINT ( 'NONE',  ( 72.49999999999997158, 11.00000000000000000, -16.49999999999999289 ) ) ;
#1841 = LINE ( 'NONE', #2673, #4625 ) ;
#1842 = EDGE_CURVE ( 'NONE', #10900, #11622, #9604, .T. ) ;
#1843 = ORIENTED_EDGE ( 'NONE', *, *, #4307, .T. ) ;
#1844 = EDGE_LOOP ( 'NONE', ( #6656, #232, #10217, #1569 ) ) ;
#1845 = FACE_OUTER_BOUND ( 'NONE', #1273, .T. ) ;
#1846 = ADVANCED_FACE ( 'NONE', ( #11560 ), #2888, .T. ) ;
#1847 = DIRECTION ( 'NONE',  ( 0.000000000000000000, 0.000000000000000000, 1.000000000000000000 ) ) ;
#1848 = EDGE_LOOP ( 'NONE', ( #9902, #7273, #8303, #11497 ) ) ;
#1849 = DIRECTION ( 'NONE',  ( 0.000000000000000000, 1.000000000000000000, 0.000000000000000000 ) ) ;
#1850 = LINE ( 'NONE', #12412, #8128 ) ;
#1851 = ORIENTED_EDGE ( 'NONE', *, *, #10597, .T. ) ;
#1852 = DIRECTION ( 'NONE',  ( -0.000000000000000000, -1.000000000000000000, 0.000000000000000000 ) ) ;
#1853 = PLANE ( 'NONE',  #12403 ) ;
#1854 = ORIENTED_EDGE ( 'NONE', *, *, #2863, .F. ) ;
#1855 = VERTEX_POINT ( 'NONE', #402 ) ;
#1856 = ORIENTED_EDGE ( 'NONE', *, *, #6195, .F. ) ;
#1857 = CARTESIAN_POINT ( 'NONE',  ( 37.64386001800112069, 9.799999999999998934, -49.20000000000000284 ) ) ;
#1858 = CIRCLE ( 'NONE', #7283, 2.500000000000002220 ) ;
#1859 = CARTESIAN_POINT ( 'NONE',  ( 59.00000000000000711, 11.00000000000000000, -16.49999999999990408 ) ) ;
#1860 = CIRCLE ( 'NONE', #3877, 0.9999999999999974465 ) ;
#1861 = DIRECTION ( 'NONE',  ( 1.239088197126291063E-16, 0.000000000000000000, 1.000000000000000000 ) ) ;
#1862 = EDGE_CURVE ( 'NONE', #3333, #6819, #10620, .T. ) ;
#1863 = CARTESIAN_POINT ( 'NONE',  ( 20.99999999999997158, 11.00000000000000000, -16.49999999999999289 ) ) ;
#1864 = ORIENTED_EDGE ( 'NONE', *, *, #8441, .F. ) ;
#1865 = AXIS2_PLACEMENT_3D ( 'NONE', #1196, #4099, #3155 ) ;
#1866 = CARTESIAN_POINT ( 'NONE',  ( 77.00000000000000000, 9.799999999999998934, -44.89029455227312582 ) ) ;
#1867 = DIRECTION ( 'NONE',  ( -0.000000000000000000, -1.000000000000000000, -0.000000000000000000 ) ) ;
#1868 = ORIENTED_EDGE ( 'NONE', *, *, #9964, .T. ) ;
#1869 = AXIS2_PLACEMENT_3D ( 'NONE', #10654, #1078, #4954 ) ;
#1870 = CARTESIAN_POINT ( 'NONE',  ( 79.00000000000001421, 9.799999999999998934, -5.200000000000043698 ) ) ;
#1871 = CARTESIAN_POINT ( 'NONE',  ( 51.26776695296635467, 2.000000000000000000, -9.087362902255675223 ) ) ;
#1872 = VERTEX_POINT ( 'NONE', #4983 ) ;
#1873 = ORIENTED_EDGE ( 'NONE', *, *, #10526, .T. ) ;
#1874 = DIRECTION ( 'NONE',  ( 0.000000000000000000, 0.000000000000000000, -1.000000000000000000 ) ) ;
#1875 = CARTESIAN_POINT ( 'NONE',  ( 72.49999999999995737, 11.00000000000000000, -20.99999999999999289 ) ) ;
#1876 = VECTOR ( 'NONE', #234, 1000.000000000000000 ) ;
#1878 = EDGE_CURVE ( 'NONE', #7405, #1855, #10202, .T. ) ;
#1877 = AXIS2_PLACEMENT_3D ( 'NONE', #2142, #11886, #7947 ) ;
#1879 = CARTESIAN_POINT ( 'NONE',  ( 55.00000000000000000, 11.00000000000000000, -32.14999999999999858 ) ) ;
#1880 = LINE ( 'NONE', #2139, #4551 ) ;
#1881 = APPLICATION_PROTOCOL_DEFINITION ( 'international standard', 'config_control_design', 1994, #4520 ) ;
#1882 = CARTESIAN_POINT ( 'NONE',  ( 16.49999999999996447, 11.00000000000000000, -20.99999999999996447 ) ) ;
#1883 = AXIS2_PLACEMENT_3D ( 'NONE', #8585, #11495, #12435 ) ;
#1884 = ORIENTED_EDGE ( 'NONE', *, *, #546, .F. ) ;
#1885 = VERTEX_POINT ( 'NONE', #1105 ) ;
#1886 = DIRECTION ( 'NONE',  ( 0.000000000000000000, 0.000000000000000000, 1.000000000000000000 ) ) ;
#1887 = VECTOR ( 'NONE', #10492, 1000.000000000000000 ) ;
#1888 = CARTESIAN_POINT ( 'NONE',  ( 35.49999999999999289, 11.00000000000000000, -6.499999999999965361 ) ) ;
#1889 = CARTESIAN_POINT ( 'NONE',  ( 11.99999999999996270, 2.000000000000000000, -25.49999999999992895 ) ) ;
#1890 = CIRCLE ( 'NONE', #5329, 0.9999999999999974465 ) ;
#1891 = VERTEX_POINT ( 'NONE', #4204 ) ;
#1892 = AXIS2_PLACEMENT_3D ( 'NONE', #10675, #10917, #4845 ) ;
#1893 = CYLINDRICAL_SURFACE ( 'NONE', #6356, 0.9999999999999974465 ) ;
#1894 = DIRECTION ( 'NONE',  ( -0.000000000000000000, -1.000000000000000000, -0.000000000000000000 ) ) ;
#1895 = ORIENTED_EDGE ( 'NONE', *, *, #5793, .T. ) ;
#1896 = DIRECTION ( 'NONE',  ( 0.000000000000000000, 0.000000000000000000, -1.000000000000000000 ) ) ;
#1897 = DIRECTION ( 'NONE',  ( 0.000000000000000000, 1.000000000000000000, 0.000000000000000000 ) ) ;
#1898 = AXIS2_PLACEMENT_3D ( 'NONE', #10655, #3043, #1980 ) ;
#1899 = CARTESIAN_POINT ( 'NONE',  ( 35.49999999999999289, 11.00000000000000000, -28.99999999999996803 ) ) ;
#1900 = LINE ( 'NONE', #8804, #3682 ) ;
#1901 = AXIS2_PLACEMENT_3D ( 'NONE', #6467, #3454, #9401 ) ;
#1902 = LINE ( 'NONE', #5639, #4969 ) ;
#1903 = AXIS2_PLACEMENT_3D ( 'NONE', #4644, #3628, #2682 ) ;
#1904 = LINE ( 'NONE', #5696, #9858 ) ;
#1905 = AXIS2_PLACEMENT_3D ( 'NONE', #4357, #7320, #8228 ) ;
#1906 = ORIENTED_EDGE ( 'NONE', *, *, #1764, .T. ) ;
#1907 = DIRECTION ( 'NONE',  ( 0.000000000000000000, 0.000000000000000000, 1.000000000000000000 ) ) ;
#1908 = CIRCLE ( 'NONE', #4538, 0.9999999999999974465 ) ;
#1909 = DIRECTION ( 'NONE',  ( 0.000000000000000000, 1.000000000000000000, 0.000000000000000000 ) ) ;
#1910 = AXIS2_PLACEMENT_3D ( 'NONE', #3800, #8866, #10762 ) ;
#1911 = EDGE_LOOP ( 'NONE', ( #11476, #6486 ) ) ;
#1912 = DIRECTION ( 'NONE',  ( 0.000000000000000000, 1.000000000000000000, 0.000000000000000000 ) ) ;
#1913 = LINE ( 'NONE', #3995, #8740 ) ;
#1914 = ORIENTED_EDGE ( 'NONE', *, *, #12052, .T. ) ;
#1915 = EDGE_CURVE ( 'NONE', #5860, #1609, #7367, .T. ) ;
#1916 = FACE_OUTER_BOUND ( 'NONE', #2314, .T. ) ;
#1917 = DIRECTION ( 'NONE',  ( 0.000000000000000000, 1.000000000000000000, 0.000000000000000000 ) ) ;
#1918 = ORIENTED_EDGE ( 'NONE', *, *, #383, .T. ) ;
#1919 = VERTEX_POINT ( 'NONE', #4076 ) ;
#1920 = ADVANCED_FACE ( 'NONE', ( #3193 ), #7933, .T. ) ;
#1921 = ORIENTED_EDGE ( 'NONE', *, *, #11319, .F. ) ;
#1922 = CARTESIAN_POINT ( 'NONE',  ( 67.99999999999990052, 11.00000000000000000, -37.99999999999995026 ) ) ;
#1923 = ADVANCED_FACE ( 'NONE', ( #3014 ), #10736, .T. ) ;
#1924 = DIRECTION ( 'NONE',  ( 1.000000000000000000, 0.000000000000000000, -1.527636139592262070E-15 ) ) ;
#1925 = AXIS2_PLACEMENT_3D ( 'NONE', #12330, #4426, #9301 ) ;
#1926 = FACE_OUTER_BOUND ( 'NONE', #84, .T. ) ;
#1927 = PLANE ( 'NONE',  #6764 ) ;
#1928 = ORIENTED_EDGE ( 'NONE', *, *, #5992, .F. ) ;
#1929 = DIRECTION ( 'NONE',  ( 0.000000000000000000, 0.000000000000000000, 1.000000000000000000 ) ) ;
#1930 = DIRECTION ( 'NONE',  ( 0.000000000000000000, -0.000000000000000000, 1.000000000000000000 ) ) ;
#1931 = AXIS2_PLACEMENT_3D ( 'NONE', #7690, #2894, #9730 ) ;
#1932 = VERTEX_POINT ( 'NONE', #11806 ) ;
#1933 = CARTESIAN_POINT ( 'NONE',  ( 58.99999999999999289, 11.00000000000000000, -21.99999999999989697 ) ) ;
#1934 = VERTEX_POINT ( 'NONE', #5172 ) ;
#1935 = ADVANCED_FACE ( 'NONE', ( #10921 ), #7099, .T. ) ;
#1936 = CARTESIAN_POINT ( 'NONE',  ( 73.50000000000000000, 11.00000000000000000, -4.000000000000003553 ) ) ;
#1937 = CARTESIAN_POINT ( 'NONE',  ( 52.63015151901650768, 9.799999999999998934, -8.299999999999991829 ) ) ;
#1938 = VERTEX_POINT ( 'NONE', #5045 ) ;
#1939 = DIRECTION ( 'NONE',  ( 0.000000000000000000, 0.000000000000000000, -1.000000000000000000 ) ) ;
#1940 = ADVANCED_FACE ( 'NONE', ( #334 ), #11936, .T. ) ;
#1941 = CARTESIAN_POINT ( 'NONE',  ( 44.50000000000000000, 11.00000000000000000, -11.99999999999994138 ) ) ;
#1942 = EDGE_CURVE ( 'NONE', #10667, #12319, #3123, .T. ) ;
#1943 = CYLINDRICAL_SURFACE ( 'NONE', #4773, 2.999999999999996447 ) ;
#1944 = VECTOR ( 'NONE', #9070, 1000.000000000000000 ) ;
#1945 = EDGE_CURVE ( 'NONE', #8597, #204, #2133, .T. ) ;
#1946 = VECTOR ( 'NONE', #9450, 1000.000000000000000 ) ;
#1947 = ORIENTED_EDGE ( 'NONE', *, *, #3237, .T. ) ;
#1948 = DIRECTION ( 'NONE',  ( 0.000000000000000000, 0.000000000000000000, 1.000000000000000000 ) ) ;
#1949 = EDGE_CURVE ( 'NONE', #8452, #6667, #6162, .T. ) ;
#1950 = CARTESIAN_POINT ( 'NONE',  ( 63.50000000000000000, 11.00000000000000000, -12.99999999999993250 ) ) ;
#1951 = COORDINATED_UNIVERSAL_TIME_OFFSET ( 1, 0, .AHEAD. ) ;
#1952 = FACE_OUTER_BOUND ( 'NONE', #580, .T. ) ;
#1953 = CIRCLE ( 'NONE', #11451, 1.699999999999996625 ) ;
#1954 = ORIENTED_EDGE ( 'NONE', *, *, #582, .T. ) ;
#1955 = EDGE_CURVE ( 'NONE', #11789, #2648, #1367, .T. ) ;
#1956 = ORIENTED_EDGE ( 'NONE', *, *, #1243, .F. ) ;
#1957 = CIRCLE ( 'NONE', #10647, 2.500000000000000444 ) ;
#1958 = CARTESIAN_POINT ( 'NONE',  ( 63.49999999999991473, 11.00000000000000000, -38.99999999999992184 ) ) ;
#1959 = EDGE_CURVE ( 'NONE', #7192, #2348, #8841, .T. ) ;
#1960 = CARTESIAN_POINT ( 'NONE',  ( 28.52132034355965473, 9.799999999999998934, -5.479898987322321169 ) ) ;
#1961 = EDGE_CURVE ( 'NONE', #6820, #11788, #8395, .T. ) ;
#1962 = DIRECTION ( 'NONE',  ( 0.000000000000000000, 0.000000000000000000, 1.000000000000000000 ) ) ;
#1963 = AXIS2_PLACEMENT_3D ( 'NONE', #1859, #8572, #7672 ) ;
#1964 = ORIENTED_EDGE ( 'NONE', *, *, #7713, .F. ) ;
#1965 = AXIS2_PLACEMENT_3D ( 'NONE', #3729, #10454, #814 ) ;
#1966 = FACE_BOUND ( 'NONE', #4963, .T. ) ;
#1967 = CARTESIAN_POINT ( 'NONE',  ( 16.49999999999992539, 11.00000000000000000, -34.49999999999996447 ) ) ;
#1968 = ORIENTED_EDGE ( 'NONE', *, *, #11982, .T. ) ;
#1969 = DIRECTION ( 'NONE',  ( 1.000000000000000000, 0.000000000000000000, -4.818676322157797621E-17 ) ) ;
#1970 = EDGE_CURVE ( 'NONE', #10544, #5171, #11754, .T. ) ;
#1971 = DIRECTION ( 'NONE',  ( -1.000000000000000000, -0.000000000000000000, -0.000000000000000000 ) ) ;
#1972 = PLANE ( 'NONE',  #9151 ) ;
#1973 = DIRECTION ( 'NONE',  ( 0.000000000000000000, 0.000000000000000000, 1.000000000000000000 ) ) ;
#1974 = CARTESIAN_POINT ( 'NONE',  ( 20.99999999999994316, 2.000000000000000000, -25.49999999999999289 ) ) ;
#1975 = CIRCLE ( 'NONE', #6806, 0.9999999999999974465 ) ;
#1976 = DIRECTION ( 'NONE',  ( -0.000000000000000000, -1.000000000000000000, -0.000000000000000000 ) ) ;
#1977 = ORIENTED_EDGE ( 'NONE', *, *, #2025, .T. ) ;
#1978 = CARTESIAN_POINT ( 'NONE',  ( 63.49999999999991473, 11.00000000000000000, -38.99999999999992184 ) ) ;
#1979 = DIRECTION ( 'NONE',  ( -0.000000000000000000, 1.000000000000000000, -0.000000000000000000 ) ) ;
#1980 = DIRECTION ( 'NONE',  ( 0.000000000000000000, 0.000000000000000000, 1.000000000000000000 ) ) ;
#1981 = FACE_OUTER_BOUND ( 'NONE', #1749, .T. ) ;
#1982 = ORIENTED_EDGE ( 'NONE', *, *, #1793, .F. ) ;
#1983 = ORIENTED_EDGE ( 'NONE', *, *, #9132, .F. ) ;
#1984 = FACE_OUTER_BOUND ( 'NONE', #3765, .T. ) ;
#1985 = DIRECTION ( 'NONE',  ( 0.000000000000000000, 0.000000000000000000, 1.000000000000000000 ) ) ;
#1986 = AXIS2_PLACEMENT_3D ( 'NONE', #776, #11215, #11277 ) ;
#1987 = ORIENTED_EDGE ( 'NONE', *, *, #3803, .F. ) ;
#1988 = AXIS2_PLACEMENT_3D ( 'NONE', #388, #319, #6142 ) ;
#1989 = EDGE_CURVE ( 'NONE', #4011, #5577, #2196, .T. ) ;
#1990 = DIRECTION ( 'NONE',  ( -0.7071067811865512365, 0.000000000000000000, 0.7071067811865439090 ) ) ;
#1992 = ADVANCED_FACE ( 'NONE', ( #1230 ), #6283, .T. ) ;
#1991 = DIRECTION ( 'NONE',  ( -0.000000000000000000, -1.000000000000000000, -0.000000000000000000 ) ) ;
#1993 = ORIENTED_EDGE ( 'NONE', *, *, #2253, .T. ) ;
#1994 = CARTESIAN_POINT ( 'NONE',  ( 20.99999999999997158, 2.000000000000000000, -16.49999999999999289 ) ) ;
#1995 = EDGE_CURVE ( 'NONE', #3424, #4886, #2939, .T. ) ;
#1997 = CYLINDRICAL_SURFACE ( 'NONE', #4803, 0.9999999999999974465 ) ;
#1996 = VECTOR ( 'NONE', #7461, 1000.000000000000000 ) ;
#1998 = VERTEX_POINT ( 'NONE', #6403 ) ;
#1999 = DIRECTION ( 'NONE',  ( 0.000000000000000000, 0.000000000000000000, 1.000000000000000000 ) ) ;
#2000 = ORIENTED_EDGE ( 'NONE', *, *, #3633, .F. ) ;
#2001 = DIRECTION ( 'NONE',  ( 0.000000000000000000, 1.000000000000000000, 0.000000000000000000 ) ) ;
#2002 = CARTESIAN_POINT ( 'NONE',  ( 67.99999999999991473, 11.00000000000000000, -34.49999999999996447 ) ) ;
#2003 = VECTOR ( 'NONE', #6327, 1000.000000000000000 ) ;
#2004 = ORIENTED_EDGE ( 'NONE', *, *, #9676, .T. ) ;
#2005 = ORIENTED_EDGE ( 'NONE', *, *, #11129, .F. ) ;
#2006 = EDGE_CURVE ( 'NONE', #8489, #9945, #12248, .T. ) ;
#2007 = LINE ( 'NONE', #4718, #12024 ) ;
#2008 = CARTESIAN_POINT ( 'NONE',  ( 47.04903320081221807, 11.00000000000000000, -3.878679656440370493 ) ) ;
#2009 = DIRECTION ( 'NONE',  ( 0.000000000000000000, 0.000000000000000000, 1.000000000000000000 ) ) ;
#2010 = AXIS2_PLACEMENT_3D ( 'NONE', #359, #3084, #7005 ) ;
#2011 = EDGE_CURVE ( 'NONE', #6568, #11249, #4392, .T. ) ;
#2012 = CARTESIAN_POINT ( 'NONE',  ( 41.52771285725268768, 9.799999999999998934, -47.19999999999999574 ) ) ;
#2013 = AXIS2_PLACEMENT_3D ( 'NONE', #5440, #4361, #8233 ) ;
#2014 = DIRECTION ( 'NONE',  ( -0.000000000000000000, 1.000000000000000000, -0.000000000000000000 ) ) ;
#2015 = ADVANCED_FACE ( 'NONE', ( #2441 ), #9329, .T. ) ;
#2016 = CARTESIAN_POINT ( 'NONE',  ( 44.50000000000000000, 11.00000000000000000, -33.49999999999994316 ) ) ;
#2017 = VERTEX_POINT ( 'NONE', #2629 ) ;
#2018 = LOCAL_TIME ( 14, 54, 53.00000000000000000, #1951 ) ;
#2019 = ORIENTED_EDGE ( 'NONE', *, *, #8099, .F. ) ;
#2020 = DIRECTION ( 'NONE',  ( 0.000000000000000000, 1.000000000000000000, 0.000000000000000000 ) ) ;
#2021 = CARTESIAN_POINT ( 'NONE',  ( 34.73223304703361691, 1.999999999999998224, -43.00553031655771008 ) ) ;
#2022 = CARTESIAN_POINT ( 'NONE',  ( 11.99999999999996270, 11.00000000000000000, -24.49999999999993250 ) ) ;
#2023 = VERTEX_POINT ( 'NONE', #3507 ) ;
#2024 = ORIENTED_EDGE ( 'NONE', *, *, #7036, .T. ) ;
#2025 = EDGE_CURVE ( 'NONE', #9219, #12459, #4261, .T. ) ;
#2026 = DIRECTION ( 'NONE',  ( 0.000000000000000000, -0.000000000000000000, 1.000000000000000000 ) ) ;
#2027 = EDGE_CURVE ( 'NONE', #11472, #12424, #10022, .T. ) ;
#2028 = FACE_OUTER_BOUND ( 'NONE', #6555, .T. ) ;
#2029 = CARTESIAN_POINT ( 'NONE',  ( 48.49999999999999289, 11.00000000000000000, -29.99999999999992895 ) ) ;
#2030 = VERTEX_POINT ( 'NONE', #6464 ) ;
#2031 = PLANE ( 'NONE',  #8785 ) ;
#2032 = DIRECTION ( 'NONE',  ( 0.000000000000000000, 1.000000000000000000, 0.000000000000000000 ) ) ;
#2033 = DIRECTION ( 'NONE',  ( -0.000000000000000000, -1.000000000000000000, -0.000000000000000000 ) ) ;
#2034 = CIRCLE ( 'NONE', #5454, 0.9999999999999983347 ) ;
#2035 = DIRECTION ( 'NONE',  ( -0.000000000000000000, -1.000000000000000000, -0.000000000000000000 ) ) ;
#2036 = ADVANCED_FACE ( 'NONE', ( #592 ), #12126, .T. ) ;
#2037 = ORIENTED_EDGE ( 'NONE', *, *, #7004, .F. ) ;
#2038 = FACE_OUTER_BOUND ( 'NONE', #5796, .T. ) ;
#2039 = ORIENTED_EDGE ( 'NONE', *, *, #773, .F. ) ;
#2040 = LINE ( 'NONE', #2805, #144 ) ;
#2041 = DIRECTION ( 'NONE',  ( 0.000000000000000000, 0.000000000000000000, 1.000000000000000000 ) ) ;
#2042 = DIRECTION ( 'NONE',  ( 0.000000000000000000, 1.000000000000000000, 0.000000000000000000 ) ) ;
#2043 = PERSON ( 'UNSPECIFIED', 'UNSPECIFIED', 'UNSPECIFIED', ('UNSPECIFIED'), ('UNSPECIFIED'), ('UNSPECIFIED') ) ;
#2044 = CARTESIAN_POINT ( 'NONE',  ( 53.45857864376269220, 9.799999999999998934, -6.299999999999992717 ) ) ;
#2045 = ORIENTED_EDGE ( 'NONE', *, *, #1573, .T. ) ;
#2046 = VERTEX_POINT ( 'NONE', #9211 ) ;
#2047 = ORIENTED_EDGE ( 'NONE', *, *, #5287, .T. ) ;
#2048 = DIRECTION ( 'NONE',  ( 0.000000000000000000, 0.000000000000000000, -1.000000000000000000 ) ) ;
#2049 = CARTESIAN_POINT ( 'NONE',  ( 52.00000000000000000, 11.00000000000000000, -32.14999999999999858 ) ) ;
#2050 = DIRECTION ( 'NONE',  ( -0.000000000000000000, -1.000000000000000000, -0.000000000000000000 ) ) ;
#2051 = CARTESIAN_POINT ( 'NONE',  ( 63.99446968344227571, 1.999999999999998224, -45.26776695296638309 ) ) ;
#2052 = ORIENTED_EDGE ( 'NONE', *, *, #2846, .T. ) ;
#2053 = DIRECTION ( 'NONE',  ( -0.7071067811865517916, 0.000000000000000000, 0.7071067811865432429 ) ) ;
#2054 = CARTESIAN_POINT ( 'NONE',  ( 72.49999999999988631, 2.000000000000000000, -38.99999999999998579 ) ) ;
#2055 = ORIENTED_EDGE ( 'NONE', *, *, #4736, .F. ) ;
#2056 = DIRECTION ( 'NONE',  ( 0.000000000000000000, 1.000000000000000000, 0.000000000000000000 ) ) ;
#2057 = ORIENTED_EDGE ( 'NONE', *, *, #6735, .T. ) ;
#2058 = CARTESIAN_POINT ( 'NONE',  ( 59.00000000000001421, 11.00000000000000000, -10.99999999999990585 ) ) ;
#2059 = PLANE ( 'NONE',  #9772 ) ;
#2060 = ORIENTED_EDGE ( 'NONE', *, *, #8606, .T. ) ;
#2061 = CARTESIAN_POINT ( 'NONE',  ( 31.50000000000000711, 11.00000000000000000, -29.99999999999997158 ) ) ;
#2062 = ADVANCED_FACE ( 'NONE', ( #8264 ), #2386, .T. ) ;
#2063 = DIRECTION ( 'NONE',  ( -0.7071067811865467956, 0.000000000000000000, -0.7071067811865483499 ) ) ;
#2064 = DIRECTION ( 'NONE',  ( 0.000000000000000000, 1.000000000000000000, 0.000000000000000000 ) ) ;
#2065 = ADVANCED_FACE ( 'NONE', ( #1617 ), #5463, .T. ) ;
#2066 = CC_DESIGN_PERSON_AND_ORGANIZATION_ASSIGNMENT ( #5553, #8480, ( #385 ) ) ;
#2067 = ORIENTED_EDGE ( 'NONE', *, *, #3022, .F. ) ;
#2068 = DIRECTION ( 'NONE',  ( 0.000000000000000000, 0.000000000000000000, 1.000000000000000000 ) ) ;
#2069 = AXIS2_PLACEMENT_3D ( 'NONE', #228, #7771, #8980 ) ;
#2070 = CYLINDRICAL_SURFACE ( 'NONE', #12231, 2.500000000000002220 ) ;
#2071 = CIRCLE ( 'NONE', #9148, 0.9999999999999974465 ) ;
#2072 = DIRECTION ( 'NONE',  ( -0.000000000000000000, -1.000000000000000000, -0.000000000000000000 ) ) ;
#2073 = ORIENTED_EDGE ( 'NONE', *, *, #2497, .F. ) ;
#2074 = ORIENTED_EDGE ( 'NONE', *, *, #7972, .F. ) ;
#2075 = CARTESIAN_POINT ( 'NONE',  ( 58.99999999999999289, 2.000000000000000000, -20.99999999999990052 ) ) ;
#2076 = AXIS2_PLACEMENT_3D ( 'NONE', #3035, #6948, #11726 ) ;
#2077 = DIRECTION ( 'NONE',  ( 0.000000000000000000, 0.000000000000000000, 1.000000000000000000 ) ) ;
#2078 = VECTOR ( 'NONE', #9992, 1000.000000000000000 ) ;
#2079 = VECTOR ( 'NONE', #730, 1000.000000000000000 ) ;
#2080 = CIRCLE ( 'NONE', #10769, 1.000000000000000888 ) ;
#2081 = EDGE_CURVE ( 'NONE', #3814, #12434, #6225, .T. ) ;
#2082 = CARTESIAN_POINT ( 'NONE',  ( 16.49999999999999289, 2.000000000000000000, -11.99999999999996625 ) ) ;
#2083 = VERTEX_POINT ( 'NONE', #461 ) ;
#2084 = VERTEX_POINT ( 'NONE', #647 ) ;
#2085 = VECTOR ( 'NONE', #6668, 1000.000000000000000 ) ;
#2086 = CARTESIAN_POINT ( 'NONE',  ( 44.50000000000000000, 2.000000000000000000, -6.499999999999943157 ) ) ;
#2087 = FACE_OUTER_BOUND ( 'NONE', #7178, .T. ) ;
#2088 = LINE ( 'NONE', #9805, #4379 ) ;
#2089 = ORIENTED_EDGE ( 'NONE', *, *, #1995, .T. ) ;
#2090 = CIRCLE ( 'NONE', #3896, 0.9999999999999974465 ) ;
#2091 = EDGE_CURVE ( 'NONE', #11492, #8716, #4518, .T. ) ;
#2092 = CARTESIAN_POINT ( 'NONE',  ( 25.63015151901651478, 11.00000000000000000, -8.299999999999991829 ) ) ;
#2093 = LINE ( 'NONE', #7845, #9752 ) ;
#2094 = LINE ( 'NONE', #9303, #5787 ) ;
#2095 = AXIS2_PLACEMENT_3D ( 'NONE', #3126, #7093, #10795 ) ;
#2096 = ADVANCED_FACE ( 'NONE', ( #8387 ), #3451, .T. ) ;
#2097 = EDGE_CURVE ( 'NONE', #12451, #7180, #8200, .T. ) ;
#2098 = LINE ( 'NONE', #10831, #4191 ) ;
#2099 = AXIS2_PLACEMENT_3D ( 'NONE', #2566, #9086, #329 ) ;
#2100 = CARTESIAN_POINT ( 'NONE',  ( 63.50000000000002842, 2.000000000000000000, -6.499999999999938716 ) ) ;
#2101 = CIRCLE ( 'NONE', #2706, 3.000000000000002665 ) ;
#2102 = ORIENTED_EDGE ( 'NONE', *, *, #8931, .F. ) ;
#2103 = DIRECTION ( 'NONE',  ( 0.000000000000000000, -0.000000000000000000, 1.000000000000000000 ) ) ;
#2105 = LINE ( 'NONE', #58, #9554 ) ;
#2104 = CIRCLE ( 'NONE', #4553, 1.000000000000000888 ) ;
#2106 = ORIENTED_EDGE ( 'NONE', *, *, #8218, .T. ) ;
#2107 = CIRCLE ( 'NONE', #7350, 1.000000000000000888 ) ;
#2108 = FACE_OUTER_BOUND ( 'NONE', #8143, .T. ) ;
#2109 = DIRECTION ( 'NONE',  ( -0.000000000000000000, 1.000000000000000000, -0.000000000000000000 ) ) ;
#2110 = EDGE_CURVE ( 'NONE', #12106, #3471, #5411, .T. ) ;
#2111 = EDGE_LOOP ( 'NONE', ( #12380, #10931 ) ) ;
#2112 = EDGE_LOOP ( 'NONE', ( #685, #10177, #1355, #12350 ) ) ;
#2113 = EDGE_LOOP ( 'NONE', ( #7140, #819 ) ) ;
#2114 = CARTESIAN_POINT ( 'NONE',  ( 29.34974746830572556, 9.799999999999998934, -39.32010101267764668 ) ) ;
#2115 = AXIS2_PLACEMENT_3D ( 'NONE', #10606, #6035, #11623 ) ;
#2116 = EDGE_CURVE ( 'NONE', #12056, #12497, #12180, .T. ) ;
#2117 = CARTESIAN_POINT ( 'NONE',  ( 11.99999999999998934, 11.00000000000000000, -16.49999999999993250 ) ) ;
#2118 = ORIENTED_EDGE ( 'NONE', *, *, #11909, .T. ) ;
#2119 = AXIS2_PLACEMENT_3D ( 'NONE', #8145, #7891, #11888 ) ;
#2120 = AXIS2_PLACEMENT_3D ( 'NONE', #3879, #10665, #2761 ) ;
#2121 = CIRCLE ( 'NONE', #6349, 4.200000000000036593 ) ;
#2122 = CARTESIAN_POINT ( 'NONE',  ( 31.50000000000000711, 11.00000000000000000, -34.49999999999997158 ) ) ;
#2123 = CARTESIAN_POINT ( 'NONE',  ( 18.14487014477789728, -0.002000000000000265454, -6.500000000000001776 ) ) ;
#2124 = ORIENTED_EDGE ( 'NONE', *, *, #5749, .F. ) ;
#2125 = CARTESIAN_POINT ( 'NONE',  ( 63.50000000000002842, 11.00000000000000000, -7.499999999999936939 ) ) ;
#2126 = CARTESIAN_POINT ( 'NONE',  ( -17.63664863476197908, 1.999999999999998224, 9.363351365237997825 ) ) ;
#2127 = CARTESIAN_POINT ( 'NONE',  ( 31.50000000000000711, 11.00000000000000000, -16.49999999999997158 ) ) ;
#2128 = ORIENTED_EDGE ( 'NONE', *, *, #8599, .T. ) ;
#2129 = LINE ( 'NONE', #4978, #3901 ) ;
#2130 = DIRECTION ( 'NONE',  ( 0.000000000000000000, 0.000000000000000000, 1.000000000000000000 ) ) ;
#2131 = ORIENTED_EDGE ( 'NONE', *, *, #5323, .F. ) ;
#2132 = CIRCLE ( 'NONE', #5550, 2.500000000000000444 ) ;
#2133 = LINE ( 'NONE', #4135, #1314 ) ;
#2134 = CARTESIAN_POINT ( 'NONE',  ( 44.50000000000000000, 11.00000000000000000, -11.99999999999994138 ) ) ;
#2135 = DIRECTION ( 'NONE',  ( -0.000000000000000000, -1.000000000000000000, -0.000000000000000000 ) ) ;
#2136 = VECTOR ( 'NONE', #9908, 1000.000000000000000 ) ;
#2137 = DIRECTION ( 'NONE',  ( -0.000000000000000000, 1.000000000000000000, -0.000000000000000000 ) ) ;
#2138 = VECTOR ( 'NONE', #11244, 1000.000000000000000 ) ;
#2139 = CARTESIAN_POINT ( 'NONE',  ( 33.60060966544087080, 11.00000000000000000, -46.39939033455902262 ) ) ;
#2140 = CARTESIAN_POINT ( 'NONE',  ( 24.99999999999999289, 2.000000000000000000, -10.85512985522205476 ) ) ;
#2141 = ORIENTED_EDGE ( 'NONE', *, *, #4303, .T. ) ;
#2142 = CARTESIAN_POINT ( 'NONE',  ( 74.55677228167498072, 11.00000000000000000, -44.75470390403734200 ) ) ;
#2143 = ORIENTED_EDGE ( 'NONE', *, *, #4168, .F. ) ;
#2144 = VECTOR ( 'NONE', #7590, 1000.000000000000000 ) ;
#2145 = CARTESIAN_POINT ( 'NONE',  ( 42.35613998199887931, 9.799999999999998934, -49.20000000000000284 ) ) ;
#2146 = CYLINDRICAL_SURFACE ( 'NONE', #1503, 0.9999999999999974465 ) ;
#2147 = CIRCLE ( 'NONE', #12442, 2.999999999999999112 ) ;
#2148 = DIRECTION ( 'NONE',  ( -0.000000000000000000, -1.000000000000000000, -0.000000000000000000 ) ) ;
#2149 = VERTEX_POINT ( 'NONE', #6712 ) ;
#2150 = ORIENTED_EDGE ( 'NONE', *, *, #3636, .F. ) ;
#2151 = AXIS2_PLACEMENT_3D ( 'NONE', #10683, #681, #5563 ) ;
#2152 = LINE ( 'NONE', #3863, #7363 ) ;
#2153 = ADVANCED_FACE ( 'NONE', ( #11350 ), #12356, .T. ) ;
#2154 = DIRECTION ( 'NONE',  ( 0.000000000000000000, 1.000000000000000000, 0.000000000000000000 ) ) ;
#2155 = LINE ( 'NONE', #5931, #2078 ) ;
#2156 = DIRECTION ( 'NONE',  ( 0.000000000000000000, 1.000000000000000000, 0.000000000000000000 ) ) ;
#2157 = VERTEX_POINT ( 'NONE', #7671 ) ;
#2158 = EDGE_CURVE ( 'NONE', #5615, #5363, #2345, .T. ) ;
#2159 = EDGE_LOOP ( 'NONE', ( #6237, #4172, #3911, #10328 ) ) ;
#2160 = LINE ( 'NONE', #10574, #7762 ) ;
#2161 = CARTESIAN_POINT ( 'NONE',  ( 14.52771285725248873, 9.799999999999998934, -44.19999999999999574 ) ) ;
#2162 = LINE ( 'NONE', #6761, #11653 ) ;
#2163 = CIRCLE ( 'NONE', #7598, 3.000000000000023537 ) ;
#2164 = FACE_OUTER_BOUND ( 'NONE', #12153, .T. ) ;
#2165 = CIRCLE ( 'NONE', #10851, 2.500000000000002220 ) ;
#2166 = EDGE_LOOP ( 'NONE', ( #7331, #2632 ) ) ;
#2167 = EDGE_CURVE ( 'NONE', #5143, #394, #9205, .T. ) ;
#2168 = DIRECTION ( 'NONE',  ( 0.000000000000000000, 1.000000000000000000, 0.000000000000000000 ) ) ;
#2169 = EDGE_LOOP ( 'NONE', ( #6328, #10259 ) ) ;
#2170 = EDGE_CURVE ( 'NONE', #7114, #5460, #8799, .T. ) ;
#2171 = DIRECTION ( 'NONE',  ( 0.000000000000000000, 0.000000000000000000, 1.000000000000000000 ) ) ;
#2172 = AXIS2_PLACEMENT_3D ( 'NONE', #9241, #4655, #417 ) ;
#2173 = DIRECTION ( 'NONE',  ( -0.000000000000000000, -1.000000000000000000, -0.000000000000000000 ) ) ;
#2174 = VERTEX_POINT ( 'NONE', #2758 ) ;
#2175 = DIRECTION ( 'NONE',  ( 0.000000000000000000, 0.000000000000000000, -1.000000000000000000 ) ) ;
#2176 = ORIENTED_EDGE ( 'NONE', *, *, #270, .T. ) ;
#2177 = ORIENTED_EDGE ( 'NONE', *, *, #2784, .F. ) ;
#2178 = VERTEX_POINT ( 'NONE', #12305 ) ;
#2179 = LINE ( 'NONE', #5275, #1729 ) ;
#2180 = DIRECTION ( 'NONE',  ( 0.000000000000000000, 0.000000000000000000, 1.000000000000000000 ) ) ;
#2181 = VERTEX_POINT ( 'NONE', #9649 ) ;
#2182 = VECTOR ( 'NONE', #4711, 1000.000000000000000 ) ;
#2183 = CARTESIAN_POINT ( 'NONE',  ( 7.499999999999944045, 11.00000000000000000, -34.49999999999989342 ) ) ;
#2184 = VECTOR ( 'NONE', #2984, 1000.000000000000000 ) ;
#2185 = FACE_OUTER_BOUND ( 'NONE', #7340, .T. ) ;
#2186 = FACE_BOUND ( 'NONE', #10592, .T. ) ;
#2187 = ADVANCED_FACE ( 'NONE', ( #10538 ), #3632, .F. ) ;
#2188 = LINE ( 'NONE', #5282, #953 ) ;
#2189 = LINE ( 'NONE', #6978, #10754 ) ;
#2190 = VERTEX_POINT ( 'NONE', #3689 ) ;
#2191 = FACE_OUTER_BOUND ( 'NONE', #4669, .T. ) ;
#2192 = DIRECTION ( 'NONE',  ( 0.000000000000000000, 0.000000000000000000, 1.000000000000000000 ) ) ;
#2193 = ORIENTED_EDGE ( 'NONE', *, *, #9379, .F. ) ;
#2194 = AXIS2_PLACEMENT_3D ( 'NONE', #2561, #10277, #1607 ) ;
#2195 = ORIENTED_EDGE ( 'NONE', *, *, #8906, .F. ) ;
#2196 = LINE ( 'NONE', #6042, #2136 ) ;
#2197 = AXIS2_PLACEMENT_3D ( 'NONE', #1634, #7124, #416 ) ;
#2198 = CYLINDRICAL_SURFACE ( 'NONE', #8554, 0.9999999999999974465 ) ;
#2199 = CIRCLE ( 'NONE', #9265, 1.699999999999993072 ) ;
#2200 = CARTESIAN_POINT ( 'NONE',  ( 26.00000000000000000, 2.000000000000000000, -32.14999999999999858 ) ) ;
#2201 = ADVANCED_FACE ( 'NONE', ( #4648 ), #6600, .T. ) ;
#2202 = CARTESIAN_POINT ( 'NONE',  ( 28.00000000000000355, 11.00000000000000000, -32.14999999999999858 ) ) ;
#2203 = AXIS2_PLACEMENT_3D ( 'NONE', #5267, #8105, #6959 ) ;
#2204 = CARTESIAN_POINT ( 'NONE',  ( 20.99999999999995737, 11.00000000000000000, -21.99999999999999289 ) ) ;
#2205 = VERTEX_POINT ( 'NONE', #4591 ) ;
#2206 = PLANE ( 'NONE',  #12420 ) ;
#2207 = EDGE_LOOP ( 'NONE', ( #10249, #7761, #11210, #8548 ) ) ;
#2208 = FACE_OUTER_BOUND ( 'NONE', #7281, .T. ) ;
#2209 = VERTEX_POINT ( 'NONE', #3875 ) ;
#2210 = CARTESIAN_POINT ( 'NONE',  ( 67.99999999999992895, 11.00000000000000000, -28.99999999999996092 ) ) ;
#2211 = DIRECTION ( 'NONE',  ( 0.000000000000000000, 1.000000000000000000, 0.000000000000000000 ) ) ;
#2212 = VECTOR ( 'NONE', #2412, 1000.000000000000000 ) ;
#2213 = EDGE_LOOP ( 'NONE', ( #2393, #996, #2423, #12476 ) ) ;
#2214 = DIRECTION ( 'NONE',  ( -0.000000000000000000, -1.000000000000000000, -0.000000000000000000 ) ) ;
#2215 = CARTESIAN_POINT ( 'NONE',  ( 80.00000000000000000, 11.00000000000000000, 0.000000000000000000 ) ) ;
#2216 = DIRECTION ( 'NONE',  ( -0.000000000000000000, -1.000000000000000000, -0.000000000000000000 ) ) ;
#2217 = CARTESIAN_POINT ( 'NONE',  ( 0.000000000000000000, 11.00000000000000000, 0.000000000000000000 ) ) ;
#2218 = ORIENTED_EDGE ( 'NONE', *, *, #12372, .F. ) ;
#2219 = EDGE_LOOP ( 'NONE', ( #3013, #11584, #751, #10561 ) ) ;
#2220 = CIRCLE ( 'NONE', #9290, 2.500000000000000444 ) ;
#2221 = DIRECTION ( 'NONE',  ( 0.000000000000000000, 0.000000000000000000, 1.000000000000000000 ) ) ;
#2222 = FACE_OUTER_BOUND ( 'NONE', #3352, .T. ) ;
#2223 = DIRECTION ( 'NONE',  ( 2.011680777452959771E-16, 0.000000000000000000, 1.000000000000000000 ) ) ;
#2224 = EDGE_CURVE ( 'NONE', #8214, #7192, #90, .T. ) ;
#2225 = DIRECTION ( 'NONE',  ( 0.000000000000000000, 1.000000000000000000, 0.000000000000000000 ) ) ;
#2226 = CIRCLE ( 'NONE', #10912, 2.500000000000000444 ) ;
#2227 = EDGE_CURVE ( 'NONE', #3129, #1431, #835, .T. ) ;
#2228 = CARTESIAN_POINT ( 'NONE',  ( 54.28700576850885540, 11.00000000000000000, -41.50000000000000711 ) ) ;
#2229 = ORIENTED_EDGE ( 'NONE', *, *, #4169, .T. ) ;
#2230 = DIRECTION ( 'NONE',  ( -0.000000000000000000, 1.000000000000000000, -0.000000000000000000 ) ) ;
#2231 = DIRECTION ( 'NONE',  ( 0.000000000000000000, 0.000000000000000000, 1.000000000000000000 ) ) ;
#2232 = DIRECTION ( 'NONE',  ( -0.000000000000000000, -1.000000000000000000, -0.000000000000000000 ) ) ;
#2233 = ORIENTED_EDGE ( 'NONE', *, *, #10511, .F. ) ;
#2234 = ORIENTED_EDGE ( 'NONE', *, *, #220, .F. ) ;
#2235 = VERTEX_POINT ( 'NONE', #8571 ) ;
#2236 = CARTESIAN_POINT ( 'NONE',  ( 58.99999999999997158, 11.00000000000000000, -25.49999999999989697 ) ) ;
#2237 = DIRECTION ( 'NONE',  ( -0.000000000000000000, 1.000000000000000000, -0.000000000000000000 ) ) ;
#2238 = EDGE_CURVE ( 'NONE', #9591, #5185, #5954, .T. ) ;
#2239 = VERTEX_POINT ( 'NONE', #4702 ) ;
#2240 = DIRECTION ( 'NONE',  ( 3.352801296355066075E-17, 0.000000000000000000, -1.000000000000000000 ) ) ;
#2241 = AXIS2_PLACEMENT_3D ( 'NONE', #6747, #11717, #8790 ) ;
#2242 = DIRECTION ( 'NONE',  ( -0.000000000000000000, -1.000000000000000000, -0.000000000000000000 ) ) ;
#2243 = FACE_BOUND ( 'NONE', #10861, .T. ) ;
#2244 = DIRECTION ( 'NONE',  ( 0.000000000000000000, 1.000000000000000000, 0.000000000000000000 ) ) ;
#2245 = LINE ( 'NONE', #9958, #5691 ) ;
#2246 = ORIENTED_EDGE ( 'NONE', *, *, #3947, .F. ) ;
#2247 = PLANE ( 'NONE',  #9977 ) ;
#2248 = FACE_OUTER_BOUND ( 'NONE', #3811, .T. ) ;
#2249 = ORIENTED_EDGE ( 'NONE', *, *, #853, .T. ) ;
#2250 = CARTESIAN_POINT ( 'NONE',  ( 16.49999999999999289, 11.00000000000000000, -11.99999999999996625 ) ) ;
#2251 = VECTOR ( 'NONE', #11324, 1000.000000000000000 ) ;
#2252 = LINE ( 'NONE', #11995, #3575 ) ;
#2253 = EDGE_CURVE ( 'NONE', #9078, #9842, #2931, .T. ) ;
#2254 = EDGE_CURVE ( 'NONE', #4309, #6119, #4961, .T. ) ;
#2255 = ORIENTED_EDGE ( 'NONE', *, *, #6569, .T. ) ;
#2256 = PLANE ( 'NONE',  #10995 ) ;
#2257 = ADVANCED_FACE ( 'NONE', ( #1984 ), #10413, .T. ) ;
#2258 = LINE ( 'NONE', #7107, #6167 ) ;
#2259 = CARTESIAN_POINT ( 'NONE',  ( 28.00000000000000355, 11.00000000000000000, -31.14999999999999858 ) ) ;
#2260 = ORIENTED_EDGE ( 'NONE', *, *, #11289, .T. ) ;
#2261 = EDGE_CURVE ( 'NONE', #11040, #9058, #2814, .T. ) ;
#2262 = CYLINDRICAL_SURFACE ( 'NONE', #7728, 6.100000000000028955 ) ;
#2263 = VERTEX_POINT ( 'NONE', #1857 ) ;
#2264 = FACE_OUTER_BOUND ( 'NONE', #3272, .T. ) ;
#2265 = CARTESIAN_POINT ( 'NONE',  ( 79.00000000000001421, 11.00000000000000000, -5.200000000000043698 ) ) ;
#2266 = ADVANCED_FACE ( 'NONE', ( #2686 ), #1737, .F. ) ;
#2267 = EDGE_CURVE ( 'NONE', #564, #213, #1528, .T. ) ;
#2268 = CIRCLE ( 'NONE', #10156, 0.9999999999999983347 ) ;
#2269 = VERTEX_POINT ( 'NONE', #8939 ) ;
#2270 = ORIENTED_EDGE ( 'NONE', *, *, #5967, .F. ) ;
#2271 = DIRECTION ( 'NONE',  ( 0.000000000000000000, 0.000000000000000000, -1.000000000000000000 ) ) ;
#2272 = DIRECTION ( 'NONE',  ( 0.000000000000000000, 0.000000000000000000, 1.000000000000000000 ) ) ;
#2273 = CARTESIAN_POINT ( 'NONE',  ( 63.50000000000002842, 11.00000000000000000, -7.499999999999936939 ) ) ;
#2274 = CARTESIAN_POINT ( 'NONE',  ( 5.443227718325019282, 9.799999999999998934, -47.20000000000000284 ) ) ;
#2275 = AXIS2_PLACEMENT_3D ( 'NONE', #5070, #495, #10123 ) ;
#2276 = VERTEX_POINT ( 'NONE', #11919 ) ;
#2277 = EDGE_LOOP ( 'NONE', ( #6726, #3657, #4396, #1615 ) ) ;
#2278 = VECTOR ( 'NONE', #7275, 1000.000000000000000 ) ;
#2279 = DIRECTION ( 'NONE',  ( -0.000000000000000000, 1.000000000000000000, -0.000000000000000000 ) ) ;
#2280 = DIRECTION ( 'NONE',  ( 0.000000000000000000, 1.000000000000000000, 0.000000000000000000 ) ) ;
#2281 = DIRECTION ( 'NONE',  ( -0.000000000000000000, 1.000000000000000000, -0.000000000000000000 ) ) ;
#2282 = DIRECTION ( 'NONE',  ( 0.000000000000000000, 0.000000000000000000, -1.000000000000000000 ) ) ;
#2283 = VECTOR ( 'NONE', #3015, 1000.000000000000000 ) ;
#2284 = AXIS2_PLACEMENT_3D ( 'NONE', #8550, #7587, #12160 ) ;
#2285 = ORIENTED_EDGE ( 'NONE', *, *, #10056, .F. ) ;
#2286 = CARTESIAN_POINT ( 'NONE',  ( 0.000000000000000000, 9.799999999999998934, -8.299999999999991829 ) ) ;
#2287 = ORIENTED_EDGE ( 'NONE', *, *, #4062, .F. ) ;
#2288 = CARTESIAN_POINT ( 'NONE',  ( 72.49999999999990052, 11.00000000000000000, -33.49999999999998579 ) ) ;
#2289 = CYLINDRICAL_SURFACE ( 'NONE', #10564, 1.000000000000000888 ) ;
#2290 = ORIENTED_EDGE ( 'NONE', *, *, #1383, .T. ) ;
#2291 = AXIS2_PLACEMENT_3D ( 'NONE', #3386, #7231, #10149 ) ;
#2292 = DIRECTION ( 'NONE',  ( 0.000000000000000000, 0.000000000000000000, 1.000000000000000000 ) ) ;
#2293 = EDGE_LOOP ( 'NONE', ( #11296, #4589 ) ) ;
#2294 = ORIENTED_EDGE ( 'NONE', *, *, #2254, .F. ) ;
#2295 = CARTESIAN_POINT ( 'NONE',  ( 26.54142135623730780, 11.00000000000000000, -3.499999999999993339 ) ) ;
#2296 = AXIS2_PLACEMENT_3D ( 'NONE', #5168, #9018, #9272 ) ;
#2297 = CYLINDRICAL_SURFACE ( 'NONE', #1988, 0.9999999999999974465 ) ;
#2298 = AXIS2_PLACEMENT_3D ( 'NONE', #10589, #893, #4696 ) ;
#2299 = DIRECTION ( 'NONE',  ( -1.000000000000000000, 0.000000000000000000, 0.000000000000000000 ) ) ;
#2300 = AXIS2_PLACEMENT_3D ( 'NONE', #351, #6175, #6056 ) ;
#2301 = DIRECTION ( 'NONE',  ( 0.000000000000000000, 0.000000000000000000, 1.000000000000000000 ) ) ;
#2302 = VECTOR ( 'NONE', #11281, 1000.000000000000000 ) ;
#2303 = FACE_BOUND ( 'NONE', #11805, .T. ) ;
#2304 = ADVANCED_FACE ( 'NONE', ( #8822 ), #10959, .T. ) ;
#2305 = CARTESIAN_POINT ( 'NONE',  ( 23.65025253169419983, 9.799999999999998934, -7.479898987322330051 ) ) ;
#2306 = DIRECTION ( 'NONE',  ( 0.000000000000000000, 0.000000000000000000, 1.000000000000000000 ) ) ;
#2307 = ORIENTED_EDGE ( 'NONE', *, *, #3114, .F. ) ;
#2308 = ADVANCED_FACE ( 'NONE', ( #6019 ), #7027, .T. ) ;
#2309 = FACE_OUTER_BOUND ( 'NONE', #10706, .T. ) ;
#2310 = CARTESIAN_POINT ( 'NONE',  ( 24.26776695296635467, -0.002000000000000265454, -9.087362902255671671 ) ) ;
#2311 = EDGE_CURVE ( 'NONE', #3394, #6206, #4119, .T. ) ;
#2312 = EDGE_LOOP ( 'NONE', ( #8158, #1539 ) ) ;
#2313 = ORIENTED_EDGE ( 'NONE', *, *, #1138, .F. ) ;
#2314 = EDGE_LOOP ( 'NONE', ( #4305, #11665 ) ) ;
#2315 = ORIENTED_EDGE ( 'NONE', *, *, #5822, .T. ) ;
#2316 = DIRECTION ( 'NONE',  ( -0.000000000000000000, -1.000000000000000000, -0.000000000000000000 ) ) ;
#2317 = AXIS2_PLACEMENT_3D ( 'NONE', #12381, #10562, #1052 ) ;
#2318 = DIRECTION ( 'NONE',  ( 0.000000000000000000, 0.000000000000000000, 1.000000000000000000 ) ) ;
#2319 = AXIS2_PLACEMENT_3D ( 'NONE', #9972, #5978, #3326 ) ;
#2320 = AXIS2_PLACEMENT_3D ( 'NONE', #2422, #7146, #9942 ) ;
#2321 = CARTESIAN_POINT ( 'NONE',  ( 40.99999999999999289, 2.000000000000000000, -15.00000000000000000 ) ) ;
#2322 = ORIENTED_EDGE ( 'NONE', *, *, #3791, .T. ) ;
#2323 = AXIS2_PLACEMENT_3D ( 'NONE', #10631, #6928, #4272 ) ;
#2324 = CARTESIAN_POINT ( 'NONE',  ( 21.58517677218592468, 11.00000000000000000, 21.58517677218592468 ) ) ;
#2325 = ORIENTED_EDGE ( 'NONE', *, *, #3321, .F. ) ;
#2326 = EDGE_CURVE ( 'NONE', #3757, #6657, #128, .T. ) ;
#2327 = VECTOR ( 'NONE', #6392, 1000.000000000000000 ) ;
#2328 = CARTESIAN_POINT ( 'NONE',  ( 79.99990370118349858, 9.799999999999998934, -1.005922452987852544 ) ) ;
#2329 = VERTEX_POINT ( 'NONE', #4002 ) ;
#2331 = EDGE_CURVE ( 'NONE', #6351, #1609, #7860, .T. ) ;
#2330 = AXIS2_PLACEMENT_3D ( 'NONE', #6309, #10066, #8160 ) ;
#2332 = PLANE ( 'NONE',  #11378 ) ;
#2333 = EDGE_CURVE ( 'NONE', #7770, #3916, #7917, .T. ) ;
#2334 = ORIENTED_EDGE ( 'NONE', *, *, #7046, .F. ) ;
#2335 = CARTESIAN_POINT ( 'NONE',  ( 72.50000000000000000, 2.000000000000000000, -6.500000000000001776 ) ) ;
#2336 = FACE_OUTER_BOUND ( 'NONE', #8272, .T. ) ;
#2337 = ADVANCED_FACE ( 'NONE', ( #186 ), #1025, .F. ) ;
#2338 = CIRCLE ( 'NONE', #11637, 0.9999999999999974465 ) ;
#2339 = AXIS2_PLACEMENT_3D ( 'NONE', #1244, #8022, #11889 ) ;
#2340 = DIRECTION ( 'NONE',  ( -0.000000000000000000, -1.000000000000000000, -0.000000000000000000 ) ) ;
#2341 = DIRECTION ( 'NONE',  ( 0.000000000000000000, 0.000000000000000000, 1.000000000000000000 ) ) ;
#2342 = EDGE_CURVE ( 'NONE', #3233, #11164, #11738, .T. ) ;
#2343 = DIRECTION ( 'NONE',  ( 0.000000000000000000, 1.000000000000000000, 0.000000000000000000 ) ) ;
#2344 = CARTESIAN_POINT ( 'NONE',  ( 63.49999999999994316, 2.000000000000000000, -30.99999999999992184 ) ) ;
#2345 = CIRCLE ( 'NONE', #906, 2.799999999999997158 ) ;
#2346 = ORIENTED_EDGE ( 'NONE', *, *, #6547, .F. ) ;
#2347 = EDGE_CURVE ( 'NONE', #4433, #10248, #6363, .T. ) ;
#2348 = VERTEX_POINT ( 'NONE', #11858 ) ;
#2349 = AXIS2_PLACEMENT_3D ( 'NONE', #10868, #1303, #10047 ) ;
#2350 = CYLINDRICAL_SURFACE ( 'NONE', #6737, 1.000000000000000888 ) ;
#2351 = CARTESIAN_POINT ( 'NONE',  ( 35.49999999999999289, 2.000000000000000000, -28.99999999999996803 ) ) ;
#2352 = ADVANCED_FACE ( 'NONE', ( #3234 ), #1275, .F. ) ;
#2353 = DIRECTION ( 'NONE',  ( 0.000000000000000000, 1.000000000000000000, 0.000000000000000000 ) ) ;
#2354 = CARTESIAN_POINT ( 'NONE',  ( 37.64386001800119175, 9.799999999999998934, -46.19999999999999574 ) ) ;
#2355 = FACE_OUTER_BOUND ( 'NONE', #11967, .T. ) ;
#2356 = ORIENTED_EDGE ( 'NONE', *, *, #5499, .T. ) ;
#2357 = EDGE_CURVE ( 'NONE', #8633, #1274, #5188, .T. ) ;
#2358 = AXIS2_PLACEMENT_3D ( 'NONE', #9260, #7150, #1537 ) ;
#2359 = AXIS2_PLACEMENT_3D ( 'NONE', #1220, #10090, #448 ) ;
#2360 = FACE_OUTER_BOUND ( 'NONE', #8702, .T. ) ;
#2361 = EDGE_LOOP ( 'NONE', ( #2643, #6375 ) ) ;
#2362 = ADVANCED_FACE ( 'NONE', ( #11677 ), #8754, .T. ) ;
#2363 = CARTESIAN_POINT ( 'NONE',  ( 48.49999999999999289, 2.000000000000000000, -11.99999999999993072 ) ) ;
#2364 = LINE ( 'NONE', #4295, #33 ) ;
#2365 = VECTOR ( 'NONE', #6373, 1000.000000000000000 ) ;
#2366 = CARTESIAN_POINT ( 'NONE',  ( 67.99999999999997158, 11.00000000000000000, -15.49999999999996803 ) ) ;
#2367 = ORIENTED_EDGE ( 'NONE', *, *, #12077, .F. ) ;
#2368 = VECTOR ( 'NONE', #4436, 1000.000000000000000 ) ;
#2369 = EDGE_LOOP ( 'NONE', ( #7111, #4021 ) ) ;
#2370 = CARTESIAN_POINT ( 'NONE',  ( 48.49999999999999289, 11.00000000000000000, -10.99999999999993427 ) ) ;
#2371 = CARTESIAN_POINT ( 'NONE',  ( 16.49999999999999289, 11.00000000000000000, -12.99999999999996270 ) ) ;
#2372 = ORIENTED_EDGE ( 'NONE', *, *, #9613, .T. ) ;
#2373 = CIRCLE ( 'NONE', #2972, 0.9999999999999983347 ) ;
#2374 = LINE ( 'NONE', #6212, #9800 ) ;
#2375 = VECTOR ( 'NONE', #5605, 1000.000000000000000 ) ;
#2376 = CARTESIAN_POINT ( 'NONE',  ( 16.50000000000000711, 11.00000000000000000, -7.499999999999968914 ) ) ;
#2377 = ORIENTED_EDGE ( 'NONE', *, *, #378, .F. ) ;
#2378 = LINE ( 'NONE', #9901, #3587 ) ;
#2379 = DIRECTION ( 'NONE',  ( 0.000000000000000000, 0.000000000000000000, -1.000000000000000000 ) ) ;
#2380 = ORIENTED_EDGE ( 'NONE', *, *, #6073, .T. ) ;
#2381 = FACE_OUTER_BOUND ( 'NONE', #9254, .T. ) ;
#2382 = DIRECTION ( 'NONE',  ( 1.000000000000000000, -0.000000000000000000, 1.315205372940911983E-16 ) ) ;
#2383 = ORIENTED_EDGE ( 'NONE', *, *, #11006, .F. ) ;
#2384 = VERTEX_POINT ( 'NONE', #9764 ) ;
#2385 = ORIENTED_EDGE ( 'NONE', *, *, #368, .F. ) ;
#2386 = CYLINDRICAL_SURFACE ( 'NONE', #10630, 0.9999999999999974465 ) ;
#2387 = CARTESIAN_POINT ( 'NONE',  ( 12.00000000000003197, 11.00000000000000000, -8.499999999999934275 ) ) ;
#2388 = AXIS2_PLACEMENT_3D ( 'NONE', #6245, #3884, #1930 ) ;
#2389 = DIRECTION ( 'NONE',  ( 0.000000000000000000, 0.000000000000000000, 1.000000000000000000 ) ) ;
#2390 = DIRECTION ( 'NONE',  ( 0.000000000000000000, -0.000000000000000000, 1.000000000000000000 ) ) ;
#2391 = VERTEX_POINT ( 'NONE', #1086 ) ;
#2392 = DIRECTION ( 'NONE',  ( 0.000000000000000000, 1.000000000000000000, 0.000000000000000000 ) ) ;
#2393 = ORIENTED_EDGE ( 'NONE', *, *, #10691, .F. ) ;
#2394 = CARTESIAN_POINT ( 'NONE',  ( 45.14487014477790439, 2.000000000000000000, -4.000000000000002665 ) ) ;
#2395 = ORIENTED_EDGE ( 'NONE', *, *, #6796, .T. ) ;
#2396 = VERTEX_POINT ( 'NONE', #2114 ) ;
#2397 = DIRECTION ( 'NONE',  ( -0.000000000000000000, 1.000000000000000000, -0.000000000000000000 ) ) ;
#2398 = VECTOR ( 'NONE', #2588, 1000.000000000000000 ) ;
#2399 = EDGE_CURVE ( 'NONE', #6982, #441, #5953, .T. ) ;
#2400 = AXIS2_PLACEMENT_3D ( 'NONE', #6898, #249, #10023 ) ;
#2401 = CYLINDRICAL_SURFACE ( 'NONE', #3138, 0.9999999999999974465 ) ;
#2402 = CARTESIAN_POINT ( 'NONE',  ( 31.50000000000000711, 2.000000000000000000, -29.99999999999997158 ) ) ;
#2403 = CARTESIAN_POINT ( 'NONE',  ( 53.00000000000000000, 11.00000000000000000, -31.14999999999999858 ) ) ;
#2404 = EDGE_LOOP ( 'NONE', ( #3843, #10367, #11147, #10673, #427, #2395 ) ) ;
#2405 = CIRCLE ( 'NONE', #10890, 1.700000000000000178 ) ;
#2406 = ORIENTED_EDGE ( 'NONE', *, *, #1012, .T. ) ;
#2407 = LINE ( 'NONE', #1020, #4726 ) ;
#2408 = CARTESIAN_POINT ( 'NONE',  ( 65.47228714274750416, 9.799999999999998934, -47.19999999999998863 ) ) ;
#2409 = CARTESIAN_POINT ( 'NONE',  ( 35.49999999999999289, 11.00000000000000000, -30.99999999999996092 ) ) ;
#2410 = FACE_OUTER_BOUND ( 'NONE', #10658, .T. ) ;
#2411 = EDGE_CURVE ( 'NONE', #458, #1284, #5022, .T. ) ;
#2412 = DIRECTION ( 'NONE',  ( -0.000000000000000000, -1.000000000000000000, -0.000000000000000000 ) ) ;
#2413 = EDGE_CURVE ( 'NONE', #3845, #1348, #2179, .T. ) ;
#2414 = EDGE_CURVE ( 'NONE', #555, #7375, #9218, .T. ) ;
#2415 = ORIENTED_EDGE ( 'NONE', *, *, #10708, .F. ) ;
#2416 = EDGE_CURVE ( 'NONE', #3251, #8688, #11204, .T. ) ;
#2417 = CYLINDRICAL_SURFACE ( 'NONE', #10043, 0.9999999999999974465 ) ;
#2418 = ORIENTED_EDGE ( 'NONE', *, *, #4098, .T. ) ;
#2419 = CARTESIAN_POINT ( 'NONE',  ( 32.95096679918778193, 11.00000000000000000, -3.878679656440370493 ) ) ;
#2420 = DIRECTION ( 'NONE',  ( 0.000000000000000000, 1.000000000000000000, 0.000000000000000000 ) ) ;
#2421 = VERTEX_POINT ( 'NONE', #10138 ) ;
#2422 = CARTESIAN_POINT ( 'NONE',  ( 26.54142135623725451, 9.799999999999998934, -43.30000000000000426 ) ) ;
#2423 = ORIENTED_EDGE ( 'NONE', *, *, #1226, .T. ) ;
#2424 = VERTEX_POINT ( 'NONE', #5219 ) ;
#2425 = EDGE_LOOP ( 'NONE', ( #5193, #8743 ) ) ;
#2426 = CARTESIAN_POINT ( 'NONE',  ( 11.99999999999996270, 2.000000000000000000, -26.49999999999992539 ) ) ;
#2427 = CARTESIAN_POINT ( 'NONE',  ( 31.50000000000000711, 2.000000000000000000, -20.99999999999997158 ) ) ;
#2428 = ORIENTED_EDGE ( 'NONE', *, *, #150, .F. ) ;
#2429 = EDGE_CURVE ( 'NONE', #2276, #12328, #2750, .T. ) ;
#2430 = DIRECTION ( 'NONE',  ( 0.000000000000000000, 0.000000000000000000, 1.000000000000000000 ) ) ;
#2431 = LINE ( 'NONE', #709, #1946 ) ;
#2432 = FACE_OUTER_BOUND ( 'NONE', #7421, .T. ) ;
#2433 = DIRECTION ( 'NONE',  ( -0.000000000000000000, -1.000000000000000000, -0.000000000000000000 ) ) ;
#2434 = VERTEX_POINT ( 'NONE', #6266 ) ;
#2435 = FACE_OUTER_BOUND ( 'NONE', #3886, .T. ) ;
#2436 = DIRECTION ( 'NONE',  ( 0.000000000000000000, 1.000000000000000000, -0.000000000000000000 ) ) ;
#2437 = ORIENTED_EDGE ( 'NONE', *, *, #2347, .T. ) ;
#2438 = ORIENTED_EDGE ( 'NONE', *, *, #11612, .T. ) ;
#2439 = ORIENTED_EDGE ( 'NONE', *, *, #7239, .T. ) ;
#2440 = ORIENTED_EDGE ( 'NONE', *, *, #214, .T. ) ;
#2441 = FACE_OUTER_BOUND ( 'NONE', #157, .T. ) ;
#2442 = DIRECTION ( 'NONE',  ( 0.000000000000000000, 1.000000000000000000, 0.000000000000000000 ) ) ;
#2443 = DIRECTION ( 'NONE',  ( -0.000000000000000000, -0.000000000000000000, 1.000000000000000000 ) ) ;
#2444 = DIRECTION ( 'NONE',  ( 0.000000000000000000, 1.000000000000000000, 0.000000000000000000 ) ) ;
#2445 = ORIENTED_EDGE ( 'NONE', *, *, #10267, .F. ) ;
#2446 = CARTESIAN_POINT ( 'NONE',  ( 6.500000000000000888, 2.000000000000000000, -46.00000000000000000 ) ) ;
#2447 = ORIENTED_EDGE ( 'NONE', *, *, #3717, .F. ) ;
#2448 = ADVANCED_FACE ( 'NONE', ( #5333 ), #8310, .T. ) ;
#2449 = CARTESIAN_POINT ( 'NONE',  ( 80.00000000000000000, 9.799999999999998934, -1.000000000000003553 ) ) ;
#2450 = ORIENTED_EDGE ( 'NONE', *, *, #11381, .T. ) ;
#2451 = ORIENTED_EDGE ( 'NONE', *, *, #9808, .F. ) ;
#2452 = DIRECTION ( 'NONE',  ( 0.000000000000000000, 0.000000000000000000, 1.000000000000000000 ) ) ;
#2453 = ORIENTED_EDGE ( 'NONE', *, *, #12090, .T. ) ;
#2454 = FACE_OUTER_BOUND ( 'NONE', #11668, .T. ) ;
#2455 = CARTESIAN_POINT ( 'NONE',  ( 35.49999999999999289, 11.00000000000000000, -29.99999999999996447 ) ) ;
#2456 = DIRECTION ( 'NONE',  ( -0.000000000000000000, -1.000000000000000000, -0.000000000000000000 ) ) ;
#2457 = CARTESIAN_POINT ( 'NONE',  ( 27.00000000000000355, 2.000000000000000000, -31.14999999999999858 ) ) ;
#2458 = ORIENTED_EDGE ( 'NONE', *, *, #2254, .T. ) ;
#2459 = EDGE_CURVE ( 'NONE', #6701, #9889, #4443, .T. ) ;
#2460 = VERTEX_POINT ( 'NONE', #2370 ) ;
#2461 = EDGE_CURVE ( 'NONE', #3316, #5153, #3964, .T. ) ;
#2462 = DIRECTION ( 'NONE',  ( 0.000000000000000000, 0.000000000000000000, -1.000000000000000000 ) ) ;
#2463 = LINE ( 'NONE', #7967, #498 ) ;
#2464 = ADVANCED_FACE ( 'NONE', ( #4247 ), #6386, .T. ) ;
#2465 = CARTESIAN_POINT ( 'NONE',  ( 52.00000000000000000, 11.00000000000000000, -32.14999999999999858 ) ) ;
#2466 = DIRECTION ( 'NONE',  ( 0.000000000000000000, 0.000000000000000000, 1.000000000000000000 ) ) ;
#2467 = AXIS2_PLACEMENT_3D ( 'NONE', #3311, #5406, #2379 ) ;
#2468 = DIRECTION ( 'NONE',  ( 0.000000000000000000, 1.000000000000000000, 0.000000000000000000 ) ) ;
#2469 = ORIENTED_EDGE ( 'NONE', *, *, #1643, .T. ) ;
#2470 = ORIENTED_EDGE ( 'NONE', *, *, #6801, .F. ) ;
#2471 = ORIENTED_EDGE ( 'NONE', *, *, #10362, .F. ) ;
#2472 = ORIENTED_EDGE ( 'NONE', *, *, #8389, .F. ) ;
#2473 = DIRECTION ( 'NONE',  ( 0.000000000000000000, 0.000000000000000000, 1.000000000000000000 ) ) ;
#2474 = ORIENTED_EDGE ( 'NONE', *, *, #1710, .F. ) ;
#2475 = CIRCLE ( 'NONE', #10352, 1.000000000000000888 ) ;
#2476 = ADVANCED_FACE ( 'NONE', ( #631 ), #4301, .F. ) ;
#2477 = LINE ( 'NONE', #626, #5241 ) ;
#2478 = CARTESIAN_POINT ( 'NONE',  ( 11.99999999999993427, 11.00000000000000000, -34.49999999999992895 ) ) ;
#2479 = VERTEX_POINT ( 'NONE', #8112 ) ;
#2480 = DIRECTION ( 'NONE',  ( 0.000000000000000000, 1.000000000000000000, -0.000000000000000000 ) ) ;
#2481 = EDGE_CURVE ( 'NONE', #4017, #3128, #9130, .T. ) ;
#2482 = ORIENTED_EDGE ( 'NONE', *, *, #7657, .F. ) ;
#2483 = DIRECTION ( 'NONE',  ( -0.000000000000000000, -1.000000000000000000, -0.000000000000000000 ) ) ;
#2484 = VECTOR ( 'NONE', #10644, 1000.000000000000000 ) ;
#2485 = ADVANCED_FACE ( 'NONE', ( #6208 ), #4498, .T. ) ;
#2486 = CARTESIAN_POINT ( 'NONE',  ( 31.50000000000000711, 11.00000000000000000, -34.49999999999997158 ) ) ;
#2487 = CIRCLE ( 'NONE', #5321, 0.9999999999999974465 ) ;
#2488 = ORIENTED_EDGE ( 'NONE', *, *, #6005, .F. ) ;
#2489 = DIRECTION ( 'NONE',  ( 1.000000000000000000, 0.000000000000000000, -4.818676322157797621E-17 ) ) ;
#2490 = CYLINDRICAL_SURFACE ( 'NONE', #9623, 0.9999999999999974465 ) ;
#2491 = AXIS2_PLACEMENT_3D ( 'NONE', #1173, #4025, #6916 ) ;
#2492 = EDGE_CURVE ( 'NONE', #8019, #3751, #577, .T. ) ;
#2493 = DIRECTION ( 'NONE',  ( 0.000000000000000000, 0.000000000000000000, 1.000000000000000000 ) ) ;
#2494 = DIRECTION ( 'NONE',  ( 0.000000000000000000, 0.000000000000000000, 1.000000000000000000 ) ) ;
#2495 = EDGE_LOOP ( 'NONE', ( #6802, #2581, #8360, #2654 ) ) ;
#2497 = EDGE_CURVE ( 'NONE', #6766, #1792, #8368, .T. ) ;
#2496 = CIRCLE ( 'NONE', #2284, 0.9999999999999974465 ) ;
#2498 = FACE_OUTER_BOUND ( 'NONE', #5654, .T. ) ;
#2499 = FACE_OUTER_BOUND ( 'NONE', #9981, .T. ) ;
#2500 = ADVANCED_FACE ( 'NONE', ( #12226 ), #1410, .F. ) ;
#2501 = VERTEX_POINT ( 'NONE', #11087 ) ;
#2502 = ORIENTED_EDGE ( 'NONE', *, *, #8270, .F. ) ;
#2503 = DIRECTION ( 'NONE',  ( -0.000000000000000000, -1.000000000000000000, -0.000000000000000000 ) ) ;
#2504 = DIRECTION ( 'NONE',  ( 0.000000000000000000, 1.000000000000000000, -0.000000000000000000 ) ) ;
#2505 = AXIS2_PLACEMENT_3D ( 'NONE', #12539, #3683, #11477 ) ;
#2506 = ORIENTED_EDGE ( 'NONE', *, *, #10578, .F. ) ;
#2507 = EDGE_LOOP ( 'NONE', ( #11918, #1773 ) ) ;
#2508 = AXIS2_PLACEMENT_3D ( 'NONE', #1683, #10859, #3191 ) ;
#2509 = FACE_OUTER_BOUND ( 'NONE', #7928, .T. ) ;
#2510 = LINE ( 'NONE', #8396, #8207 ) ;
#2511 = ORIENTED_EDGE ( 'NONE', *, *, #11510, .T. ) ;
#2512 = DIRECTION ( 'NONE',  ( 0.000000000000000000, 0.000000000000000000, 1.000000000000000000 ) ) ;
#2513 = AXIS2_PLACEMENT_3D ( 'NONE', #6653, #7667, #11344 ) ;
#2514 = VERTEX_POINT ( 'NONE', #2426 ) ;
#2515 = CARTESIAN_POINT ( 'NONE',  ( 80.00000000000000000, 9.799999999999998934, -6.299999999999992717 ) ) ;
#2516 = ORIENTED_EDGE ( 'NONE', *, *, #10702, .T. ) ;
#2517 = EDGE_LOOP ( 'NONE', ( #9118, #2516 ) ) ;
#2518 = VECTOR ( 'NONE', #8577, 1000.000000000000000 ) ;
#2519 = CARTESIAN_POINT ( 'NONE',  ( 40.00000000000000000, 11.00000000000000000, -10.74999999999995026 ) ) ;
#2520 = AXIS2_PLACEMENT_3D ( 'NONE', #4515, #5524, #9457 ) ;
#2521 = CIRCLE ( 'NONE', #11554, 1.000000000000000888 ) ;
#2522 = AXIS2_PLACEMENT_3D ( 'NONE', #661, #1630, #479 ) ;
#2523 = DIRECTION ( 'NONE',  ( 0.000000000000000000, 1.000000000000000000, 0.000000000000000000 ) ) ;
#2524 = AXIS2_PLACEMENT_3D ( 'NONE', #8944, #322, #4190 ) ;
#2526 = VECTOR ( 'NONE', #1779, 999.9999999999998863 ) ;
#2525 = LINE ( 'NONE', #5431, #8995 ) ;
#2527 = DIRECTION ( 'NONE',  ( -0.000000000000000000, 1.000000000000000000, -0.000000000000000000 ) ) ;
#2528 = EDGE_LOOP ( 'NONE', ( #9885, #9100, #3218, #12051 ) ) ;
#2529 = EDGE_LOOP ( 'NONE', ( #10440, #7345, #11273, #7774 ) ) ;
#2530 = CIRCLE ( 'NONE', #10007, 4.445296095962649296 ) ;
#2531 = DIRECTION ( 'NONE',  ( -0.000000000000000000, -1.000000000000000000, -0.000000000000000000 ) ) ;
#2532 = CARTESIAN_POINT ( 'NONE',  ( 19.91263709774425905, 2.000000000000000000, -4.732233047033620466 ) ) ;
#2533 = CIRCLE ( 'NONE', #7369, 6.100000000000028955 ) ;
#2534 = DIRECTION ( 'NONE',  ( 0.000000000000000000, 0.000000000000000000, -1.000000000000000000 ) ) ;
#2535 = CIRCLE ( 'NONE', #8997, 2.500000000000000444 ) ;
#2536 = DIRECTION ( 'NONE',  ( -0.000000000000000000, -1.000000000000000000, -0.000000000000000000 ) ) ;
#2537 = ORIENTED_EDGE ( 'NONE', *, *, #5661, .F. ) ;
#2538 = ADVANCED_FACE ( 'NONE', ( #9194 ), #8245, .T. ) ;
#2539 = EDGE_LOOP ( 'NONE', ( #5681, #5865 ) ) ;
#2540 = AXIS2_PLACEMENT_3D ( 'NONE', #6966, #3047, #10723 ) ;
#2541 = EDGE_CURVE ( 'NONE', #8512, #1421, #98, .T. ) ;
#2542 = EDGE_CURVE ( 'NONE', #3247, #450, #8807, .T. ) ;
#2543 = CIRCLE ( 'NONE', #5767, 2.800000000000002043 ) ;
#2544 = FACE_BOUND ( 'NONE', #5674, .T. ) ;
#2545 = FACE_OUTER_BOUND ( 'NONE', #9351, .T. ) ;
#2546 = ORIENTED_EDGE ( 'NONE', *, *, #10362, .T. ) ;
#2547 = PLANE ( 'NONE',  #8865 ) ;
#2548 = FACE_OUTER_BOUND ( 'NONE', #5381, .T. ) ;
#2549 = ORIENTED_EDGE ( 'NONE', *, *, #9333, .F. ) ;
#2550 = DIRECTION ( 'NONE',  ( 0.000000000000000000, 0.000000000000000000, 1.000000000000000000 ) ) ;
#2551 = CARTESIAN_POINT ( 'NONE',  ( 59.00000000000001421, 2.000000000000000000, -10.99999999999990585 ) ) ;
#2552 = CARTESIAN_POINT ( 'NONE',  ( 12.00000000000000355, 11.00000000000000000, -11.99999999999993427 ) ) ;
#2553 = DIRECTION ( 'NONE',  ( -0.000000000000000000, 1.000000000000000000, -0.000000000000000000 ) ) ;
#2554 = VECTOR ( 'NONE', #9334, 1000.000000000000000 ) ;
#2555 = EDGE_CURVE ( 'NONE', #8443, #784, #9814, .T. ) ;
#2556 = VERTEX_POINT ( 'NONE', #8553 ) ;
#2557 = CARTESIAN_POINT ( 'NONE',  ( 0.000000000000000000, 11.00000000000000000, -50.00000000000000000 ) ) ;
#2558 = EDGE_CURVE ( 'NONE', #6622, #2030, #3351, .T. ) ;
#2559 = CIRCLE ( 'NONE', #1750, 0.9999999999999974465 ) ;
#2560 = CARTESIAN_POINT ( 'NONE',  ( 72.49999999999994316, 2.000000000000000000, -25.49999999999999289 ) ) ;
#2561 = CARTESIAN_POINT ( 'NONE',  ( 48.49999999999999289, 11.00000000000000000, -16.49999999999993250 ) ) ;
#2562 = AXIS2_PLACEMENT_3D ( 'NONE', #1160, #4192, #5032 ) ;
#2563 = DIRECTION ( 'NONE',  ( 0.000000000000000000, 0.000000000000000000, 1.000000000000000000 ) ) ;
#2564 = EDGE_LOOP ( 'NONE', ( #11102, #4454 ) ) ;
#2565 = DIRECTION ( 'NONE',  ( 0.000000000000000000, 0.000000000000000000, -1.000000000000000000 ) ) ;
#2566 = CARTESIAN_POINT ( 'NONE',  ( 11.99999999999996270, 11.00000000000000000, -25.49999999999992895 ) ) ;
#2567 = ORIENTED_EDGE ( 'NONE', *, *, #4253, .F. ) ;
#2568 = ORIENTED_EDGE ( 'NONE', *, *, #5630, .F. ) ;
#2569 = ORIENTED_EDGE ( 'NONE', *, *, #5547, .F. ) ;
#2570 = CARTESIAN_POINT ( 'NONE',  ( 20.99999999999994316, 11.00000000000000000, -25.49999999999999289 ) ) ;
#2571 = FACE_OUTER_BOUND ( 'NONE', #8982, .T. ) ;
#2572 = VECTOR ( 'NONE', #9851, 1000.000000000000000 ) ;
#2573 = EDGE_CURVE ( 'NONE', #1872, #1828, #6643, .T. ) ;
#2574 = CIRCLE ( 'NONE', #738, 2.500000000000002220 ) ;
#2575 = EDGE_CURVE ( 'NONE', #12135, #573, #1902, .T. ) ;
#2576 = CARTESIAN_POINT ( 'NONE',  ( 45.75613998199875709, 9.799999999999998934, -4.000000000000002665 ) ) ;
#2577 = EDGE_CURVE ( 'NONE', #9, #1697, #6769, .T. ) ;
#2578 = LINE ( 'NONE', #9222, #10228 ) ;
#2579 = VERTEX_POINT ( 'NONE', #9631 ) ;
#2580 = DIRECTION ( 'NONE',  ( -0.000000000000000000, -1.000000000000000000, -0.000000000000000000 ) ) ;
#2581 = ORIENTED_EDGE ( 'NONE', *, *, #7595, .F. ) ;
#2582 = DIRECTION ( 'NONE',  ( 0.000000000000000000, 0.000000000000000000, -1.000000000000000000 ) ) ;
#2583 = ORIENTED_EDGE ( 'NONE', *, *, #8931, .T. ) ;
#2584 = AXIS2_PLACEMENT_3D ( 'NONE', #8547, #6571, #7518 ) ;
#2585 = EDGE_LOOP ( 'NONE', ( #3483, #10844, #79, #11134 ) ) ;
#2586 = CARTESIAN_POINT ( 'NONE',  ( 35.49999999999999289, 2.000000000000000000, -26.49999999999995737 ) ) ;
#2587 = ORIENTED_EDGE ( 'NONE', *, *, #8913, .T. ) ;
#2588 = DIRECTION ( 'NONE',  ( -0.000000000000000000, 1.000000000000000000, -0.000000000000000000 ) ) ;
#2589 = VECTOR ( 'NONE', #3006, 1000.000000000000000 ) ;
#2590 = CARTESIAN_POINT ( 'NONE',  ( 53.50000000000000000, 11.00000000000000000, -41.70000000000000284 ) ) ;
#2591 = CARTESIAN_POINT ( 'NONE',  ( 63.49999999999991473, 11.00000000000000000, -37.99999999999992184 ) ) ;
#2592 = ORIENTED_EDGE ( 'NONE', *, *, #7343, .F. ) ;
#2593 = ORIENTED_EDGE ( 'NONE', *, *, #9421, .F. ) ;
#2594 = CYLINDRICAL_SURFACE ( 'NONE', #12398, 0.9999999999999983347 ) ;
#2595 = DIRECTION ( 'NONE',  ( -0.000000000000000000, -1.000000000000000000, 0.000000000000000000 ) ) ;
#2596 = AXIS2_PLACEMENT_3D ( 'NONE', #8873, #6201, #5077 ) ;
#2597 = DIRECTION ( 'NONE',  ( 0.000000000000000000, 1.000000000000000000, 0.000000000000000000 ) ) ;
#2598 = CARTESIAN_POINT ( 'NONE',  ( 40.99999999999999289, 11.00000000000000000, -41.23776336359134831 ) ) ;
#2599 = VECTOR ( 'NONE', #4598, 1000.000000000000000 ) ;
#2600 = ORIENTED_EDGE ( 'NONE', *, *, #1778, .F. ) ;
#2601 = ORIENTED_EDGE ( 'NONE', *, *, #4587, .F. ) ;
#2602 = AXIS2_PLACEMENT_3D ( 'NONE', #4870, #7651, #10456 ) ;
#2603 = FACE_BOUND ( 'NONE', #7704, .T. ) ;
#2604 = LINE ( 'NONE', #3365, #3565 ) ;
#2605 = ORIENTED_EDGE ( 'NONE', *, *, #523, .T. ) ;
#2606 = DIRECTION ( 'NONE',  ( -0.000000000000000000, 1.000000000000000000, -0.000000000000000000 ) ) ;
#2607 = DIRECTION ( 'NONE',  ( -0.7071067811865467956, 0.000000000000000000, 0.7071067811865483499 ) ) ;
#2608 = EDGE_CURVE ( 'NONE', #7169, #5984, #3672, .T. ) ;
#2609 = CARTESIAN_POINT ( 'NONE',  ( 67.99999999999992895, 11.00000000000000000, -28.99999999999996092 ) ) ;
#2610 = ORIENTED_EDGE ( 'NONE', *, *, #8117, .F. ) ;
#2611 = CARTESIAN_POINT ( 'NONE',  ( 76.00000000000000000, 11.00000000000000000, -6.500000000000004441 ) ) ;
#2612 = FACE_OUTER_BOUND ( 'NONE', #1278, .T. ) ;
#2613 = VECTOR ( 'NONE', #3592, 1000.000000000000000 ) ;
#2614 = EDGE_LOOP ( 'NONE', ( #3287, #8963 ) ) ;
#2615 = AXIS2_PLACEMENT_3D ( 'NONE', #1453, #5316, #1525 ) ;
#2616 = ADVANCED_FACE ( 'NONE', ( #12288 ), #12470, .F. ) ;
#2617 = ORIENTED_EDGE ( 'NONE', *, *, #7548, .F. ) ;
#2618 = DIRECTION ( 'NONE',  ( 0.000000000000000000, 0.000000000000000000, 1.000000000000000000 ) ) ;
#2619 = LINE ( 'NONE', #10334, #3154 ) ;
#2621 = CYLINDRICAL_SURFACE ( 'NONE', #2194, 0.9999999999999974465 ) ;
#2620 = SECURITY_CLASSIFICATION ( '', '', #11370 ) ;
#2622 = LINE ( 'NONE', #5648, #11359 ) ;
#2623 = VERTEX_POINT ( 'NONE', #8617 ) ;
#2624 = DIRECTION ( 'NONE',  ( 0.000000000000000000, 0.000000000000000000, 1.000000000000000000 ) ) ;
#2625 = FACE_OUTER_BOUND ( 'NONE', #1386, .T. ) ;
#2626 = ORIENTED_EDGE ( 'NONE', *, *, #8052, .F. ) ;
#2627 = ORIENTED_EDGE ( 'NONE', *, *, #10046, .T. ) ;
#2628 = ORIENTED_EDGE ( 'NONE', *, *, #9837, .F. ) ;
#2629 = CARTESIAN_POINT ( 'NONE',  ( 23.65025253169419983, 11.00000000000000000, -7.479898987322330051 ) ) ;
#2630 = EDGE_CURVE ( 'NONE', #6572, #10306, #12044, .T. ) ;
#2631 = DIRECTION ( 'NONE',  ( 0.000000000000000000, 1.000000000000000000, 0.000000000000000000 ) ) ;
#2632 = ORIENTED_EDGE ( 'NONE', *, *, #6267, .T. ) ;
#2633 = CARTESIAN_POINT ( 'NONE',  ( 33.08736290225573384, 11.00000000000000000, -4.732233047033622242 ) ) ;
#2634 = VECTOR ( 'NONE', #11382, 1000.000000000000000 ) ;
#2635 = CARTESIAN_POINT ( 'NONE',  ( 52.71299423149123697, 11.00000000000000000, -38.50000000000000711 ) ) ;
#2636 = ORIENTED_EDGE ( 'NONE', *, *, #8994, .T. ) ;
#2637 = CARTESIAN_POINT ( 'NONE',  ( 48.29461583732884122, 11.00000000000000000, -39.97868143219523773 ) ) ;
#2638 = ORIENTED_EDGE ( 'NONE', *, *, #7938, .T. ) ;
#2639 = ADVANCED_FACE ( 'NONE', ( #10521 ), #11526, .T. ) ;
#2640 = EDGE_CURVE ( 'NONE', #1289, #7700, #6567, .T. ) ;
#2641 = LINE ( 'NONE', #6472, #3503 ) ;
#2642 = ORIENTED_EDGE ( 'NONE', *, *, #1180, .F. ) ;
#2643 = ORIENTED_EDGE ( 'NONE', *, *, #7443, .F. ) ;
#2644 = CARTESIAN_POINT ( 'NONE',  ( 72.49999999999991473, 2.000000000000000000, -29.99999999999998934 ) ) ;
#2645 = ADVANCED_FACE ( 'NONE', ( #1719 ), #768, .F. ) ;
#2646 = ADVANCED_FACE ( 'NONE', ( #8498 ), #3861, .T. ) ;
#2647 = ORIENTED_EDGE ( 'NONE', *, *, #1949, .T. ) ;
#2648 = VERTEX_POINT ( 'NONE', #2611 ) ;
#2649 = FACE_OUTER_BOUND ( 'NONE', #4321, .T. ) ;
#2650 = CARTESIAN_POINT ( 'NONE',  ( 53.50000000000000000, 11.00000000000000000, -43.39999999999999858 ) ) ;
#2651 = COORDINATED_UNIVERSAL_TIME_OFFSET ( 1, 0, .AHEAD. ) ;
#2652 = AXIS2_PLACEMENT_3D ( 'NONE', #1121, #2971, #7835 ) ;
#2653 = FACE_OUTER_BOUND ( 'NONE', #6773, .T. ) ;
#2654 = ORIENTED_EDGE ( 'NONE', *, *, #3406, .T. ) ;
#2655 = EDGE_CURVE ( 'NONE', #11003, #2149, #1782, .T. ) ;
#2656 = ORIENTED_EDGE ( 'NONE', *, *, #3343, .F. ) ;
#2657 = DIRECTION ( 'NONE',  ( 0.000000000000000000, 0.000000000000000000, 1.000000000000000000 ) ) ;
#2658 = DIRECTION ( 'NONE',  ( -0.000000000000000000, -1.000000000000000000, -0.000000000000000000 ) ) ;
#2659 = EDGE_CURVE ( 'NONE', #1714, #11552, #7467, .T. ) ;
#2660 = CARTESIAN_POINT ( 'NONE',  ( 35.49999999999999289, 2.000000000000000000, -7.499999999999963585 ) ) ;
#2661 = CARTESIAN_POINT ( 'NONE',  ( 32.95096679918778193, 9.799999999999998934, -3.878679656440370493 ) ) ;
#2662 = VERTEX_POINT ( 'NONE', #11333 ) ;
#2663 = ORIENTED_EDGE ( 'NONE', *, *, #8032, .F. ) ;
#2664 = VERTEX_POINT ( 'NONE', #2672 ) ;
#2665 = FACE_OUTER_BOUND ( 'NONE', #7438, .T. ) ;
#2666 = CARTESIAN_POINT ( 'NONE',  ( 7.499999999999958256, 2.000000000000000000, -28.99999999999989697 ) ) ;
#2667 = VERTEX_POINT ( 'NONE', #4685 ) ;
#2668 = DIRECTION ( 'NONE',  ( -0.000000000000000000, 1.000000000000000000, -0.000000000000000000 ) ) ;
#2669 = DIRECTION ( 'NONE',  ( -0.000000000000000000, -1.000000000000000000, -0.000000000000000000 ) ) ;
#2670 = DIRECTION ( 'NONE',  ( -0.000000000000000000, -1.000000000000000000, -0.000000000000000000 ) ) ;
#2671 = EDGE_LOOP ( 'NONE', ( #11957, #12388, #10160, #3588 ) ) ;
#2672 = CARTESIAN_POINT ( 'NONE',  ( 36.49999999999999289, 11.00000000000000000, -43.73776336359135541 ) ) ;
#2673 = CARTESIAN_POINT ( 'NONE',  ( 0.000000000000000000, 11.00000000000000000, -49.20000000000000284 ) ) ;
#2674 = AXIS2_PLACEMENT_3D ( 'NONE', #8001, #10970, #7038 ) ;
#2675 = VERTEX_POINT ( 'NONE', #3739 ) ;
#2676 = CYLINDRICAL_SURFACE ( 'NONE', #5361, 1.000000000000000888 ) ;
#2677 = DIRECTION ( 'NONE',  ( 1.000000000000000000, 0.000000000000000000, -4.818676322157797621E-17 ) ) ;
#2678 = CARTESIAN_POINT ( 'NONE',  ( 20.99999999999997158, 2.000000000000000000, -15.49999999999999645 ) ) ;
#2679 = DIRECTION ( 'NONE',  ( -0.000000000000000000, 1.000000000000000000, -0.000000000000000000 ) ) ;
#2680 = VERTEX_POINT ( 'NONE', #6506 ) ;
#2681 = CARTESIAN_POINT ( 'NONE',  ( 65.47228714274751837, 11.00000000000000000, -44.19999999999999574 ) ) ;
#2682 = DIRECTION ( 'NONE',  ( 0.000000000000000000, 0.000000000000000000, -1.000000000000000000 ) ) ;
#2683 = ORIENTED_EDGE ( 'NONE', *, *, #2915, .T. ) ;
#2684 = ORIENTED_EDGE ( 'NONE', *, *, #9504, .F. ) ;
#2685 = ORIENTED_EDGE ( 'NONE', *, *, #12460, .F. ) ;
#2686 = FACE_OUTER_BOUND ( 'NONE', #12186, .T. ) ;
#2687 = AXIS2_PLACEMENT_3D ( 'NONE', #11020, #5268, #2231 ) ;
#2688 = DIRECTION ( 'NONE',  ( 0.7071067811865464625, 0.000000000000000000, 0.7071067811865486830 ) ) ;
#2689 = VECTOR ( 'NONE', #10496, 1000.000000000000000 ) ;
#2690 = ADVANCED_FACE ( 'NONE', ( #5071 ), #4049, .T. ) ;
#2691 = DIRECTION ( 'NONE',  ( 0.000000000000000000, 1.000000000000000000, 0.000000000000000000 ) ) ;
#2692 = DIRECTION ( 'NONE',  ( 0.000000000000000000, -0.000000000000000000, 1.000000000000000000 ) ) ;
#2693 = VECTOR ( 'NONE', #2669, 1000.000000000000000 ) ;
#2694 = ADVANCED_FACE ( 'NONE', ( #1011 ), #47, .T. ) ;
#2695 = CARTESIAN_POINT ( 'NONE',  ( 52.00000000000000000, 2.000000000000000000, -10.85512985522205121 ) ) ;
#2696 = DIRECTION ( 'NONE',  ( 0.000000000000000000, 0.000000000000000000, 1.000000000000000000 ) ) ;
#2697 = ORIENTED_EDGE ( 'NONE', *, *, #6007, .F. ) ;
#2698 = DIRECTION ( 'NONE',  ( -1.000000000000000000, -0.000000000000000000, -0.000000000000000000 ) ) ;
#2699 = DIRECTION ( 'NONE',  ( 0.000000000000000000, 1.000000000000000000, 0.000000000000000000 ) ) ;
#2700 = ORIENTED_EDGE ( 'NONE', *, *, #4406, .F. ) ;
#2701 = CARTESIAN_POINT ( 'NONE',  ( 44.50000000000000000, 11.00000000000000000, -37.99999999999995026 ) ) ;
#2702 = DIRECTION ( 'NONE',  ( -0.000000000000000000, 1.000000000000000000, -0.000000000000000000 ) ) ;
#2703 = AXIS2_PLACEMENT_3D ( 'NONE', #8124, #5286, #11991 ) ;
#2704 = EDGE_CURVE ( 'NONE', #5460, #6040, #5937, .T. ) ;
#2705 = FACE_OUTER_BOUND ( 'NONE', #8170, .T. ) ;
#2706 = AXIS2_PLACEMENT_3D ( 'NONE', #2681, #2752, #9824 ) ;
#2708 = ADVANCED_FACE ( 'NONE', ( #3921 ), #7906, .T. ) ;
#2707 = FACE_OUTER_BOUND ( 'NONE', #11123, .T. ) ;
#2709 = COORDINATED_UNIVERSAL_TIME_OFFSET ( 1, 0, .AHEAD. ) ;
#2710 = EDGE_CURVE ( 'NONE', #9206, #5810, #10637, .T. ) ;
#2711 = CIRCLE ( 'NONE', #9786, 3.000000000000009770 ) ;
#2712 = CYLINDRICAL_SURFACE ( 'NONE', #634, 2.999999999999999112 ) ;
#2713 = ORIENTED_EDGE ( 'NONE', *, *, #7032, .T. ) ;
#2714 = VECTOR ( 'NONE', #1021, 1000.000000000000000 ) ;
#2715 = EDGE_LOOP ( 'NONE', ( #2907, #11314, #3687, #11563 ) ) ;
#2716 = CARTESIAN_POINT ( 'NONE',  ( 67.99999999999991473, 2.000000000000000000, -35.49999999999996447 ) ) ;
#2717 = CYLINDRICAL_SURFACE ( 'NONE', #9609, 0.9999999999999974465 ) ;
#2718 = ORIENTED_EDGE ( 'NONE', *, *, #1761, .F. ) ;
#2719 = VECTOR ( 'NONE', #12081, 1000.000000000000000 ) ;
#2720 = DIRECTION ( 'NONE',  ( 0.000000000000000000, 0.000000000000000000, 1.000000000000000000 ) ) ;
#2721 = ORIENTED_EDGE ( 'NONE', *, *, #3558, .T. ) ;
#2722 = VECTOR ( 'NONE', #2137, 1000.000000000000000 ) ;
#2723 = VECTOR ( 'NONE', #2670, 1000.000000000000000 ) ;
#2724 = VERTEX_POINT ( 'NONE', #8989 ) ;
#2725 = EDGE_CURVE ( 'NONE', #6306, #9219, #302, .T. ) ;
#2726 = EDGE_CURVE ( 'NONE', #11051, #9192, #10711, .T. ) ;
#2727 = EDGE_CURVE ( 'NONE', #5393, #9950, #2162, .T. ) ;
#2728 = CARTESIAN_POINT ( 'NONE',  ( 67.99999999999991473, 11.00000000000000000, -34.49999999999996447 ) ) ;
#2729 = FACE_OUTER_BOUND ( 'NONE', #1184, .T. ) ;
#2730 = AXIS2_PLACEMENT_3D ( 'NONE', #1504, #1440, #11241 ) ;
#2731 = ORIENTED_EDGE ( 'NONE', *, *, #3685, .F. ) ;
#2732 = EDGE_CURVE ( 'NONE', #3626, #5101, #2869, .T. ) ;
#2733 = LINE ( 'NONE', #4747, #11490 ) ;
#2735 = CARTESIAN_POINT ( 'NONE',  ( 18.75619947568033652, 9.799999999999998934, -4.000059493681638045 ) ) ;
#2734 = CIRCLE ( 'NONE', #4947, 1.000000000000000888 ) ;
#2736 = VECTOR ( 'NONE', #679, 1000.000000000000000 ) ;
#2737 = DIRECTION ( 'NONE',  ( 0.000000000000000000, 0.000000000000000000, 1.000000000000000000 ) ) ;
#2738 = ORIENTED_EDGE ( 'NONE', *, *, #5811, .T. ) ;
#2739 = ADVANCED_FACE ( 'NONE', ( #11779 ), #235, .T. ) ;
#2740 = CARTESIAN_POINT ( 'NONE',  ( 35.49999999999999289, 11.00000000000000000, -38.99999999999996447 ) ) ;
#2741 = FACE_OUTER_BOUND ( 'NONE', #1797, .T. ) ;
#2742 = AXIS2_PLACEMENT_3D ( 'NONE', #786, #899, #318 ) ;
#2743 = VECTOR ( 'NONE', #11502, 999.9999999999998863 ) ;
#2744 = ADVANCED_FACE ( 'NONE', ( #11590 ), #9748, .T. ) ;
#2745 = CARTESIAN_POINT ( 'NONE',  ( 36.35096679918766682, 9.799999999999998934, -46.32132034355964123 ) ) ;
#2746 = FACE_OUTER_BOUND ( 'NONE', #5410, .T. ) ;
#2747 = ORIENTED_EDGE ( 'NONE', *, *, #8829, .F. ) ;
#2748 = CARTESIAN_POINT ( 'NONE',  ( 26.50000000000000000, -21.88036781070453785, -37.29999999999996874 ) ) ;
#2749 = CARTESIAN_POINT ( 'NONE',  ( 44.50000000000000000, 2.000000000000000000, -8.499999999999939604 ) ) ;
#2750 = CIRCLE ( 'NONE', #104, 0.9999999999999974465 ) ;
#2751 = ORIENTED_EDGE ( 'NONE', *, *, #9577, .F. ) ;
#2752 = DIRECTION ( 'NONE',  ( -0.000000000000000000, -1.000000000000000000, 0.000000000000000000 ) ) ;
#2753 = LINE ( 'NONE', #9574, #2302 ) ;
#2754 = ORIENTED_EDGE ( 'NONE', *, *, #6254, .F. ) ;
#2755 = ORIENTED_EDGE ( 'NONE', *, *, #1177, .T. ) ;
#2756 = AXIS2_PLACEMENT_3D ( 'NONE', #9654, #11743, #8701 ) ;
#2757 = ORIENTED_EDGE ( 'NONE', *, *, #6946, .T. ) ;
#2758 = CARTESIAN_POINT ( 'NONE',  ( 30.51814099834517791, 11.00000000000000000, -38.81038749811948207 ) ) ;
#2759 = FACE_OUTER_BOUND ( 'NONE', #4891, .T. ) ;
#2760 = AXIS2_PLACEMENT_3D ( 'NONE', #12505, #8352, #5804 ) ;
#2761 = DIRECTION ( 'NONE',  ( 0.000000000000000000, 0.000000000000000000, -1.000000000000000000 ) ) ;
#2762 = AXIS2_PLACEMENT_3D ( 'NONE', #2376, #5960, #9836 ) ;
#2763 = LINE ( 'NONE', #6532, #10024 ) ;
#2764 = ORIENTED_EDGE ( 'NONE', *, *, #622, .F. ) ;
#2765 = CARTESIAN_POINT ( 'NONE',  ( 7.499999999999992895, 2.000000000000000000, -21.99999999999989697 ) ) ;
#2766 = LINE ( 'NONE', #793, #3620 ) ;
#2767 = VERTEX_POINT ( 'NONE', #9934 ) ;
#2768 = CARTESIAN_POINT ( 'NONE',  ( 44.13664863476203948, 11.00000000000000000, -44.13664863476203948 ) ) ;
#2769 = DIRECTION ( 'NONE',  ( 0.000000000000000000, 0.000000000000000000, -1.000000000000000000 ) ) ;
#2770 = ORIENTED_EDGE ( 'NONE', *, *, #3849, .F. ) ;
#2771 = CIRCLE ( 'NONE', #6383, 0.9999999999999974465 ) ;
#2772 = DIRECTION ( 'NONE',  ( -0.000000000000000000, -0.000000000000000000, 1.000000000000000000 ) ) ;
#2773 = ADVANCED_FACE ( 'NONE', ( #7970 ), #3989, .T. ) ;
#2774 = CARTESIAN_POINT ( 'NONE',  ( 31.50000000000000711, 2.000000000000000000, -34.49999999999997158 ) ) ;
#2775 = VECTOR ( 'NONE', #4758, 1000.000000000000000 ) ;
#2776 = VERTEX_POINT ( 'NONE', #1069 ) ;
#2777 = DIRECTION ( 'NONE',  ( 0.000000000000000000, 1.000000000000000000, 0.000000000000000000 ) ) ;
#2778 = FACE_OUTER_BOUND ( 'NONE', #8576, .T. ) ;
#2779 = AXIS2_PLACEMENT_3D ( 'NONE', #10385, #1712, #5571 ) ;
#2780 = DIRECTION ( 'NONE',  ( 0.000000000000000000, 0.000000000000000000, 1.000000000000000000 ) ) ;
#2781 = ORIENTED_EDGE ( 'NONE', *, *, #4174, .T. ) ;
#2782 = ORIENTED_EDGE ( 'NONE', *, *, #2311, .F. ) ;
#2783 = DIRECTION ( 'NONE',  ( 0.000000000000000000, 1.000000000000000000, 0.000000000000000000 ) ) ;
#2784 = EDGE_CURVE ( 'NONE', #6041, #7383, #7804, .T. ) ;
#2785 = DIRECTION ( 'NONE',  ( 0.000000000000000000, 0.000000000000000000, -1.000000000000000000 ) ) ;
#2786 = EDGE_CURVE ( 'NONE', #6119, #5685, #8805, .T. ) ;
#2787 = CARTESIAN_POINT ( 'NONE',  ( 72.49999999999994316, 11.00000000000000000, -25.49999999999999289 ) ) ;
#2788 = VERTEX_POINT ( 'NONE', #11727 ) ;
#2789 = VERTEX_POINT ( 'NONE', #10764 ) ;
#2790 = CARTESIAN_POINT ( 'NONE',  ( 52.71299423149120855, 9.799999999999998934, -41.50000000000000711 ) ) ;
#2791 = CYLINDRICAL_SURFACE ( 'NONE', #949, 1.000000000000000888 ) ;
#2792 = ORIENTED_EDGE ( 'NONE', *, *, #5716, .T. ) ;
#2793 = PLANE ( 'NONE',  #7029 ) ;
#2794 = CARTESIAN_POINT ( 'NONE',  ( 31.50000000000000711, 11.00000000000000000, -10.99999999999997513 ) ) ;
#2795 = AXIS2_PLACEMENT_3D ( 'NONE', #5254, #2343, #5307 ) ;
#2796 = CARTESIAN_POINT ( 'NONE',  ( 74.79999999999998295, 9.799999999999998934, -1.000000000000005995 ) ) ;
#2797 = ORIENTED_EDGE ( 'NONE', *, *, #12139, .T. ) ;
#2798 = DIRECTION ( 'NONE',  ( 0.7071067811865480168, 0.000000000000000000, 0.7071067811865470176 ) ) ;
#2799 = EDGE_CURVE ( 'NONE', #7915, #7991, #11852, .T. ) ;
#2800 = DIRECTION ( 'NONE',  ( 0.000000000000000000, 0.000000000000000000, -1.000000000000000000 ) ) ;
#2801 = CARTESIAN_POINT ( 'NONE',  ( 15.35613998199870878, 9.799999999999998934, -46.19999999999999574 ) ) ;
#2802 = AXIS2_PLACEMENT_3D ( 'NONE', #7990, #8823, #5955 ) ;
#2803 = CARTESIAN_POINT ( 'NONE',  ( 67.99999999999994316, 11.00000000000000000, -24.49999999999996447 ) ) ;
#2804 = ORIENTED_EDGE ( 'NONE', *, *, #3649, .T. ) ;
#2805 = CARTESIAN_POINT ( 'NONE',  ( 51.47867965644034882, 9.799999999999998934, -5.479898987322321169 ) ) ;
#2806 = DIRECTION ( 'NONE',  ( -0.000000000000000000, -1.000000000000000000, -0.000000000000000000 ) ) ;
#2807 = ORIENTED_EDGE ( 'NONE', *, *, #4306, .T. ) ;
#2808 = CYLINDRICAL_SURFACE ( 'NONE', #5517, 0.9999999999999974465 ) ;
#2809 = FACE_OUTER_BOUND ( 'NONE', #10111, .T. ) ;
#2810 = EDGE_LOOP ( 'NONE', ( #2731, #7218, #6774, #9140 ) ) ;
#2811 = CIRCLE ( 'NONE', #11501, 0.9999999999999983347 ) ;
#2812 = ORIENTED_EDGE ( 'NONE', *, *, #7787, .T. ) ;
#2813 = ORIENTED_EDGE ( 'NONE', *, *, #11393, .F. ) ;
#2814 = LINE ( 'NONE', #6659, #12426 ) ;
#2815 = EDGE_CURVE ( 'NONE', #4147, #4590, #2094, .T. ) ;
#2816 = CARTESIAN_POINT ( 'NONE',  ( -17.63664863476197908, -21.88036781070453785, 9.363351365237997825 ) ) ;
#2817 = AXIS2_PLACEMENT_3D ( 'NONE', #12166, #7151, #9377 ) ;
#2818 = LINE ( 'NONE', #2871, #6542 ) ;
#2819 = DIRECTION ( 'NONE',  ( 0.000000000000000000, 1.000000000000000000, 0.000000000000000000 ) ) ;
#2820 = ORIENTED_EDGE ( 'NONE', *, *, #536, .F. ) ;
#2821 = CARTESIAN_POINT ( 'NONE',  ( 63.49999999999998579, 11.00000000000000000, -17.49999999999992895 ) ) ;
#2822 = VERTEX_POINT ( 'NONE', #423 ) ;
#2823 = CARTESIAN_POINT ( 'NONE',  ( 72.49999999999998579, 11.00000000000000000, -12.99999999999999467 ) ) ;
#2824 = ORIENTED_EDGE ( 'NONE', *, *, #11770, .T. ) ;
#2825 = CARTESIAN_POINT ( 'NONE',  ( 27.36984848098341416, 11.00000000000000000, -38.50000000000000711 ) ) ;
#2826 = CARTESIAN_POINT ( 'NONE',  ( 48.49999999999999289, 11.00000000000000000, -25.49999999999992895 ) ) ;
#2827 = ORIENTED_EDGE ( 'NONE', *, *, #2878, .F. ) ;
#2828 = LINE ( 'NONE', #6671, #3730 ) ;
#2829 = CARTESIAN_POINT ( 'NONE',  ( 20.99999999999997158, 11.00000000000000000, -16.49999999999999289 ) ) ;
#2830 = DIRECTION ( 'NONE',  ( -0.000000000000000000, 1.000000000000000000, -0.000000000000000000 ) ) ;
#2831 = CARTESIAN_POINT ( 'NONE',  ( 26.54142135623725451, 9.799999999999998934, -40.50000000000000711 ) ) ;
#2832 = DATE_AND_TIME ( #2895, #7659 ) ;
#2833 = DIRECTION ( 'NONE',  ( 0.000000000000000000, 1.000000000000000000, 0.000000000000000000 ) ) ;
#2834 = VERTEX_POINT ( 'NONE', #10068 ) ;
#2835 = EDGE_LOOP ( 'NONE', ( #11571, #6210 ) ) ;
#2836 = CARTESIAN_POINT ( 'NONE',  ( 67.99999999999994316, 2.000000000000000000, -25.49999999999996092 ) ) ;
#2837 = DIRECTION ( 'NONE',  ( -2.312964634635735167E-15, 0.000000000000000000, 1.000000000000000000 ) ) ;
#2838 = CARTESIAN_POINT ( 'NONE',  ( 56.34974746830580017, 9.799999999999998934, -7.479898987322330051 ) ) ;
#2839 = ORIENTED_EDGE ( 'NONE', *, *, #4003, .T. ) ;
#2840 = ORIENTED_EDGE ( 'NONE', *, *, #6249, .T. ) ;
#2841 = ADVANCED_FACE ( 'NONE', ( #2410 ), #4429, .T. ) ;
#2842 = EDGE_CURVE ( 'NONE', #9486, #394, #12150, .T. ) ;
#2843 = FACE_BOUND ( 'NONE', #7284, .T. ) ;
#2844 = PLANE ( 'NONE',  #2584 ) ;
#2845 = VERTEX_POINT ( 'NONE', #11074 ) ;
#2846 = EDGE_CURVE ( 'NONE', #10548, #1714, #9430, .T. ) ;
#2847 = CARTESIAN_POINT ( 'NONE',  ( 48.29461583732884122, 2.000000000000000000, -39.97868143219523773 ) ) ;
#2848 = DIRECTION ( 'NONE',  ( -0.000000000000000000, -1.000000000000000000, -0.000000000000000000 ) ) ;
#2849 = CARTESIAN_POINT ( 'NONE',  ( 0.000000000000000000, 11.00000000000000000, -50.00000000000000000 ) ) ;
#2850 = AXIS2_PLACEMENT_3D ( 'NONE', #5996, #5875, #4159 ) ;
#2851 = CARTESIAN_POINT ( 'NONE',  ( 77.00000000000000000, 11.00000000000000000, -44.89029455227312582 ) ) ;
#2852 = DIRECTION ( 'NONE',  ( 0.000000000000000000, 1.000000000000000000, 0.000000000000000000 ) ) ;
#2853 = DIRECTION ( 'NONE',  ( -0.000000000000000000, 1.000000000000000000, -0.000000000000000000 ) ) ;
#2854 = DIRECTION ( 'NONE',  ( 0.000000000000000000, 0.000000000000000000, 1.000000000000000000 ) ) ;
#2855 = LINE ( 'NONE', #10583, #6997 ) ;
#2856 = VERTEX_POINT ( 'NONE', #561 ) ;
#2857 = EDGE_CURVE ( 'NONE', #5185, #1486, #10124, .T. ) ;
#2858 = DIRECTION ( 'NONE',  ( 0.000000000000000000, 0.000000000000000000, -1.000000000000000000 ) ) ;
#2859 = CARTESIAN_POINT ( 'NONE',  ( -6.035042332358864028E-16, 11.00000000000000000, -2.999999999999992895 ) ) ;
#2860 = ORIENTED_EDGE ( 'NONE', *, *, #2481, .F. ) ;
#2861 = DIRECTION ( 'NONE',  ( 0.000000000000000000, 1.000000000000000000, 0.000000000000000000 ) ) ;
#2862 = CARTESIAN_POINT ( 'NONE',  ( 58.99999999999999289, 11.00000000000000000, -20.99999999999990052 ) ) ;
#2863 = EDGE_CURVE ( 'NONE', #4822, #9489, #8038, .T. ) ;
#2864 = EDGE_LOOP ( 'NONE', ( #734, #4926 ) ) ;
#2865 = EDGE_LOOP ( 'NONE', ( #7303, #5699 ) ) ;
#2866 = DIRECTION ( 'NONE',  ( 0.000000000000000000, 1.000000000000000000, 0.000000000000000000 ) ) ;
#2867 = PLANE ( 'NONE',  #4787 ) ;
#2868 = AXIS2_PLACEMENT_3D ( 'NONE', #4903, #3122, #8889 ) ;
#2869 = B_SPLINE_CURVE_WITH_KNOTS ( 'NONE', 3,
 ( #4166, #6831, #6950, #5880 ),
 .UNSPECIFIED., .F., .F.,
 ( 4, 4 ),
 ( 0.000000000000000000, 1.000000000000000000 ),
 .UNSPECIFIED. ) ;
#2870 = EDGE_LOOP ( 'NONE', ( #7593, #12521 ) ) ;
#2871 = CARTESIAN_POINT ( 'NONE',  ( 4.000000000000006217, 11.00000000000000000, -4.956352788505171156E-16 ) ) ;
#2872 = ADVANCED_FACE ( 'NONE', ( #6190 ), #1396, .T. ) ;
#2873 = DIRECTION ( 'NONE',  ( -0.000000000000000000, -1.000000000000000000, -0.000000000000000000 ) ) ;
#2874 = CIRCLE ( 'NONE', #5498, 0.9999999999999940048 ) ;
#2875 = EDGE_CURVE ( 'NONE', #9665, #450, #3476, .T. ) ;
#2876 = ORIENTED_EDGE ( 'NONE', *, *, #426, .T. ) ;
#2877 = CARTESIAN_POINT ( 'NONE',  ( 40.00000000000000000, 11.00000000000000000, -15.00000000000000000 ) ) ;
#2878 = EDGE_CURVE ( 'NONE', #12488, #1074, #11186, .T. ) ;
#2879 = DIRECTION ( 'NONE',  ( 0.000000000000000000, 0.000000000000000000, 1.000000000000000000 ) ) ;
#2880 = EDGE_LOOP ( 'NONE', ( #372, #2141, #7104, #5043 ) ) ;
#2881 = CARTESIAN_POINT ( 'NONE',  ( 53.50000000000000000, 0.000000000000000000, -45.10000000000000142 ) ) ;
#2882 = VERTEX_POINT ( 'NONE', #3282 ) ;
#2883 = AXIS2_PLACEMENT_3D ( 'NONE', #11915, #5078, #10016 ) ;
#2884 = DIRECTION ( 'NONE',  ( 0.000000000000000000, 1.000000000000000000, 0.000000000000000000 ) ) ;
#2885 = DIRECTION ( 'NONE',  ( -0.000000000000000000, -1.000000000000000000, -0.000000000000000000 ) ) ;
#2886 = ORIENTED_EDGE ( 'NONE', *, *, #10374, .F. ) ;
#2887 = EDGE_LOOP ( 'NONE', ( #4215, #10721, #7963, #10797 ) ) ;
#2888 = CYLINDRICAL_SURFACE ( 'NONE', #5358, 0.9999999999999974465 ) ;
#2889 = DIRECTION ( 'NONE',  ( -0.000000000000000000, -1.000000000000000000, -0.000000000000000000 ) ) ;
#2890 = CARTESIAN_POINT ( 'NONE',  ( 58.99999999999997158, 2.000000000000000000, -25.49999999999989697 ) ) ;
#2891 = VECTOR ( 'NONE', #19, 1000.000000000000114 ) ;
#2892 = AXIS2_PLACEMENT_3D ( 'NONE', #1625, #4530, #7185 ) ;
#2893 = DIRECTION ( 'NONE',  ( 0.000000000000000000, 1.000000000000000000, 0.000000000000000000 ) ) ;
#2894 = DIRECTION ( 'NONE',  ( 0.000000000000000000, 1.000000000000000000, 0.000000000000000000 ) ) ;
#2895 = CALENDAR_DATE ( 2022, 15, 2 ) ;
#2896 = CARTESIAN_POINT ( 'NONE',  ( 37.64386001800112069, 11.00000000000000000, -49.20000000000000284 ) ) ;
#2897 = VECTOR ( 'NONE', #2889, 1000.000000000000000 ) ;
#2898 = ORIENTED_EDGE ( 'NONE', *, *, #3103, .F. ) ;
#2899 = VERTEX_POINT ( 'NONE', #3359 ) ;
#2900 = DIRECTION ( 'NONE',  ( -0.000000000000000000, -1.000000000000000000, -0.000000000000000000 ) ) ;
#2901 = CARTESIAN_POINT ( 'NONE',  ( 72.49999999999988631, 11.00000000000000000, -37.99999999999998579 ) ) ;
#2902 = DIRECTION ( 'NONE',  ( 0.000000000000000000, 1.000000000000000000, 0.000000000000000000 ) ) ;
#2903 = AXIS2_PLACEMENT_3D ( 'NONE', #4132, #7874, #4072 ) ;
#2904 = ORIENTED_EDGE ( 'NONE', *, *, #9572, .T. ) ;
#2905 = CARTESIAN_POINT ( 'NONE',  ( 12.00000000000000355, 11.00000000000000000, -11.99999999999993427 ) ) ;
#2906 = LINE ( 'NONE', #8728, #744 ) ;
#2907 = ORIENTED_EDGE ( 'NONE', *, *, #9037, .F. ) ;
#2908 = FACE_OUTER_BOUND ( 'NONE', #612, .T. ) ;
#2909 = AXIS2_PLACEMENT_3D ( 'NONE', #4282, #11734, #8159 ) ;
#2910 = CARTESIAN_POINT ( 'NONE',  ( 44.50000000000000000, 2.000000000000000000, -20.99999999999993960 ) ) ;
#2911 = FACE_OUTER_BOUND ( 'NONE', #5082, .T. ) ;
#2912 = AXIS2_PLACEMENT_3D ( 'NONE', #5788, #6662, #12425 ) ;
#2913 = CARTESIAN_POINT ( 'NONE',  ( 41.52771285725263084, 9.799999999999998934, -44.19999999999999574 ) ) ;
#2914 = CIRCLE ( 'NONE', #8175, 0.9999999999999974465 ) ;
#2915 = EDGE_CURVE ( 'NONE', #10838, #5854, #9247, .T. ) ;
#2916 = LINE ( 'NONE', #9633, #8651 ) ;
#2917 = ADVANCED_FACE ( 'NONE', ( #7207 ), #7324, .T. ) ;
#2918 = EDGE_CURVE ( 'NONE', #9606, #1426, #497, .T. ) ;
#2919 = CIRCLE ( 'NONE', #1302, 0.9999999999999983347 ) ;
#2920 = VECTOR ( 'NONE', #8444, 1000.000000000000000 ) ;
#2921 = DIRECTION ( 'NONE',  ( 0.000000000000000000, 0.000000000000000000, 1.000000000000000000 ) ) ;
#2922 = CIRCLE ( 'NONE', #4341, 0.9999999999999983347 ) ;
#2923 = ORIENTED_EDGE ( 'NONE', *, *, #9331, .T. ) ;
#2924 = DIRECTION ( 'NONE',  ( -0.000000000000000000, -1.000000000000000000, -0.000000000000000000 ) ) ;
#2925 = CARTESIAN_POINT ( 'NONE',  ( 53.50000000000000000, 11.00000000000000000, -45.09999999999999432 ) ) ;
#2926 = CYLINDRICAL_SURFACE ( 'NONE', #2909, 2.500000000000000444 ) ;
#2927 = FACE_OUTER_BOUND ( 'NONE', #1198, .T. ) ;
#2928 = ORIENTED_EDGE ( 'NONE', *, *, #1163, .F. ) ;
#2929 = ORIENTED_EDGE ( 'NONE', *, *, #1209, .F. ) ;
#2930 = VERTEX_POINT ( 'NONE', #616 ) ;
#2931 = LINE ( 'NONE', #6, #10420 ) ;
#2932 = CIRCLE ( 'NONE', #4334, 0.9999999999999974465 ) ;
#2933 = FACE_OUTER_BOUND ( 'NONE', #2887, .T. ) ;
#2934 = VERTEX_POINT ( 'NONE', #10002 ) ;
#2935 = AXIS2_PLACEMENT_3D ( 'NONE', #11758, #6922, #3018 ) ;
#2936 = CIRCLE ( 'NONE', #93, 0.9999999999999974465 ) ;
#2937 = EDGE_CURVE ( 'NONE', #5561, #11392, #8232, .T. ) ;
#2938 = DIRECTION ( 'NONE',  ( 3.469446951953611033E-15, 0.000000000000000000, 1.000000000000000000 ) ) ;
#2939 = CIRCLE ( 'NONE', #10824, 0.9999999999999974465 ) ;
#2940 = DIRECTION ( 'NONE',  ( 0.000000000000000000, 1.000000000000000000, -0.000000000000000000 ) ) ;
#2941 = ORIENTED_EDGE ( 'NONE', *, *, #7908, .F. ) ;
#2942 = DIRECTION ( 'NONE',  ( 0.000000000000000000, 0.000000000000000000, 1.000000000000000000 ) ) ;
#2943 = CARTESIAN_POINT ( 'NONE',  ( 53.54142135623730070, 9.799999999999998934, -6.299999999999992717 ) ) ;
#2944 = CIRCLE ( 'NONE', #1735, 2.499999999999999556 ) ;
#2945 = ORIENTED_EDGE ( 'NONE', *, *, #1322, .F. ) ;
#2946 = CARTESIAN_POINT ( 'NONE',  ( 68.00000000000000000, 11.00000000000000000, -7.499999999999968914 ) ) ;
#2947 = ORIENTED_EDGE ( 'NONE', *, *, #8299, .T. ) ;
#2948 = DIRECTION ( 'NONE',  ( 0.000000000000000000, 1.000000000000000000, 0.000000000000000000 ) ) ;
#2949 = CARTESIAN_POINT ( 'NONE',  ( 72.89939033455922868, 9.799999999999998934, 7.100609665440824614 ) ) ;
#2950 = ORIENTED_EDGE ( 'NONE', *, *, #2416, .F. ) ;
#2951 = CARTESIAN_POINT ( 'NONE',  ( 67.50000000000000000, 5.000000000000000000, 1.114428587224088704E-15 ) ) ;
#2952 = EDGE_CURVE ( 'NONE', #10919, #9896, #3223, .T. ) ;
#2953 = DIRECTION ( 'NONE',  ( 0.000000000000000000, 1.000000000000000000, 0.000000000000000000 ) ) ;
#2954 = CARTESIAN_POINT ( 'NONE',  ( 40.00000000000000000, 11.00000000000000000, -9.749999999999953815 ) ) ;
#2955 = EDGE_CURVE ( 'NONE', #7515, #3361, #2962, .T. ) ;
#2956 = EDGE_CURVE ( 'NONE', #1659, #9515, #4235, .T. ) ;
#2957 = VECTOR ( 'NONE', #10276, 1000.000000000000114 ) ;
#2958 = ORIENTED_EDGE ( 'NONE', *, *, #10222, .F. ) ;
#2959 = DIRECTION ( 'NONE',  ( -0.000000000000000000, -1.000000000000000000, -0.000000000000000000 ) ) ;
#2960 = CYLINDRICAL_SURFACE ( 'NONE', #7170, 4.445296095962649296 ) ;
#2961 = DIRECTION ( 'NONE',  ( 0.000000000000000000, 0.000000000000000000, -1.000000000000000000 ) ) ;
#2962 = CIRCLE ( 'NONE', #11662, 1.699999999999994849 ) ;
#2963 = ORIENTED_EDGE ( 'NONE', *, *, #5183, .T. ) ;
#2964 = CIRCLE ( 'NONE', #737, 0.9999999999999974465 ) ;
#2965 = ORIENTED_EDGE ( 'NONE', *, *, #3944, .T. ) ;
#2966 = AXIS2_PLACEMENT_3D ( 'NONE', #10771, #5942, #4051 ) ;
#2967 = CARTESIAN_POINT ( 'NONE',  ( 63.50000000000002842, 2.000000000000000000, -8.499999999999934275 ) ) ;
#2968 = CARTESIAN_POINT ( 'NONE',  ( 63.49999999999997158, 11.00000000000000000, -20.99999999999993250 ) ) ;
#2969 = ADVANCED_FACE ( 'NONE', ( #7132 ), #7265, .F. ) ;
#2970 = EDGE_CURVE ( 'NONE', #3361, #7515, #8009, .T. ) ;
#2971 = DIRECTION ( 'NONE',  ( 0.000000000000000000, 1.000000000000000000, 0.000000000000000000 ) ) ;
#2972 = AXIS2_PLACEMENT_3D ( 'NONE', #11877, #403, #207 ) ;
#2973 = ORIENTED_EDGE ( 'NONE', *, *, #4406, .T. ) ;
#2974 = AXIS2_PLACEMENT_3D ( 'NONE', #4227, #5066, #5876 ) ;
#2975 = DIRECTION ( 'NONE',  ( 0.000000000000000000, 1.000000000000000000, 0.000000000000000000 ) ) ;
#2976 = DIRECTION ( 'NONE',  ( 0.000000000000000000, 0.000000000000000000, 1.000000000000000000 ) ) ;
#2977 = ORIENTED_EDGE ( 'NONE', *, *, #10058, .T. ) ;
#2978 = FACE_OUTER_BOUND ( 'NONE', #8327, .T. ) ;
#2979 = DIRECTION ( 'NONE',  ( 0.000000000000000000, 1.000000000000000000, 0.000000000000000000 ) ) ;
#2980 = ADVANCED_FACE ( 'NONE', ( #89 ), #1943, .T. ) ;
#2981 = FACE_OUTER_BOUND ( 'NONE', #10920, .T. ) ;
#2982 = AXIS2_PLACEMENT_3D ( 'NONE', #3697, #10176, #1809 ) ;
#2983 = DIRECTION ( 'NONE',  ( -0.000000000000000000, 1.000000000000000000, -0.000000000000000000 ) ) ;
#2984 = DIRECTION ( 'NONE',  ( -1.000000000000000000, 0.000000000000000000, 0.000000000000000000 ) ) ;
#2985 = AXIS2_PLACEMENT_3D ( 'NONE', #828, #1849, #5703 ) ;
#2986 = LINE ( 'NONE', #9508, #11664 ) ;
#2987 = ORIENTED_EDGE ( 'NONE', *, *, #7550, .F. ) ;
#2988 = EDGE_CURVE ( 'NONE', #8403, #4175, #10318, .T. ) ;
#2989 = DIRECTION ( 'NONE',  ( 0.000000000000000000, 0.000000000000000000, 1.000000000000000000 ) ) ;
#2990 = CARTESIAN_POINT ( 'NONE',  ( 28.00000000000000355, 11.00000000000000000, -10.85512985522205831 ) ) ;
#2991 = CARTESIAN_POINT ( 'NONE',  ( 26.45857864376274549, 9.799999999999998934, -43.30000000000000426 ) ) ;
#2992 = LINE ( 'NONE', #7793, #5342 ) ;
#2993 = CC_DESIGN_DATE_AND_TIME_ASSIGNMENT ( #2832, #1757, ( #5779 ) ) ;
#2994 = ORIENTED_EDGE ( 'NONE', *, *, #4805, .F. ) ;
#2995 = EDGE_LOOP ( 'NONE', ( #10407, #11619, #4391, #11144 ) ) ;
#2996 = CARTESIAN_POINT ( 'NONE',  ( 35.49999999999999289, 11.00000000000000000, -20.99999999999996447 ) ) ;
#2997 = CARTESIAN_POINT ( 'NONE',  ( 67.99999999999998579, 11.00000000000000000, -12.99999999999996270 ) ) ;
#2998 = AXIS2_PLACEMENT_3D ( 'NONE', #12104, #4624, #4563 ) ;
#2999 = ORIENTED_EDGE ( 'NONE', *, *, #6967, .T. ) ;
#3000 = DIRECTION ( 'NONE',  ( -0.000000000000000000, -1.000000000000000000, -0.000000000000000000 ) ) ;
#3001 = DIRECTION ( 'NONE',  ( 0.000000000000000000, 1.000000000000000000, 0.000000000000000000 ) ) ;
#3002 = VERTEX_POINT ( 'NONE', #11562 ) ;
#3003 = FACE_BOUND ( 'NONE', #6450, .T. ) ;
#3004 = EDGE_CURVE ( 'NONE', #1659, #1648, #5195, .T. ) ;
#3006 = DIRECTION ( 'NONE',  ( -0.000000000000000000, 1.000000000000000000, -0.000000000000000000 ) ) ;
#3005 = AXIS2_PLACEMENT_3D ( 'NONE', #1250, #5125, #11769 ) ;
#3007 = EDGE_LOOP ( 'NONE', ( #12484, #3284, #9129, #1644 ) ) ;
#3008 = DIRECTION ( 'NONE',  ( 0.000000000000000000, 0.000000000000000000, -1.000000000000000000 ) ) ;
#3009 = ORIENTED_EDGE ( 'NONE', *, *, #5883, .F. ) ;
#3010 = CYLINDRICAL_SURFACE ( 'NONE', #8151, 0.9999999999999974465 ) ;
#3011 = CARTESIAN_POINT ( 'NONE',  ( 1.697239245187564036E-13, 9.799999999999998934, -38.50000000000023448 ) ) ;
#3012 = EDGE_CURVE ( 'NONE', #6729, #969, #5389, .T. ) ;
#3013 = ORIENTED_EDGE ( 'NONE', *, *, #12090, .F. ) ;
#3014 = FACE_OUTER_BOUND ( 'NONE', #11652, .T. ) ;
#3015 = DIRECTION ( 'NONE',  ( 0.000000000000000000, 1.000000000000000000, 0.000000000000000000 ) ) ;
#3016 = CARTESIAN_POINT ( 'NONE',  ( 52.71299423149120855, 9.799999999999998934, -41.50000000000000711 ) ) ;
#3017 = DIRECTION ( 'NONE',  ( -0.7071067811865474617, 0.000000000000000000, -0.7071067811865474617 ) ) ;
#3018 = DIRECTION ( 'NONE',  ( 0.000000000000000000, 0.000000000000000000, 1.000000000000000000 ) ) ;
#3019 = ADVANCED_FACE ( 'NONE', ( #11700 ), #8652, .T. ) ;
#3020 = DIRECTION ( 'NONE',  ( 0.000000000000000000, 0.000000000000000000, -1.000000000000000000 ) ) ;
#3021 = EDGE_LOOP ( 'NONE', ( #7098, #707 ) ) ;
#3022 = EDGE_CURVE ( 'NONE', #9827, #6350, #2559, .T. ) ;
#3023 = EDGE_CURVE ( 'NONE', #8597, #7169, #735, .T. ) ;
#3024 = ORIENTED_EDGE ( 'NONE', *, *, #1231, .T. ) ;
#3025 = DIRECTION ( 'NONE',  ( 0.000000000000000000, 1.000000000000000000, 0.000000000000000000 ) ) ;
#3026 = VECTOR ( 'NONE', #3788, 1000.000000000000000 ) ;
#3027 = CARTESIAN_POINT ( 'NONE',  ( 16.00553031655771363, 11.00000000000000000, -45.26776695296637598 ) ) ;
#3028 = LINE ( 'NONE', #3907, #9313 ) ;
#3029 = CARTESIAN_POINT ( 'NONE',  ( 16.49999999999993960, 11.00000000000000000, -29.99999999999995737 ) ) ;
#3030 = CARTESIAN_POINT ( 'NONE',  ( 48.08517677218633679, 11.00000000000000000, -31.91482322781412506 ) ) ;
#3031 = CARTESIAN_POINT ( 'NONE',  ( 39.99999999999999289, 11.00000000000000000, -15.00000000000000000 ) ) ;
#3032 = EDGE_LOOP ( 'NONE', ( #3584, #11570, #10071, #1501 ) ) ;
#3033 = EDGE_CURVE ( 'NONE', #1268, #11761, #113, .T. ) ;
#3034 = CARTESIAN_POINT ( 'NONE',  ( 5.200000000000024158, 9.799999999999998934, -5.200000000000042810 ) ) ;
#3035 = CARTESIAN_POINT ( 'NONE',  ( 48.49999999999999289, 11.00000000000000000, -34.49999999999992895 ) ) ;
#3036 = CARTESIAN_POINT ( 'NONE',  ( 18.14487014477789728, 2.000000000000000000, -6.500000000000001776 ) ) ;
#3037 = LINE ( 'NONE', #8041, #2184 ) ;
#3038 = CARTESIAN_POINT ( 'NONE',  ( 0.000000000000000000, 9.799999999999998934, -49.20000000000000284 ) ) ;
#3039 = ORIENTED_EDGE ( 'NONE', *, *, #3093, .T. ) ;
#3040 = CIRCLE ( 'NONE', #6273, 2.500000000000002220 ) ;
#3041 = FACE_OUTER_BOUND ( 'NONE', #6651, .T. ) ;
#3042 = CARTESIAN_POINT ( 'NONE',  ( 44.50000000000000000, 2.000000000000000000, -39.99999999999993605 ) ) ;
#3043 = DIRECTION ( 'NONE',  ( 0.000000000000000000, 1.000000000000000000, 0.000000000000000000 ) ) ;
#3044 = CARTESIAN_POINT ( 'NONE',  ( 58.99999999999995737, 11.00000000000000000, -29.99999999999989342 ) ) ;
#3045 = ORIENTED_EDGE ( 'NONE', *, *, #2815, .T. ) ;
#3046 = ORIENTED_EDGE ( 'NONE', *, *, #9443, .F. ) ;
#3047 = DIRECTION ( 'NONE',  ( 4.818676322157797621E-17, 0.000000000000000000, 1.000000000000000000 ) ) ;
#3048 = CARTESIAN_POINT ( 'NONE',  ( 59.00000000000000711, 2.000000000000000000, -16.49999999999990408 ) ) ;
#3049 = FACE_OUTER_BOUND ( 'NONE', #7249, .T. ) ;
#3050 = DIRECTION ( 'NONE',  ( -0.000000000000000000, -1.000000000000000000, -0.000000000000000000 ) ) ;
#3051 = ORIENTED_EDGE ( 'NONE', *, *, #3708, .T. ) ;
#3052 = CARTESIAN_POINT ( 'NONE',  ( 58.99999999999997158, 2.000000000000000000, -24.49999999999990052 ) ) ;
#3053 = DIRECTION ( 'NONE',  ( 0.000000000000000000, 0.000000000000000000, 1.000000000000000000 ) ) ;
#3054 = VERTEX_POINT ( 'NONE', #1703 ) ;
#3055 = DIRECTION ( 'NONE',  ( 0.000000000000000000, 1.000000000000000000, 0.000000000000000000 ) ) ;
#3056 = ORIENTED_EDGE ( 'NONE', *, *, #11142, .T. ) ;
#3057 = DIRECTION ( 'NONE',  ( 0.000000000000000000, 0.000000000000000000, -1.000000000000000000 ) ) ;
#3058 = DIRECTION ( 'NONE',  ( 0.000000000000000000, 0.000000000000000000, 1.000000000000000000 ) ) ;
#3059 = ORIENTED_EDGE ( 'NONE', *, *, #3913, .F. ) ;
#3060 = ORIENTED_EDGE ( 'NONE', *, *, #10206, .T. ) ;
#3061 = DIRECTION ( 'NONE',  ( 0.000000000000000000, 1.000000000000000000, 0.000000000000000000 ) ) ;
#3062 = DIRECTION ( 'NONE',  ( 0.000000000000000000, -0.000000000000000000, -1.000000000000000000 ) ) ;
#3063 = LINE ( 'NONE', #6917, #10049 ) ;
#3064 = EDGE_CURVE ( 'NONE', #4993, #4529, #1125, .T. ) ;
#3065 = EDGE_CURVE ( 'NONE', #7535, #12277, #9632, .T. ) ;
#3066 = CARTESIAN_POINT ( 'NONE',  ( 44.98517677218605115, 11.00000000000000000, -44.98517677218592326 ) ) ;
#3067 = EDGE_CURVE ( 'NONE', #510, #4255, #12207, .T. ) ;
#3068 = CARTESIAN_POINT ( 'NONE',  ( 16.49999999999995381, 11.00000000000000000, -24.49999999999996447 ) ) ;
#3069 = AXIS2_PLACEMENT_3D ( 'NONE', #6395, #2679, #8451 ) ;
#3070 = CARTESIAN_POINT ( 'NONE',  ( 59.00000000000001421, 11.00000000000000000, -12.99999999999990052 ) ) ;
#3071 = ORIENTED_EDGE ( 'NONE', *, *, #4600, .T. ) ;
#3072 = CARTESIAN_POINT ( 'NONE',  ( 65.47228714274750416, 9.799999999999998934, -47.19999999999998863 ) ) ;
#3073 = VERTEX_POINT ( 'NONE', #10739 ) ;
#3074 = DIRECTION ( 'NONE',  ( -0.000000000000000000, -1.000000000000000000, -0.000000000000000000 ) ) ;
#3075 = CARTESIAN_POINT ( 'NONE',  ( 16.50000000000000711, 11.00000000000000000, -7.499999999999968914 ) ) ;
#3076 = AXIS2_PLACEMENT_3D ( 'NONE', #3230, #5327, #9125 ) ;
#3077 = DIRECTION ( 'NONE',  ( 0.000000000000000000, 0.000000000000000000, 1.000000000000000000 ) ) ;
#3078 = ADVANCED_FACE ( 'NONE', ( #752 ), #3540, .T. ) ;
#3079 = ORIENTED_EDGE ( 'NONE', *, *, #149, .F. ) ;
#3080 = ADVANCED_FACE ( 'NONE', ( #1641 ), #4552, .T. ) ;
#3081 = ORIENTED_EDGE ( 'NONE', *, *, #879, .F. ) ;
#3082 = CIRCLE ( 'NONE', #7936, 0.9999999999999983347 ) ;
#3083 = DIRECTION ( 'NONE',  ( 0.000000000000000000, 1.000000000000000000, -0.000000000000000000 ) ) ;
#3084 = DIRECTION ( 'NONE',  ( 0.000000000000000000, 1.000000000000000000, 0.000000000000000000 ) ) ;
#3085 = CARTESIAN_POINT ( 'NONE',  ( 42.35613998199880825, 11.00000000000000000, -46.19999999999999574 ) ) ;
#3086 = FACE_OUTER_BOUND ( 'NONE', #9534, .T. ) ;
#3087 = ORIENTED_EDGE ( 'NONE', *, *, #3648, .F. ) ;
#3088 = ORIENTED_EDGE ( 'NONE', *, *, #10501, .F. ) ;
#3089 = CARTESIAN_POINT ( 'NONE',  ( 72.49999999999995737, 11.00000000000000000, -20.99999999999999289 ) ) ;
#3090 = DIRECTION ( 'NONE',  ( 0.000000000000000000, 0.000000000000000000, -1.000000000000000000 ) ) ;
#3091 = CARTESIAN_POINT ( 'NONE',  ( 65.76223663640863037, 2.000000000000000000, -46.00000000000000000 ) ) ;
#3092 = AXIS2_PLACEMENT_3D ( 'NONE', #3314, #7165, #11038 ) ;
#3093 = EDGE_CURVE ( 'NONE', #4565, #4299, #3761, .T. ) ;
#3094 = CARTESIAN_POINT ( 'NONE',  ( 16.49999999999992539, 11.00000000000000000, -34.49999999999996447 ) ) ;
#3096 = ADVANCED_FACE ( 'NONE', ( #3839 ), #7687, .T. ) ;
#3095 = CIRCLE ( 'NONE', #2296, 0.9999999999999974465 ) ;
#3097 = EDGE_CURVE ( 'NONE', #1153, #8111, #4851, .T. ) ;
#3098 = EDGE_CURVE ( 'NONE', #3480, #2767, #8843, .T. ) ;
#3099 = CYLINDRICAL_SURFACE ( 'NONE', #9432, 3.000000000000009770 ) ;
#3100 = CIRCLE ( 'NONE', #11610, 0.9999999999999974465 ) ;
#3101 = EDGE_LOOP ( 'NONE', ( #646, #11398, #11279, #5013 ) ) ;
#3102 = FACE_OUTER_BOUND ( 'NONE', #6471, .T. ) ;
#3103 = EDGE_CURVE ( 'NONE', #6629, #458, #1953, .T. ) ;
#3105 = DIRECTION ( 'NONE',  ( 0.000000000000000000, 0.000000000000000000, -1.000000000000000000 ) ) ;
#3104 = VECTOR ( 'NONE', #3513, 1000.000000000000000 ) ;
#3106 = AXIS2_PLACEMENT_3D ( 'NONE', #6654, #8510, #12300 ) ;
#3107 = CARTESIAN_POINT ( 'NONE',  ( 7.499999999999992895, 11.00000000000000000, -20.99999999999990052 ) ) ;
#3108 = ORIENTED_EDGE ( 'NONE', *, *, #1674, .T. ) ;
#3109 = ORIENTED_EDGE ( 'NONE', *, *, #8983, .T. ) ;
#3110 = VERTEX_POINT ( 'NONE', #3134 ) ;
#3111 = DIRECTION ( 'NONE',  ( -0.000000000000000000, -1.000000000000000000, -0.000000000000000000 ) ) ;
#3112 = CARTESIAN_POINT ( 'NONE',  ( 7.499999999999944045, 11.00000000000000000, -34.49999999999989342 ) ) ;
#3113 = AXIS2_PLACEMENT_3D ( 'NONE', #5118, #1312, #1187 ) ;
#3114 = EDGE_CURVE ( 'NONE', #2501, #11049, #11054, .T. ) ;
#3115 = EDGE_LOOP ( 'NONE', ( #10300, #7011, #4473, #12362 ) ) ;
#3116 = AXIS2_PLACEMENT_3D ( 'NONE', #6289, #1620, #10159 ) ;
#3117 = VECTOR ( 'NONE', #2232, 1000.000000000000000 ) ;
#3118 = DIRECTION ( 'NONE',  ( -0.000000000000000000, 1.000000000000000000, -0.000000000000000000 ) ) ;
#3119 = CARTESIAN_POINT ( 'NONE',  ( 8.514823227813758777, 9.799999999999998934, 8.514823227813852924 ) ) ;
#3120 = DIRECTION ( 'NONE',  ( 0.000000000000000000, 0.000000000000000000, 1.000000000000000000 ) ) ;
#3121 = DIRECTION ( 'NONE',  ( -1.000000000000000000, 0.000000000000000000, 0.000000000000000000 ) ) ;
#3122 = DIRECTION ( 'NONE',  ( -0.000000000000000000, -1.000000000000000000, -0.000000000000000000 ) ) ;
#3123 = CIRCLE ( 'NONE', #4745, 0.9999999999999974465 ) ;
#3124 = ORIENTED_EDGE ( 'NONE', *, *, #2857, .T. ) ;
#3125 = CIRCLE ( 'NONE', #694, 0.9999999999999983347 ) ;
#3126 = CARTESIAN_POINT ( 'NONE',  ( 26.50000000000000000, 1.999999999999998224, -43.39999999999999858 ) ) ;
#3127 = DIRECTION ( 'NONE',  ( 0.000000000000000000, -0.000000000000000000, 1.000000000000000000 ) ) ;
#3128 = VERTEX_POINT ( 'NONE', #8008 ) ;
#3129 = VERTEX_POINT ( 'NONE', #6227 ) ;
#3130 = CARTESIAN_POINT ( 'NONE',  ( 45.14487014477790439, 2.000000000000000000, -4.000000000000002665 ) ) ;
#3131 = VECTOR ( 'NONE', #7205, 1000.000000000000000 ) ;
#3132 = DIRECTION ( 'NONE',  ( -0.000000000000000000, -1.000000000000000000, -0.000000000000000000 ) ) ;
#3133 = EDGE_CURVE ( 'NONE', #3251, #11122, #7819, .T. ) ;
#3134 = CARTESIAN_POINT ( 'NONE',  ( 73.50000000000000000, 11.00000000000000000, -46.00000000000000000 ) ) ;
#3135 = VECTOR ( 'NONE', #4960, 1000.000000000000000 ) ;
#3136 = EDGE_LOOP ( 'NONE', ( #11934, #7554, #5521, #4517 ) ) ;
#3137 = DIRECTION ( 'NONE',  ( 0.000000000000000000, 0.000000000000000000, -1.000000000000000000 ) ) ;
#3138 = AXIS2_PLACEMENT_3D ( 'NONE', #10938, #11062, #2271 ) ;
#3139 = CARTESIAN_POINT ( 'NONE',  ( 53.50000000000000000, 11.00000000000000000, -3.400000000000000355 ) ) ;
#3140 = ORIENTED_EDGE ( 'NONE', *, *, #2704, .F. ) ;
#3141 = LINE ( 'NONE', #277, #80 ) ;
#3142 = ORIENTED_EDGE ( 'NONE', *, *, #7713, .T. ) ;
#3143 = DIRECTION ( 'NONE',  ( -0.000000000000000000, -1.000000000000000000, -0.000000000000000000 ) ) ;
#3144 = ORIENTED_EDGE ( 'NONE', *, *, #1239, .T. ) ;
#3145 = AXIS2_PLACEMENT_3D ( 'NONE', #3436, #7221, #10021 ) ;
#3146 = DIRECTION ( 'NONE',  ( -0.000000000000000000, -1.000000000000000000, -0.000000000000000000 ) ) ;
#3147 = DIRECTION ( 'NONE',  ( 0.000000000000000000, 0.000000000000000000, 1.000000000000000000 ) ) ;
#3148 = CIRCLE ( 'NONE', #1540, 0.9999999999999974465 ) ;
#3149 = CARTESIAN_POINT ( 'NONE',  ( 45.14487014477790439, -0.002000000000000265454, -6.500000000000003553 ) ) ;
#3150 = ORIENTED_EDGE ( 'NONE', *, *, #12290, .T. ) ;
#3151 = AXIS2_PLACEMENT_3D ( 'NONE', #4484, #7388, #9356 ) ;
#3152 = DIRECTION ( 'NONE',  ( 0.000000000000000000, 1.000000000000000000, 0.000000000000000000 ) ) ;
#3153 = CARTESIAN_POINT ( 'NONE',  ( 52.00000000000000000, 11.00000000000000000, -10.85512985522205121 ) ) ;
#3154 = VECTOR ( 'NONE', #6646, 1000.000000000000000 ) ;
#3155 = DIRECTION ( 'NONE',  ( 0.000000000000000000, 0.000000000000000000, 1.000000000000000000 ) ) ;
#3156 = CYLINDRICAL_SURFACE ( 'NONE', #4795, 0.9999999999999974465 ) ;
#3157 = ORIENTED_EDGE ( 'NONE', *, *, #1087, .F. ) ;
#3158 = VERTEX_POINT ( 'NONE', #9023 ) ;
#3159 = DIRECTION ( 'NONE',  ( 0.000000000000000000, 0.000000000000000000, 1.000000000000000000 ) ) ;
#3160 = EDGE_CURVE ( 'NONE', #5984, #204, #2373, .T. ) ;
#3161 = CARTESIAN_POINT ( 'NONE',  ( 26.45857864376269930, 9.799999999999998934, -6.299999999999992717 ) ) ;
#3162 = CARTESIAN_POINT ( 'NONE',  ( 53.45857864376269220, 9.799999999999998934, -3.499999999999993339 ) ) ;
#3163 = AXIS2_PLACEMENT_3D ( 'NONE', #12064, #8391, #6465 ) ;
#3164 = LINE ( 'NONE', #11663, #6618 ) ;
#3165 = AXIS2_PLACEMENT_3D ( 'NONE', #3227, #5141, #239 ) ;
#3166 = CARTESIAN_POINT ( 'NONE',  ( 58.99999999999994316, 11.00000000000000000, -35.49999999999989342 ) ) ;
#3167 = VERTEX_POINT ( 'NONE', #2200 ) ;
#3168 = DIRECTION ( 'NONE',  ( 0.000000000000000000, -0.000000000000000000, 1.000000000000000000 ) ) ;
#3169 = AXIS2_PLACEMENT_3D ( 'NONE', #2029, #12335, #5632 ) ;
#3170 = PLANE ( 'NONE',  #6100 ) ;
#3171 = ORIENTED_EDGE ( 'NONE', *, *, #4475, .F. ) ;
#3172 = CARTESIAN_POINT ( 'NONE',  ( 63.49999999999994316, 11.00000000000000000, -29.99999999999992539 ) ) ;
#3173 = EDGE_CURVE ( 'NONE', #6979, #532, #4262, .T. ) ;
#3174 = VERTEX_POINT ( 'NONE', #8129 ) ;
#3175 = EDGE_LOOP ( 'NONE', ( #10279, #2315, #3051, #10715 ) ) ;
#3176 = CARTESIAN_POINT ( 'NONE',  ( 53.50000000000000000, 11.00000000000000000, -3.400000000000000355 ) ) ;
#3177 = CARTESIAN_POINT ( 'NONE',  ( 44.50000000000000000, 11.00000000000000000, -39.99999999999993605 ) ) ;
#3178 = ORIENTED_EDGE ( 'NONE', *, *, #3508, .F. ) ;
#3179 = AXIS2_PLACEMENT_3D ( 'NONE', #1034, #9659, #3053 ) ;
#3180 = LINE ( 'NONE', #9897, #12028 ) ;
#3181 = CIRCLE ( 'NONE', #551, 0.9999999999999974465 ) ;
#3182 = CARTESIAN_POINT ( 'NONE',  ( 3.443928191751364240E-14, 9.799999999999998934, -49.20000000000005969 ) ) ;
#3183 = EDGE_CURVE ( 'NONE', #9919, #2579, #937, .T. ) ;
#3184 = ORIENTED_EDGE ( 'NONE', *, *, #9056, .T. ) ;
#3185 = FACE_BOUND ( 'NONE', #1911, .T. ) ;
#3186 = DIRECTION ( 'NONE',  ( 0.000000000000000000, -0.000000000000000000, 1.000000000000000000 ) ) ;
#3187 = FACE_OUTER_BOUND ( 'NONE', #1565, .T. ) ;
#3188 = ORIENTED_EDGE ( 'NONE', *, *, #11029, .T. ) ;
#3189 = EDGE_CURVE ( 'NONE', #3630, #6130, #2252, .T. ) ;
#3190 = FACE_OUTER_BOUND ( 'NONE', #8544, .T. ) ;
#3191 = DIRECTION ( 'NONE',  ( 0.000000000000000000, 0.000000000000000000, 1.000000000000000000 ) ) ;
#3192 = ORIENTED_EDGE ( 'NONE', *, *, #10119, .F. ) ;
#3193 = FACE_OUTER_BOUND ( 'NONE', #5039, .T. ) ;
#3194 = VECTOR ( 'NONE', #2456, 1000.000000000000000 ) ;
#3195 = DIRECTION ( 'NONE',  ( 0.000000000000000000, 1.000000000000000000, 0.000000000000000000 ) ) ;
#3196 = DIRECTION ( 'NONE',  ( 1.734723475976805517E-15, 0.000000000000000000, 1.000000000000000000 ) ) ;
#3197 = VECTOR ( 'NONE', #6969, 1000.000000000000000 ) ;
#3198 = VERTEX_POINT ( 'NONE', #4206 ) ;
#3199 = DIRECTION ( 'NONE',  ( 0.7127720722690772392, 0.000000000000000000, -0.7013957320894141922 ) ) ;
#3200 = CIRCLE ( 'NONE', #11901, 0.9999999999999974465 ) ;
#3201 = FACE_OUTER_BOUND ( 'NONE', #11577, .T. ) ;
#3202 = ORIENTED_EDGE ( 'NONE', *, *, #2608, .F. ) ;
#3203 = CIRCLE ( 'NONE', #2817, 0.9999999999999974465 ) ;
#3204 = CARTESIAN_POINT ( 'NONE',  ( 67.99999999999991473, 11.00000000000000000, -34.49999999999996447 ) ) ;
#3205 = ORIENTED_EDGE ( 'NONE', *, *, #11304, .F. ) ;
#3206 = CARTESIAN_POINT ( 'NONE',  ( 67.99999999999991473, 11.00000000000000000, -33.49999999999995737 ) ) ;
#3207 = EDGE_LOOP ( 'NONE', ( #5999, #11479, #2860, #3374 ) ) ;
#3208 = FACE_OUTER_BOUND ( 'NONE', #3946, .T. ) ;
#3209 = DIRECTION ( 'NONE',  ( 1.000000000000000000, 0.000000000000000000, -0.000000000000000000 ) ) ;
#3210 = AXIS2_PLACEMENT_3D ( 'NONE', #1690, #9415, #739 ) ;
#3211 = AXIS2_PLACEMENT_3D ( 'NONE', #10069, #2536, #1399 ) ;
#3212 = ORIENTED_EDGE ( 'NONE', *, *, #11823, .T. ) ;
#3213 = ORIENTED_EDGE ( 'NONE', *, *, #5812, .F. ) ;
#3214 = DIRECTION ( 'NONE',  ( 0.000000000000000000, 1.000000000000000000, 0.000000000000000000 ) ) ;
#3215 = DIRECTION ( 'NONE',  ( 0.000000000000000000, -0.000000000000000000, 1.000000000000000000 ) ) ;
#3216 = DIRECTION ( 'NONE',  ( 0.000000000000000000, -0.000000000000000000, 1.000000000000000000 ) ) ;
#3217 = DIRECTION ( 'NONE',  ( -0.000000000000000000, -1.000000000000000000, -0.000000000000000000 ) ) ;
#3218 = ORIENTED_EDGE ( 'NONE', *, *, #595, .T. ) ;
#3219 = ORIENTED_EDGE ( 'NONE', *, *, #5620, .F. ) ;
#3220 = CARTESIAN_POINT ( 'NONE',  ( 76.00000000000000000, 2.000000000000000000, 0.000000000000000000 ) ) ;
#3221 = DIRECTION ( 'NONE',  ( 0.000000000000000000, 0.000000000000000000, -1.000000000000000000 ) ) ;
#3222 = APPLICATION_CONTEXT ( 'configuration controlled 3d designs of mechanical parts and assemblies' ) ;
#3223 = LINE ( 'NONE', #7069, #10438 ) ;
#3224 = DIRECTION ( 'NONE',  ( 0.000000000000000000, 0.000000000000000000, -1.000000000000000000 ) ) ;
#3225 = EDGE_CURVE ( 'NONE', #2205, #264, #1558, .T. ) ;
#3226 = EDGE_CURVE ( 'NONE', #8306, #3518, #4370, .T. ) ;
#3227 = CARTESIAN_POINT ( 'NONE',  ( 35.49999999999999289, 11.00000000000000000, -7.499999999999963585 ) ) ;
#3228 = VERTEX_POINT ( 'NONE', #11938 ) ;
#3229 = LINE ( 'NONE', #7213, #11695 ) ;
#3230 = CARTESIAN_POINT ( 'NONE',  ( 20.99999999999991473, 11.00000000000000000, -29.99999999999998934 ) ) ;
#3231 = FACE_OUTER_BOUND ( 'NONE', #3718, .T. ) ;
#3232 = EDGE_LOOP ( 'NONE', ( #6785, #7631 ) ) ;
#3233 = VERTEX_POINT ( 'NONE', #2387 ) ;
#3234 = FACE_OUTER_BOUND ( 'NONE', #5435, .T. ) ;
#3235 = DIRECTION ( 'NONE',  ( -0.000000000000000000, -1.000000000000000000, -0.000000000000000000 ) ) ;
#3236 = AXIS2_PLACEMENT_3D ( 'NONE', #12376, #5809, #3656 ) ;
#3237 = EDGE_CURVE ( 'NONE', #7991, #1792, #336, .T. ) ;
#3238 = CARTESIAN_POINT ( 'NONE',  ( 11.99999999999993427, 11.00000000000000000, -33.49999999999992895 ) ) ;
#3239 = ADVANCED_FACE ( 'NONE', ( #1175 ), #4027, .F. ) ;
#3240 = DIRECTION ( 'NONE',  ( 3.717264591378885418E-14, 0.000000000000000000, 1.000000000000000000 ) ) ;
#3241 = ORIENTED_EDGE ( 'NONE', *, *, #2952, .F. ) ;
#3242 = FACE_BOUND ( 'NONE', #4154, .T. ) ;
#3243 = EDGE_CURVE ( 'NONE', #7065, #3681, #4985, .T. ) ;
#3244 = CARTESIAN_POINT ( 'NONE',  ( 54.36984848098349232, 9.799999999999998934, -5.499999999999992895 ) ) ;
#3245 = ORIENTED_EDGE ( 'NONE', *, *, #1649, .F. ) ;
#3246 = CARTESIAN_POINT ( 'NONE',  ( 7.499999999999930722, 11.00000000000000000, -38.99999999999988631 ) ) ;
#3247 = VERTEX_POINT ( 'NONE', #7881 ) ;
#3248 = DIRECTION ( 'NONE',  ( -0.7071067811865475727, 0.000000000000000000, 0.7071067811865475727 ) ) ;
#3249 = LINE ( 'NONE', #10096, #1492 ) ;
#3250 = ORIENTED_EDGE ( 'NONE', *, *, #8427, .F. ) ;
#3251 = VERTEX_POINT ( 'NONE', #11756 ) ;
#3252 = DIRECTION ( 'NONE',  ( 0.000000000000000000, 0.000000000000000000, 1.000000000000000000 ) ) ;
#3253 = EDGE_CURVE ( 'NONE', #5971, #7059, #3063, .T. ) ;
#3254 = DIRECTION ( 'NONE',  ( 0.000000000000000000, 1.000000000000000000, 0.000000000000000000 ) ) ;
#3255 = EDGE_CURVE ( 'NONE', #9206, #6789, #8900, .T. ) ;
#3256 = VERTEX_POINT ( 'NONE', #8958 ) ;
#3257 = EDGE_CURVE ( 'NONE', #10544, #2788, #10648, .T. ) ;
#3258 = DIRECTION ( 'NONE',  ( 0.000000000000000000, 1.000000000000000000, 0.000000000000000000 ) ) ;
#3259 = EDGE_CURVE ( 'NONE', #11763, #9404, #1488, .T. ) ;
#3260 = PLANE ( 'NONE',  #101 ) ;
#3261 = ORIENTED_EDGE ( 'NONE', *, *, #2492, .T. ) ;
#3262 = CARTESIAN_POINT ( 'NONE',  ( 67.99999999999997158, 2.000000000000000000, -16.49999999999996447 ) ) ;
#3263 = EDGE_LOOP ( 'NONE', ( #9875, #4693, #10378, #4645 ) ) ;
#3264 = FACE_OUTER_BOUND ( 'NONE', #7457, .T. ) ;
#3265 = VERTEX_POINT ( 'NONE', #7297 ) ;
#3266 = CARTESIAN_POINT ( 'NONE',  ( 72.49999999999991473, 11.00000000000000000, -29.99999999999998934 ) ) ;
#3267 = DIRECTION ( 'NONE',  ( 0.000000000000000000, 1.000000000000000000, 0.000000000000000000 ) ) ;
#3269 = EDGE_CURVE ( 'NONE', #7180, #4411, #117, .T. ) ;
#3268 = VECTOR ( 'NONE', #7091, 1000.000000000000000 ) ;
#3270 = CARTESIAN_POINT ( 'NONE',  ( 11.99999999999992006, 2.000000000000000000, -37.99999999999992184 ) ) ;
#3271 = MECHANICAL_CONTEXT ( 'NONE', #3222, 'mechanical' ) ;
#3272 = EDGE_LOOP ( 'NONE', ( #5670, #5444, #12036, #8323 ) ) ;
#3273 = DIRECTION ( 'NONE',  ( 1.000000000000000000, 0.000000000000000000, -4.818676322157797621E-17 ) ) ;
#3274 = DIRECTION ( 'NONE',  ( 0.000000000000000000, 0.000000000000000000, 1.000000000000000000 ) ) ;
#3275 = CIRCLE ( 'NONE', #6705, 0.9999999999999974465 ) ;
#3276 = ORIENTED_EDGE ( 'NONE', *, *, #10304, .T. ) ;
#3277 = ORIENTED_EDGE ( 'NONE', *, *, #5493, .F. ) ;
#3278 = CYLINDRICAL_SURFACE ( 'NONE', #11187, 2.799999999999996270 ) ;
#3279 = CIRCLE ( 'NONE', #2687, 0.9999999999999974465 ) ;
#3280 = DIRECTION ( 'NONE',  ( -1.000000000000000000, 0.000000000000000000, -1.527636139592262070E-15 ) ) ;
#3281 = CARTESIAN_POINT ( 'NONE',  ( 16.49999999999989697, 11.00000000000000000, -38.99999999999995026 ) ) ;
#3282 = CARTESIAN_POINT ( 'NONE',  ( 34.24386001800125001, 11.00000000000000000, -1.000000000000002665 ) ) ;
#3283 = DIRECTION ( 'NONE',  ( 0.000000000000000000, 0.000000000000000000, 1.000000000000000000 ) ) ;
#3284 = ORIENTED_EDGE ( 'NONE', *, *, #3868, .T. ) ;
#3285 = AXIS2_PLACEMENT_3D ( 'NONE', #1746, #11431, #9663 ) ;
#3286 = CIRCLE ( 'NONE', #10370, 0.9999999999999974465 ) ;
#3287 = ORIENTED_EDGE ( 'NONE', *, *, #8353, .F. ) ;
#3288 = DIRECTION ( 'NONE',  ( 0.000000000000000000, 0.000000000000000000, 1.000000000000000000 ) ) ;
#3289 = VERTEX_POINT ( 'NONE', #10289 ) ;
#3290 = DIRECTION ( 'NONE',  ( 0.000000000000000000, 1.000000000000000000, 0.000000000000000000 ) ) ;
#3291 = DIRECTION ( 'NONE',  ( 0.000000000000000000, 0.000000000000000000, 1.000000000000000000 ) ) ;
#3292 = EDGE_LOOP ( 'NONE', ( #8404, #477 ) ) ;
#3293 = AXIS2_PLACEMENT_3D ( 'NONE', #589, #10281, #2565 ) ;
#3294 = EDGE_CURVE ( 'NONE', #11363, #2391, #2163, .T. ) ;
#3295 = CARTESIAN_POINT ( 'NONE',  ( 31.50000000000000711, 2.000000000000000000, -16.49999999999997158 ) ) ;
#3296 = ORIENTED_EDGE ( 'NONE', *, *, #6078, .T. ) ;
#3297 = ORIENTED_EDGE ( 'NONE', *, *, #8431, .F. ) ;
#3298 = ORIENTED_EDGE ( 'NONE', *, *, #7357, .T. ) ;
#3299 = CARTESIAN_POINT ( 'NONE',  ( 7.100609665440774876, 11.00000000000000000, 7.100609665440824614 ) ) ;
#3300 = AXIS2_PLACEMENT_3D ( 'NONE', #3011, #4979, #7745 ) ;
#3301 = EDGE_CURVE ( 'NONE', #11249, #5693, #5413, .T. ) ;
#3302 = PLANE ( 'NONE',  #4820 ) ;
#3303 = ADVANCED_FACE ( 'NONE', ( #8265 ), #4326, .F. ) ;
#3304 = CIRCLE ( 'NONE', #10390, 1.000000000000000888 ) ;
#3305 = LINE ( 'NONE', #9951, #12016 ) ;
#3306 = AXIS2_PLACEMENT_3D ( 'NONE', #1381, #4092, #6999 ) ;
#3307 = FACE_OUTER_BOUND ( 'NONE', #6704, .T. ) ;
#3308 = VECTOR ( 'NONE', #10897, 1000.000000000000000 ) ;
#3309 = CARTESIAN_POINT ( 'NONE',  ( 6.500000000000000888, 11.00000000000000000, -43.50000000000000000 ) ) ;
#3310 = ORIENTED_EDGE ( 'NONE', *, *, #7506, .T. ) ;
#3311 = CARTESIAN_POINT ( 'NONE',  ( 63.50000000000002842, 11.00000000000000000, -7.499999999999936939 ) ) ;
#3312 = ORIENTED_EDGE ( 'NONE', *, *, #8270, .T. ) ;
#3313 = ADVANCED_FACE ( 'NONE', ( #3452 ), #6286, .T. ) ;
#3314 = CARTESIAN_POINT ( 'NONE',  ( 63.49999999999997158, 11.00000000000000000, -20.99999999999993250 ) ) ;
#3315 = CARTESIAN_POINT ( 'NONE',  ( 24.99999999999999645, 2.000000000000000000, -9.819595949289308123 ) ) ;
#3316 = VERTEX_POINT ( 'NONE', #11351 ) ;
#3317 = VERTEX_POINT ( 'NONE', #3634 ) ;
#3318 = ORIENTED_EDGE ( 'NONE', *, *, #8338, .T. ) ;
#3319 = DIRECTION ( 'NONE',  ( 0.000000000000000000, -0.000000000000000000, 1.000000000000000000 ) ) ;
#3320 = VECTOR ( 'NONE', #2900, 1000.000000000000000 ) ;
#3321 = EDGE_CURVE ( 'NONE', #5604, #4011, #11105, .T. ) ;
#3322 = CARTESIAN_POINT ( 'NONE',  ( 62.07220293988400073, 9.799999999999998934, -6.000084202863472882 ) ) ;
#3323 = AXIS2_PLACEMENT_3D ( 'NONE', #5844, #1030, #4896 ) ;
#3324 = CIRCLE ( 'NONE', #5938, 0.9999999999999974465 ) ;
#3325 = ORIENTED_EDGE ( 'NONE', *, *, #8655, .F. ) ;
#3326 = DIRECTION ( 'NONE',  ( 0.000000000000000000, 0.000000000000000000, 1.000000000000000000 ) ) ;
#3327 = AXIS2_PLACEMENT_3D ( 'NONE', #5369, #12137, #605 ) ;
#3328 = DIRECTION ( 'NONE',  ( -0.000000000000000000, 1.000000000000000000, -0.000000000000000000 ) ) ;
#3329 = EDGE_LOOP ( 'NONE', ( #9700, #2977 ) ) ;
#3330 = AXIS2_PLACEMENT_3D ( 'NONE', #11707, #1183, #3020 ) ;
#3331 = VECTOR ( 'NONE', #12171, 1000.000000000000000 ) ;
#3332 = CYLINDRICAL_SURFACE ( 'NONE', #11104, 2.799999999999997158 ) ;
#3333 = VERTEX_POINT ( 'NONE', #5351 ) ;
#3334 = AXIS2_PLACEMENT_3D ( 'NONE', #5624, #7387, #3720 ) ;
#3335 = DIRECTION ( 'NONE',  ( 0.000000000000000000, 0.000000000000000000, -1.000000000000000000 ) ) ;
#3336 = EDGE_LOOP ( 'NONE', ( #7399, #10775 ) ) ;
#3337 = ORIENTED_EDGE ( 'NONE', *, *, #6198, .T. ) ;
#3338 = LINE ( 'NONE', #7190, #7139 ) ;
#3339 = EDGE_CURVE ( 'NONE', #2209, #2434, #12263, .T. ) ;
#3340 = EDGE_CURVE ( 'NONE', #11917, #7535, #4457, .T. ) ;
#3341 = EDGE_CURVE ( 'NONE', #2421, #1603, #1755, .T. ) ;
#3342 = AXIS2_PLACEMENT_3D ( 'NONE', #4455, #11224, #9394 ) ;
#3343 = EDGE_CURVE ( 'NONE', #2190, #1855, #723, .T. ) ;
#3344 = AXIS2_PLACEMENT_3D ( 'NONE', #1046, #4854, #10556 ) ;
#3345 = AXIS2_PLACEMENT_3D ( 'NONE', #3906, #9038, #4151 ) ;
#3346 = VERTEX_POINT ( 'NONE', #1429 ) ;
#3347 = DIRECTION ( 'NONE',  ( 0.000000000000000000, -1.000000000000000000, 0.000000000000000000 ) ) ;
#3348 = FACE_OUTER_BOUND ( 'NONE', #1408, .T. ) ;
#3349 = FACE_OUTER_BOUND ( 'NONE', #2277, .T. ) ;
#3350 = CARTESIAN_POINT ( 'NONE',  ( 20.99999999999998224, 11.00000000000000000, -11.00000000000000000 ) ) ;
#3351 = CIRCLE ( 'NONE', #10434, 0.9999999999999974465 ) ;
#3352 = EDGE_LOOP ( 'NONE', ( #3783, #1099, #917, #5597 ) ) ;
#3353 = EDGE_CURVE ( 'NONE', #8607, #6041, #1618, .T. ) ;
#3354 = ORIENTED_EDGE ( 'NONE', *, *, #10626, .F. ) ;
#3355 = VECTOR ( 'NONE', #8329, 1000.000000000000000 ) ;
#3356 = CARTESIAN_POINT ( 'NONE',  ( 7.499999999999971578, 2.000000000000000000, -25.49999999999989697 ) ) ;
#3357 = DIRECTION ( 'NONE',  ( -1.000000000000000000, 0.000000000000000000, 7.534230757946422568E-17 ) ) ;
#3358 = CARTESIAN_POINT ( 'NONE',  ( 26.54142135623731136, 11.00000000000000000, -6.299999999999992717 ) ) ;
#3359 = CARTESIAN_POINT ( 'NONE',  ( 0.000000000000000000, 0.000000000000000000, 0.000000000000000000 ) ) ;
#3360 = CARTESIAN_POINT ( 'NONE',  ( 13.50000000000000000, 5.000000000000000000, 1.114428587224088704E-15 ) ) ;
#3361 = VERTEX_POINT ( 'NONE', #9213 ) ;
#3362 = ORIENTED_EDGE ( 'NONE', *, *, #3708, .F. ) ;
#3363 = AXIS2_PLACEMENT_3D ( 'NONE', #6333, #7414, #4508 ) ;
#3364 = EDGE_LOOP ( 'NONE', ( #10584, #7358, #10629, #1116 ) ) ;
#3365 = CARTESIAN_POINT ( 'NONE',  ( -7.534230757946416405E-17, 11.00000000000000000, -0.9999999999999991118 ) ) ;
#3366 = VERTEX_POINT ( 'NONE', #3509 ) ;
#3367 = CARTESIAN_POINT ( 'NONE',  ( 7.500000000000041744, 11.00000000000000000, -7.499999999999904965 ) ) ;
#3368 = CARTESIAN_POINT ( 'NONE',  ( 45.75613998199875709, 9.799999999999998934, -4.000000000000002665 ) ) ;
#3369 = AXIS2_PLACEMENT_3D ( 'NONE', #1048, #9097, #2512 ) ;
#3370 = DIRECTION ( 'NONE',  ( 0.000000000000000000, 0.000000000000000000, 1.000000000000000000 ) ) ;
#3371 = EDGE_LOOP ( 'NONE', ( #9340, #1139, #12022, #7859 ) ) ;
#3372 = VERTEX_POINT ( 'NONE', #462 ) ;
#3373 = AXIS2_PLACEMENT_3D ( 'NONE', #2286, #9120, #10892 ) ;
#3374 = ORIENTED_EDGE ( 'NONE', *, *, #12366, .T. ) ;
#3375 = DIRECTION ( 'NONE',  ( 0.7071067811865513475, 0.000000000000000000, 0.7071067811865435759 ) ) ;
#3376 = CYLINDRICAL_SURFACE ( 'NONE', #6637, 1.000000000000000888 ) ;
#3377 = EDGE_CURVE ( 'NONE', #3472, #11622, #11225, .T. ) ;
#3378 = EDGE_LOOP ( 'NONE', ( #6080, #6010, #7234, #7148 ) ) ;
#3379 = LINE ( 'NONE', #11092, #11828 ) ;
#3380 = CIRCLE ( 'NONE', #4999, 2.447087127489769198 ) ;
#3381 = DIRECTION ( 'NONE',  ( -0.000000000000000000, -1.000000000000000000, 0.000000000000000000 ) ) ;
#3382 = ORIENTED_EDGE ( 'NONE', *, *, #5870, .F. ) ;
#3383 = DIRECTION ( 'NONE',  ( 0.000000000000000000, 0.000000000000000000, 1.000000000000000000 ) ) ;
#3384 = LINE ( 'NONE', #6338, #12169 ) ;
#3385 = ORIENTED_EDGE ( 'NONE', *, *, #10503, .F. ) ;
#3386 = CARTESIAN_POINT ( 'NONE',  ( 35.49999999999999289, 11.00000000000000000, -25.49999999999996092 ) ) ;
#3387 = FACE_BOUND ( 'NONE', #5298, .T. ) ;
#3388 = VERTEX_POINT ( 'NONE', #5464 ) ;
#3389 = ORIENTED_EDGE ( 'NONE', *, *, #10463, .T. ) ;
#3390 = CARTESIAN_POINT ( 'NONE',  ( 51.47867965644046961, 9.799999999999998934, -41.32010101267767510 ) ) ;
#3391 = CARTESIAN_POINT ( 'NONE',  ( 71.09999999999999432, 5.000000000000000000, 0.000000000000000000 ) ) ;
#3392 = VECTOR ( 'NONE', #138, 1000.000000000000000 ) ;
#3393 = AXIS2_PLACEMENT_3D ( 'NONE', #10464, #12344, #5640 ) ;
#3394 = VERTEX_POINT ( 'NONE', #7237 ) ;
#3395 = DIRECTION ( 'NONE',  ( 0.000000000000000000, 0.000000000000000000, -1.000000000000000000 ) ) ;
#3396 = EDGE_CURVE ( 'NONE', #1491, #6206, #10449, .T. ) ;
#3397 = CARTESIAN_POINT ( 'NONE',  ( 31.50000000000000711, 11.00000000000000000, -21.99999999999996803 ) ) ;
#3398 = ADVANCED_FACE ( 'NONE', ( #2571 ), #9330, .T. ) ;
#3399 = AXIS2_PLACEMENT_3D ( 'NONE', #2363, #1143, #5015 ) ;
#3400 = DIRECTION ( 'NONE',  ( 0.000000000000000000, 0.000000000000000000, 1.000000000000000000 ) ) ;
#3401 = EDGE_LOOP ( 'NONE', ( #9848, #5055 ) ) ;
#3402 = CARTESIAN_POINT ( 'NONE',  ( 32.95096679918778193, 9.799999999999998934, -3.878679656440370493 ) ) ;
#3403 = VERTEX_POINT ( 'NONE', #10344 ) ;
#3404 = ORIENTED_EDGE ( 'NONE', *, *, #5582, .F. ) ;
#3405 = DIRECTION ( 'NONE',  ( -0.000000000000000000, 1.000000000000000000, -0.000000000000000000 ) ) ;
#3406 = EDGE_CURVE ( 'NONE', #6018, #2421, #1673, .T. ) ;
#3407 = VECTOR ( 'NONE', #6845, 1000.000000000000000 ) ;
#3409 = ADVANCED_FACE ( 'NONE', ( #6779 ), #787, .F. ) ;
#3408 = DIRECTION ( 'NONE',  ( 0.000000000000000000, 1.000000000000000000, 0.000000000000000000 ) ) ;
#3410 = DIRECTION ( 'NONE',  ( 0.7071067811865467956, 0.000000000000000000, -0.7071067811865483499 ) ) ;
#3411 = ADVANCED_FACE ( 'NONE', ( #10662 ), #2867, .T. ) ;
#3412 = DIRECTION ( 'NONE',  ( -0.000000000000000000, -1.000000000000000000, -0.000000000000000000 ) ) ;
#3413 = CYLINDRICAL_SURFACE ( 'NONE', #2982, 0.9999999999999940048 ) ;
#3414 = ORIENTED_EDGE ( 'NONE', *, *, #3557, .T. ) ;
#3415 = AXIS2_PLACEMENT_3D ( 'NONE', #8342, #668, #7563 ) ;
#3416 = ORIENTED_EDGE ( 'NONE', *, *, #10084, .T. ) ;
#3417 = CARTESIAN_POINT ( 'NONE',  ( 12.00000000000000355, 11.00000000000000000, -10.99999999999993605 ) ) ;
#3418 = DIRECTION ( 'NONE',  ( 0.000000000000000000, -0.000000000000000000, 1.000000000000000000 ) ) ;
#3419 = DIRECTION ( 'NONE',  ( -0.000000000000000000, -1.000000000000000000, -0.000000000000000000 ) ) ;
#3420 = CARTESIAN_POINT ( 'NONE',  ( 53.50000000000000000, -21.88036781070453785, -37.29999999999996874 ) ) ;
#3421 = EDGE_CURVE ( 'NONE', #7505, #2899, #11544, .T. ) ;
#3422 = CYLINDRICAL_SURFACE ( 'NONE', #3211, 0.9999999999999974465 ) ;
#3423 = ORIENTED_EDGE ( 'NONE', *, *, #11709, .T. ) ;
#3424 = VERTEX_POINT ( 'NONE', #4834 ) ;
#3425 = EDGE_CURVE ( 'NONE', #4590, #4187, #740, .T. ) ;
#3426 = CC_DESIGN_APPROVAL ( #8796, ( #2620 ) ) ;
#3427 = EDGE_CURVE ( 'NONE', #8212, #4479, #9519, .T. ) ;
#3428 = DIRECTION ( 'NONE',  ( 0.000000000000000000, 0.000000000000000000, 1.000000000000000000 ) ) ;
#3429 = ORIENTED_EDGE ( 'NONE', *, *, #11213, .T. ) ;
#3430 = DIRECTION ( 'NONE',  ( 0.000000000000000000, 0.000000000000000000, 1.000000000000000000 ) ) ;
#3431 = DIRECTION ( 'NONE',  ( -0.000000000000000000, -1.000000000000000000, -0.000000000000000000 ) ) ;
#3432 = VERTEX_POINT ( 'NONE', #5600 ) ;
#3433 = CARTESIAN_POINT ( 'NONE',  ( 48.49999999999999289, 11.00000000000000000, -30.99999999999992539 ) ) ;
#3434 = VERTEX_POINT ( 'NONE', #6713 ) ;
#3435 = EDGE_LOOP ( 'NONE', ( #7200, #109 ) ) ;
#3436 = CARTESIAN_POINT ( 'NONE',  ( 11.99999999999993427, 11.00000000000000000, -34.49999999999992895 ) ) ;
#3437 = DIRECTION ( 'NONE',  ( -0.000000000000000000, -1.000000000000000000, -0.000000000000000000 ) ) ;
#3438 = ORIENTED_EDGE ( 'NONE', *, *, #2956, .T. ) ;
#3439 = EDGE_CURVE ( 'NONE', #6943, #12146, #4167, .T. ) ;
#3440 = ORIENTED_EDGE ( 'NONE', *, *, #6107, .F. ) ;
#3441 = DIRECTION ( 'NONE',  ( 0.000000000000000000, 0.000000000000000000, -1.000000000000000000 ) ) ;
#3442 = LINE ( 'NONE', #8504, #2957 ) ;
#3443 = CYLINDRICAL_SURFACE ( 'NONE', #5011, 0.9999999999999974465 ) ;
#3444 = DIRECTION ( 'NONE',  ( 0.000000000000000000, 1.000000000000000000, 0.000000000000000000 ) ) ;
#3445 = ORIENTED_EDGE ( 'NONE', *, *, #2541, .F. ) ;
#3446 = DIRECTION ( 'NONE',  ( 0.000000000000000000, 0.000000000000000000, -1.000000000000000000 ) ) ;
#3447 = CARTESIAN_POINT ( 'NONE',  ( 16.49999999999995381, 2.000000000000000000, -25.49999999999996092 ) ) ;
#3448 = ORIENTED_EDGE ( 'NONE', *, *, #3425, .T. ) ;
#3449 = ORIENTED_EDGE ( 'NONE', *, *, #1541, .F. ) ;
#3450 = EDGE_LOOP ( 'NONE', ( #7747, #10154 ) ) ;
#3451 = CYLINDRICAL_SURFACE ( 'NONE', #5370, 0.9999999999999974465 ) ;
#3452 = FACE_OUTER_BOUND ( 'NONE', #674, .T. ) ;
#3453 = ORIENTED_EDGE ( 'NONE', *, *, #10110, .F. ) ;
#3454 = DIRECTION ( 'NONE',  ( 0.000000000000000000, 1.000000000000000000, 0.000000000000000000 ) ) ;
#3455 = DIRECTION ( 'NONE',  ( -0.7071067811865505703, -0.000000000000000000, -0.7071067811865444641 ) ) ;
#3456 = CARTESIAN_POINT ( 'NONE',  ( 72.49999999999988631, 11.00000000000000000, -37.99999999999998579 ) ) ;
#3457 = ORIENTED_EDGE ( 'NONE', *, *, #10770, .T. ) ;
#3458 = CIRCLE ( 'NONE', #7485, 0.9999999999999974465 ) ;
#3459 = CARTESIAN_POINT ( 'NONE',  ( 31.50000000000000711, 11.00000000000000000, -29.99999999999997158 ) ) ;
#3460 = CIRCLE ( 'NONE', #1838, 1.000000000000000888 ) ;
#3461 = ORIENTED_EDGE ( 'NONE', *, *, #10889, .T. ) ;
#3462 = ORIENTED_EDGE ( 'NONE', *, *, #9808, .T. ) ;
#3463 = PLANE ( 'NONE',  #2730 ) ;
#3464 = ADVANCED_FACE ( 'NONE', ( #2759 ), #8756, .T. ) ;
#3465 = ADVANCED_FACE ( 'NONE', ( #3940 ), #6601, .T. ) ;
#3466 = DIRECTION ( 'NONE',  ( 0.7071067811865450192, 0.000000000000000000, -0.7071067811865500152 ) ) ;
#3467 = FACE_OUTER_BOUND ( 'NONE', #1169, .T. ) ;
#3468 =( LENGTH_UNIT ( ) NAMED_UNIT ( * ) SI_UNIT ( .MILLI., .METRE. ) );
#3469 = DIRECTION ( 'NONE',  ( 0.000000000000000000, 0.000000000000000000, 1.000000000000000000 ) ) ;
#3470 = DIRECTION ( 'NONE',  ( -0.000000000000000000, 1.000000000000000000, 0.000000000000000000 ) ) ;
#3471 = VERTEX_POINT ( 'NONE', #3876 ) ;
#3472 = VERTEX_POINT ( 'NONE', #8516 ) ;
#3473 = DIRECTION ( 'NONE',  ( -0.000000000000000000, 1.000000000000000000, -0.000000000000000000 ) ) ;
#3474 = CARTESIAN_POINT ( 'NONE',  ( 45.26776695296636177, 11.00000000000000000, -43.00553031655772429 ) ) ;
#3475 = DIRECTION ( 'NONE',  ( -0.000000000000000000, -1.000000000000000000, -0.000000000000000000 ) ) ;
#3476 = LINE ( 'NONE', #10946, #9823 ) ;
#3477 = CIRCLE ( 'NONE', #1247, 0.9999999999999940048 ) ;
#3478 = EDGE_CURVE ( 'NONE', #9306, #6432, #2771, .T. ) ;
#3479 = DIRECTION ( 'NONE',  ( 0.7071067811865443531, 0.000000000000000000, -0.7071067811865506814 ) ) ;
#3480 = VERTEX_POINT ( 'NONE', #4649 ) ;
#3481 = FACE_BOUND ( 'NONE', #9270, .T. ) ;
#3482 = CARTESIAN_POINT ( 'NONE',  ( 7.499999999999930722, 11.00000000000000000, -38.99999999999988631 ) ) ;
#3483 = ORIENTED_EDGE ( 'NONE', *, *, #3439, .F. ) ;
#3484 = CIRCLE ( 'NONE', #7712, 2.500000000000002220 ) ;
#3485 = CARTESIAN_POINT ( 'NONE',  ( 72.49999999999995737, 11.00000000000000000, -19.99999999999999645 ) ) ;
#3486 = DIRECTION ( 'NONE',  ( 0.000000000000000000, 0.000000000000000000, 1.000000000000000000 ) ) ;
#3487 = DIRECTION ( 'NONE',  ( 0.000000000000000000, 0.000000000000000000, 1.000000000000000000 ) ) ;
#3488 = ADVANCED_FACE ( 'NONE', ( #12358 ), #10596, .F. ) ;
#3489 = EDGE_LOOP ( 'NONE', ( #522, #11101, #187, #2647 ) ) ;
#3490 = DIRECTION ( 'NONE',  ( 0.000000000000000000, 1.000000000000000000, 0.000000000000000000 ) ) ;
#3491 = VECTOR ( 'NONE', #11203, 1000.000000000000000 ) ;
#3492 = ADVANCED_FACE ( 'NONE', ( #9650 ), #836, .T. ) ;
#3493 = ADVANCED_FACE ( 'NONE', ( #2933 ), #12421, .F. ) ;
#3494 = CYLINDRICAL_SURFACE ( 'NONE', #10088, 2.799999999999969180 ) ;
#3495 = VERTEX_POINT ( 'NONE', #10539 ) ;
#3496 = AXIS2_PLACEMENT_3D ( 'NONE', #4405, #8213, #2582 ) ;
#3497 = DIRECTION ( 'NONE',  ( -0.000000000000000000, 1.000000000000000000, -0.000000000000000000 ) ) ;
#3498 = CARTESIAN_POINT ( 'NONE',  ( 40.00000000000000000, 2.000000000000000000, -9.749999999999953815 ) ) ;
#3499 = AXIS2_PLACEMENT_3D ( 'NONE', #4850, #9669, #7498 ) ;
#3500 = CARTESIAN_POINT ( 'NONE',  ( 11.99999999999998934, 11.00000000000000000, -17.49999999999992895 ) ) ;
#3501 = DIRECTION ( 'NONE',  ( -0.000000000000000000, 1.000000000000000000, -0.000000000000000000 ) ) ;
#3502 = ORIENTED_EDGE ( 'NONE', *, *, #6952, .T. ) ;
#3503 = VECTOR ( 'NONE', #6669, 1000.000000000000000 ) ;
#3504 = DIRECTION ( 'NONE',  ( -0.000000000000000000, 0.000000000000000000, -1.000000000000000000 ) ) ;
#3505 = DIRECTION ( 'NONE',  ( -0.000000000000000000, 1.000000000000000000, -0.000000000000000000 ) ) ;
#3506 = EDGE_LOOP ( 'NONE', ( #2131, #6664, #6780, #11771 ) ) ;
#3507 = CARTESIAN_POINT ( 'NONE',  ( 16.49999999999999289, 2.000000000000000000, -12.99999999999996270 ) ) ;
#3508 = EDGE_CURVE ( 'NONE', #1041, #230, #9031, .T. ) ;
#3509 = CARTESIAN_POINT ( 'NONE',  ( 63.49999999999997158, 2.000000000000000000, -19.99999999999993605 ) ) ;
#3510 = AXIS2_PLACEMENT_3D ( 'NONE', #11692, #5167, #6910 ) ;
#3511 = ORIENTED_EDGE ( 'NONE', *, *, #11145, .T. ) ;
#3512 = AXIS2_PLACEMENT_3D ( 'NONE', #4827, #9888, #5018 ) ;
#3513 = DIRECTION ( 'NONE',  ( 1.000000000000000000, 0.000000000000000000, -4.818676322157797621E-17 ) ) ;
#3514 = CARTESIAN_POINT ( 'NONE',  ( 58.99999999999995737, 11.00000000000000000, -29.99999999999989342 ) ) ;
#3515 = VERTEX_POINT ( 'NONE', #8635 ) ;
#3516 = FACE_OUTER_BOUND ( 'NONE', #8053, .T. ) ;
#3517 = VECTOR ( 'NONE', #614, 1000.000000000000000 ) ;
#3518 = VERTEX_POINT ( 'NONE', #12486 ) ;
#3519 = LINE ( 'NONE', #2449, #10571 ) ;
#3520 = EDGE_LOOP ( 'NONE', ( #9228, #6724, #8107, #4641 ) ) ;
#3521 = ORIENTED_EDGE ( 'NONE', *, *, #2558, .T. ) ;
#3522 = DIRECTION ( 'NONE',  ( 0.000000000000000000, 0.000000000000000000, 1.000000000000000000 ) ) ;
#3523 = AXIS2_PLACEMENT_3D ( 'NONE', #10719, #4116, #5890 ) ;
#3524 = ORIENTED_EDGE ( 'NONE', *, *, #9724, .F. ) ;
#3525 = AXIS2_PLACEMENT_3D ( 'NONE', #3975, #3846, #11509 ) ;
#3526 = CARTESIAN_POINT ( 'NONE',  ( 26.50000000000000000, 11.00000000000000000, -43.39999999999999858 ) ) ;
#3527 = CIRCLE ( 'NONE', #10000, 0.9999999999999974465 ) ;
#3528 = VECTOR ( 'NONE', #3347, 1000.000000000000000 ) ;
#3530 = VECTOR ( 'NONE', #6828, 1000.000000000000000 ) ;
#3529 = LINE ( 'NONE', #7379, #2138 ) ;
#3531 = EDGE_CURVE ( 'NONE', #10608, #10006, #7645, .T. ) ;
#3532 = DIRECTION ( 'NONE',  ( -0.000000000000000000, -1.000000000000000000, -0.000000000000000000 ) ) ;
#3533 = CARTESIAN_POINT ( 'NONE',  ( 63.50000000000002842, 2.000000000000000000, -7.499999999999936939 ) ) ;
#3534 = ORIENTED_EDGE ( 'NONE', *, *, #11076, .T. ) ;
#3535 = ORIENTED_EDGE ( 'NONE', *, *, #12469, .T. ) ;
#3536 = CIRCLE ( 'NONE', #8789, 2.500000000000000444 ) ;
#3537 = CARTESIAN_POINT ( 'NONE',  ( 11.99999999999993427, 2.000000000000000000, -34.49999999999992895 ) ) ;
#3538 = CARTESIAN_POINT ( 'NONE',  ( 63.35096679918786577, 11.00000000000000000, -46.32132034355965544 ) ) ;
#3539 = VECTOR ( 'NONE', #11309, 1000.000000000000000 ) ;
#3540 = PLANE ( 'NONE',  #518 ) ;
#3541 = CIRCLE ( 'NONE', #11209, 3.000000000000023537 ) ;
#3542 = LINE ( 'NONE', #7209, #2212 ) ;
#3543 = ORIENTED_EDGE ( 'NONE', *, *, #5546, .T. ) ;
#3544 = FACE_BOUND ( 'NONE', #6140, .T. ) ;
#3545 = CARTESIAN_POINT ( 'NONE',  ( 48.49999999999999289, 2.000000000000000000, -11.99999999999993072 ) ) ;
#3546 = VERTEX_POINT ( 'NONE', #8882 ) ;
#3547 = ADVANCED_FACE ( 'NONE', ( #7861 ), #5154, .T. ) ;
#3548 = DIRECTION ( 'NONE',  ( 0.000000000000000000, 1.000000000000000000, 0.000000000000000000 ) ) ;
#3549 = CARTESIAN_POINT ( 'NONE',  ( 7.499999999999971578, 11.00000000000000000, -24.49999999999990052 ) ) ;
#3550 = CARTESIAN_POINT ( 'NONE',  ( 14.52771285725248873, 9.799999999999998934, -44.19999999999999574 ) ) ;
#3551 = ORIENTED_EDGE ( 'NONE', *, *, #9600, .F. ) ;
#3552 = CARTESIAN_POINT ( 'NONE',  ( 79.99990370118349858, 9.799999999999998934, -1.005922452987852544 ) ) ;
#3553 = VECTOR ( 'NONE', #11266, 1000.000000000000000 ) ;
#3554 = DIRECTION ( 'NONE',  ( -0.000000000000000000, -1.000000000000000000, -0.000000000000000000 ) ) ;
#3555 = ORIENTED_EDGE ( 'NONE', *, *, #2342, .F. ) ;
#3556 = CIRCLE ( 'NONE', #12253, 0.9999999999999974465 ) ;
#3557 = EDGE_CURVE ( 'NONE', #6540, #2662, #5220, .T. ) ;
#3558 = EDGE_CURVE ( 'NONE', #136, #603, #11275, .T. ) ;
#3559 = ORIENTED_EDGE ( 'NONE', *, *, #3225, .T. ) ;
#3560 = DIRECTION ( 'NONE',  ( -0.7071067811865474617, 0.000000000000000000, -0.7071067811865474617 ) ) ;
#3561 = DIRECTION ( 'NONE',  ( 0.000000000000000000, 1.000000000000000000, -0.000000000000000000 ) ) ;
#3562 = ADVANCED_FACE ( 'NONE', ( #5025 ), #9072, .T. ) ;
#3563 = ADVANCED_FACE ( 'NONE', ( #9006 ), #7918, .T. ) ;
#3564 = DIRECTION ( 'NONE',  ( -0.000000000000000000, -1.000000000000000000, -0.000000000000000000 ) ) ;
#3565 = VECTOR ( 'NONE', #6378, 1000.000000000000000 ) ;
#3566 = DIRECTION ( 'NONE',  ( -9.251858538542962756E-15, 0.000000000000000000, 1.000000000000000000 ) ) ;
#3567 = ORIENTED_EDGE ( 'NONE', *, *, #1955, .T. ) ;
#3568 = CARTESIAN_POINT ( 'NONE',  ( 55.73223304703363112, 11.00000000000000000, -9.087362902255708974 ) ) ;
#3569 = CARTESIAN_POINT ( 'NONE',  ( 63.49999999999994316, 11.00000000000000000, -29.99999999999992539 ) ) ;
#3570 = ORIENTED_EDGE ( 'NONE', *, *, #7733, .T. ) ;
#3571 = ORIENTED_EDGE ( 'NONE', *, *, #3650, .T. ) ;
#3572 = DIRECTION ( 'NONE',  ( -1.000000000000000000, -0.000000000000000000, -0.000000000000000000 ) ) ;
#3573 = ORIENTED_EDGE ( 'NONE', *, *, #4704, .T. ) ;
#3574 = DIRECTION ( 'NONE',  ( -0.000000000000000000, -1.000000000000000000, -0.000000000000000000 ) ) ;
#3575 = VECTOR ( 'NONE', #10801, 1000.000000000000000 ) ;
#3576 = ORIENTED_EDGE ( 'NONE', *, *, #11714, .F. ) ;
#3577 = VECTOR ( 'NONE', #6498, 1000.000000000000000 ) ;
#3578 = CARTESIAN_POINT ( 'NONE',  ( 53.54142135623730070, 11.00000000000000000, -6.299999999999992717 ) ) ;
#3579 = ADVANCED_FACE ( 'NONE', ( #4248 ), #2297, .T. ) ;
#3580 = CYLINDRICAL_SURFACE ( 'NONE', #10633, 0.9999999999999974465 ) ;
#3581 = EDGE_CURVE ( 'NONE', #10342, #1815, #8940, .T. ) ;
#3582 = EDGE_LOOP ( 'NONE', ( #6808, #2627 ) ) ;
#3583 = CARTESIAN_POINT ( 'NONE',  ( 11.99999999999996270, 2.000000000000000000, -24.49999999999993250 ) ) ;
#3584 = ORIENTED_EDGE ( 'NONE', *, *, #5023, .T. ) ;
#3585 = CARTESIAN_POINT ( 'NONE',  ( 63.49999999999998579, 11.00000000000000000, -16.49999999999993250 ) ) ;
#3586 = ORIENTED_EDGE ( 'NONE', *, *, #2091, .T. ) ;
#3587 = VECTOR ( 'NONE', #3121, 1000.000000000000000 ) ;
#3588 = ORIENTED_EDGE ( 'NONE', *, *, #12241, .F. ) ;
#3589 = CARTESIAN_POINT ( 'NONE',  ( 11.99999999999996270, 11.00000000000000000, -25.49999999999992895 ) ) ;
#3590 = ORIENTED_EDGE ( 'NONE', *, *, #1320, .F. ) ;
#3591 = VECTOR ( 'NONE', #1375, 1000.000000000000000 ) ;
#3592 = DIRECTION ( 'NONE',  ( 0.7071067811865517916, 0.000000000000000000, 0.7071067811865432429 ) ) ;
#3593 = AXIS2_PLACEMENT_3D ( 'NONE', #3812, #6836, #2989 ) ;
#3594 = LINE ( 'NONE', #1578, #5562 ) ;
#3595 = APPROVAL_ROLE ( '' ) ;
#3596 = CIRCLE ( 'NONE', #5224, 0.9999999999999974465 ) ;
#3597 = DIRECTION ( 'NONE',  ( 0.000000000000000000, 0.000000000000000000, -1.000000000000000000 ) ) ;
#3598 = ORIENTED_EDGE ( 'NONE', *, *, #11304, .T. ) ;
#3599 = ORIENTED_EDGE ( 'NONE', *, *, #6485, .T. ) ;
#3600 = DIRECTION ( 'NONE',  ( 0.000000000000000000, 0.000000000000000000, 1.000000000000000000 ) ) ;
#3601 = CARTESIAN_POINT ( 'NONE',  ( 68.00000000000000000, 2.000000000000000000, -7.499999999999968914 ) ) ;
#3602 = ORIENTED_EDGE ( 'NONE', *, *, #11770, .F. ) ;
#3603 = AXIS2_PLACEMENT_3D ( 'NONE', #9063, #7911, #10894 ) ;
#3604 = DIRECTION ( 'NONE',  ( -0.000000000000000000, -1.000000000000000000, -0.000000000000000000 ) ) ;
#3605 = DIRECTION ( 'NONE',  ( -0.000000000000000000, -1.000000000000000000, -0.000000000000000000 ) ) ;
#3606 = CIRCLE ( 'NONE', #10284, 1.000000000000000888 ) ;
#3607 = FACE_BOUND ( 'NONE', #12164, .T. ) ;
#3608 = DIRECTION ( 'NONE',  ( 0.000000000000000000, 0.000000000000000000, -1.000000000000000000 ) ) ;
#3609 = ORIENTED_EDGE ( 'NONE', *, *, #4307, .F. ) ;
#3610 = FACE_OUTER_BOUND ( 'NONE', #8179, .T. ) ;
#3611 = AXIS2_PLACEMENT_3D ( 'NONE', #7344, #3437, #11143 ) ;
#3612 = LINE ( 'NONE', #6443, #3695 ) ;
#3613 = CARTESIAN_POINT ( 'NONE',  ( 22.49999999999999645, 11.00000000000000000, -10.85512985522204765 ) ) ;
#3614 = DIRECTION ( 'NONE',  ( 0.000000000000000000, 1.000000000000000000, 0.000000000000000000 ) ) ;
#3615 = DIRECTION ( 'NONE',  ( -0.000000000000000000, -1.000000000000000000, -0.000000000000000000 ) ) ;
#3616 = EDGE_CURVE ( 'NONE', #4910, #1373, #5239, .T. ) ;
#3617 = CARTESIAN_POINT ( 'NONE',  ( 63.49999999999991473, 11.00000000000000000, -37.99999999999992184 ) ) ;
#3618 = AXIS2_PLACEMENT_3D ( 'NONE', #10243, #10360, #1576 ) ;
#3619 = ADVANCED_FACE ( 'NONE', ( #9894 ), #11920, .T. ) ;
#3620 = VECTOR ( 'NONE', #4656, 1000.000000000000000 ) ;
#3621 = ORIENTED_EDGE ( 'NONE', *, *, #5339, .F. ) ;
#3622 = DIRECTION ( 'NONE',  ( 0.000000000000000000, 0.000000000000000000, -1.000000000000000000 ) ) ;
#3623 = DIRECTION ( 'NONE',  ( -0.9999999954177064554, 0.000000000000000000, 9.573184869153914683E-05 ) ) ;
#3624 = CARTESIAN_POINT ( 'NONE',  ( 26.45857864376284496, 9.799999999999998934, -40.50000000000000711 ) ) ;
#3625 = CARTESIAN_POINT ( 'NONE',  ( 24.99999999999999645, 11.00000000000000000, -32.14999999999999858 ) ) ;
#3626 = VERTEX_POINT ( 'NONE', #9831 ) ;
#3627 = DIRECTION ( 'NONE',  ( 0.000000000000000000, 0.000000000000000000, -1.000000000000000000 ) ) ;
#3628 = DIRECTION ( 'NONE',  ( -0.000000000000000000, -1.000000000000000000, -0.000000000000000000 ) ) ;
#3629 = VERTEX_POINT ( 'NONE', #2997 ) ;
#3630 = VERTEX_POINT ( 'NONE', #11739 ) ;
#3631 = EDGE_LOOP ( 'NONE', ( #11114, #6576, #3276, #12538 ) ) ;
#3632 = CYLINDRICAL_SURFACE ( 'NONE', #11013, 3.000000000000002665 ) ;
#3633 = EDGE_CURVE ( 'NONE', #11096, #761, #1216, .T. ) ;
#3634 = CARTESIAN_POINT ( 'NONE',  ( 72.49999999999997158, 2.000000000000000000, -15.49999999999999645 ) ) ;
#3635 = EDGE_CURVE ( 'NONE', #1464, #3265, #4188, .T. ) ;
#3636 = EDGE_CURVE ( 'NONE', #9763, #6102, #1088, .T. ) ;
#3637 = ORIENTED_EDGE ( 'NONE', *, *, #8720, .F. ) ;
#3638 = DIRECTION ( 'NONE',  ( 0.000000000000000000, 1.000000000000000000, 0.000000000000000000 ) ) ;
#3639 = CARTESIAN_POINT ( 'NONE',  ( 59.00000000000000711, 11.00000000000000000, -15.49999999999990585 ) ) ;
#3640 = ORIENTED_EDGE ( 'NONE', *, *, #2459, .F. ) ;
#3641 = DIRECTION ( 'NONE',  ( -0.000000000000000000, 1.000000000000000000, -0.000000000000000000 ) ) ;
#3642 = ORIENTED_EDGE ( 'NONE', *, *, #10206, .F. ) ;
#3643 = LINE ( 'NONE', #7555, #8355 ) ;
#3644 = CARTESIAN_POINT ( 'NONE',  ( 59.12248018076000733, 11.00000000000000000, -1.878739150121992108 ) ) ;
#3645 = EDGE_LOOP ( 'NONE', ( #9769, #7743 ) ) ;
#3646 = CARTESIAN_POINT ( 'NONE',  ( 0.000000000000000000, 9.799999999999998934, -47.19999999999999574 ) ) ;
#3647 = AXIS2_PLACEMENT_3D ( 'NONE', #11506, #12448, #3597 ) ;
#3648 = EDGE_CURVE ( 'NONE', #1373, #476, #8056, .T. ) ;
#3649 = EDGE_CURVE ( 'NONE', #619, #5348, #9064, .T. ) ;
#3650 = EDGE_CURVE ( 'NONE', #12267, #10132, #9768, .T. ) ;
#3651 = DIRECTION ( 'NONE',  ( -1.000000000000000000, -0.000000000000000000, -0.000000000000000000 ) ) ;
#3652 = EDGE_CURVE ( 'NONE', #8277, #8879, #9482, .T. ) ;
#3653 = DIRECTION ( 'NONE',  ( 0.000000000000000000, 0.000000000000000000, 1.000000000000000000 ) ) ;
#3654 = DATE_AND_TIME ( #7447, #8076 ) ;
#3655 = CIRCLE ( 'NONE', #6285, 3.000000000000023537 ) ;
#3656 = DIRECTION ( 'NONE',  ( 0.000000000000000000, 0.000000000000000000, 1.000000000000000000 ) ) ;
#3657 = ORIENTED_EDGE ( 'NONE', *, *, #1674, .F. ) ;
#3658 = ORIENTED_EDGE ( 'NONE', *, *, #7578, .F. ) ;
#3659 = CARTESIAN_POINT ( 'NONE',  ( 44.50000000000000000, 2.000000000000000000, -10.99999999999994316 ) ) ;
#3660 = CYLINDRICAL_SURFACE ( 'NONE', #10417, 1.000000000000000888 ) ;
#3661 = EDGE_CURVE ( 'NONE', #10153, #9088, #4375, .T. ) ;
#3662 = CARTESIAN_POINT ( 'NONE',  ( 72.49999999999997158, 11.00000000000000000, -15.49999999999999645 ) ) ;
#3663 = ORIENTED_EDGE ( 'NONE', *, *, #4566, .T. ) ;
#3664 = ORIENTED_EDGE ( 'NONE', *, *, #8117, .T. ) ;
#3665 = LINE ( 'NONE', #11517, #9320 ) ;
#3666 = CARTESIAN_POINT ( 'NONE',  ( 53.50000000000000000, 1.999999999999998224, -37.29999999999996874 ) ) ;
#3667 = EDGE_LOOP ( 'NONE', ( #5248, #1433 ) ) ;
#3668 = DIRECTION ( 'NONE',  ( 0.000000000000000000, 1.000000000000000000, 0.000000000000000000 ) ) ;
#3669 = LINE ( 'NONE', #5636, #6909 ) ;
#3670 = CARTESIAN_POINT ( 'NONE',  ( 80.00000000000000000, 0.000000000000000000, 0.000000000000000000 ) ) ;
#3671 = EDGE_LOOP ( 'NONE', ( #3955, #7607, #6296, #7374 ) ) ;
#3672 = LINE ( 'NONE', #10395, #9010 ) ;
#3673 = CARTESIAN_POINT ( 'NONE',  ( 20.99999999999997158, 11.00000000000000000, -17.49999999999999289 ) ) ;
#3674 = CIRCLE ( 'NONE', #11574, 0.9999999999999983347 ) ;
#3675 = DIRECTION ( 'NONE',  ( 0.000000000000000000, -0.000000000000000000, 1.000000000000000000 ) ) ;
#3676 = CARTESIAN_POINT ( 'NONE',  ( 18.14487014477789728, 2.000000000000000000, -4.000000000000000888 ) ) ;
#3677 = ORIENTED_EDGE ( 'NONE', *, *, #1780, .T. ) ;
#3678 = ADVANCED_FACE ( 'NONE', ( #6209 ), #3302, .T. ) ;
#3679 = CARTESIAN_POINT ( 'NONE',  ( 31.50000000000000711, 11.00000000000000000, -17.49999999999997158 ) ) ;
#3680 = CARTESIAN_POINT ( 'NONE',  ( 44.50000000000000000, 11.00000000000000000, -38.99999999999994316 ) ) ;
#3681 = VERTEX_POINT ( 'NONE', #1468 ) ;
#3682 = VECTOR ( 'NONE', #3987, 1000.000000000000000 ) ;
#3683 = DIRECTION ( 'NONE',  ( 0.000000000000000000, 1.000000000000000000, 0.000000000000000000 ) ) ;
#3684 = CARTESIAN_POINT ( 'NONE',  ( 31.50000000000000711, 11.00000000000000000, -11.99999999999997335 ) ) ;
#3685 = EDGE_CURVE ( 'NONE', #9945, #9606, #10499, .T. ) ;
#3686 = EDGE_LOOP ( 'NONE', ( #4438, #9161, #96, #7670 ) ) ;
#3687 = ORIENTED_EDGE ( 'NONE', *, *, #3098, .T. ) ;
#3688 = VERTEX_POINT ( 'NONE', #11088 ) ;
#3689 = CARTESIAN_POINT ( 'NONE',  ( 7.499999999999944045, 11.00000000000000000, -33.49999999999989342 ) ) ;
#3690 = AXIS2_PLACEMENT_3D ( 'NONE', #8627, #122, #1019 ) ;
#3691 = CARTESIAN_POINT ( 'NONE',  ( 45.75613998199875709, 9.799999999999998934, -1.000000000000002665 ) ) ;
#3692 = CIRCLE ( 'NONE', #10776, 3.000000000000002665 ) ;
#3693 = CYLINDRICAL_SURFACE ( 'NONE', #7957, 1.700000000000000178 ) ;
#3694 = FACE_OUTER_BOUND ( 'NONE', #7252, .T. ) ;
#3695 = VECTOR ( 'NONE', #8433, 1000.000000000000000 ) ;
#3696 = EDGE_CURVE ( 'NONE', #9002, #3738, #11268, .T. ) ;
#3697 = CARTESIAN_POINT ( 'NONE',  ( 44.50000000000000000, 11.00000000000000000, -34.49999999999994316 ) ) ;
#3698 = DIRECTION ( 'NONE',  ( 0.000000000000000000, 0.000000000000000000, -1.000000000000000000 ) ) ;
#3699 = ORIENTED_EDGE ( 'NONE', *, *, #3340, .T. ) ;
#3700 = DIRECTION ( 'NONE',  ( 0.000000000000000000, 1.000000000000000000, 0.000000000000000000 ) ) ;
#3701 = CARTESIAN_POINT ( 'NONE',  ( 52.00000000000000000, 2.000000000000000000, -9.819595949289308123 ) ) ;
#3702 = ADVANCED_FACE ( 'NONE', ( #2612 ), #4444, .F. ) ;
#3703 = ORIENTED_EDGE ( 'NONE', *, *, #9298, .T. ) ;
#3704 = DIRECTION ( 'NONE',  ( -0.000000000000000000, 1.000000000000000000, -0.000000000000000000 ) ) ;
#3705 = CIRCLE ( 'NONE', #3293, 1.699999999999996625 ) ;
#3706 = DIRECTION ( 'NONE',  ( 0.000000000000000000, 1.000000000000000000, 0.000000000000000000 ) ) ;
#3707 = AXIS2_PLACEMENT_3D ( 'NONE', #9664, #11432, #9532 ) ;
#3708 = EDGE_CURVE ( 'NONE', #12512, #5281, #1803, .T. ) ;
#3709 = DIRECTION ( 'NONE',  ( 0.000000000000000000, 0.000000000000000000, -1.000000000000000000 ) ) ;
#3710 = VECTOR ( 'NONE', #3473, 1000.000000000000000 ) ;
#3711 = CARTESIAN_POINT ( 'NONE',  ( 53.50000000000000000, 11.00000000000000000, -41.70000000000000995 ) ) ;
#3712 = CIRCLE ( 'NONE', #10427, 1.000000000000000888 ) ;
#3713 = DIRECTION ( 'NONE',  ( -0.000000000000000000, -1.000000000000000000, -0.000000000000000000 ) ) ;
#3714 = VERTEX_POINT ( 'NONE', #513 ) ;
#3716 = ADVANCED_FACE ( 'NONE', ( #12045 ), #3376, .T. ) ;
#3715 = AXIS2_PLACEMENT_3D ( 'NONE', #3816, #894, #7668 ) ;
#3717 = EDGE_CURVE ( 'NONE', #10667, #2023, #5512, .T. ) ;
#3718 = EDGE_LOOP ( 'NONE', ( #7307, #12259, #1161, #10351 ) ) ;
#3719 = FACE_OUTER_BOUND ( 'NONE', #4052, .T. ) ;
#3720 = DIRECTION ( 'NONE',  ( 0.000000000000000000, 0.000000000000000000, 1.000000000000000000 ) ) ;
#3721 = ORIENTED_EDGE ( 'NONE', *, *, #7567, .T. ) ;
#3722 = CIRCLE ( 'NONE', #481, 0.9999999999999974465 ) ;
#3723 = DIRECTION ( 'NONE',  ( 0.7071067811865474617, 0.000000000000000000, 0.7071067811865474617 ) ) ;
#3724 = ORIENTED_EDGE ( 'NONE', *, *, #9235, .T. ) ;
#3725 = CIRCLE ( 'NONE', #12407, 0.9999999999999974465 ) ;
#3726 = VECTOR ( 'NONE', #1971, 1000.000000000000000 ) ;
#3727 = VERTEX_POINT ( 'NONE', #4502 ) ;
#3728 = CYLINDRICAL_SURFACE ( 'NONE', #6677, 3.599999999999992095 ) ;
#3729 = CARTESIAN_POINT ( 'NONE',  ( 58.99999999999997158, 11.00000000000000000, -25.49999999999989697 ) ) ;
#3730 = VECTOR ( 'NONE', #9668, 1000.000000000000114 ) ;
#3731 = ORIENTED_EDGE ( 'NONE', *, *, #3257, .F. ) ;
#3732 = EDGE_CURVE ( 'NONE', #9025, #6408, #3203, .T. ) ;
#3733 = LINE ( 'NONE', #3917, #12291 ) ;
#3735 = DIRECTION ( 'NONE',  ( -0.000000000000000000, -1.000000000000000000, -0.000000000000000000 ) ) ;
#3734 = AXIS2_PLACEMENT_3D ( 'NONE', #11831, #3152, #884 ) ;
#3736 = AXIS2_PLACEMENT_3D ( 'NONE', #12453, #11573, #7765 ) ;
#3737 = CARTESIAN_POINT ( 'NONE',  ( 16.49999999999997868, 11.00000000000000000, -15.49999999999996803 ) ) ;
#3738 = VERTEX_POINT ( 'NONE', #6268 ) ;
#3739 = CARTESIAN_POINT ( 'NONE',  ( 20.99999999999995737, 2.000000000000000000, -19.99999999999999645 ) ) ;
#3740 = DIRECTION ( 'NONE',  ( 0.000000000000000000, 1.000000000000000000, 0.000000000000000000 ) ) ;
#3741 = VECTOR ( 'NONE', #5599, 1000.000000000000000 ) ;
#3742 = ORIENTED_EDGE ( 'NONE', *, *, #10751, .T. ) ;
#3743 = VECTOR ( 'NONE', #2014, 1000.000000000000000 ) ;
#3744 = ORIENTED_EDGE ( 'NONE', *, *, #8023, .F. ) ;
#3745 = CARTESIAN_POINT ( 'NONE',  ( 44.50000000000000000, 11.00000000000000000, -29.99999999999993960 ) ) ;
#3746 = CARTESIAN_POINT ( 'NONE',  ( 31.70538416267119786, 11.00000000000000000, -39.97868143219528747 ) ) ;
#3747 = ORIENTED_EDGE ( 'NONE', *, *, #10187, .T. ) ;
#3748 = DIRECTION ( 'NONE',  ( -0.000000000000000000, 1.000000000000000000, -0.000000000000000000 ) ) ;
#3749 = DIRECTION ( 'NONE',  ( 0.000000000000000000, 0.000000000000000000, -1.000000000000000000 ) ) ;
#3750 = AXIS2_PLACEMENT_3D ( 'NONE', #9316, #7407, #11977 ) ;
#3751 = VERTEX_POINT ( 'NONE', #4304 ) ;
#3752 = DIRECTION ( 'NONE',  ( 0.000000000000000000, 0.000000000000000000, 1.000000000000000000 ) ) ;
#3753 = CYLINDRICAL_SURFACE ( 'NONE', #8369, 0.9999999999999974465 ) ;
#3754 = ORIENTED_EDGE ( 'NONE', *, *, #94, .F. ) ;
#3755 = ORIENTED_EDGE ( 'NONE', *, *, #2116, .F. ) ;
#3756 = CIRCLE ( 'NONE', #9007, 1.699999999999993072 ) ;
#3757 = VERTEX_POINT ( 'NONE', #10140 ) ;
#3758 = DIRECTION ( 'NONE',  ( 0.000000000000000000, 0.000000000000000000, 1.000000000000000000 ) ) ;
#3759 = CARTESIAN_POINT ( 'NONE',  ( 34.85512985522209561, 2.000000000000000000, -6.500000000000002665 ) ) ;
#3760 = ADVANCED_FACE ( 'NONE', ( #5335 ), #11980, .T. ) ;
#3761 = CIRCLE ( 'NONE', #1739, 0.9999999999999974465 ) ;
#3762 = ORIENTED_EDGE ( 'NONE', *, *, #5565, .T. ) ;
#3763 = CARTESIAN_POINT ( 'NONE',  ( 35.49999999999999289, 2.000000000000000000, -15.49999999999996447 ) ) ;
#3764 = AXIS2_PLACEMENT_3D ( 'NONE', #519, #10210, #8316 ) ;
#3765 = EDGE_LOOP ( 'NONE', ( #1645, #1668, #5325, #8262 ) ) ;
#3766 = DIRECTION ( 'NONE',  ( 0.000000000000000000, 1.000000000000000000, 0.000000000000000000 ) ) ;
#3767 = ORIENTED_EDGE ( 'NONE', *, *, #4974, .T. ) ;
#3768 = CARTESIAN_POINT ( 'NONE',  ( 38.47228714274731232, 9.799999999999998934, -47.19999999999999574 ) ) ;
#3769 = CARTESIAN_POINT ( 'NONE',  ( 44.50000000000000000, 11.00000000000000000, -16.49999999999994316 ) ) ;
#3770 = EDGE_LOOP ( 'NONE', ( #11899, #10786, #8204, #5345 ) ) ;
#3771 = CARTESIAN_POINT ( 'NONE',  ( 72.49999999999998579, 2.000000000000000000, -11.00000000000000000 ) ) ;
#3772 = DIRECTION ( 'NONE',  ( 0.000000000000000000, -0.000000000000000000, 1.000000000000000000 ) ) ;
#3773 = VERTEX_POINT ( 'NONE', #8372 ) ;
#3774 = VECTOR ( 'NONE', #4393, 1000.000000000000000 ) ;
#3775 = CARTESIAN_POINT ( 'NONE',  ( 63.50000000000002842, 11.00000000000000000, -6.499999999999938716 ) ) ;
#3776 = CARTESIAN_POINT ( 'NONE',  ( 30.51814099834517791, 6.499999999999999112, -38.81038749811948207 ) ) ;
#3777 = CIRCLE ( 'NONE', #11864, 0.9999999999999974465 ) ;
#3778 = EDGE_CURVE ( 'NONE', #8875, #5998, #12307, .T. ) ;
#3779 = CARTESIAN_POINT ( 'NONE',  ( 67.99999999999991473, 2.000000000000000000, -34.49999999999996447 ) ) ;
#3780 = EDGE_CURVE ( 'NONE', #6036, #9455, #8275, .T. ) ;
#3781 = DIRECTION ( 'NONE',  ( 1.527636139592262070E-15, 0.000000000000000000, -1.000000000000000000 ) ) ;
#3782 = DIRECTION ( 'NONE',  ( -1.000000000000000000, 0.000000000000000000, 3.496519228280624712E-16 ) ) ;
#3783 = ORIENTED_EDGE ( 'NONE', *, *, #4329, .F. ) ;
#3784 = ORIENTED_EDGE ( 'NONE', *, *, #5179, .T. ) ;
#3785 = CARTESIAN_POINT ( 'NONE',  ( 4.000000000000000888, 2.000000000000000000, -43.50000000000000000 ) ) ;
#3786 = DIRECTION ( 'NONE',  ( 0.000000000000000000, 1.000000000000000000, 0.000000000000000000 ) ) ;
#3787 = ADVANCED_FACE ( 'NONE', ( #5450 ), #3494, .F. ) ;
#3788 = DIRECTION ( 'NONE',  ( 3.496519228280624712E-16, 0.000000000000000000, 1.000000000000000000 ) ) ;
#3789 = AXIS2_PLACEMENT_3D ( 'NONE', #7159, #10969, #3383 ) ;
#3790 = ORIENTED_EDGE ( 'NONE', *, *, #4422, .T. ) ;
#3791 = EDGE_CURVE ( 'NONE', #500, #10560, #10272, .T. ) ;
#3792 = EDGE_LOOP ( 'NONE', ( #12298, #6294 ) ) ;
#3793 = DIRECTION ( 'NONE',  ( 1.000000000000000000, 0.000000000000000000, 0.000000000000000000 ) ) ;
#3794 = DIRECTION ( 'NONE',  ( -1.000000000000000000, 0.000000000000000000, -1.527636139592262070E-15 ) ) ;
#3795 = EDGE_LOOP ( 'NONE', ( #11445, #6288, #11308, #10958 ) ) ;
#3796 = DIRECTION ( 'NONE',  ( 0.000000000000000000, -0.000000000000000000, 1.000000000000000000 ) ) ;
#3797 = VECTOR ( 'NONE', #4760, 1000.000000000000000 ) ;
#3798 = CARTESIAN_POINT ( 'NONE',  ( 7.499999999999971578, 2.000000000000000000, -26.49999999999989342 ) ) ;
#3799 = AXIS2_PLACEMENT_3D ( 'NONE', #9107, #1444, #9169 ) ;
#3800 = CARTESIAN_POINT ( 'NONE',  ( -1.927470528863119049E-16, 2.000000000000000000, -4.000000000000000000 ) ) ;
#3801 = CARTESIAN_POINT ( 'NONE',  ( 16.49999999999996447, 2.000000000000000000, -21.99999999999996092 ) ) ;
#3802 = CARTESIAN_POINT ( 'NONE',  ( 7.500000000000041744, 11.00000000000000000, -7.499999999999904965 ) ) ;
#3803 = EDGE_CURVE ( 'NONE', #4886, #10008, #632, .T. ) ;
#3804 = CYLINDRICAL_SURFACE ( 'NONE', #1157, 1.000000000000000888 ) ;
#3805 = ADVANCED_FACE ( 'NONE', ( #11527 ), #4816, .F. ) ;
#3806 = EDGE_CURVE ( 'NONE', #5100, #3973, #1841, .T. ) ;
#3807 = VECTOR ( 'NONE', #2230, 1000.000000000000000 ) ;
#3808 = ORIENTED_EDGE ( 'NONE', *, *, #7120, .T. ) ;
#3809 = CARTESIAN_POINT ( 'NONE',  ( 58.99999999999995737, 11.00000000000000000, -29.99999999999989342 ) ) ;
#3810 = DIRECTION ( 'NONE',  ( 0.000000000000000000, 1.000000000000000000, 0.000000000000000000 ) ) ;
#3811 = EDGE_LOOP ( 'NONE', ( #1023, #2600, #5288, #11349 ) ) ;
#3812 = CARTESIAN_POINT ( 'NONE',  ( 74.79999999999998295, 9.799999999999998934, -5.200000000000043698 ) ) ;
#3813 = CYLINDRICAL_SURFACE ( 'NONE', #1869, 0.9999999999999974465 ) ;
#3814 = VERTEX_POINT ( 'NONE', #6762 ) ;
#3815 = CARTESIAN_POINT ( 'NONE',  ( 59.00000000000001421, 2.000000000000000000, -11.99999999999990230 ) ) ;
#3816 = CARTESIAN_POINT ( 'NONE',  ( 31.50000000000000711, 11.00000000000000000, -25.49999999999997513 ) ) ;
#3817 = ORIENTED_EDGE ( 'NONE', *, *, #8466, .T. ) ;
#3818 = CIRCLE ( 'NONE', #11089, 6.100000000000028955 ) ;
#3819 = ORIENTED_EDGE ( 'NONE', *, *, #8561, .T. ) ;
#3820 = ORIENTED_EDGE ( 'NONE', *, *, #10225, .F. ) ;
#3821 = DIRECTION ( 'NONE',  ( 0.000000000000000000, 0.000000000000000000, 1.000000000000000000 ) ) ;
#3822 = DIRECTION ( 'NONE',  ( 0.000000000000000000, -0.000000000000000000, 1.000000000000000000 ) ) ;
#3823 = ORIENTED_EDGE ( 'NONE', *, *, #1335, .F. ) ;
#3824 = DIRECTION ( 'NONE',  ( 0.000000000000000000, 1.000000000000000000, 0.000000000000000000 ) ) ;
#3825 = CYLINDRICAL_SURFACE ( 'NONE', #7592, 0.9999999999999974465 ) ;
#3826 = EDGE_LOOP ( 'NONE', ( #7948, #9954 ) ) ;
#3827 = FACE_OUTER_BOUND ( 'NONE', #10320, .T. ) ;
#3828 = CIRCLE ( 'NONE', #9094, 0.9999999999999974465 ) ;
#3829 = DIRECTION ( 'NONE',  ( -0.000000000000000000, -1.000000000000000000, -0.000000000000000000 ) ) ;
#3830 = ORIENTED_EDGE ( 'NONE', *, *, #5559, .F. ) ;
#3831 = CARTESIAN_POINT ( 'NONE',  ( 58.99999999999995737, 11.00000000000000000, -29.99999999999989342 ) ) ;
#3832 = ORIENTED_EDGE ( 'NONE', *, *, #9999, .F. ) ;
#3833 = VECTOR ( 'NONE', #407, 1000.000000000000114 ) ;
#3834 = DIRECTION ( 'NONE',  ( 0.000000000000000000, -0.000000000000000000, 1.000000000000000000 ) ) ;
#3835 = CYLINDRICAL_SURFACE ( 'NONE', #10789, 0.9999999999999974465 ) ;
#3836 = ORIENTED_EDGE ( 'NONE', *, *, #7975, .T. ) ;
#3837 = CARTESIAN_POINT ( 'NONE',  ( 72.49999999999995737, 2.000000000000000000, -20.99999999999999289 ) ) ;
#3838 = LINE ( 'NONE', #1752, #2689 ) ;
#3839 = FACE_OUTER_BOUND ( 'NONE', #3329, .T. ) ;
#3840 = CARTESIAN_POINT ( 'NONE',  ( 27.00000000000000355, 11.00000000000000000, -32.14999999999999858 ) ) ;
#3841 = CARTESIAN_POINT ( 'NONE',  ( 35.49999999999999289, 11.00000000000000000, -6.499999999999965361 ) ) ;
#3842 = PLANE ( 'NONE',  #1218 ) ;
#3843 = ORIENTED_EDGE ( 'NONE', *, *, #7254, .F. ) ;
#3844 = ADVANCED_FACE ( 'NONE', ( #10646 ), #7711, .F. ) ;
#3845 = VERTEX_POINT ( 'NONE', #3673 ) ;
#3846 = DIRECTION ( 'NONE',  ( 0.000000000000000000, 1.000000000000000000, 0.000000000000000000 ) ) ;
#3847 = ADVANCED_FACE ( 'NONE', ( #2741 ), #3804, .T. ) ;
#3848 = DIRECTION ( 'NONE',  ( -0.000000000000000000, -1.000000000000000000, -0.000000000000000000 ) ) ;
#3849 = EDGE_CURVE ( 'NONE', #9306, #6477, #2916, .T. ) ;
#3850 = LINE ( 'NONE', #3662, #2634 ) ;
#3851 = ORIENTED_EDGE ( 'NONE', *, *, #2006, .T. ) ;
#3852 = ORIENTED_EDGE ( 'NONE', *, *, #7004, .T. ) ;
#3853 = CARTESIAN_POINT ( 'NONE',  ( 33.08736290225573384, 2.000000000000000000, -4.732233047033622242 ) ) ;
#3854 = CARTESIAN_POINT ( 'NONE',  ( 7.499999999999944045, 11.00000000000000000, -35.49999999999989342 ) ) ;
#3855 = ORIENTED_EDGE ( 'NONE', *, *, #1442, .F. ) ;
#3856 = EDGE_CURVE ( 'NONE', #10008, #10893, #3181, .T. ) ;
#3857 = CYLINDRICAL_SURFACE ( 'NONE', #12100, 1.000000000000000888 ) ;
#3858 = CARTESIAN_POINT ( 'NONE',  ( 74.55677228167498072, 9.799999999999998934, -44.75291287251024386 ) ) ;
#3859 = EDGE_CURVE ( 'NONE', #2899, #7609, #6697, .T. ) ;
#3860 = CARTESIAN_POINT ( 'NONE',  ( 44.50000000000000000, 11.00000000000000000, -24.49999999999994316 ) ) ;
#3861 = CYLINDRICAL_SURFACE ( 'NONE', #5380, 1.000000000000000888 ) ;
#3862 = DIRECTION ( 'NONE',  ( 1.000000000000000000, -0.000000000000000000, 0.000000000000000000 ) ) ;
#3863 = CARTESIAN_POINT ( 'NONE',  ( 24.47867965644037724, 9.799999999999998934, -5.479898987322335380 ) ) ;
#3864 = PLANE ( 'NONE',  #7197 ) ;
#3865 = ORIENTED_EDGE ( 'NONE', *, *, #9156, .F. ) ;
#3866 = LINE ( 'NONE', #11474, #7433 ) ;
#3867 = DIRECTION ( 'NONE',  ( 0.000000000000000000, 1.000000000000000000, 0.000000000000000000 ) ) ;
#3868 = EDGE_CURVE ( 'NONE', #7795, #7920, #8440, .T. ) ;
#3869 = LINE ( 'NONE', #420, #1692 ) ;
#3870 = CARTESIAN_POINT ( 'NONE',  ( 35.49999999999999289, 11.00000000000000000, -38.99999999999996447 ) ) ;
#3871 = ADVANCED_FACE ( 'NONE', ( #11335 ), #4631, .F. ) ;
#3872 = VERTEX_POINT ( 'NONE', #3617 ) ;
#3873 = ORIENTED_EDGE ( 'NONE', *, *, #1559, .T. ) ;
#3874 = ORIENTED_EDGE ( 'NONE', *, *, #55, .F. ) ;
#3875 = CARTESIAN_POINT ( 'NONE',  ( 16.49999999999993960, 2.000000000000000000, -30.99999999999995381 ) ) ;
#3876 = CARTESIAN_POINT ( 'NONE',  ( 45.26776695296636888, 1.999999999999998224, -43.00553031655771719 ) ) ;
#3877 = AXIS2_PLACEMENT_3D ( 'NONE', #4976, #5229, #2494 ) ;
#3878 = ADVANCED_FACE ( 'NONE', ( #8680 ), #7468, .T. ) ;
#3879 = CARTESIAN_POINT ( 'NONE',  ( 40.00000000000000000, 11.00000000000000000, -9.749999999999953815 ) ) ;
#3880 = DIRECTION ( 'NONE',  ( 0.000000000000000000, 0.000000000000000000, 1.000000000000000000 ) ) ;
#3881 = AXIS2_PLACEMENT_3D ( 'NONE', #10001, #7206, #3221 ) ;
#3882 = ORIENTED_EDGE ( 'NONE', *, *, #9342, .F. ) ;
#3883 = CARTESIAN_POINT ( 'NONE',  ( 20.99999999999991473, 2.000000000000000000, -29.99999999999998934 ) ) ;
#3884 = DIRECTION ( 'NONE',  ( 0.000000000000000000, 1.000000000000000000, 0.000000000000000000 ) ) ;
#3885 = DIRECTION ( 'NONE',  ( 0.000000000000000000, 0.000000000000000000, 1.000000000000000000 ) ) ;
#3886 = EDGE_LOOP ( 'NONE', ( #2945, #6879, #1446, #3978 ) ) ;
#3888 = ADVANCED_FACE ( 'NONE', ( #1721 ), #11401, .T. ) ;
#3887 = VECTOR ( 'NONE', #8745, 1000.000000000000000 ) ;
#3889 = DIRECTION ( 'NONE',  ( 0.000000000000000000, 0.000000000000000000, -1.000000000000000000 ) ) ;
#3890 = CYLINDRICAL_SURFACE ( 'NONE', #10580, 2.999999999999999112 ) ;
#3891 = ORIENTED_EDGE ( 'NONE', *, *, #4205, .F. ) ;
#3892 = CARTESIAN_POINT ( 'NONE',  ( 74.55677228167498072, 9.799999999999998934, -44.75470390403734200 ) ) ;
#3893 = FACE_OUTER_BOUND ( 'NONE', #11068, .T. ) ;
#3894 = DIRECTION ( 'NONE',  ( 0.000000000000000000, 0.000000000000000000, 1.000000000000000000 ) ) ;
#3895 = CIRCLE ( 'NONE', #36, 1.000000000000000888 ) ;
#3896 = AXIS2_PLACEMENT_3D ( 'NONE', #3459, #11948, #7113 ) ;
#3897 = ORIENTED_EDGE ( 'NONE', *, *, #8035, .T. ) ;
#3898 = CARTESIAN_POINT ( 'NONE',  ( 7.499999999999958256, 11.00000000000000000, -30.99999999999989342 ) ) ;
#3899 = CARTESIAN_POINT ( 'NONE',  ( 20.99999999999991473, 11.00000000000000000, -30.99999999999998579 ) ) ;
#3900 = CARTESIAN_POINT ( 'NONE',  ( 35.49999999999999289, 11.00000000000000000, -33.49999999999995737 ) ) ;
#3901 = VECTOR ( 'NONE', #10733, 1000.000000000000000 ) ;
#3902 = VERTEX_POINT ( 'NONE', #8500 ) ;
#3903 = ORIENTED_EDGE ( 'NONE', *, *, #7656, .F. ) ;
#3904 = FACE_OUTER_BOUND ( 'NONE', #6421, .T. ) ;
#3905 = AXIS2_PLACEMENT_3D ( 'NONE', #590, #3505, #525 ) ;
#3906 = CARTESIAN_POINT ( 'NONE',  ( 53.50000000000000000, 1.999999999999998224, -43.39999999999999858 ) ) ;
#3907 = CARTESIAN_POINT ( 'NONE',  ( 26.45857864376269930, 9.799999999999998934, -6.299999999999992717 ) ) ;
#3908 = ORIENTED_EDGE ( 'NONE', *, *, #9561, .T. ) ;
#3909 = AXIS2_PLACEMENT_3D ( 'NONE', #2991, #12025, #11070 ) ;
#3910 = EDGE_CURVE ( 'NONE', #4830, #30, #5819, .T. ) ;
#3911 = ORIENTED_EDGE ( 'NONE', *, *, #1305, .T. ) ;
#3912 = CIRCLE ( 'NONE', #3345, 6.100000000000028955 ) ;
#3913 = EDGE_CURVE ( 'NONE', #4846, #10075, #1904, .T. ) ;
#3914 = CARTESIAN_POINT ( 'NONE',  ( 77.00000000000000000, 9.799999999999998934, 0.000000000000000000 ) ) ;
#3915 = DIRECTION ( 'NONE',  ( 0.000000000000000000, -0.000000000000000000, 1.000000000000000000 ) ) ;
#3916 = VERTEX_POINT ( 'NONE', #7591 ) ;
#3917 = CARTESIAN_POINT ( 'NONE',  ( 28.00000000000000355, 2.000000000000000000, -9.819595949289304571 ) ) ;
#3918 = LINE ( 'NONE', #947, #887 ) ;
#3919 = DIRECTION ( 'NONE',  ( -0.000000000000000000, 1.000000000000000000, -0.000000000000000000 ) ) ;
#3920 = CIRCLE ( 'NONE', #69, 0.9999999999999974465 ) ;
#3921 = FACE_OUTER_BOUND ( 'NONE', #3115, .T. ) ;
#3922 = CIRCLE ( 'NONE', #10997, 0.9999999999999974465 ) ;
#3923 = CARTESIAN_POINT ( 'NONE',  ( 7.500000000000007105, 11.00000000000000000, -16.49999999999990408 ) ) ;
#3924 = AXIS2_PLACEMENT_3D ( 'NONE', #2951, #2772, #6613 ) ;
#3925 = ORIENTED_EDGE ( 'NONE', *, *, #2725, .T. ) ;
#3926 = ADVANCED_FACE ( 'NONE', ( #5765 ), #12404, .T. ) ;
#3927 = VECTOR ( 'NONE', #3497, 1000.000000000000000 ) ;
#3928 = DIRECTION ( 'NONE',  ( -0.000000000000000000, 1.000000000000000000, -0.000000000000000000 ) ) ;
#3929 = ORIENTED_EDGE ( 'NONE', *, *, #6045, .F. ) ;
#3930 = LINE ( 'NONE', #6702, #1585 ) ;
#3931 = CARTESIAN_POINT ( 'NONE',  ( 65.76223663640863037, 11.00000000000000000, -46.00000000000000000 ) ) ;
#3932 = DIRECTION ( 'NONE',  ( 0.000000000000000000, 1.000000000000000000, 0.000000000000000000 ) ) ;
#3933 = CYLINDRICAL_SURFACE ( 'NONE', #480, 3.000000000000009770 ) ;
#3934 = EDGE_LOOP ( 'NONE', ( #11321, #1947, #2073, #11085 ) ) ;
#3935 = ORIENTED_EDGE ( 'NONE', *, *, #6095, .F. ) ;
#3936 = ORIENTED_EDGE ( 'NONE', *, *, #7825, .T. ) ;
#3937 = DIRECTION ( 'NONE',  ( 0.000000000000000000, 1.000000000000000000, 0.000000000000000000 ) ) ;
#3938 = VECTOR ( 'NONE', #8649, 1000.000000000000000 ) ;
#3939 = EDGE_LOOP ( 'NONE', ( #8631, #1484 ) ) ;
#3940 = FACE_OUTER_BOUND ( 'NONE', #9460, .T. ) ;
#3941 = EDGE_LOOP ( 'NONE', ( #9553, #12114, #11481, #74 ) ) ;
#3942 = AXIS2_PLACEMENT_3D ( 'NONE', #7502, #6366, #1693 ) ;
#3943 = AXIS2_PLACEMENT_3D ( 'NONE', #6229, #4081, #1301 ) ;
#3944 = EDGE_CURVE ( 'NONE', #1669, #7074, #957, .T. ) ;
#3945 = EDGE_CURVE ( 'NONE', #1274, #4299, #7016, .T. ) ;
#3946 = EDGE_LOOP ( 'NONE', ( #10163, #4390, #12378, #3852 ) ) ;
#3947 = EDGE_CURVE ( 'NONE', #4055, #1680, #7630, .T. ) ;
#3948 = DIRECTION ( 'NONE',  ( 0.000000000000000000, 0.000000000000000000, 1.000000000000000000 ) ) ;
#3949 = EDGE_CURVE ( 'NONE', #4951, #7730, #3037, .T. ) ;
#3950 = DIRECTION ( 'NONE',  ( 0.000000000000000000, -1.000000000000000000, 0.000000000000000000 ) ) ;
#3951 = EDGE_LOOP ( 'NONE', ( #10918, #6317, #5839, #6893 ) ) ;
#3952 = DIRECTION ( 'NONE',  ( 0.000000000000000000, 0.000000000000000000, -1.000000000000000000 ) ) ;
#3953 = CARTESIAN_POINT ( 'NONE',  ( 35.49999999999999289, 11.00000000000000000, -16.49999999999996092 ) ) ;
#3954 = CIRCLE ( 'NONE', #9414, 0.9999999999999974465 ) ;
#3955 = ORIENTED_EDGE ( 'NONE', *, *, #11319, .T. ) ;
#3956 = CYLINDRICAL_SURFACE ( 'NONE', #7919, 1.000000000000000888 ) ;
#3957 = ORIENTED_EDGE ( 'NONE', *, *, #444, .T. ) ;
#3958 = DIRECTION ( 'NONE',  ( -0.000000000000000000, -1.000000000000000000, -0.000000000000000000 ) ) ;
#3959 = DIRECTION ( 'NONE',  ( 0.000000000000000000, 0.000000000000000000, 1.000000000000000000 ) ) ;
#3960 = ORIENTED_EDGE ( 'NONE', *, *, #10225, .T. ) ;
#3961 = CARTESIAN_POINT ( 'NONE',  ( 11.99999999999992006, 11.00000000000000000, -37.99999999999992184 ) ) ;
#3962 = DIRECTION ( 'NONE',  ( 0.000000000000000000, 1.000000000000000000, 0.000000000000000000 ) ) ;
#3963 = CARTESIAN_POINT ( 'NONE',  ( 67.99999999999997158, 11.00000000000000000, -17.49999999999996447 ) ) ;
#3964 = CIRCLE ( 'NONE', #3750, 0.9999999999999974465 ) ;
#3965 = ADVANCED_FACE ( 'NONE', ( #7907 ), #11907, .T. ) ;
#3966 = AXIS2_PLACEMENT_3D ( 'NONE', #1863, #9585, #5662 ) ;
#3967 = CARTESIAN_POINT ( 'NONE',  ( 35.49999999999999289, 11.00000000000000000, -19.99999999999996447 ) ) ;
#3968 = EDGE_CURVE ( 'NONE', #3289, #10735, #2098, .T. ) ;
#3969 = DIRECTION ( 'NONE',  ( -1.000000000000000000, 0.000000000000000000, -1.527636139592262070E-15 ) ) ;
#3970 = DIRECTION ( 'NONE',  ( 0.000000000000000000, 1.000000000000000000, 0.000000000000000000 ) ) ;
#3971 = VECTOR ( 'NONE', #1586, 1000.000000000000000 ) ;
#3972 = ORIENTED_EDGE ( 'NONE', *, *, #10463, .F. ) ;
#3973 = VERTEX_POINT ( 'NONE', #10005 ) ;
#3974 = CIRCLE ( 'NONE', #6783, 0.9999999999999974465 ) ;
#3975 = CARTESIAN_POINT ( 'NONE',  ( 7.499999999999930722, 2.000000000000000000, -38.99999999999988631 ) ) ;
#3976 = FACE_BOUND ( 'NONE', #5355, .T. ) ;
#3977 = LINE ( 'NONE', #8856, #4864 ) ;
#3978 = ORIENTED_EDGE ( 'NONE', *, *, #11438, .F. ) ;
#3979 = VECTOR ( 'NONE', #4592, 1000.000000000000000 ) ;
#3980 = VERTEX_POINT ( 'NONE', #10766 ) ;
#3981 = CIRCLE ( 'NONE', #11058, 0.9999999999999974465 ) ;
#3982 = DIRECTION ( 'NONE',  ( 0.000000000000000000, 0.000000000000000000, 1.000000000000000000 ) ) ;
#3983 = DIRECTION ( 'NONE',  ( -0.000000000000000000, -1.000000000000000000, -0.000000000000000000 ) ) ;
#3984 = DIRECTION ( 'NONE',  ( 0.000000000000000000, 0.000000000000000000, 1.000000000000000000 ) ) ;
#3985 = VERTEX_POINT ( 'NONE', #7973 ) ;
#3986 = LINE ( 'NONE', #2849, #3726 ) ;
#3987 = DIRECTION ( 'NONE',  ( 0.000000000000000000, 1.000000000000000000, -0.000000000000000000 ) ) ;
#3988 = CIRCLE ( 'NONE', #11682, 1.000000000000000888 ) ;
#3989 = CYLINDRICAL_SURFACE ( 'NONE', #8216, 3.000000000000023537 ) ;
#3990 = DIRECTION ( 'NONE',  ( 0.000000000000000000, 0.000000000000000000, -1.000000000000000000 ) ) ;
#3991 = CIRCLE ( 'NONE', #1776, 0.9999999999999974465 ) ;
#3992 = FACE_OUTER_BOUND ( 'NONE', #5175, .T. ) ;
#3993 = ORIENTED_EDGE ( 'NONE', *, *, #1626, .F. ) ;
#3994 = CARTESIAN_POINT ( 'NONE',  ( 54.28700576850885540, 9.799999999999998934, -41.50000000000000711 ) ) ;
#3995 = CARTESIAN_POINT ( 'NONE',  ( 11.99999999999993427, 11.00000000000000000, -35.49999999999992895 ) ) ;
#3996 = ADVANCED_FACE ( 'NONE', ( #301 ), #4942, .T. ) ;
#3997 = DIRECTION ( 'NONE',  ( 0.000000000000000000, 0.000000000000000000, -1.000000000000000000 ) ) ;
#3998 = CYLINDRICAL_SURFACE ( 'NONE', #10396, 6.100000000000028955 ) ;
#3999 = VERTEX_POINT ( 'NONE', #7782 ) ;
#4000 = EDGE_LOOP ( 'NONE', ( #11874, #5745, #6226, #9890 ) ) ;
#4001 = ORIENTED_EDGE ( 'NONE', *, *, #11640, .F. ) ;
#4002 = CARTESIAN_POINT ( 'NONE',  ( 44.50000000000000000, 2.000000000000000000, -26.49999999999993605 ) ) ;
#4003 = EDGE_CURVE ( 'NONE', #3366, #8858, #3596, .T. ) ;
#4004 = ADVANCED_FACE ( 'NONE', ( #6127 ), #8738, .T. ) ;
#4005 = DIRECTION ( 'NONE',  ( -0.000000000000000000, -0.000000000000000000, 1.000000000000000000 ) ) ;
#4006 = AXIS2_PLACEMENT_3D ( 'NONE', #12262, #2523, #12323 ) ;
#4007 = AXIS2_PLACEMENT_3D ( 'NONE', #11130, #4486, #4288 ) ;
#4008 = ORIENTED_EDGE ( 'NONE', *, *, #9358, .F. ) ;
#4009 = DIRECTION ( 'NONE',  ( 0.000000000000000000, 1.000000000000000000, 0.000000000000000000 ) ) ;
#4010 = DIRECTION ( 'NONE',  ( 0.000000000000000000, 0.000000000000000000, 1.000000000000000000 ) ) ;
#4011 = VERTEX_POINT ( 'NONE', #6067 ) ;
#4012 = CARTESIAN_POINT ( 'NONE',  ( 27.36984848098349232, 9.799999999999998934, -8.299999999999991829 ) ) ;
#4014 = DIRECTION ( 'NONE',  ( -0.000000000000000000, 1.000000000000000000, -0.000000000000000000 ) ) ;
#4013 = CIRCLE ( 'NONE', #10703, 0.9999999999999974465 ) ;
#4015 = ORIENTED_EDGE ( 'NONE', *, *, #1722, .F. ) ;
#4016 = DIRECTION ( 'NONE',  ( 0.000000000000000000, 0.000000000000000000, 1.000000000000000000 ) ) ;
#4017 = VERTEX_POINT ( 'NONE', #5882 ) ;
#4018 = EDGE_CURVE ( 'NONE', #7169, #8597, #1174, .T. ) ;
#4019 = CARTESIAN_POINT ( 'NONE',  ( 48.49999999999999289, 2.000000000000000000, -26.49999999999992539 ) ) ;
#4020 = CARTESIAN_POINT ( 'NONE',  ( 62.07220293988400073, 9.799999999999998934, -6.000084202863472882 ) ) ;
#4021 = ORIENTED_EDGE ( 'NONE', *, *, #11214, .T. ) ;
#4022 = ORIENTED_EDGE ( 'NONE', *, *, #4794, .T. ) ;
#4023 = DIRECTION ( 'NONE',  ( 0.000000000000000000, 1.000000000000000000, 0.000000000000000000 ) ) ;
#4024 = EDGE_CURVE ( 'NONE', #12163, #10475, #3164, .T. ) ;
#4025 = DIRECTION ( 'NONE',  ( 0.000000000000000000, 1.000000000000000000, 0.000000000000000000 ) ) ;
#4026 = EDGE_CURVE ( 'NONE', #2724, #8508, #1587, .T. ) ;
#4027 = PLANE ( 'NONE',  #1351 ) ;
#4028 = CARTESIAN_POINT ( 'NONE',  ( 20.99999999999991473, 11.00000000000000000, -29.99999999999998934 ) ) ;
#4029 = CARTESIAN_POINT ( 'NONE',  ( 47.04903320081221807, 9.799999999999998934, -3.878679656440370493 ) ) ;
#4030 = CARTESIAN_POINT ( 'NONE',  ( 72.49999999999998579, 11.00000000000000000, -12.99999999999999467 ) ) ;
#4031 = ORIENTED_EDGE ( 'NONE', *, *, #1970, .T. ) ;
#4032 = EDGE_CURVE ( 'NONE', #8191, #9373, #4878, .T. ) ;
#4033 = DIRECTION ( 'NONE',  ( 0.000000000000000000, 0.000000000000000000, 1.000000000000000000 ) ) ;
#4034 = ORIENTED_EDGE ( 'NONE', *, *, #10962, .T. ) ;
#4035 = DIRECTION ( 'NONE',  ( -0.000000000000000000, -1.000000000000000000, -0.000000000000000000 ) ) ;
#4036 = PLANE ( 'NONE',  #4927 ) ;
#4037 = ADVANCED_FACE ( 'NONE', ( #4050 ), #1136, .T. ) ;
#4038 = CARTESIAN_POINT ( 'NONE',  ( 7.500000000000041744, 11.00000000000000000, -7.499999999999904965 ) ) ;
#4039 = ORIENTED_EDGE ( 'NONE', *, *, #7733, .F. ) ;
#4040 = ADVANCED_FACE ( 'NONE', ( #11728 ), #8991, .T. ) ;
#4041 = CARTESIAN_POINT ( 'NONE',  ( 40.00000000000000000, 2.000000000000000000, -15.00000000000000000 ) ) ;
#4042 = CARTESIAN_POINT ( 'NONE',  ( 72.49999999999997158, 2.000000000000000000, -17.49999999999999289 ) ) ;
#4043 = CARTESIAN_POINT ( 'NONE',  ( 58.99999999999994316, 11.00000000000000000, -34.49999999999989342 ) ) ;
#4044 = ORIENTED_EDGE ( 'NONE', *, *, #2732, .T. ) ;
#4045 = ORIENTED_EDGE ( 'NONE', *, *, #6564, .F. ) ;
#4046 = ADVANCED_FACE ( 'NONE', ( #2164 ), #6004, .T. ) ;
#4047 = CARTESIAN_POINT ( 'NONE',  ( 11.99999999999992006, 11.00000000000000000, -38.99999999999992184 ) ) ;
#4048 = DIRECTION ( 'NONE',  ( -0.000000000000000000, -1.000000000000000000, -0.000000000000000000 ) ) ;
#4049 = CYLINDRICAL_SURFACE ( 'NONE', #7995, 2.799999999999997158 ) ;
#4050 = FACE_OUTER_BOUND ( 'NONE', #9190, .T. ) ;
#4051 = DIRECTION ( 'NONE',  ( 0.000000000000000000, 0.000000000000000000, 1.000000000000000000 ) ) ;
#4052 = EDGE_LOOP ( 'NONE', ( #8363, #12023 ) ) ;
#4053 = DIRECTION ( 'NONE',  ( 0.000000000000000000, 0.000000000000000000, -1.000000000000000000 ) ) ;
#4054 = FACE_OUTER_BOUND ( 'NONE', #10476, .T. ) ;
#4055 = VERTEX_POINT ( 'NONE', #8927 ) ;
#4056 = LINE ( 'NONE', #10590, #9787 ) ;
#4057 = ORIENTED_EDGE ( 'NONE', *, *, #12276, .F. ) ;
#4058 = ORIENTED_EDGE ( 'NONE', *, *, #7036, .F. ) ;
#4059 = ORIENTED_EDGE ( 'NONE', *, *, #9737, .T. ) ;
#4060 = DIRECTION ( 'NONE',  ( -0.000000000000000000, 1.000000000000000000, -0.000000000000000000 ) ) ;
#4061 = DIRECTION ( 'NONE',  ( 0.000000000000000000, 0.000000000000000000, 1.000000000000000000 ) ) ;
#4062 = EDGE_CURVE ( 'NONE', #143, #10132, #10076, .T. ) ;
#4063 = DIRECTION ( 'NONE',  ( 0.000000000000000000, 1.000000000000000000, 0.000000000000000000 ) ) ;
#4064 = CYLINDRICAL_SURFACE ( 'NONE', #931, 0.9999999999999974465 ) ;
#4065 = DIRECTION ( 'NONE',  ( -0.000000000000000000, -1.000000000000000000, -0.000000000000000000 ) ) ;
#4066 = CC_DESIGN_PERSON_AND_ORGANIZATION_ASSIGNMENT ( #1694, #7503, ( #2620 ) ) ;
#4067 = DIRECTION ( 'NONE',  ( -0.7071067811865467956, 0.000000000000000000, 0.7071067811865483499 ) ) ;
#4068 = VECTOR ( 'NONE', #3713, 1000.000000000000000 ) ;
#4069 = ORIENTED_EDGE ( 'NONE', *, *, #10597, .F. ) ;
#4070 = DIRECTION ( 'NONE',  ( -0.000000000000000000, -1.000000000000000000, -0.000000000000000000 ) ) ;
#4071 = ORIENTED_EDGE ( 'NONE', *, *, #5634, .F. ) ;
#4072 = DIRECTION ( 'NONE',  ( 0.000000000000000000, 0.000000000000000000, 1.000000000000000000 ) ) ;
#4073 = DIRECTION ( 'NONE',  ( 0.000000000000000000, 1.000000000000000000, 0.000000000000000000 ) ) ;
#4074 = EDGE_LOOP ( 'NONE', ( #62, #7596 ) ) ;
#4075 = ORIENTED_EDGE ( 'NONE', *, *, #1796, .F. ) ;
#4076 = CARTESIAN_POINT ( 'NONE',  ( 56.40832611206848668, 11.00000000000000000, -39.37867965644034740 ) ) ;
#4077 = AXIS2_PLACEMENT_3D ( 'NONE', #10093, #9015, #10212 ) ;
#4078 = LINE ( 'NONE', #9726, #2283 ) ;
#4079 = DIRECTION ( 'NONE',  ( 0.000000000000000000, 1.000000000000000000, 0.000000000000000000 ) ) ;
#4080 = ADVANCED_FACE ( 'NONE', ( #6255 ), #9248, .T. ) ;
#4081 = DIRECTION ( 'NONE',  ( -0.000000000000000000, 1.000000000000000000, -0.000000000000000000 ) ) ;
#4082 = CARTESIAN_POINT ( 'NONE',  ( 20.99999999999991473, 2.000000000000000000, -28.99999999999998934 ) ) ;
#4083 = CIRCLE ( 'NONE', #2883, 1.000000000000000888 ) ;
#4084 = VERTEX_POINT ( 'NONE', #10254 ) ;
#4085 = EDGE_CURVE ( 'NONE', #7299, #6282, #7843, .T. ) ;
#4086 = CARTESIAN_POINT ( 'NONE',  ( 35.49999999999999289, 11.00000000000000000, -10.99999999999996447 ) ) ;
#4087 = EDGE_LOOP ( 'NONE', ( #8430, #6475 ) ) ;
#4088 = CARTESIAN_POINT ( 'NONE',  ( 5.443227718325019282, 9.799999999999998934, -47.20000000000000284 ) ) ;
#4089 = ORIENTED_EDGE ( 'NONE', *, *, #6815, .T. ) ;
#4090 = CYLINDRICAL_SURFACE ( 'NONE', #692, 0.9999999999999974465 ) ;
#4091 = CIRCLE ( 'NONE', #439, 1.700000000000000178 ) ;
#4092 = DIRECTION ( 'NONE',  ( 0.000000000000000000, 1.000000000000000000, 0.000000000000000000 ) ) ;
#4093 = VECTOR ( 'NONE', #4243, 1000.000000000000000 ) ;
#4094 = CYLINDRICAL_SURFACE ( 'NONE', #9924, 2.499999999999999556 ) ;
#4095 = VECTOR ( 'NONE', #2702, 1000.000000000000000 ) ;
#4096 = CARTESIAN_POINT ( 'NONE',  ( 31.50000000000000711, 11.00000000000000000, -35.49999999999997158 ) ) ;
#4097 = DIRECTION ( 'NONE',  ( 0.000000000000000000, 0.000000000000000000, 1.000000000000000000 ) ) ;
#4098 = EDGE_CURVE ( 'NONE', #2556, #1589, #6011, .T. ) ;
#4099 = DIRECTION ( 'NONE',  ( -0.000000000000000000, -1.000000000000000000, 0.000000000000000000 ) ) ;
#4100 = DIRECTION ( 'NONE',  ( 0.000000000000000000, 0.000000000000000000, 1.000000000000000000 ) ) ;
#4101 = ORIENTED_EDGE ( 'NONE', *, *, #1878, .T. ) ;
#4102 = VECTOR ( 'NONE', #7054, 1000.000000000000000 ) ;
#4103 = ORIENTED_EDGE ( 'NONE', *, *, #5695, .T. ) ;
#4104 = CARTESIAN_POINT ( 'NONE',  ( 80.00000000000007105, 11.00000000000000000, -47.19999999999989626 ) ) ;
#4105 = PLANE ( 'NONE',  #6903 ) ;
#4106 = DIRECTION ( 'NONE',  ( 0.000000000000000000, 1.000000000000000000, -0.000000000000000000 ) ) ;
#4107 = AXIS2_PLACEMENT_3D ( 'NONE', #11803, #3248, #9962 ) ;
#4108 = DIRECTION ( 'NONE',  ( 0.000000000000000000, 1.000000000000000000, 0.000000000000000000 ) ) ;
#4109 = CARTESIAN_POINT ( 'NONE',  ( 44.50000000000000000, 11.00000000000000000, -15.49999999999994493 ) ) ;
#4110 = AXIS2_PLACEMENT_3D ( 'NONE', #7605, #11411, #4826 ) ;
#4111 = ORIENTED_EDGE ( 'NONE', *, *, #2799, .F. ) ;
#4112 = DIRECTION ( 'NONE',  ( -0.000000000000000000, -1.000000000000000000, -0.000000000000000000 ) ) ;
#4114 = CARTESIAN_POINT ( 'NONE',  ( 72.50000000000000000, 11.00000000000000000, -6.500000000000001776 ) ) ;
#4113 = CIRCLE ( 'NONE', #3323, 1.000000000000000888 ) ;
#4115 = EDGE_LOOP ( 'NONE', ( #8150, #1640, #955, #1254 ) ) ;
#4116 = DIRECTION ( 'NONE',  ( -0.000000000000000000, -1.000000000000000000, -0.000000000000000000 ) ) ;
#4117 = ORIENTED_EDGE ( 'NONE', *, *, #12290, .F. ) ;
#4118 = ORIENTED_EDGE ( 'NONE', *, *, #6253, .T. ) ;
#4119 = LINE ( 'NONE', #1214, #3135 ) ;
#4120 = DIRECTION ( 'NONE',  ( 0.000000000000000000, 1.000000000000000000, 0.000000000000000000 ) ) ;
#4121 = AXIS2_PLACEMENT_3D ( 'NONE', #1958, #6623, #5682 ) ;
#4122 = EDGE_LOOP ( 'NONE', ( #6670, #1734, #11300, #11376 ) ) ;
#4123 = AXIS2_PLACEMENT_3D ( 'NONE', #3089, #2979, #6947 ) ;
#4124 = CARTESIAN_POINT ( 'NONE',  ( 67.99999999999995737, 2.000000000000000000, -21.99999999999996092 ) ) ;
#4125 = DIRECTION ( 'NONE',  ( -0.000000000000000000, -1.000000000000000000, -0.000000000000000000 ) ) ;
#4126 = EDGE_LOOP ( 'NONE', ( #2947, #5990 ) ) ;
#4127 = FACE_BOUND ( 'NONE', #9128, .T. ) ;
#4128 = CARTESIAN_POINT ( 'NONE',  ( 74.55677228167498072, 11.00000000000000000, -49.20000000000000284 ) ) ;
#4129 = DIRECTION ( 'NONE',  ( 0.000000000000000000, 1.000000000000000000, 0.000000000000000000 ) ) ;
#4130 = AXIS2_PLACEMENT_3D ( 'NONE', #9090, #3061, #6859 ) ;
#4131 = ORIENTED_EDGE ( 'NONE', *, *, #6422, .T. ) ;
#4132 = CARTESIAN_POINT ( 'NONE',  ( 67.99999999999994316, 11.00000000000000000, -25.49999999999996092 ) ) ;
#4133 = DIRECTION ( 'NONE',  ( 0.000000000000000000, 1.000000000000000000, -0.000000000000000000 ) ) ;
#4134 = ORIENTED_EDGE ( 'NONE', *, *, #5350, .T. ) ;
#4135 = CARTESIAN_POINT ( 'NONE',  ( 16.50000000000000711, 11.00000000000000000, -8.499999999999966249 ) ) ;
#4136 = DIRECTION ( 'NONE',  ( -0.000000000000000000, 1.000000000000000000, -0.000000000000000000 ) ) ;
#4137 = DIRECTION ( 'NONE',  ( 0.000000000000000000, 0.000000000000000000, -1.000000000000000000 ) ) ;
#4138 = ORIENTED_EDGE ( 'NONE', *, *, #3780, .F. ) ;
#4139 = AXIS2_PLACEMENT_3D ( 'NONE', #6843, #9892, #10901 ) ;
#4140 = DIRECTION ( 'NONE',  ( 0.000000000000000000, 1.000000000000000000, 0.000000000000000000 ) ) ;
#4141 = VECTOR ( 'NONE', #1372, 1000.000000000000114 ) ;
#4142 = DIRECTION ( 'NONE',  ( -0.7127720722690772392, 0.000000000000000000, 0.7013957320894141922 ) ) ;
#4143 = ORIENTED_EDGE ( 'NONE', *, *, #4876, .F. ) ;
#4144 = LINE ( 'NONE', #3070, #7791 ) ;
#4145 = EDGE_LOOP ( 'NONE', ( #12341, #3993 ) ) ;
#4146 = CARTESIAN_POINT ( 'NONE',  ( 20.99999999999997158, 11.00000000000000000, -15.49999999999999645 ) ) ;
#4147 = VERTEX_POINT ( 'NONE', #10125 ) ;
#4148 = AXIS2_PLACEMENT_3D ( 'NONE', #7015, #11841, #299 ) ;
#4149 = CARTESIAN_POINT ( 'NONE',  ( 7.500000000000007105, 2.000000000000000000, -17.49999999999990052 ) ) ;
#4150 = EDGE_CURVE ( 'NONE', #4162, #7903, #2199, .T. ) ;
#4151 = DIRECTION ( 'NONE',  ( 1.137523590804458201E-15, 0.000000000000000000, 1.000000000000000000 ) ) ;
#4152 = EDGE_CURVE ( 'NONE', #3289, #2789, #11503, .T. ) ;
#4153 = VERTEX_POINT ( 'NONE', #4430 ) ;
#4154 = EDGE_LOOP ( 'NONE', ( #243, #3874 ) ) ;
#4155 = AXIS2_PLACEMENT_3D ( 'NONE', #6733, #10617, #985 ) ;
#4156 = CARTESIAN_POINT ( 'NONE',  ( 67.99999999999990052, 2.000000000000000000, -38.99999999999995026 ) ) ;
#4157 = DIRECTION ( 'NONE',  ( 0.000000000000000000, 0.000000000000000000, 1.000000000000000000 ) ) ;
#4158 = AXIS2_PLACEMENT_3D ( 'NONE', #7615, #907, #4777 ) ;
#4159 = DIRECTION ( 'NONE',  ( 0.000000000000000000, 0.000000000000000000, -1.000000000000000000 ) ) ;
#4160 = CYLINDRICAL_SURFACE ( 'NONE', #10653, 0.9999999999999983347 ) ;
#4161 = VERTEX_POINT ( 'NONE', #4236 ) ;
#4162 = VERTEX_POINT ( 'NONE', #6312 ) ;
#4163 = ADVANCED_FACE ( 'NONE', ( #7134 ), #12152, .T. ) ;
#4164 = DIRECTION ( 'NONE',  ( 0.000000000000000000, 0.000000000000000000, 1.000000000000000000 ) ) ;
#4165 = FACE_OUTER_BOUND ( 'NONE', #255, .T. ) ;
#4166 = CARTESIAN_POINT ( 'NONE',  ( 62.07341920279139202, 9.799999999999998934, -3.000042224706366500 ) ) ;
#4167 = CIRCLE ( 'NONE', #11862, 0.9999999999999974465 ) ;
#4168 = EDGE_CURVE ( 'NONE', #4298, #9088, #6192, .T. ) ;
#4169 = EDGE_CURVE ( 'NONE', #6572, #3727, #1588, .T. ) ;
#4170 = CARTESIAN_POINT ( 'NONE',  ( 27.36984848098348522, 9.799999999999998934, -5.499999999999992895 ) ) ;
#4171 = CIRCLE ( 'NONE', #2966, 0.9999999999999983347 ) ;
#4172 = ORIENTED_EDGE ( 'NONE', *, *, #8906, .T. ) ;
#4173 = DIRECTION ( 'NONE',  ( -0.000000000000000000, -1.000000000000000000, -0.000000000000000000 ) ) ;
#4174 = EDGE_CURVE ( 'NONE', #5457, #2930, #3542, .T. ) ;
#4175 = VERTEX_POINT ( 'NONE', #12096 ) ;
#4176 = CARTESIAN_POINT ( 'NONE',  ( 63.49999999999994316, 11.00000000000000000, -29.99999999999992539 ) ) ;
#4177 = DIRECTION ( 'NONE',  ( 0.000000000000000000, 1.000000000000000000, -0.000000000000000000 ) ) ;
#4178 = ORIENTED_EDGE ( 'NONE', *, *, #4385, .F. ) ;
#4179 = DIRECTION ( 'NONE',  ( -0.000000000000000000, 1.000000000000000000, -0.000000000000000000 ) ) ;
#4180 = ADVANCED_FACE ( 'NONE', ( #7325 ), #7389, .T. ) ;
#4181 = VERTEX_POINT ( 'NONE', #10185 ) ;
#4182 = ORIENTED_EDGE ( 'NONE', *, *, #7475, .F. ) ;
#4183 = ORIENTED_EDGE ( 'NONE', *, *, #7718, .F. ) ;
#4184 = DIRECTION ( 'NONE',  ( 0.7071067811865526798, 0.000000000000000000, 0.7071067811865424657 ) ) ;
#4185 = ADVANCED_FACE ( 'NONE', ( #2355 ), #3422, .T. ) ;
#4186 = EDGE_CURVE ( 'NONE', #10813, #2190, #9690, .T. ) ;
#4187 = VERTEX_POINT ( 'NONE', #5264 ) ;
#4188 = LINE ( 'NONE', #10724, #6416 ) ;
#4189 = CIRCLE ( 'NONE', #3789, 4.200000000000036593 ) ;
#4190 = DIRECTION ( 'NONE',  ( 0.000000000000000000, 0.000000000000000000, 1.000000000000000000 ) ) ;
#4191 = VECTOR ( 'NONE', #236, 1000.000000000000000 ) ;
#4192 = DIRECTION ( 'NONE',  ( -0.000000000000000000, -1.000000000000000000, -0.000000000000000000 ) ) ;
#4193 = ORIENTED_EDGE ( 'NONE', *, *, #8844, .T. ) ;
#4194 = FACE_BOUND ( 'NONE', #5360, .T. ) ;
#4195 = CARTESIAN_POINT ( 'NONE',  ( 5.200000000000024158, 9.799999999999998934, -1.000000000000005995 ) ) ;
#4196 = ORIENTED_EDGE ( 'NONE', *, *, #6045, .T. ) ;
#4197 = LINE ( 'NONE', #8067, #5303 ) ;
#4198 = ORIENTED_EDGE ( 'NONE', *, *, #11440, .T. ) ;
#4199 = DIRECTION ( 'NONE',  ( 0.7071067811865483499, 0.000000000000000000, -0.7071067811865467956 ) ) ;
#4200 = FACE_BOUND ( 'NONE', #8347, .T. ) ;
#4201 = ORIENTED_EDGE ( 'NONE', *, *, #1246, .T. ) ;
#4202 = AXIS2_PLACEMENT_3D ( 'NONE', #1547, #9268, #8317 ) ;
#4203 = ORIENTED_EDGE ( 'NONE', *, *, #11389, .T. ) ;
#4204 = CARTESIAN_POINT ( 'NONE',  ( 11.99999999999997513, 2.000000000000000000, -21.99999999999992895 ) ) ;
#4205 = EDGE_CURVE ( 'NONE', #4634, #1891, #8273, .T. ) ;
#4206 = CARTESIAN_POINT ( 'NONE',  ( 58.99999999999995737, 11.00000000000000000, -30.99999999999989342 ) ) ;
#4207 = CIRCLE ( 'NONE', #12508, 0.9999999999999974465 ) ;
#4208 = ORIENTED_EDGE ( 'NONE', *, *, #320, .T. ) ;
#4209 = PLANE ( 'NONE',  #7752 ) ;
#4210 = AXIS2_PLACEMENT_3D ( 'NONE', #44, #8732, #6825 ) ;
#4211 = ORIENTED_EDGE ( 'NONE', *, *, #11454, .F. ) ;
#4212 = CARTESIAN_POINT ( 'NONE',  ( 20.99999999999991473, 11.00000000000000000, -28.99999999999998934 ) ) ;
#4213 = EDGE_LOOP ( 'NONE', ( #4399, #10628, #5891, #8632 ) ) ;
#4214 = DIRECTION ( 'NONE',  ( 0.000000000000000000, 0.000000000000000000, 1.000000000000000000 ) ) ;
#4215 = ORIENTED_EDGE ( 'NONE', *, *, #8035, .F. ) ;
#4216 = DIRECTION ( 'NONE',  ( -0.000000000000000000, -1.000000000000000000, -0.000000000000000000 ) ) ;
#4217 = ORIENTED_EDGE ( 'NONE', *, *, #10349, .T. ) ;
#4218 = CARTESIAN_POINT ( 'NONE',  ( 67.99999999999992895, 2.000000000000000000, -28.99999999999996092 ) ) ;
#4219 = DIRECTION ( 'NONE',  ( 0.000000000000000000, 0.000000000000000000, 1.000000000000000000 ) ) ;
#4220 = VECTOR ( 'NONE', #3651, 1000.000000000000000 ) ;
#4221 = ORIENTED_EDGE ( 'NONE', *, *, #7889, .F. ) ;
#4222 = CARTESIAN_POINT ( 'NONE',  ( 44.50000000000000000, 11.00000000000000000, -34.49999999999994316 ) ) ;
#4223 = ADVANCED_FACE ( 'NONE', ( #5388 ), #499, .T. ) ;
#4224 = FACE_OUTER_BOUND ( 'NONE', #2425, .T. ) ;
#4225 = ORIENTED_EDGE ( 'NONE', *, *, #1080, .T. ) ;
#4226 = CARTESIAN_POINT ( 'NONE',  ( -1.927470528863119049E-16, 2.000000000000000000, -4.000000000000000000 ) ) ;
#4227 = CARTESIAN_POINT ( 'NONE',  ( 35.49999999999999289, 11.00000000000000000, -7.499999999999963585 ) ) ;
#4228 = EDGE_CURVE ( 'NONE', #7383, #11049, #563, .T. ) ;
#4229 = EDGE_LOOP ( 'NONE', ( #4647, #601, #11710, #2447 ) ) ;
#4230 = EDGE_CURVE ( 'NONE', #3629, #9002, #9085, .T. ) ;
#4231 = ORIENTED_EDGE ( 'NONE', *, *, #10462, .F. ) ;
#4232 = DIRECTION ( 'NONE',  ( 0.000000000000000000, 1.000000000000000000, 0.000000000000000000 ) ) ;
#4233 = DIRECTION ( 'NONE',  ( -0.000000000000000000, -1.000000000000000000, -0.000000000000000000 ) ) ;
#4234 = DIRECTION ( 'NONE',  ( 0.000000000000000000, 0.000000000000000000, 1.000000000000000000 ) ) ;
#4235 = LINE ( 'NONE', #8096, #8618 ) ;
#4236 = CARTESIAN_POINT ( 'NONE',  ( 20.99999999999995737, 2.000000000000000000, -21.99999999999999289 ) ) ;
#4237 = ORIENTED_EDGE ( 'NONE', *, *, #5925, .F. ) ;
#4238 = ADVANCED_FACE ( 'NONE', ( #10375 ), #1706, .T. ) ;
#4239 = CYLINDRICAL_SURFACE ( 'NONE', #3165, 0.9999999999999974465 ) ;
#4240 = ORIENTED_EDGE ( 'NONE', *, *, #447, .T. ) ;
#4241 = ADVANCED_FACE ( 'NONE', ( #12273 ), #5750, .F. ) ;
#4242 = CARTESIAN_POINT ( 'NONE',  ( 48.49999999999999289, 11.00000000000000000, -20.99999999999992895 ) ) ;
#4243 = DIRECTION ( 'NONE',  ( -0.000000000000000000, -1.000000000000000000, -0.000000000000000000 ) ) ;
#4244 = DIRECTION ( 'NONE',  ( 0.000000000000000000, 0.000000000000000000, 1.000000000000000000 ) ) ;
#4245 = ORIENTED_EDGE ( 'NONE', *, *, #76, .T. ) ;
#4246 = VERTEX_POINT ( 'NONE', #2838 ) ;
#4247 = FACE_OUTER_BOUND ( 'NONE', #10957, .T. ) ;
#4248 = FACE_OUTER_BOUND ( 'NONE', #7831, .T. ) ;
#4249 = CARTESIAN_POINT ( 'NONE',  ( 35.49999999999999289, 11.00000000000000000, -11.99999999999996270 ) ) ;
#4250 = VECTOR ( 'NONE', #2216, 1000.000000000000000 ) ;
#4251 = DIRECTION ( 'NONE',  ( -0.000000000000000000, -1.000000000000000000, -0.000000000000000000 ) ) ;
#4252 = EDGE_LOOP ( 'NONE', ( #4407, #10445, #1567, #10091 ) ) ;
#4253 = EDGE_CURVE ( 'NONE', #10871, #3630, #3828, .T. ) ;
#4254 = DIRECTION ( 'NONE',  ( 0.000000000000000000, 0.000000000000000000, 1.000000000000000000 ) ) ;
#4255 = VERTEX_POINT ( 'NONE', #10509 ) ;
#4256 = DIRECTION ( 'NONE',  ( 0.000000000000000000, 1.000000000000000000, -0.000000000000000000 ) ) ;
#4257 = VERTEX_POINT ( 'NONE', #1767 ) ;
#4258 = LINE ( 'NONE', #8123, #662 ) ;
#4259 = DIRECTION ( 'NONE',  ( 0.000000000000000000, 0.000000000000000000, 1.000000000000000000 ) ) ;
#4260 = VERTEX_POINT ( 'NONE', #8542 ) ;
#4261 = LINE ( 'NONE', #7236, #8406 ) ;
#4262 = LINE ( 'NONE', #7174, #9440 ) ;
#4263 = ORIENTED_EDGE ( 'NONE', *, *, #6660, .F. ) ;
#4264 = DIRECTION ( 'NONE',  ( -0.000000000000000000, -1.000000000000000000, -0.000000000000000000 ) ) ;
#4265 = DIRECTION ( 'NONE',  ( -0.000000000000000000, -1.000000000000000000, 0.000000000000000000 ) ) ;
#4266 = ORIENTED_EDGE ( 'NONE', *, *, #10446, .T. ) ;
#4267 = CARTESIAN_POINT ( 'NONE',  ( 7.499999999999971578, 2.000000000000000000, -25.49999999999989697 ) ) ;
#4268 = VERTEX_POINT ( 'NONE', #8605 ) ;
#4269 = DIRECTION ( 'NONE',  ( 0.000000000000000000, 0.000000000000000000, 1.000000000000000000 ) ) ;
#4270 = ORIENTED_EDGE ( 'NONE', *, *, #4306, .F. ) ;
#4271 = ORIENTED_EDGE ( 'NONE', *, *, #10041, .T. ) ;
#4272 = DIRECTION ( 'NONE',  ( 0.000000000000000000, 0.000000000000000000, 1.000000000000000000 ) ) ;
#4273 = DIRECTION ( 'NONE',  ( 0.000000000000000000, 1.000000000000000000, 0.000000000000000000 ) ) ;
#4274 = CIRCLE ( 'NONE', #1047, 3.000000000000002665 ) ;
#4275 = DIRECTION ( 'NONE',  ( 0.000000000000000000, 0.000000000000000000, -1.000000000000000000 ) ) ;
#4276 = ORIENTED_EDGE ( 'NONE', *, *, #5211, .T. ) ;
#4277 = LINE ( 'NONE', #9348, #11885 ) ;
#4278 = CARTESIAN_POINT ( 'NONE',  ( 44.50000000000000000, 11.00000000000000000, -25.49999999999993960 ) ) ;
#4279 = CIRCLE ( 'NONE', #10566, 1.000000000000000888 ) ;
#4280 = ORIENTED_EDGE ( 'NONE', *, *, #5368, .T. ) ;
#4281 = ORIENTED_EDGE ( 'NONE', *, *, #4704, .F. ) ;
#4282 = CARTESIAN_POINT ( 'NONE',  ( 49.49999999999999289, 11.00000000000000000, -10.85512985522205121 ) ) ;
#4283 = AXIS2_PLACEMENT_3D ( 'NONE', #4494, #9438, #11199 ) ;
#4284 = FACE_OUTER_BOUND ( 'NONE', #6944, .T. ) ;
#4285 = DIRECTION ( 'NONE',  ( 0.000000000000000000, -0.000000000000000000, 1.000000000000000000 ) ) ;
#4286 = DIRECTION ( 'NONE',  ( -0.000000000000000000, 1.000000000000000000, -0.000000000000000000 ) ) ;
#4287 = EDGE_CURVE ( 'NONE', #171, #8340, #12454, .T. ) ;
#4288 = DIRECTION ( 'NONE',  ( 0.000000000000000000, 0.000000000000000000, 1.000000000000000000 ) ) ;
#4289 = CIRCLE ( 'NONE', #5511, 0.9999999999999974465 ) ;
#4290 = CIRCLE ( 'NONE', #1679, 3.599999999999992095 ) ;
#4291 = VERTEX_POINT ( 'NONE', #2661 ) ;
#4292 = LINE ( 'NONE', #7272, #5808 ) ;
#4293 = EDGE_LOOP ( 'NONE', ( #12495, #10989, #8280, #2346 ) ) ;
#4294 = CARTESIAN_POINT ( 'NONE',  ( 53.54142135623730070, 11.00000000000000000, -3.499999999999993339 ) ) ;
#4295 = CARTESIAN_POINT ( 'NONE',  ( 79.99999999999997158, 11.00000000000000000, -49.20000000000005969 ) ) ;
#4296 = VECTOR ( 'NONE', #9779, 1000.000000000000000 ) ;
#4297 = DIRECTION ( 'NONE',  ( -1.000000000000000000, 0.000000000000000000, 7.534230757946422568E-17 ) ) ;
#4298 = VERTEX_POINT ( 'NONE', #9490 ) ;
#4299 = VERTEX_POINT ( 'NONE', #866 ) ;
#4300 = ORIENTED_EDGE ( 'NONE', *, *, #8735, .F. ) ;
#4301 = PLANE ( 'NONE',  #725 ) ;
#4302 = AXIS2_PLACEMENT_3D ( 'NONE', #11804, #6038, #3058 ) ;
#4303 = EDGE_CURVE ( 'NONE', #167, #8969, #9619, .T. ) ;
#4304 = CARTESIAN_POINT ( 'NONE',  ( 53.54142135623727938, 11.00000000000000000, -40.50000000000000711 ) ) ;
#4305 = ORIENTED_EDGE ( 'NONE', *, *, #5547, .T. ) ;
#4306 = EDGE_CURVE ( 'NONE', #8243, #3546, #6493, .T. ) ;
#4307 = EDGE_CURVE ( 'NONE', #476, #10032, #2226, .T. ) ;
#4308 = CIRCLE ( 'NONE', #6330, 3.000000000000009770 ) ;
#4309 = VERTEX_POINT ( 'NONE', #10565 ) ;
#4310 = LINE ( 'NONE', #9201, #3331 ) ;
#4311 = AXIS2_PLACEMENT_3D ( 'NONE', #10741, #7826, #2068 ) ;
#4312 = FACE_OUTER_BOUND ( 'NONE', #9217, .T. ) ;
#4313 = AXIS2_PLACEMENT_3D ( 'NONE', #9127, #10955, #314 ) ;
#4314 = ORIENTED_EDGE ( 'NONE', *, *, #1710, .T. ) ;
#4315 = DIRECTION ( 'NONE',  ( 1.000000000000000000, 0.000000000000000000, -4.818676322157797621E-17 ) ) ;
#4316 = FACE_OUTER_BOUND ( 'NONE', #1730, .T. ) ;
#4317 = ORIENTED_EDGE ( 'NONE', *, *, #10044, .T. ) ;
#4318 = CARTESIAN_POINT ( 'NONE',  ( 6.500000000000005329, 11.00000000000000000, -6.500000000000000888 ) ) ;
#4319 = DIRECTION ( 'NONE',  ( 0.000000000000000000, 0.000000000000000000, 1.000000000000000000 ) ) ;
#4320 = VERTEX_POINT ( 'NONE', #7698 ) ;
#4321 = EDGE_LOOP ( 'NONE', ( #2128, #2488, #6462, #4355 ) ) ;
#4322 = EDGE_LOOP ( 'NONE', ( #5488, #930, #10493, #7241 ) ) ;
#4323 = CARTESIAN_POINT ( 'NONE',  ( 63.50000000000000000, 11.00000000000000000, -10.99999999999993605 ) ) ;
#4324 = VECTOR ( 'NONE', #807, 1000.000000000000000 ) ;
#4325 = EDGE_CURVE ( 'NONE', #5185, #9591, #12523, .T. ) ;
#4326 = PLANE ( 'NONE',  #8622 ) ;
#4327 = VECTOR ( 'NONE', #4524, 1000.000000000000114 ) ;
#4328 = CIRCLE ( 'NONE', #11406, 2.499999999999999556 ) ;
#4329 = EDGE_CURVE ( 'NONE', #9, #3317, #3850, .T. ) ;
#4330 = EDGE_LOOP ( 'NONE', ( #5295, #7894 ) ) ;
#4331 = ORIENTED_EDGE ( 'NONE', *, *, #10359, .F. ) ;
#4332 = LINE ( 'NONE', #9027, #5531 ) ;
#4333 = EDGE_CURVE ( 'NONE', #2776, #8125, #11313, .T. ) ;
#4334 = AXIS2_PLACEMENT_3D ( 'NONE', #12192, #8405, #4605 ) ;
#4335 = CARTESIAN_POINT ( 'NONE',  ( 63.49999999999998579, 2.000000000000000000, -16.49999999999993250 ) ) ;
#4336 = VECTOR ( 'NONE', #9792, 999.9999999999998863 ) ;
#4337 = CIRCLE ( 'NONE', #9396, 2.799999999999997158 ) ;
#4338 = AXIS2_PLACEMENT_3D ( 'NONE', #11338, #8314, #5338 ) ;
#4339 = CARTESIAN_POINT ( 'NONE',  ( 61.85512985522206009, 2.000000000000000000, -4.000000000000002665 ) ) ;
#4340 = VERTEX_POINT ( 'NONE', #10447 ) ;
#4341 = AXIS2_PLACEMENT_3D ( 'NONE', #3601, #12148, #1765 ) ;
#4342 = CARTESIAN_POINT ( 'NONE',  ( 16.49999999999996447, 2.000000000000000000, -20.99999999999996447 ) ) ;
#4343 = ORIENTED_EDGE ( 'NONE', *, *, #7595, .T. ) ;
#4344 = ORIENTED_EDGE ( 'NONE', *, *, #6336, .F. ) ;
#4345 = LINE ( 'NONE', #2519, #6153 ) ;
#4346 = EDGE_CURVE ( 'NONE', #2514, #5567, #6261, .T. ) ;
#4347 = VECTOR ( 'NONE', #5084, 1000.000000000000000 ) ;
#4348 = EDGE_CURVE ( 'NONE', #1589, #2556, #5866, .T. ) ;
#4349 = VECTOR ( 'NONE', #2340, 1000.000000000000000 ) ;
#4350 = CYLINDRICAL_SURFACE ( 'NONE', #8199, 2.799999999999997158 ) ;
#4351 = LINE ( 'NONE', #12086, #11891 ) ;
#4352 = DIRECTION ( 'NONE',  ( 4.818676322157797621E-17, 0.000000000000000000, 1.000000000000000000 ) ) ;
#4353 = AXIS2_PLACEMENT_3D ( 'NONE', #1840, #5510, #10329 ) ;
#4354 = VERTEX_POINT ( 'NONE', #810 ) ;
#4355 = ORIENTED_EDGE ( 'NONE', *, *, #392, .T. ) ;
#4356 = CIRCLE ( 'NONE', #8609, 0.9999999999999983347 ) ;
#4357 = CARTESIAN_POINT ( 'NONE',  ( 68.00000000000000000, 11.00000000000000000, -7.499999999999968914 ) ) ;
#4358 = LINE ( 'NONE', #9112, #7981 ) ;
#4359 = DIRECTION ( 'NONE',  ( 0.000000000000000000, 1.000000000000000000, 0.000000000000000000 ) ) ;
#4360 = DIRECTION ( 'NONE',  ( 0.000000000000000000, -1.000000000000000000, 0.000000000000000000 ) ) ;
#4361 = DIRECTION ( 'NONE',  ( 0.000000000000000000, 1.000000000000000000, 0.000000000000000000 ) ) ;
#4362 = ORIENTED_EDGE ( 'NONE', *, *, #2461, .F. ) ;
#4363 = AXIS2_PLACEMENT_3D ( 'NONE', #3036, #4106, #6883 ) ;
#4364 = EDGE_LOOP ( 'NONE', ( #9819, #490 ) ) ;
#4365 = CIRCLE ( 'NONE', #5977, 0.9999999999999974465 ) ;
#4366 = DIRECTION ( 'NONE',  ( 0.000000000000000000, 0.000000000000000000, -1.000000000000000000 ) ) ;
#4367 = ORIENTED_EDGE ( 'NONE', *, *, #8530, .T. ) ;
#4368 = FACE_OUTER_BOUND ( 'NONE', #4766, .T. ) ;
#4369 = DIRECTION ( 'NONE',  ( 0.000000000000000000, 0.000000000000000000, 1.000000000000000000 ) ) ;
#4370 = CIRCLE ( 'NONE', #5981, 2.999999999999999112 ) ;
#4371 = CYLINDRICAL_SURFACE ( 'NONE', #1510, 0.9999999999999974465 ) ;
#4372 = ORIENTED_EDGE ( 'NONE', *, *, #2659, .F. ) ;
#4373 = AXIS2_PLACEMENT_3D ( 'NONE', #8429, #11325, #12213 ) ;
#4374 = DIRECTION ( 'NONE',  ( 0.000000000000000000, 0.000000000000000000, -1.000000000000000000 ) ) ;
#4375 = LINE ( 'NONE', #10085, #8478 ) ;
#4376 = ORIENTED_EDGE ( 'NONE', *, *, #1243, .T. ) ;
#4377 = ORIENTED_EDGE ( 'NONE', *, *, #9750, .T. ) ;
#4378 = LINE ( 'NONE', #6511, #3927 ) ;
#4379 = VECTOR ( 'NONE', #1130, 1000.000000000000000 ) ;
#4380 = CARTESIAN_POINT ( 'NONE',  ( 49.49999999999999289, 2.000000000000000000, -10.85512985522205121 ) ) ;
#4381 = EDGE_CURVE ( 'NONE', #3233, #11055, #2034, .T. ) ;
#4382 = CARTESIAN_POINT ( 'NONE',  ( 27.36984848098341416, 9.799999999999998934, -38.50000000000000711 ) ) ;
#4383 = PLANE ( 'NONE',  #2674 ) ;
#4384 = ORIENTED_EDGE ( 'NONE', *, *, #3133, .T. ) ;
#4385 = EDGE_CURVE ( 'NONE', #8191, #7299, #7576, .T. ) ;
#4386 = LINE ( 'NONE', #1361, #5137 ) ;
#4387 = DIRECTION ( 'NONE',  ( 0.000000000000000000, 1.000000000000000000, 0.000000000000000000 ) ) ;
#4388 = ADVANCED_FACE ( 'NONE', ( #11450 ), #4094, .F. ) ;
#4389 = ORIENTED_EDGE ( 'NONE', *, *, #8515, .T. ) ;
#4390 = ORIENTED_EDGE ( 'NONE', *, *, #1257, .F. ) ;
#4391 = ORIENTED_EDGE ( 'NONE', *, *, #1836, .T. ) ;
#4392 = LINE ( 'NONE', #5349, #11027 ) ;
#4393 = DIRECTION ( 'NONE',  ( -0.000000000000000000, -0.000000000000000000, 1.000000000000000000 ) ) ;
#4394 = AXIS2_PLACEMENT_3D ( 'NONE', #3244, #9203, #9080 ) ;
#4395 = AXIS2_PLACEMENT_3D ( 'NONE', #9563, #4753, #12532 ) ;
#4396 = ORIENTED_EDGE ( 'NONE', *, *, #1178, .T. ) ;
#4397 = CARTESIAN_POINT ( 'NONE',  ( 11.99999999999996270, 11.00000000000000000, -25.49999999999992895 ) ) ;
#4398 = CARTESIAN_POINT ( 'NONE',  ( 26.00000000000000000, 11.00000000000000000, -32.14999999999999858 ) ) ;
#4399 = ORIENTED_EDGE ( 'NONE', *, *, #1447, .F. ) ;
#4400 = EDGE_CURVE ( 'NONE', #6271, #11003, #7286, .T. ) ;
#4401 = CIRCLE ( 'NONE', #9464, 0.9999999999999974465 ) ;
#4402 = DIRECTION ( 'NONE',  ( 0.000000000000000000, 1.000000000000000000, 0.000000000000000000 ) ) ;
#4403 = ORIENTED_EDGE ( 'NONE', *, *, #3616, .F. ) ;
#4404 = EDGE_CURVE ( 'NONE', #10376, #2023, #3458, .T. ) ;
#4405 = CARTESIAN_POINT ( 'NONE',  ( 68.00000000000000000, 11.00000000000000000, -7.499999999999968914 ) ) ;
#4406 = EDGE_CURVE ( 'NONE', #12047, #5567, #9682, .T. ) ;
#4407 = ORIENTED_EDGE ( 'NONE', *, *, #3859, .T. ) ;
#4408 = ORIENTED_EDGE ( 'NONE', *, *, #3237, .F. ) ;
#4409 = DIRECTION ( 'NONE',  ( 0.000000000000000000, 0.000000000000000000, 1.000000000000000000 ) ) ;
#4410 = VECTOR ( 'NONE', #6501, 1000.000000000000000 ) ;
#4411 = VERTEX_POINT ( 'NONE', #221 ) ;
#4412 = CARTESIAN_POINT ( 'NONE',  ( 7.500000000000007105, 11.00000000000000000, -17.49999999999990052 ) ) ;
#4413 = AXIS2_PLACEMENT_3D ( 'NONE', #3112, #3235, #1277 ) ;
#4414 = CARTESIAN_POINT ( 'NONE',  ( 14.23776336359134831, 2.000000000000000000, -46.00000000000000000 ) ) ;
#4415 = DIRECTION ( 'NONE',  ( -0.000000000000000000, 1.000000000000000000, -0.000000000000000000 ) ) ;
#4416 = EDGE_CURVE ( 'NONE', #761, #9404, #5678, .T. ) ;
#4417 = ORIENTED_EDGE ( 'NONE', *, *, #12202, .T. ) ;
#4418 = DIRECTION ( 'NONE',  ( -0.000000000000000000, 1.000000000000000000, -0.000000000000000000 ) ) ;
#4419 = CARTESIAN_POINT ( 'NONE',  ( 17.47746032555834361, 11.00000000000000000, -48.32132034355966965 ) ) ;
#4420 = ORIENTED_EDGE ( 'NONE', *, *, #6579, .F. ) ;
#4421 = EDGE_CURVE ( 'NONE', #4147, #8104, #12151, .T. ) ;
#4422 = EDGE_CURVE ( 'NONE', #2662, #3681, #9319, .T. ) ;
#4423 = AXIS2_PLACEMENT_3D ( 'NONE', #3029, #11895, #4157 ) ;
#4424 = EDGE_LOOP ( 'NONE', ( #12155, #676 ) ) ;
#4425 = DIRECTION ( 'NONE',  ( 0.000000000000000000, 1.000000000000000000, 0.000000000000000000 ) ) ;
#4426 = DIRECTION ( 'NONE',  ( 0.000000000000000000, 1.000000000000000000, 0.000000000000000000 ) ) ;
#4427 = ADVANCED_FACE ( 'NONE', ( #4862 ), #7953, .F. ) ;
#4428 = DIRECTION ( 'NONE',  ( 0.000000000000000000, -0.000000000000000000, 1.000000000000000000 ) ) ;
#4429 = CYLINDRICAL_SURFACE ( 'NONE', #1343, 0.9999999999999974465 ) ;
#4430 = CARTESIAN_POINT ( 'NONE',  ( 44.50000000000000000, 11.00000000000000000, -28.99999999999994316 ) ) ;
#4431 = ORIENTED_EDGE ( 'NONE', *, *, #7656, .T. ) ;
#4432 = EDGE_CURVE ( 'NONE', #4309, #2269, #1057, .T. ) ;
#4433 = VERTEX_POINT ( 'NONE', #11826 ) ;
#4434 = AXIS2_PLACEMENT_3D ( 'NONE', #8422, #753, #7513 ) ;
#4435 = FACE_BOUND ( 'NONE', #5004, .T. ) ;
#4436 = DIRECTION ( 'NONE',  ( 1.000000000000000000, -0.000000000000000000, -0.000000000000000000 ) ) ;
#4437 = CIRCLE ( 'NONE', #999, 0.9999999999999974465 ) ;
#4438 = ORIENTED_EDGE ( 'NONE', *, *, #12085, .F. ) ;
#4439 = DIRECTION ( 'NONE',  ( 0.000000000000000000, -0.000000000000000000, 1.000000000000000000 ) ) ;
#4440 = CARTESIAN_POINT ( 'NONE',  ( 16.49999999999992539, 11.00000000000000000, -34.49999999999996447 ) ) ;
#4441 = PLANE ( 'NONE',  #10614 ) ;
#4442 = EDGE_LOOP ( 'NONE', ( #4237, #4783 ) ) ;
#4443 = LINE ( 'NONE', #3299, #1944 ) ;
#4444 = CYLINDRICAL_SURFACE ( 'NONE', #7445, 2.500000000000002220 ) ;
#4445 = EDGE_LOOP ( 'NONE', ( #10967, #9284, #2290, #10167 ) ) ;
#4446 = FACE_OUTER_BOUND ( 'NONE', #9707, .T. ) ;
#4447 = CARTESIAN_POINT ( 'NONE',  ( 20.99999999999998224, 11.00000000000000000, -12.99999999999999467 ) ) ;
#4448 = DIRECTION ( 'NONE',  ( 0.000000000000000000, 0.000000000000000000, 1.000000000000000000 ) ) ;
#4449 = CARTESIAN_POINT ( 'NONE',  ( 67.99999999999998579, 11.00000000000000000, -11.99999999999996625 ) ) ;
#4450 = EDGE_LOOP ( 'NONE', ( #9857, #10899, #5722, #338 ) ) ;
#4451 = DIRECTION ( 'NONE',  ( 0.000000000000000000, 1.000000000000000000, -0.000000000000000000 ) ) ;
#4452 = DIRECTION ( 'NONE',  ( 0.000000000000000000, 0.000000000000000000, 1.000000000000000000 ) ) ;
#4453 = ORIENTED_EDGE ( 'NONE', *, *, #4400, .F. ) ;
#4454 = ORIENTED_EDGE ( 'NONE', *, *, #11381, .F. ) ;
#4455 = CARTESIAN_POINT ( 'NONE',  ( 7.499999999999930722, 11.00000000000000000, -38.99999999999988631 ) ) ;
#4456 = PRODUCT_DEFINITION_SHAPE ( 'NONE', 'NONE',  #5779 ) ;
#4457 = LINE ( 'NONE', #593, #5207 ) ;
#4458 = EDGE_CURVE ( 'NONE', #264, #4260, #3028, .T. ) ;
#4459 = ORIENTED_EDGE ( 'NONE', *, *, #37, .T. ) ;
#4460 = PLANE ( 'NONE',  #1901 ) ;
#4461 = CC_DESIGN_PERSON_AND_ORGANIZATION_ASSIGNMENT ( #11568, #9610, ( #385 ) ) ;
#4462 = DIRECTION ( 'NONE',  ( -0.000000000000000000, -1.000000000000000000, -0.000000000000000000 ) ) ;
#4463 = ORIENTED_EDGE ( 'NONE', *, *, #8793, .T. ) ;
#4464 = EDGE_CURVE ( 'NONE', #11003, #6271, #7692, .T. ) ;
#4465 = LINE ( 'NONE', #3456, #759 ) ;
#4466 = VERTEX_POINT ( 'NONE', #11651 ) ;
#4467 = DIRECTION ( 'NONE',  ( 4.818676322157797621E-17, 0.000000000000000000, 1.000000000000000000 ) ) ;
#4468 = ORIENTED_EDGE ( 'NONE', *, *, #1626, .T. ) ;
#4469 = VERTEX_POINT ( 'NONE', #102 ) ;
#4470 = CARTESIAN_POINT ( 'NONE',  ( 40.00000000000000000, 11.00000000000000000, -10.74999999999995026 ) ) ;
#4471 = ORIENTED_EDGE ( 'NONE', *, *, #2399, .T. ) ;
#4472 = EDGE_CURVE ( 'NONE', #10987, #2899, #3977, .T. ) ;
#4473 = ORIENTED_EDGE ( 'NONE', *, *, #3806, .F. ) ;
#4474 = DIRECTION ( 'NONE',  ( 0.000000000000000000, 0.000000000000000000, 1.000000000000000000 ) ) ;
#4475 = EDGE_CURVE ( 'NONE', #1308, #4255, #6466, .T. ) ;
#4476 = CARTESIAN_POINT ( 'NONE',  ( 48.49999999999999289, 11.00000000000000000, -33.49999999999992895 ) ) ;
#4477 = DIRECTION ( 'NONE',  ( 0.000000000000000000, 0.000000000000000000, 1.000000000000000000 ) ) ;
#4478 = CARTESIAN_POINT ( 'NONE',  ( 53.50000000000000000, 11.00000000000000000, -3.400000000000000355 ) ) ;
#4479 = VERTEX_POINT ( 'NONE', #6871 ) ;
#4480 = ORIENTED_EDGE ( 'NONE', *, *, #8133, .T. ) ;
#4481 = CARTESIAN_POINT ( 'NONE',  ( 67.99999999999992895, 11.00000000000000000, -30.99999999999995381 ) ) ;
#4482 = CIRCLE ( 'NONE', #6488, 0.9999999999999974465 ) ;
#4483 = LINE ( 'NONE', #6625, #11420 ) ;
#4484 = CARTESIAN_POINT ( 'NONE',  ( 16.50000000000000711, 11.00000000000000000, -7.499999999999968914 ) ) ;
#4485 = AXIS2_PLACEMENT_3D ( 'NONE', #8121, #11095, #7161 ) ;
#4486 = DIRECTION ( 'NONE',  ( 0.000000000000000000, 1.000000000000000000, -0.000000000000000000 ) ) ;
#4487 = ADVANCED_FACE ( 'NONE', ( #10750 ), #4997, .T. ) ;
#4488 = ORIENTED_EDGE ( 'NONE', *, *, #4024, .T. ) ;
#4489 = FACE_BOUND ( 'NONE', #9542, .T. ) ;
#4490 = CARTESIAN_POINT ( 'NONE',  ( 63.49999999999991473, 2.000000000000000000, -37.99999999999992184 ) ) ;
#4491 = ORIENTED_EDGE ( 'NONE', *, *, #8023, .T. ) ;
#4492 = VECTOR ( 'NONE', #11733, 1000.000000000000000 ) ;
#4493 = FACE_OUTER_BOUND ( 'NONE', #9838, .T. ) ;
#4494 = CARTESIAN_POINT ( 'NONE',  ( 38.99999999999999289, 11.00000000000000000, -46.00000000000000000 ) ) ;
#4495 = ORIENTED_EDGE ( 'NONE', *, *, #1411, .T. ) ;
#4496 = CARTESIAN_POINT ( 'NONE',  ( 28.00000000000000355, 11.00000000000000000, -10.85512985522205121 ) ) ;
#4497 = CARTESIAN_POINT ( 'NONE',  ( 31.50000000000000711, 2.000000000000000000, -15.49999999999997513 ) ) ;
#4498 = CYLINDRICAL_SURFACE ( 'NONE', #12251, 0.9999999999999974465 ) ;
#4499 = VECTOR ( 'NONE', #4662, 1000.000000000000000 ) ;
#4500 = EDGE_CURVE ( 'NONE', #3158, #5266, #9725, .T. ) ;
#4501 = EDGE_CURVE ( 'NONE', #2205, #8184, #1162, .T. ) ;
#4502 = CARTESIAN_POINT ( 'NONE',  ( 7.500000000000041744, 2.000000000000000000, -8.499999999999904077 ) ) ;
#4503 = ORIENTED_EDGE ( 'NONE', *, *, #2815, .F. ) ;
#4505 = EDGE_CURVE ( 'NONE', #11507, #1348, #6873, .T. ) ;
#4504 = AXIS2_PLACEMENT_3D ( 'NONE', #2515, #11237, #10234 ) ;
#4506 = AXIS2_PLACEMENT_3D ( 'NONE', #198, #9717, #10855 ) ;
#4507 = FACE_OUTER_BOUND ( 'NONE', #5610, .T. ) ;
#4508 = DIRECTION ( 'NONE',  ( 1.000000000000000000, 0.000000000000000000, 0.000000000000000000 ) ) ;
#4509 = AXIS2_PLACEMENT_3D ( 'NONE', #9845, #1167, #8953 ) ;
#4510 = CARTESIAN_POINT ( 'NONE',  ( 54.00000000000000000, 11.00000000000000000, -31.14999999999999858 ) ) ;
#4511 = CARTESIAN_POINT ( 'NONE',  ( 11.99999999999998934, 11.00000000000000000, -16.49999999999993250 ) ) ;
#4512 = VERTEX_POINT ( 'NONE', #909 ) ;
#4513 = CIRCLE ( 'NONE', #11593, 2.799999999999962075 ) ;
#4514 = DIRECTION ( 'NONE',  ( -1.063339831563103695E-15, 0.000000000000000000, 1.000000000000000000 ) ) ;
#4515 = CARTESIAN_POINT ( 'NONE',  ( 67.50000000000000000, 5.000000000000000000, -4.000000000000003553 ) ) ;
#4516 = ORIENTED_EDGE ( 'NONE', *, *, #8686, .F. ) ;
#4517 = ORIENTED_EDGE ( 'NONE', *, *, #1226, .F. ) ;
#4518 = LINE ( 'NONE', #4323, #6165 ) ;
#4519 = DIRECTION ( 'NONE',  ( 0.000000000000000000, 1.000000000000000000, 0.000000000000000000 ) ) ;
#4520 = APPLICATION_CONTEXT ( 'configuration controlled 3d designs of mechanical parts and assemblies' ) ;
#4521 = AXIS2_PLACEMENT_3D ( 'NONE', #8069, #11931, #7040 ) ;
#4522 = CIRCLE ( 'NONE', #7173, 0.9999999999999974465 ) ;
#4523 = CIRCLE ( 'NONE', #6129, 1.699999999999993072 ) ;
#4524 = DIRECTION ( 'NONE',  ( -0.7071067811865513475, 0.000000000000000000, 0.7071067811865435759 ) ) ;
#4525 = DIRECTION ( 'NONE',  ( 0.000000000000000000, 0.000000000000000000, -1.000000000000000000 ) ) ;
#4526 = ORIENTED_EDGE ( 'NONE', *, *, #12309, .F. ) ;
#4527 = DIRECTION ( 'NONE',  ( 0.000000000000000000, 0.000000000000000000, 1.000000000000000000 ) ) ;
#4528 = CIRCLE ( 'NONE', #1898, 0.9999999999999983347 ) ;
#4529 = VERTEX_POINT ( 'NONE', #5792 ) ;
#4530 = DIRECTION ( 'NONE',  ( -0.000000000000000000, -1.000000000000000000, -0.000000000000000000 ) ) ;
#4531 = ORIENTED_EDGE ( 'NONE', *, *, #2786, .F. ) ;
#4532 = EDGE_LOOP ( 'NONE', ( #3590, #10663, #184, #8771 ) ) ;
#4533 = AXIS2_PLACEMENT_3D ( 'NONE', #6782, #3000, #6716 ) ;
#4534 = CARTESIAN_POINT ( 'NONE',  ( 44.50000000000000000, 2.000000000000000000, -29.99999999999993960 ) ) ;
#4535 = VECTOR ( 'NONE', #11588, 1000.000000000000000 ) ;
#4536 = CIRCLE ( 'NONE', #10398, 0.9999999999999974465 ) ;
#4537 = CARTESIAN_POINT ( 'NONE',  ( 63.49999999999998579, 2.000000000000000000, -17.49999999999992895 ) ) ;
#4538 = AXIS2_PLACEMENT_3D ( 'NONE', #6332, #12234, #4577 ) ;
#4540 = AXIS2_PLACEMENT_3D ( 'NONE', #12384, #7574, #808 ) ;
#4539 = CARTESIAN_POINT ( 'NONE',  ( 44.50000000000000000, 11.00000000000000000, -7.499999999999941380 ) ) ;
#4541 = DIRECTION ( 'NONE',  ( 0.000000000000000000, 0.000000000000000000, 1.000000000000000000 ) ) ;
#4542 = ORIENTED_EDGE ( 'NONE', *, *, #5501, .F. ) ;
#4543 = ADVANCED_FACE ( 'NONE', ( #11550 ), #5034, .T. ) ;
#4544 = ORIENTED_EDGE ( 'NONE', *, *, #4228, .F. ) ;
#4545 = AXIS2_PLACEMENT_3D ( 'NONE', #3589, #11115, #11302 ) ;
#4546 = DIRECTION ( 'NONE',  ( -0.000000000000000000, -1.000000000000000000, -0.000000000000000000 ) ) ;
#4547 = EDGE_CURVE ( 'NONE', #9088, #8101, #3040, .T. ) ;
#4548 = FACE_OUTER_BOUND ( 'NONE', #7585, .T. ) ;
#4549 = ORIENTED_EDGE ( 'NONE', *, *, #5716, .F. ) ;
#4550 = ADVANCED_FACE ( 'NONE', ( #10728 ), #4900, .T. ) ;
#4551 = VECTOR ( 'NONE', #9790, 1000.000000000000000 ) ;
#4552 = CYLINDRICAL_SURFACE ( 'NONE', #8816, 0.9999999999999974465 ) ;
#4553 = AXIS2_PLACEMENT_3D ( 'NONE', #6108, #5119, #413 ) ;
#4554 = CARTESIAN_POINT ( 'NONE',  ( 17.13664863476204303, 11.00000000000000000, -44.13664863476203948 ) ) ;
#4555 = ORIENTED_EDGE ( 'NONE', *, *, #11393, .T. ) ;
#4556 = ORIENTED_EDGE ( 'NONE', *, *, #10634, .F. ) ;
#4557 = AXIS2_PLACEMENT_3D ( 'NONE', #145, #4023, #7878 ) ;
#4558 = AXIS2_PLACEMENT_3D ( 'NONE', #6468, #9403, #729 ) ;
#4559 = FACE_BOUND ( 'NONE', #6983, .T. ) ;
#4560 = CARTESIAN_POINT ( 'NONE',  ( 79.00000000000001421, 9.799999999999998934, -5.200000000000043698 ) ) ;
#4561 = ORIENTED_EDGE ( 'NONE', *, *, #8899, .F. ) ;
#4562 = EDGE_CURVE ( 'NONE', #8508, #4951, #9774, .T. ) ;
#4563 = DIRECTION ( 'NONE',  ( 0.000000000000000000, 0.000000000000000000, -1.000000000000000000 ) ) ;
#4564 = DIRECTION ( 'NONE',  ( 0.000000000000000000, 0.000000000000000000, 1.000000000000000000 ) ) ;
#4565 = VERTEX_POINT ( 'NONE', #3052 ) ;
#4566 = EDGE_CURVE ( 'NONE', #1733, #8885, #5541, .T. ) ;
#4567 = LINE ( 'NONE', #4496, #2723 ) ;
#4568 = EDGE_CURVE ( 'NONE', #1697, #9, #8781, .T. ) ;
#4569 = ORIENTED_EDGE ( 'NONE', *, *, #1610, .T. ) ;
#4570 = DIRECTION ( 'NONE',  ( -1.000000000000000000, 0.000000000000000000, 1.239088197126290817E-16 ) ) ;
#4571 = VECTOR ( 'NONE', #6066, 1000.000000000000000 ) ;
#4572 = DIRECTION ( 'NONE',  ( -0.000000000000000000, 1.000000000000000000, -0.000000000000000000 ) ) ;
#4573 = EDGE_LOOP ( 'NONE', ( #11783, #8236, #9530, #8073 ) ) ;
#4574 = CIRCLE ( 'NONE', #4158, 1.000000000000000888 ) ;
#4575 = ADVANCED_FACE ( 'NONE', ( #3827 ), #6975, .T. ) ;
#4576 = ORIENTED_EDGE ( 'NONE', *, *, #9658, .T. ) ;
#4577 = DIRECTION ( 'NONE',  ( 0.000000000000000000, 0.000000000000000000, 1.000000000000000000 ) ) ;
#4578 = AXIS2_PLACEMENT_3D ( 'NONE', #5315, #1522, #6125 ) ;
#4579 = DIRECTION ( 'NONE',  ( 0.000000000000000000, 1.000000000000000000, 0.000000000000000000 ) ) ;
#4580 = ADVANCED_FACE ( 'NONE', ( #5962 ), #9657, .T. ) ;
#4581 = CARTESIAN_POINT ( 'NONE',  ( 63.50000000000000000, 11.00000000000000000, -10.99999999999993605 ) ) ;
#4582 = AXIS2_PLACEMENT_3D ( 'NONE', #3545, #12157, #1456 ) ;
#4583 = CYLINDRICAL_SURFACE ( 'NONE', #3069, 4.445296095962649296 ) ;
#4584 = VERTEX_POINT ( 'NONE', #8641 ) ;
#4585 = DIRECTION ( 'NONE',  ( -0.000000000000000000, 1.000000000000000000, -0.000000000000000000 ) ) ;
#4586 = CYLINDRICAL_SURFACE ( 'NONE', #1903, 0.9999999999999974465 ) ;
#4587 = EDGE_CURVE ( 'NONE', #7794, #2396, #4337, .T. ) ;
#4588 = ORIENTED_EDGE ( 'NONE', *, *, #2655, .F. ) ;
#4589 = ORIENTED_EDGE ( 'NONE', *, *, #838, .F. ) ;
#4590 = VERTEX_POINT ( 'NONE', #7677 ) ;
#4591 = CARTESIAN_POINT ( 'NONE',  ( 24.47867965644037724, 9.799999999999998934, -5.479898987322335380 ) ) ;
#4592 = DIRECTION ( 'NONE',  ( -0.000000000000000000, -1.000000000000000000, -0.000000000000000000 ) ) ;
#4593 = AXIS2_PLACEMENT_3D ( 'NONE', #11160, #2504, #10157 ) ;
#4594 = CIRCLE ( 'NONE', #11670, 3.000000000000002665 ) ;
#4595 = DIRECTION ( 'NONE',  ( 0.000000000000000000, 1.000000000000000000, 0.000000000000000000 ) ) ;
#4596 = DIRECTION ( 'NONE',  ( 0.000000000000000000, 0.000000000000000000, -1.000000000000000000 ) ) ;
#4597 = EDGE_LOOP ( 'NONE', ( #2567, #565, #410, #9407 ) ) ;
#4598 = DIRECTION ( 'NONE',  ( 0.000000000000000000, 0.000000000000000000, 1.000000000000000000 ) ) ;
#4599 = ORIENTED_EDGE ( 'NONE', *, *, #3339, .T. ) ;
#4600 = EDGE_CURVE ( 'NONE', #1637, #10677, #7153, .T. ) ;
#4601 = DIRECTION ( 'NONE',  ( 0.000000000000000000, 0.000000000000000000, 1.000000000000000000 ) ) ;
#4602 = CARTESIAN_POINT ( 'NONE',  ( 7.499999999999958256, 2.000000000000000000, -29.99999999999989342 ) ) ;
#4603 = VERTEX_POINT ( 'NONE', #974 ) ;
#4604 = AXIS2_PLACEMENT_3D ( 'NONE', #10729, #976, #9841 ) ;
#4605 = DIRECTION ( 'NONE',  ( 0.000000000000000000, 0.000000000000000000, 1.000000000000000000 ) ) ;
#4606 = DIRECTION ( 'NONE',  ( 0.000000000000000000, 0.000000000000000000, 1.000000000000000000 ) ) ;
#4607 = AXIS2_PLACEMENT_3D ( 'NONE', #10585, #9640, #1018 ) ;
#4608 = FACE_OUTER_BOUND ( 'NONE', #2529, .T. ) ;
#4609 = AXIS2_PLACEMENT_3D ( 'NONE', #11466, #11592, #7527 ) ;
#4610 = CARTESIAN_POINT ( 'NONE',  ( 72.49999999999991473, 11.00000000000000000, -30.99999999999998579 ) ) ;
#4611 = ORIENTED_EDGE ( 'NONE', *, *, #3968, .T. ) ;
#4612 = VERTEX_POINT ( 'NONE', #8703 ) ;
#4613 = CARTESIAN_POINT ( 'NONE',  ( 63.49999999999995737, 11.00000000000000000, -26.49999999999992539 ) ) ;
#4614 = CARTESIAN_POINT ( 'NONE',  ( 35.49999999999999289, 2.000000000000000000, -19.99999999999996447 ) ) ;
#4615 = CIRCLE ( 'NONE', #11702, 0.9999999999999974465 ) ;
#4616 = DIRECTION ( 'NONE',  ( 0.000000000000000000, -1.000000000000000000, 0.000000000000000000 ) ) ;
#4617 = DIRECTION ( 'NONE',  ( 0.000000000000000000, 1.000000000000000000, 0.000000000000000000 ) ) ;
#4618 = ORIENTED_EDGE ( 'NONE', *, *, #11838, .T. ) ;
#4619 = EDGE_LOOP ( 'NONE', ( #4786, #7841, #9978, #2950 ) ) ;
#4620 = AXIS2_PLACEMENT_3D ( 'NONE', #2455, #3532, #12141 ) ;
#4621 = PLANE ( 'NONE',  #6551 ) ;
#4622 = FACE_OUTER_BOUND ( 'NONE', #9157, .T. ) ;
#4623 = VERTEX_POINT ( 'NONE', #1095 ) ;
#4624 = DIRECTION ( 'NONE',  ( -0.000000000000000000, -1.000000000000000000, -0.000000000000000000 ) ) ;
#4625 = VECTOR ( 'NONE', #3862, 1000.000000000000000 ) ;
#4626 = DIRECTION ( 'NONE',  ( 0.000000000000000000, 1.000000000000000000, 0.000000000000000000 ) ) ;
#4627 = VERTEX_POINT ( 'NONE', #14 ) ;
#4628 = DIRECTION ( 'NONE',  ( -0.000000000000000000, -1.000000000000000000, -0.000000000000000000 ) ) ;
#4629 = ORIENTED_EDGE ( 'NONE', *, *, #11536, .T. ) ;
#4630 = DIRECTION ( 'NONE',  ( 0.000000000000000000, 1.000000000000000000, 0.000000000000000000 ) ) ;
#4631 = CYLINDRICAL_SURFACE ( 'NONE', #10268, 2.800000000000002043 ) ;
#4632 = EDGE_CURVE ( 'NONE', #3515, #9683, #3527, .T. ) ;
#4633 = EDGE_LOOP ( 'NONE', ( #3296, #12015, #8332, #6281 ) ) ;
#4634 = VERTEX_POINT ( 'NONE', #10668 ) ;
#4635 = DIRECTION ( 'NONE',  ( 0.000000000000000000, 0.000000000000000000, 1.000000000000000000 ) ) ;
#4636 = ADVANCED_FACE ( 'NONE', ( #1033, #8763, #7809, #11686, #3003, #6851, #690, #4194, #8064, #9900, #5442, #1592, #4489, #9307, #7998, #10911, #2186, #8358, #1646, #12212, #3242, #5502, #9366, #9955, #623, #324, #3607, #5161, #7089, #7397, #7035, #1285, #1222, #11925, #6030, #256, #8428, #9012, #3544, #12279, #11192, #10322, #10968, #5090, #2303, #11258, #8301, #2603, #4127, #6439, #6149, #8948, #4559, #7458, #3185, #11867, #9252, #2243, #10028, #6084, #1356, #5391, #568, #4435, #12156, #3481, #10260, #7329, #2544, #6377, #11582, #5754, #4807, #1966, #10513, #1830, #10384, #9551, #7583, #5823, #9434, #8490, #38, #8671, #11456, #2843, #12524, #758, #9624, #9687 ), #4621, .T. ) ;
#4637 = DIRECTION ( 'NONE',  ( 0.000000000000000000, 1.000000000000000000, 0.000000000000000000 ) ) ;
#4638 = ORIENTED_EDGE ( 'NONE', *, *, #270, .F. ) ;
#4639 = DIRECTION ( 'NONE',  ( 0.000000000000000000, 0.000000000000000000, -1.000000000000000000 ) ) ;
#4640 = DIRECTION ( 'NONE',  ( 0.000000000000000000, 1.000000000000000000, 0.000000000000000000 ) ) ;
#4641 = ORIENTED_EDGE ( 'NONE', *, *, #9310, .F. ) ;
#4642 = DIRECTION ( 'NONE',  ( 4.818676322157797621E-17, 0.000000000000000000, 1.000000000000000000 ) ) ;
#4643 = VECTOR ( 'NONE', #7644, 1000.000000000000000 ) ;
#4644 = CARTESIAN_POINT ( 'NONE',  ( 63.49999999999997158, 11.00000000000000000, -20.99999999999993250 ) ) ;
#4645 = ORIENTED_EDGE ( 'NONE', *, *, #2875, .T. ) ;
#4646 = VERTEX_POINT ( 'NONE', #6752 ) ;
#4647 = ORIENTED_EDGE ( 'NONE', *, *, #762, .F. ) ;
#4648 = FACE_OUTER_BOUND ( 'NONE', #327, .T. ) ;
#4649 = CARTESIAN_POINT ( 'NONE',  ( 44.50000000000000000, 11.00000000000000000, -35.49999999999993605 ) ) ;
#4650 = ADVANCED_FACE ( 'NONE', ( #8610 ), #1893, .T. ) ;
#4651 = CARTESIAN_POINT ( 'NONE',  ( 48.49999999999999289, 11.00000000000000000, -34.49999999999992895 ) ) ;
#4652 = EDGE_CURVE ( 'NONE', #10475, #11067, #494, .T. ) ;
#4653 = PLANE ( 'NONE',  #8000 ) ;
#4654 = ORIENTED_EDGE ( 'NONE', *, *, #10044, .F. ) ;
#4655 = DIRECTION ( 'NONE',  ( 0.000000000000000000, 1.000000000000000000, 0.000000000000000000 ) ) ;
#4656 = DIRECTION ( 'NONE',  ( -0.000000000000000000, -1.000000000000000000, -0.000000000000000000 ) ) ;
#4657 = ORIENTED_EDGE ( 'NONE', *, *, #4890, .F. ) ;
#4658 = CARTESIAN_POINT ( 'NONE',  ( 12.00000000000003197, 2.000000000000000000, -7.499999999999936939 ) ) ;
#4659 = CARTESIAN_POINT ( 'NONE',  ( 58.99999999999994316, 2.000000000000000000, -35.49999999999989342 ) ) ;
#4660 = ORIENTED_EDGE ( 'NONE', *, *, #7978, .T. ) ;
#4661 = LINE ( 'NONE', #3961, #6548 ) ;
#4662 = DIRECTION ( 'NONE',  ( -0.000000000000000000, -1.000000000000000000, -0.000000000000000000 ) ) ;
#4663 = FACE_OUTER_BOUND ( 'NONE', #8109, .T. ) ;
#4664 = LINE ( 'NONE', #5677, #503 ) ;
#4665 = AXIS2_PLACEMENT_3D ( 'NONE', #2877, #75, #137 ) ;
#4666 = VECTOR ( 'NONE', #6877, 1000.000000000000000 ) ;
#4667 = FACE_OUTER_BOUND ( 'NONE', #526, .T. ) ;
#4668 = ORIENTED_EDGE ( 'NONE', *, *, #7856, .T. ) ;
#4669 = EDGE_LOOP ( 'NONE', ( #2255, #10285, #4544, #2587 ) ) ;
#4670 = DIRECTION ( 'NONE',  ( -0.000000000000000000, 1.000000000000000000, -0.000000000000000000 ) ) ;
#4671 = DIRECTION ( 'NONE',  ( -3.496519228280624712E-16, 0.000000000000000000, 1.000000000000000000 ) ) ;
#4672 = ORIENTED_EDGE ( 'NONE', *, *, #2732, .F. ) ;
#4673 = DIRECTION ( 'NONE',  ( 0.000000000000000000, 1.000000000000000000, 0.000000000000000000 ) ) ;
#4674 = ORIENTED_EDGE ( 'NONE', *, *, #6626, .F. ) ;
#4675 = ORIENTED_EDGE ( 'NONE', *, *, #5192, .F. ) ;
#4676 = ORIENTED_EDGE ( 'NONE', *, *, #3255, .T. ) ;
#4677 = DIRECTION ( 'NONE',  ( -0.000000000000000000, -1.000000000000000000, -0.000000000000000000 ) ) ;
#4678 = CARTESIAN_POINT ( 'NONE',  ( 64.64386001800129122, 9.799999999999998934, -46.19999999999999574 ) ) ;
#4679 = ORIENTED_EDGE ( 'NONE', *, *, #5659, .T. ) ;
#4680 = DIRECTION ( 'NONE',  ( -0.000000000000000000, 1.000000000000000000, 0.000000000000000000 ) ) ;
#4681 = DIRECTION ( 'NONE',  ( -0.000000000000000000, -1.000000000000000000, -0.000000000000000000 ) ) ;
#4682 = EDGE_CURVE ( 'NONE', #10331, #9068, #8727, .T. ) ;
#4683 = DIRECTION ( 'NONE',  ( -0.000000000000000000, -1.000000000000000000, -0.000000000000000000 ) ) ;
#4684 = ORIENTED_EDGE ( 'NONE', *, *, #1766, .F. ) ;
#4685 = CARTESIAN_POINT ( 'NONE',  ( 63.49999999999994316, 2.000000000000000000, -28.99999999999992895 ) ) ;
#4686 = EDGE_CURVE ( 'NONE', #8508, #5451, #3665, .T. ) ;
#4687 = DIRECTION ( 'NONE',  ( -0.000000000000000000, -1.000000000000000000, -0.000000000000000000 ) ) ;
#4688 = DIRECTION ( 'NONE',  ( -0.000000000000000000, -1.000000000000000000, -0.000000000000000000 ) ) ;
#4689 = DIRECTION ( 'NONE',  ( 0.000000000000000000, 1.000000000000000000, 0.000000000000000000 ) ) ;
#4690 = VERTEX_POINT ( 'NONE', #3853 ) ;
#4691 = CARTESIAN_POINT ( 'NONE',  ( 27.00000000000000355, 11.00000000000000000, -31.14999999999999858 ) ) ;
#4692 = CARTESIAN_POINT ( 'NONE',  ( 11.99999999999994849, 2.000000000000000000, -29.99999999999992539 ) ) ;
#4693 = ORIENTED_EDGE ( 'NONE', *, *, #12472, .F. ) ;
#4694 = AXIS2_PLACEMENT_3D ( 'NONE', #10575, #9747, #1068 ) ;
#4695 = ADVANCED_FACE ( 'NONE', ( #2665 ), #7702, .T. ) ;
#4696 = DIRECTION ( 'NONE',  ( 0.000000000000000000, 0.000000000000000000, 1.000000000000000000 ) ) ;
#4697 = DIRECTION ( 'NONE',  ( -1.000000000000000000, 0.000000000000000000, 0.000000000000000000 ) ) ;
#4698 = VERTEX_POINT ( 'NONE', #7517 ) ;
#4699 = ORIENTED_EDGE ( 'NONE', *, *, #8561, .F. ) ;
#4700 = ADVANCED_FACE ( 'NONE', ( #1711 ), #5570, .F. ) ;
#4701 = EDGE_LOOP ( 'NONE', ( #12392, #4015, #10312, #1594 ) ) ;
#4702 = CARTESIAN_POINT ( 'NONE',  ( 44.50000000000000000, 11.00000000000000000, -12.99999999999993783 ) ) ;
#4703 = CIRCLE ( 'NONE', #855, 0.9999999999999974465 ) ;
#4704 = EDGE_CURVE ( 'NONE', #8661, #892, #3460, .T. ) ;
#4705 = CARTESIAN_POINT ( 'NONE',  ( -7.210442578875461271E-14, 9.799999999999998934, -47.19999999999989626 ) ) ;
#4706 = VECTOR ( 'NONE', #7880, 1000.000000000000000 ) ;
#4707 = CYLINDRICAL_SURFACE ( 'NONE', #4533, 1.000000000000000888 ) ;
#4708 = FACE_OUTER_BOUND ( 'NONE', #10036, .T. ) ;
#4709 = AXIS2_PLACEMENT_3D ( 'NONE', #4342, #10166, #12189 ) ;
#4710 = EDGE_LOOP ( 'NONE', ( #2074, #12240, #4376, #9548 ) ) ;
#4711 = DIRECTION ( 'NONE',  ( -0.000000000000000000, -1.000000000000000000, -0.000000000000000000 ) ) ;
#4712 = CARTESIAN_POINT ( 'NONE',  ( 16.49999999999993960, 2.000000000000000000, -29.99999999999995737 ) ) ;
#4713 = ORIENTED_EDGE ( 'NONE', *, *, #6478, .T. ) ;
#4714 = EDGE_CURVE ( 'NONE', #1885, #8019, #5631, .T. ) ;
#4715 = CARTESIAN_POINT ( 'NONE',  ( 35.49999999999999289, 11.00000000000000000, -29.99999999999996447 ) ) ;
#4716 = FACE_OUTER_BOUND ( 'NONE', #6611, .T. ) ;
#4717 = VERTEX_POINT ( 'NONE', #813 ) ;
#4718 = CARTESIAN_POINT ( 'NONE',  ( 16.49999999999996447, 11.00000000000000000, -21.99999999999996092 ) ) ;
#4719 = CIRCLE ( 'NONE', #251, 0.9999999999999974465 ) ;
#4720 = ADVANCED_FACE ( 'NONE', ( #8546 ), #3728, .F. ) ;
#4721 = CARTESIAN_POINT ( 'NONE',  ( 20.99999999999991473, 11.00000000000000000, -29.99999999999998934 ) ) ;
#4722 = EDGE_CURVE ( 'NONE', #1299, #6264, #7648, .T. ) ;
#4723 = CIRCLE ( 'NONE', #9172, 0.9999999999999974465 ) ;
#4724 = ADVANCED_FACE ( 'NONE', ( #6941 ), #9928, .T. ) ;
#4725 = CARTESIAN_POINT ( 'NONE',  ( 72.49999999999990052, 11.00000000000000000, -34.49999999999998579 ) ) ;
#4726 = VECTOR ( 'NONE', #6187, 1000.000000000000000 ) ;
#4727 = CARTESIAN_POINT ( 'NONE',  ( 16.49999999999993960, 11.00000000000000000, -30.99999999999995381 ) ) ;
#4728 = AXIS2_PLACEMENT_3D ( 'NONE', #5847, #7924, #6905 ) ;
#4729 = AXIS2_PLACEMENT_3D ( 'NONE', #5719, #2050, #12359 ) ;
#4730 = DIRECTION ( 'NONE',  ( -0.000000000000000000, 1.000000000000000000, -0.000000000000000000 ) ) ;
#4731 = VERTEX_POINT ( 'NONE', #10756 ) ;
#4732 = AXIS2_PLACEMENT_3D ( 'NONE', #3569, #1612, #5459 ) ;
#4733 = ORIENTED_EDGE ( 'NONE', *, *, #4818, .T. ) ;
#4734 = DIRECTION ( 'NONE',  ( -0.000000000000000000, -1.000000000000000000, -0.000000000000000000 ) ) ;
#4735 = DIRECTION ( 'NONE',  ( -0.000000000000000000, -1.000000000000000000, -0.000000000000000000 ) ) ;
#4736 = EDGE_CURVE ( 'NONE', #5770, #8716, #5475, .T. ) ;
#4737 = AXIS2_PLACEMENT_3D ( 'NONE', #4534, #9163, #8281 ) ;
#4738 = CARTESIAN_POINT ( 'NONE',  ( 0.000000000000000000, 9.799999999999998934, -6.299999999999992717 ) ) ;
#4739 = VERTEX_POINT ( 'NONE', #6060 ) ;
#4740 = AXIS2_PLACEMENT_3D ( 'NONE', #9318, #5278, #2618 ) ;
#4741 = B_SPLINE_CURVE_WITH_KNOTS ( 'NONE', 3,
 ( #1837, #5692, #11461, #9558 ),
 .UNSPECIFIED., .F., .F.,
 ( 4, 4 ),
 ( 0.000000000000000000, 1.000000000000000000 ),
 .UNSPECIFIED. ) ;
#4742 = ORIENTED_EDGE ( 'NONE', *, *, #11421, .F. ) ;
#4743 = DIRECTION ( 'NONE',  ( 0.000000000000000000, 0.000000000000000000, 1.000000000000000000 ) ) ;
#4744 = DIRECTION ( 'NONE',  ( -0.000000000000000000, -1.000000000000000000, -0.000000000000000000 ) ) ;
#4745 = AXIS2_PLACEMENT_3D ( 'NONE', #2250, #10978, #3252 ) ;
#4746 = ORIENTED_EDGE ( 'NONE', *, *, #10311, .T. ) ;
#4747 = CARTESIAN_POINT ( 'NONE',  ( 30.50060966544064556, 11.00000000000000000, -30.50060966544101149 ) ) ;
#4748 = CARTESIAN_POINT ( 'NONE',  ( 24.47867965644055133, 9.799999999999998934, -41.32010101267763957 ) ) ;
#4749 = AXIS2_PLACEMENT_3D ( 'NONE', #3220, #7067, #10944 ) ;
#4750 = DIRECTION ( 'NONE',  ( -0.000000000000000000, -1.000000000000000000, -0.000000000000000000 ) ) ;
#4751 = DIRECTION ( 'NONE',  ( 0.000000000000000000, 1.000000000000000000, 0.000000000000000000 ) ) ;
#4752 = DIRECTION ( 'NONE',  ( 0.7071067811865470176, 0.000000000000000000, -0.7071067811865480168 ) ) ;
#4753 = DIRECTION ( 'NONE',  ( -0.000000000000000000, -1.000000000000000000, -0.000000000000000000 ) ) ;
#4754 = AXIS2_PLACEMENT_3D ( 'NONE', #12418, #2866, #5842 ) ;
#4755 = VECTOR ( 'NONE', #8284, 1000.000000000000000 ) ;
#4756 = ORIENTED_EDGE ( 'NONE', *, *, #1524, .T. ) ;
#4757 = DIRECTION ( 'NONE',  ( -0.000000000000000000, -1.000000000000000000, -0.000000000000000000 ) ) ;
#4758 = DIRECTION ( 'NONE',  ( -0.000000000000000000, -1.000000000000000000, -0.000000000000000000 ) ) ;
#4759 = ORIENTED_EDGE ( 'NONE', *, *, #12309, .T. ) ;
#4760 = DIRECTION ( 'NONE',  ( -0.000000000000000000, 1.000000000000000000, -0.000000000000000000 ) ) ;
#4761 = DIRECTION ( 'NONE',  ( -0.000000000000000000, 1.000000000000000000, -0.000000000000000000 ) ) ;
#4762 = VECTOR ( 'NONE', #12402, 1000.000000000000000 ) ;
#4763 = ORIENTED_EDGE ( 'NONE', *, *, #1406, .T. ) ;
#4764 = PLANE ( 'NONE',  #2505 ) ;
#4765 = DIRECTION ( 'NONE',  ( 0.000000000000000000, 1.000000000000000000, 0.000000000000000000 ) ) ;
#4766 = EDGE_LOOP ( 'NONE', ( #11814, #10843, #8673, #9596 ) ) ;
#4767 = VERTEX_POINT ( 'NONE', #1061 ) ;
#4768 = AXIS2_PLACEMENT_3D ( 'NONE', #8760, #73, #9771 ) ;
#4769 = ORIENTED_EDGE ( 'NONE', *, *, #11213, .F. ) ;
#4770 = DIRECTION ( 'NONE',  ( 0.000000000000000000, 0.000000000000000000, 1.000000000000000000 ) ) ;
#4771 = DIRECTION ( 'NONE',  ( 0.000000000000000000, 0.000000000000000000, 1.000000000000000000 ) ) ;
#4772 = VERTEX_POINT ( 'NONE', #292 ) ;
#4773 = AXIS2_PLACEMENT_3D ( 'NONE', #7822, #7454, #1044 ) ;
#4774 = ADVANCED_FACE ( 'NONE', ( #10822 ), #7063, .T. ) ;
#4775 = FACE_OUTER_BOUND ( 'NONE', #1496, .T. ) ;
#4776 = AXIS2_PLACEMENT_3D ( 'NONE', #8190, #10909, #323 ) ;
#4777 = DIRECTION ( 'NONE',  ( 0.000000000000000000, 0.000000000000000000, 1.000000000000000000 ) ) ;
#4778 = ORIENTED_EDGE ( 'NONE', *, *, #11536, .F. ) ;
#4779 = DIRECTION ( 'NONE',  ( 0.000000000000000000, 0.000000000000000000, -1.000000000000000000 ) ) ;
#4780 = ADVANCED_FACE ( 'NONE', ( #2028 ), #6822, .T. ) ;
#4781 = CARTESIAN_POINT ( 'NONE',  ( 44.50000000000000000, 11.00000000000000000, -38.99999999999994316 ) ) ;
#4782 = CARTESIAN_POINT ( 'NONE',  ( 34.24386001800125001, 9.799999999999998934, -4.000000000000002665 ) ) ;
#4783 = ORIENTED_EDGE ( 'NONE', *, *, #1415, .F. ) ;
#4784 = CARTESIAN_POINT ( 'NONE',  ( 0.000000000000000000, 11.00000000000000000, -46.00000000000000000 ) ) ;
#4785 = PLANE ( 'NONE',  #12000 ) ;
#4786 = ORIENTED_EDGE ( 'NONE', *, *, #6717, .F. ) ;
#4787 = AXIS2_PLACEMENT_3D ( 'NONE', #11609, #10415, #1738 ) ;
#4788 = CARTESIAN_POINT ( 'NONE',  ( 0.000000000000000000, 11.00000000000000000, 0.000000000000000000 ) ) ;
#4789 = LINE ( 'NONE', #23, #9562 ) ;
#4790 = VECTOR ( 'NONE', #376, 1000.000000000000000 ) ;
#4791 = CARTESIAN_POINT ( 'NONE',  ( 58.41482322781407532, 11.00000000000000000, 21.58517677218592468 ) ) ;
#4792 = DIRECTION ( 'NONE',  ( 0.000000000000000000, 0.000000000000000000, -1.000000000000000000 ) ) ;
#4793 = PERSON_AND_ORGANIZATION ( #2043, #9079 ) ;
#4794 = EDGE_CURVE ( 'NONE', #199, #6292, #6117, .T. ) ;
#4795 = AXIS2_PLACEMENT_3D ( 'NONE', #6942, #9742, #7840 ) ;
#4796 = DIRECTION ( 'NONE',  ( 0.000000000000000000, 1.000000000000000000, -0.000000000000000000 ) ) ;
#4797 = ORIENTED_EDGE ( 'NONE', *, *, #10304, .F. ) ;
#4798 = EDGE_LOOP ( 'NONE', ( #5400, #3823 ) ) ;
#4799 = CARTESIAN_POINT ( 'NONE',  ( 40.00000000000000000, 2.000000000000000000, -14.00000000000000000 ) ) ;
#4800 = DIRECTION ( 'NONE',  ( -0.000000000000000000, -1.000000000000000000, 0.000000000000000000 ) ) ;
#4801 = DIRECTION ( 'NONE',  ( 1.000000000000000000, -0.000000000000000000, 0.000000000000000000 ) ) ;
#4802 = ORIENTED_EDGE ( 'NONE', *, *, #4385, .T. ) ;
#4803 = AXIS2_PLACEMENT_3D ( 'NONE', #10791, #5794, #910 ) ;
#4804 = ORIENTED_EDGE ( 'NONE', *, *, #4475, .T. ) ;
#4805 = EDGE_CURVE ( 'NONE', #6584, #6111, #11331, .T. ) ;
#4806 = ADVANCED_FACE ( 'NONE', ( #7961 ), #9741, .T. ) ;
#4807 = FACE_BOUND ( 'NONE', #3435, .T. ) ;
#4808 = CARTESIAN_POINT ( 'NONE',  ( 67.99999999999994316, 11.00000000000000000, -24.49999999999996447 ) ) ;
#4809 = ORIENTED_EDGE ( 'NONE', *, *, #6410, .F. ) ;
#4810 = DIRECTION ( 'NONE',  ( 0.000000000000000000, 0.000000000000000000, 1.000000000000000000 ) ) ;
#4811 = CIRCLE ( 'NONE', #9864, 1.000000000000000888 ) ;
#4812 = FACE_OUTER_BOUND ( 'NONE', #1821, .T. ) ;
#4813 = LINE ( 'NONE', #10827, #4535 ) ;
#4814 = CYLINDRICAL_SURFACE ( 'NONE', #5309, 2.500000000000000444 ) ;
#4815 = DIRECTION ( 'NONE',  ( 0.000000000000000000, 1.000000000000000000, 0.000000000000000000 ) ) ;
#4816 = PLANE ( 'NONE',  #8059 ) ;
#4817 = VECTOR ( 'NONE', #2606, 1000.000000000000000 ) ;
#4818 = EDGE_CURVE ( 'NONE', #6278, #3973, #3655, .T. ) ;
#4819 = CARTESIAN_POINT ( 'NONE',  ( 23.65025253169435260, 9.799999999999998934, -39.32010101267761115 ) ) ;
#4820 = AXIS2_PLACEMENT_3D ( 'NONE', #1413, #11028, #7408 ) ;
#4821 = DIRECTION ( 'NONE',  ( 0.000000000000000000, 1.000000000000000000, 0.000000000000000000 ) ) ;
#4822 = VERTEX_POINT ( 'NONE', #10940 ) ;
#4823 = FACE_OUTER_BOUND ( 'NONE', #1094, .T. ) ;
#4824 = LINE ( 'NONE', #891, #8137 ) ;
#4825 = ORIENTED_EDGE ( 'NONE', *, *, #7239, .F. ) ;
#4826 = DIRECTION ( 'NONE',  ( 0.000000000000000000, 0.000000000000000000, 1.000000000000000000 ) ) ;
#4827 = CARTESIAN_POINT ( 'NONE',  ( 0.000000000000000000, 2.000000000000000000, -46.00000000000000000 ) ) ;
#4828 = ORIENTED_EDGE ( 'NONE', *, *, #2110, .F. ) ;
#4829 = AXIS2_PLACEMENT_3D ( 'NONE', #10879, #2154, #2026 ) ;
#4830 = VERTEX_POINT ( 'NONE', #8029 ) ;
#4831 = VERTEX_POINT ( 'NONE', #4042 ) ;
#4832 = DIRECTION ( 'NONE',  ( -0.000000000000000000, 1.000000000000000000, -0.000000000000000000 ) ) ;
#4833 = AXIS2_PLACEMENT_3D ( 'NONE', #1332, #11188, #5208 ) ;
#4834 = CARTESIAN_POINT ( 'NONE',  ( 20.99999999999994316, 11.00000000000000000, -26.49999999999998934 ) ) ;
#4835 = ORIENTED_EDGE ( 'NONE', *, *, #11029, .F. ) ;
#4836 = FACE_OUTER_BOUND ( 'NONE', #3795, .T. ) ;
#4837 = CARTESIAN_POINT ( 'NONE',  ( 16.49999999999997868, 11.00000000000000000, -17.49999999999996447 ) ) ;
#4838 = ORIENTED_EDGE ( 'NONE', *, *, #2413, .T. ) ;
#4839 = DIRECTION ( 'NONE',  ( -0.000000000000000000, 1.000000000000000000, -0.000000000000000000 ) ) ;
#4840 = CARTESIAN_POINT ( 'NONE',  ( 72.89939033455922868, 11.00000000000000000, 7.100609665440824614 ) ) ;
#4841 = ORIENTED_EDGE ( 'NONE', *, *, #6546, .F. ) ;
#4842 = DIRECTION ( 'NONE',  ( 0.000000000000000000, 1.000000000000000000, 0.000000000000000000 ) ) ;
#4843 = ORIENTED_EDGE ( 'NONE', *, *, #6335, .F. ) ;
#4844 = LINE ( 'NONE', #10549, #1675 ) ;
#4845 = DIRECTION ( 'NONE',  ( 0.000000000000000000, 0.000000000000000000, 1.000000000000000000 ) ) ;
#4846 = VERTEX_POINT ( 'NONE', #8919 ) ;
#4847 = ORIENTED_EDGE ( 'NONE', *, *, #320, .F. ) ;
#4848 = CARTESIAN_POINT ( 'NONE',  ( 17.92779706011599927, 11.00000000000000000, -6.000084202863472882 ) ) ;
#4849 = ADVANCED_FACE ( 'NONE', ( #2087 ), #10880, .T. ) ;
#4850 = CARTESIAN_POINT ( 'NONE',  ( 35.01482322781394885, 9.799999999999998934, -44.98517677218592326 ) ) ;
#4851 = LINE ( 'NONE', #9910, #313 ) ;
#4852 = AXIS2_PLACEMENT_3D ( 'NONE', #10489, #7491, #2696 ) ;
#4853 = LINE ( 'NONE', #5806, #1695 ) ;
#4854 = DIRECTION ( 'NONE',  ( -0.000000000000000000, -1.000000000000000000, 0.000000000000000000 ) ) ;
#4855 = LINE ( 'NONE', #7944, #726 ) ;
#4856 = ORIENTED_EDGE ( 'NONE', *, *, #3339, .F. ) ;
#4857 = ORIENTED_EDGE ( 'NONE', *, *, #10288, .F. ) ;
#4858 = CARTESIAN_POINT ( 'NONE',  ( 63.99446968344226150, -21.88036781070453785, -45.26776695296636177 ) ) ;
#4859 = EDGE_CURVE ( 'NONE', #4181, #5143, #2155, .T. ) ;
#4860 = DIRECTION ( 'NONE',  ( 0.000000000000000000, 1.000000000000000000, 0.000000000000000000 ) ) ;
#4861 = ADVANCED_FACE ( 'NONE', ( #5002 ), #9871, .F. ) ;
#4862 = FACE_OUTER_BOUND ( 'NONE', #8908, .T. ) ;
#4863 = VERTEX_POINT ( 'NONE', #9804 ) ;
#4864 = VECTOR ( 'NONE', #9799, 1000.000000000000000 ) ;
#4865 = ORIENTED_EDGE ( 'NONE', *, *, #7781, .F. ) ;
#4866 = EDGE_LOOP ( 'NONE', ( #10591, #11386, #4888, #4599 ) ) ;
#4867 = DIRECTION ( 'NONE',  ( 0.000000000000000000, 0.000000000000000000, -1.000000000000000000 ) ) ;
#4868 = PLANE ( 'NONE',  #8637 ) ;
#4869 = EDGE_LOOP ( 'NONE', ( #1560, #5575 ) ) ;
#4870 = CARTESIAN_POINT ( 'NONE',  ( 26.50000000000000000, 1.999999999999998224, -43.39999999999999858 ) ) ;
#4871 = EDGE_CURVE ( 'NONE', #2017, #10809, #11833, .T. ) ;
#4872 = EDGE_CURVE ( 'NONE', #10838, #5604, #9144, .T. ) ;
#4873 = DIRECTION ( 'NONE',  ( 0.000000000000000000, 1.000000000000000000, 0.000000000000000000 ) ) ;
#4874 = DIRECTION ( 'NONE',  ( -0.000000000000000000, -1.000000000000000000, -0.000000000000000000 ) ) ;
#4875 = CARTESIAN_POINT ( 'NONE',  ( 26.54142135623725451, 9.799999999999998934, -43.30000000000000426 ) ) ;
#4876 = EDGE_CURVE ( 'NONE', #1760, #9021, #3674, .T. ) ;
#4877 = EDGE_CURVE ( 'NONE', #6620, #1284, #1477, .T. ) ;
#4878 = LINE ( 'NONE', #10712, #5237 ) ;
#4879 = CARTESIAN_POINT ( 'NONE',  ( 67.99999999999990052, 11.00000000000000000, -38.99999999999995026 ) ) ;
#4880 = ORIENTED_EDGE ( 'NONE', *, *, #995, .F. ) ;
#4881 = CARTESIAN_POINT ( 'NONE',  ( 20.99999999999990052, 11.00000000000000000, -35.49999999999999289 ) ) ;
#4882 = CYLINDRICAL_SURFACE ( 'NONE', #1056, 0.9999999999999974465 ) ;
#4883 = CARTESIAN_POINT ( 'NONE',  ( 67.99999999999997158, 11.00000000000000000, -16.49999999999996447 ) ) ;
#4884 = DIRECTION ( 'NONE',  ( 0.000000000000000000, 0.000000000000000000, 1.000000000000000000 ) ) ;
#4885 = ADVANCED_FACE ( 'NONE', ( #3349 ), #5486, .T. ) ;
#4886 = VERTEX_POINT ( 'NONE', #1387 ) ;
#4887 = ORIENTED_EDGE ( 'NONE', *, *, #6804, .T. ) ;
#4888 = ORIENTED_EDGE ( 'NONE', *, *, #9441, .T. ) ;
#4889 = DIRECTION ( 'NONE',  ( 0.000000000000000000, 0.000000000000000000, 1.000000000000000000 ) ) ;
#4890 = EDGE_CURVE ( 'NONE', #1402, #10490, #5518, .T. ) ;
#4891 = EDGE_LOOP ( 'NONE', ( #1115, #9646 ) ) ;
#4892 = EDGE_CURVE ( 'NONE', #8688, #8013, #8164, .T. ) ;
#4893 = DIRECTION ( 'NONE',  ( 0.000000000000000000, 0.000000000000000000, 1.000000000000000000 ) ) ;
#4894 = EDGE_LOOP ( 'NONE', ( #11976, #2377, #3677, #2372 ) ) ;
#4895 = EDGE_LOOP ( 'NONE', ( #5896, #539 ) ) ;
#4896 = DIRECTION ( 'NONE',  ( 0.000000000000000000, 0.000000000000000000, 1.000000000000000000 ) ) ;
#4897 = CARTESIAN_POINT ( 'NONE',  ( 50.65025253169416430, 11.00000000000000000, -7.479898987322322945 ) ) ;
#4898 = VECTOR ( 'NONE', #4938, 1000.000000000000000 ) ;
#4899 = VERTEX_POINT ( 'NONE', #5432 ) ;
#4900 = CYLINDRICAL_SURFACE ( 'NONE', #8114, 0.9999999999999974465 ) ;
#4901 = LINE ( 'NONE', #2126, #133 ) ;
#4902 = EDGE_LOOP ( 'NONE', ( #5920, #384 ) ) ;
#4903 = CARTESIAN_POINT ( 'NONE',  ( 72.49999999999991473, 11.00000000000000000, -29.99999999999998934 ) ) ;
#4904 = ORIENTED_EDGE ( 'NONE', *, *, #4714, .T. ) ;
#4905 = AXIS2_PLACEMENT_3D ( 'NONE', #8690, #9702, #6889 ) ;
#4906 = LINE ( 'NONE', #6980, #5919 ) ;
#4907 = CARTESIAN_POINT ( 'NONE',  ( 61.85512985522206009, 11.00000000000000000, -4.000000000000002665 ) ) ;
#4908 = ORIENTED_EDGE ( 'NONE', *, *, #995, .T. ) ;
#4909 = ORIENTED_EDGE ( 'NONE', *, *, #7394, .T. ) ;
#4910 = VERTEX_POINT ( 'NONE', #7314 ) ;
#4911 = DIRECTION ( 'NONE',  ( -0.000000000000000000, -1.000000000000000000, -0.000000000000000000 ) ) ;
#4912 = PLANE ( 'NONE',  #10170 ) ;
#4913 = DIRECTION ( 'NONE',  ( 0.000000000000000000, 0.000000000000000000, -1.000000000000000000 ) ) ;
#4914 = AXIS2_PLACEMENT_3D ( 'NONE', #88, #8842, #3062 ) ;
#4915 = AXIS2_PLACEMENT_3D ( 'NONE', #11496, #5540, #3772 ) ;
#4916 = LINE ( 'NONE', #9673, #10802 ) ;
#4917 = CARTESIAN_POINT ( 'NONE',  ( 39.00000000000000000, 2.000000000000000000, -15.00000000000000000 ) ) ;
#4918 = CYLINDRICAL_SURFACE ( 'NONE', #3330, 0.9999999999999974465 ) ;
#4919 = AXIS2_PLACEMENT_3D ( 'NONE', #9141, #3504, #10215 ) ;
#4920 = ORIENTED_EDGE ( 'NONE', *, *, #5091, .F. ) ;
#4921 = ORIENTED_EDGE ( 'NONE', *, *, #10742, .T. ) ;
#4922 = DIRECTION ( 'NONE',  ( 0.000000000000000000, 0.000000000000000000, 1.000000000000000000 ) ) ;
#4923 = AXIS2_PLACEMENT_3D ( 'NONE', #5232, #11098, #8321 ) ;
#4924 = DIRECTION ( 'NONE',  ( -0.000000000000000000, -1.000000000000000000, -0.000000000000000000 ) ) ;
#4925 = DIRECTION ( 'NONE',  ( -0.7071067811865467956, 0.000000000000000000, 0.7071067811865483499 ) ) ;
#4926 = ORIENTED_EDGE ( 'NONE', *, *, #9198, .F. ) ;
#4927 = AXIS2_PLACEMENT_3D ( 'NONE', #8722, #32, #7892 ) ;
#4928 = CIRCLE ( 'NONE', #1698, 0.9999999999999974465 ) ;
#4929 = EDGE_CURVE ( 'NONE', #9339, #10255, #8039, .T. ) ;
#4930 = LINE ( 'NONE', #2215, #1601 ) ;
#4931 = CARTESIAN_POINT ( 'NONE',  ( 44.50000000000000000, 11.00000000000000000, -19.99999999999994316 ) ) ;
#4932 = DIRECTION ( 'NONE',  ( 0.000000000000000000, 1.000000000000000000, 0.000000000000000000 ) ) ;
#4933 = EDGE_CURVE ( 'NONE', #5021, #2329, #12285, .T. ) ;
#4934 = ORIENTED_EDGE ( 'NONE', *, *, #9458, .F. ) ;
#4935 = EDGE_CURVE ( 'NONE', #2030, #6408, #12143, .T. ) ;
#4936 = CIRCLE ( 'NONE', #6536, 1.000000000000000888 ) ;
#4937 = PLANE ( 'NONE',  #7559 ) ;
#4938 = DIRECTION ( 'NONE',  ( -0.000000000000000000, -1.000000000000000000, -0.000000000000000000 ) ) ;
#4939 = VECTOR ( 'NONE', #9833, 1000.000000000000000 ) ;
#4940 = DIRECTION ( 'NONE',  ( 4.956352788505157943E-15, 0.000000000000000000, 1.000000000000000000 ) ) ;
#4941 = CIRCLE ( 'NONE', #6743, 0.9999999999999974465 ) ;
#4942 = CYLINDRICAL_SURFACE ( 'NONE', #10682, 1.000000000000000888 ) ;
#4943 = ORIENTED_EDGE ( 'NONE', *, *, #10692, .T. ) ;
#4944 = VECTOR ( 'NONE', #1816, 1000.000000000000000 ) ;
#4945 = VERTEX_POINT ( 'NONE', #6244 ) ;
#4946 = ADVANCED_FACE ( 'NONE', ( #9295 ), #8288, .T. ) ;
#4947 = AXIS2_PLACEMENT_3D ( 'NONE', #2122, #4063, #5958 ) ;
#4948 = DIRECTION ( 'NONE',  ( -0.000000000000000000, -1.000000000000000000, -0.000000000000000000 ) ) ;
#4950 = EDGE_CURVE ( 'NONE', #3546, #4469, #6367, .T. ) ;
#4949 = CIRCLE ( 'NONE', #6957, 1.000000000000000888 ) ;
#4951 = VERTEX_POINT ( 'NONE', #5378 ) ;
#4952 = ADVANCED_FACE ( 'NONE', ( #11247 ), #10247, .T. ) ;
#4953 = CARTESIAN_POINT ( 'NONE',  ( 44.50000000000000000, 11.00000000000000000, -7.499999999999941380 ) ) ;
#4954 = DIRECTION ( 'NONE',  ( 0.000000000000000000, 0.000000000000000000, -1.000000000000000000 ) ) ;
#4955 = LINE ( 'NONE', #8817, #9581 ) ;
#4956 = CARTESIAN_POINT ( 'NONE',  ( 22.18664863476204019, 11.00000000000000000, -39.08664863476204232 ) ) ;
#4957 = EDGE_LOOP ( 'NONE', ( #9150, #2502, #11140, #4934 ) ) ;
#4958 = ORIENTED_EDGE ( 'NONE', *, *, #2459, .T. ) ;
#4959 = ORIENTED_EDGE ( 'NONE', *, *, #3064, .T. ) ;
#4960 = DIRECTION ( 'NONE',  ( -0.000000000000000000, -1.000000000000000000, -0.000000000000000000 ) ) ;
#4961 = CIRCLE ( 'NONE', #6557, 2.500000000000002220 ) ;
#4962 = DIRECTION ( 'NONE',  ( 0.000000000000000000, 1.000000000000000000, 0.000000000000000000 ) ) ;
#4963 = EDGE_LOOP ( 'NONE', ( #1439, #11820 ) ) ;
#4964 = CIRCLE ( 'NONE', #706, 1.000000000000000888 ) ;
#4965 = CIRCLE ( 'NONE', #12401, 2.500000000000002220 ) ;
#4966 = ORIENTED_EDGE ( 'NONE', *, *, #3257, .T. ) ;
#4967 = CYLINDRICAL_SURFACE ( 'NONE', #11404, 0.9999999999999974465 ) ;
#4968 = EDGE_CURVE ( 'NONE', #394, #5143, #5422, .T. ) ;
#4969 = VECTOR ( 'NONE', #1655, 1000.000000000000000 ) ;
#4970 = DIRECTION ( 'NONE',  ( 0.000000000000000000, 0.000000000000000000, -1.000000000000000000 ) ) ;
#4971 = EDGE_CURVE ( 'NONE', #3872, #10677, #1580, .T. ) ;
#4972 = ORIENTED_EDGE ( 'NONE', *, *, #12443, .T. ) ;
#4973 = DIRECTION ( 'NONE',  ( 0.000000000000000000, 0.000000000000000000, 1.000000000000000000 ) ) ;
#4974 = EDGE_CURVE ( 'NONE', #1041, #9576, #4351, .T. ) ;
#4975 = LINE ( 'NONE', #11621, #9666 ) ;
#4976 = CARTESIAN_POINT ( 'NONE',  ( 63.49999999999995737, 2.000000000000000000, -25.49999999999992895 ) ) ;
#4977 = EDGE_LOOP ( 'NONE', ( #2754, #10720 ) ) ;
#4978 = CARTESIAN_POINT ( 'NONE',  ( 0.000000000000000000, 11.00000000000000000, -40.50000000000000711 ) ) ;
#4979 = DIRECTION ( 'NONE',  ( -4.408413623863775552E-15, 0.000000000000000000, 1.000000000000000000 ) ) ;
#4980 = EDGE_LOOP ( 'NONE', ( #7026, #6490, #2923, #8684 ) ) ;
#4981 = EDGE_CURVE ( 'NONE', #11415, #2017, #4277, .T. ) ;
#4982 = ORIENTED_EDGE ( 'NONE', *, *, #2575, .T. ) ;
#4983 = CARTESIAN_POINT ( 'NONE',  ( 31.50000000000000711, 11.00000000000000000, -26.49999999999997158 ) ) ;
#4984 = CARTESIAN_POINT ( 'NONE',  ( 62.52253967444165994, 9.799999999999998934, -48.32132034355966965 ) ) ;
#4985 = LINE ( 'NONE', #5238, #6587 ) ;
#4986 = AXIS2_PLACEMENT_3D ( 'NONE', #5206, #6252, #2466 ) ;
#4987 = FACE_OUTER_BOUND ( 'NONE', #5542, .T. ) ;
#4988 = DIRECTION ( 'NONE',  ( -0.000000000000000000, 1.000000000000000000, -0.000000000000000000 ) ) ;
#4989 = ADVANCED_FACE ( 'NONE', ( #8154 ), #6303, .F. ) ;
#4990 = LINE ( 'NONE', #6923, #4336 ) ;
#4991 = AXIS2_PLACEMENT_3D ( 'NONE', #9092, #3254, #10923 ) ;
#4992 = ORIENTED_EDGE ( 'NONE', *, *, #10696, .T. ) ;
#4993 = VERTEX_POINT ( 'NONE', #10999 ) ;
#4994 = CIRCLE ( 'NONE', #317, 0.9999999999999974465 ) ;
#4995 = FACE_OUTER_BOUND ( 'NONE', #8523, .T. ) ;
#4996 = FACE_OUTER_BOUND ( 'NONE', #9937, .T. ) ;
#4997 = CYLINDRICAL_SURFACE ( 'NONE', #8097, 0.9999999999999983347 ) ;
#4998 = EDGE_LOOP ( 'NONE', ( #3637, #2973, #140, #11091 ) ) ;
#4999 = AXIS2_PLACEMENT_3D ( 'NONE', #12280, #9367, #691 ) ;
#5000 = ORIENTED_EDGE ( 'NONE', *, *, #11913, .T. ) ;
#5001 = DIRECTION ( 'NONE',  ( 0.000000000000000000, 1.000000000000000000, 0.000000000000000000 ) ) ;
#5002 = FACE_OUTER_BOUND ( 'NONE', #4450, .T. ) ;
#5003 = CARTESIAN_POINT ( 'NONE',  ( 44.50000000000000000, 11.00000000000000000, -21.99999999999993605 ) ) ;
#5004 = EDGE_LOOP ( 'NONE', ( #12491, #8861 ) ) ;
#5005 = CARTESIAN_POINT ( 'NONE',  ( 50.59167388793158437, 9.799999999999998934, -39.37867965644036872 ) ) ;
#5006 = LINE ( 'NONE', #8867, #4898 ) ;
#5007 = AXIS2_PLACEMENT_3D ( 'NONE', #12431, #4352, #7617 ) ;
#5008 = DIRECTION ( 'NONE',  ( 0.000000000000000000, 0.000000000000000000, -1.000000000000000000 ) ) ;
#5009 = ADVANCED_FACE ( 'NONE', ( #8224 ), #10175, .T. ) ;
#5010 = CARTESIAN_POINT ( 'NONE',  ( 58.99999999999997158, 11.00000000000000000, -26.49999999999989342 ) ) ;
#5011 = AXIS2_PLACEMENT_3D ( 'NONE', #12173, #710, #10335 ) ;
#5012 = DIRECTION ( 'NONE',  ( -0.000000000000000000, -1.000000000000000000, 0.000000000000000000 ) ) ;
#5013 = ORIENTED_EDGE ( 'NONE', *, *, #6240, .T. ) ;
#5014 = AXIS2_PLACEMENT_3D ( 'NONE', #6437, #9057, #7266 ) ;
#5015 = DIRECTION ( 'NONE',  ( 0.000000000000000000, 0.000000000000000000, 1.000000000000000000 ) ) ;
#5016 = CARTESIAN_POINT ( 'NONE',  ( 11.99999999999993427, 11.00000000000000000, -33.49999999999992895 ) ) ;
#5017 = ORIENTED_EDGE ( 'NONE', *, *, #11293, .T. ) ;
#5018 = DIRECTION ( 'NONE',  ( 1.000000000000000000, 0.000000000000000000, -0.000000000000000000 ) ) ;
#5019 = ORIENTED_EDGE ( 'NONE', *, *, #1398, .T. ) ;
#5020 = ORIENTED_EDGE ( 'NONE', *, *, #7409, .F. ) ;
#5021 = VERTEX_POINT ( 'NONE', #8660 ) ;
#5022 = LINE ( 'NONE', #8880, #6973 ) ;
#5023 = EDGE_CURVE ( 'NONE', #6701, #3751, #10680, .T. ) ;
#5024 = ORIENTED_EDGE ( 'NONE', *, *, #10619, .T. ) ;
#5025 = FACE_OUTER_BOUND ( 'NONE', #7604, .T. ) ;
#5026 = AXIS2_PLACEMENT_3D ( 'NONE', #6549, #5375, #547 ) ;
#5027 = AXIS2_PLACEMENT_3D ( 'NONE', #3094, #6953, #9935 ) ;
#5028 = ADVANCED_FACE ( 'NONE', ( #6554 ), #9541, .T. ) ;
#5029 = ORIENTED_EDGE ( 'NONE', *, *, #3097, .T. ) ;
#5030 = VECTOR ( 'NONE', #7028, 1000.000000000000000 ) ;
#5031 = CARTESIAN_POINT ( 'NONE',  ( 80.00000000000000000, 9.799999999999998934, -1.000000000000003553 ) ) ;
#5032 = DIRECTION ( 'NONE',  ( 0.000000000000000000, 0.000000000000000000, -1.000000000000000000 ) ) ;
#5033 = ORIENTED_EDGE ( 'NONE', *, *, #2555, .T. ) ;
#5034 = CYLINDRICAL_SURFACE ( 'NONE', #4665, 1.000000000000000888 ) ;
#5036 = CARTESIAN_POINT ( 'NONE',  ( 3.000000000000002665, 9.799999999999998934, -5.200000000000043698 ) ) ;
#5035 = CIRCLE ( 'NONE', #374, 4.200000000000036593 ) ;
#5037 = EDGE_LOOP ( 'NONE', ( #3144, #7754 ) ) ;
#5038 = CARTESIAN_POINT ( 'NONE',  ( 74.55677228167498072, 11.00000000000000000, -47.20000000000000284 ) ) ;
#5039 = EDGE_LOOP ( 'NONE', ( #1206, #5504, #9029, #12039 ) ) ;
#5040 = CARTESIAN_POINT ( 'NONE',  ( 31.70538416267119786, 2.000000000000000000, -39.97868143219528747 ) ) ;
#5041 = DIRECTION ( 'NONE',  ( 0.000000000000000000, 0.000000000000000000, -1.000000000000000000 ) ) ;
#5042 = ORIENTED_EDGE ( 'NONE', *, *, #534, .F. ) ;
#5043 = ORIENTED_EDGE ( 'NONE', *, *, #383, .F. ) ;
#5044 = VERTEX_POINT ( 'NONE', #8481 ) ;
#5045 = CARTESIAN_POINT ( 'NONE',  ( 44.50000000000000000, 2.000000000000000000, -15.49999999999994493 ) ) ;
#5046 = DIRECTION ( 'NONE',  ( 0.000000000000000000, 1.000000000000000000, 0.000000000000000000 ) ) ;
#5047 = CARTESIAN_POINT ( 'NONE',  ( 35.49999999999999289, 11.00000000000000000, -38.99999999999996447 ) ) ;
#5048 = ADVANCED_FACE ( 'NONE', ( #12266 ), #3842, .T. ) ;
#5049 = APPROVAL_PERSON_ORGANIZATION ( #4793, #8796, #10625 ) ;
#5050 = DIRECTION ( 'NONE',  ( 0.000000000000000000, -1.000000000000000000, 0.000000000000000000 ) ) ;
#5051 = ADVANCED_FACE ( 'NONE', ( #11569 ), #925, .F. ) ;
#5052 = DIRECTION ( 'NONE',  ( -0.000000000000000000, -1.000000000000000000, -0.000000000000000000 ) ) ;
#5053 = VECTOR ( 'NONE', #4070, 1000.000000000000000 ) ;
#5054 = FACE_OUTER_BOUND ( 'NONE', #6991, .T. ) ;
#5055 = ORIENTED_EDGE ( 'NONE', *, *, #4929, .F. ) ;
#5056 = PLANE ( 'NONE',  #5713 ) ;
#5057 = EDGE_LOOP ( 'NONE', ( #12091, #5042, #6017, #859 ) ) ;
#5058 = DIRECTION ( 'NONE',  ( 0.000000000000000000, 0.000000000000000000, 1.000000000000000000 ) ) ;
#5059 = DIRECTION ( 'NONE',  ( 0.000000000000000000, 0.000000000000000000, 1.000000000000000000 ) ) ;
#5060 = EDGE_CURVE ( 'NONE', #8489, #411, #1759, .T. ) ;
#5061 = DIRECTION ( 'NONE',  ( 0.000000000000000000, 1.000000000000000000, 0.000000000000000000 ) ) ;
#5062 = ORIENTED_EDGE ( 'NONE', *, *, #8371, .T. ) ;
#5063 = CARTESIAN_POINT ( 'NONE',  ( 62.07220293988400073, 11.00000000000000000, -6.000084202863472882 ) ) ;
#5064 = CARTESIAN_POINT ( 'NONE',  ( 63.49999999999995737, 2.000000000000000000, -24.49999999999993250 ) ) ;
#5065 = CARTESIAN_POINT ( 'NONE',  ( 17.92779706011599927, 9.799999999999998934, -6.000084202863472882 ) ) ;
#5066 = DIRECTION ( 'NONE',  ( 0.000000000000000000, 1.000000000000000000, 0.000000000000000000 ) ) ;
#5067 = ORIENTED_EDGE ( 'NONE', *, *, #2333, .F. ) ;
#5068 = ORIENTED_EDGE ( 'NONE', *, *, #1989, .F. ) ;
#5069 = CARTESIAN_POINT ( 'NONE',  ( 44.50000000000000000, 11.00000000000000000, -38.99999999999994316 ) ) ;
#5070 = CARTESIAN_POINT ( 'NONE',  ( 49.49939033455935800, 9.799999999999998934, -30.50060966544101149 ) ) ;
#5071 = FACE_OUTER_BOUND ( 'NONE', #8564, .T. ) ;
#5072 = DIRECTION ( 'NONE',  ( 0.000000000000000000, 0.000000000000000000, -1.000000000000000000 ) ) ;
#5073 = DIRECTION ( 'NONE',  ( 0.000000000000000000, 0.000000000000000000, 1.000000000000000000 ) ) ;
#5074 = ORIENTED_EDGE ( 'NONE', *, *, #6809, .F. ) ;
#5075 = EDGE_CURVE ( 'NONE', #1333, #1998, #9923, .T. ) ;
#5076 = VECTOR ( 'NONE', #9495, 1000.000000000000000 ) ;
#5077 = DIRECTION ( 'NONE',  ( 0.000000000000000000, 0.000000000000000000, -1.000000000000000000 ) ) ;
#5078 = DIRECTION ( 'NONE',  ( 0.000000000000000000, 1.000000000000000000, 0.000000000000000000 ) ) ;
#5079 = ORIENTED_EDGE ( 'NONE', *, *, #1138, .T. ) ;
#5080 = CYLINDRICAL_SURFACE ( 'NONE', #10803, 0.9999999999999974465 ) ;
#5081 = ORIENTED_EDGE ( 'NONE', *, *, #12206, .T. ) ;
#5082 = EDGE_LOOP ( 'NONE', ( #11195, #1781, #12102, #11057 ) ) ;
#5083 = EDGE_LOOP ( 'NONE', ( #1964, #965, #1868, #6358 ) ) ;
#5084 = DIRECTION ( 'NONE',  ( -0.000000000000000000, -1.000000000000000000, -0.000000000000000000 ) ) ;
#5085 = DIRECTION ( 'NONE',  ( -0.7071067811865517916, 0.000000000000000000, 0.7071067811865432429 ) ) ;
#5086 = ORIENTED_EDGE ( 'NONE', *, *, #8912, .F. ) ;
#5087 = CARTESIAN_POINT ( 'NONE',  ( 44.50000000000000000, 11.00000000000000000, -33.49999999999994316 ) ) ;
#5088 = FACE_OUTER_BOUND ( 'NONE', #7276, .T. ) ;
#5089 = ORIENTED_EDGE ( 'NONE', *, *, #702, .F. ) ;
#5090 = FACE_BOUND ( 'NONE', #11037, .T. ) ;
#5091 = EDGE_CURVE ( 'NONE', #7903, #4162, #5894, .T. ) ;
#5092 = CIRCLE ( 'NONE', #4506, 4.445296095962649296 ) ;
#5093 = PLANE ( 'NONE',  #6002 ) ;
#5094 = ORIENTED_EDGE ( 'NONE', *, *, #9273, .F. ) ;
#5095 = CYLINDRICAL_SURFACE ( 'NONE', #9938, 0.9999999999999974465 ) ;
#5096 = ORIENTED_EDGE ( 'NONE', *, *, #2725, .F. ) ;
#5097 = FACE_OUTER_BOUND ( 'NONE', #4597, .T. ) ;
#5098 = DIRECTION ( 'NONE',  ( 0.000000000000000000, 1.000000000000000000, 0.000000000000000000 ) ) ;
#5099 = EDGE_CURVE ( 'NONE', #1891, #4634, #4482, .T. ) ;
#5100 = VERTEX_POINT ( 'NONE', #2896 ) ;
#5101 = VERTEX_POINT ( 'NONE', #8596 ) ;
#5102 = ORIENTED_EDGE ( 'NONE', *, *, #1778, .T. ) ;
#5103 = DIRECTION ( 'NONE',  ( -0.000000000000000000, -1.000000000000000000, -0.000000000000000000 ) ) ;
#5104 = AXIS2_PLACEMENT_3D ( 'NONE', #9139, #1359, #326 ) ;
#5105 = CARTESIAN_POINT ( 'NONE',  ( 15.35613998199869457, 9.799999999999998934, -49.20000000000000995 ) ) ;
#5106 = DIRECTION ( 'NONE',  ( 0.000000000000000000, 0.000000000000000000, 1.000000000000000000 ) ) ;
#5107 = CARTESIAN_POINT ( 'NONE',  ( 47.87746032555839548, 9.799999999999998934, -1.878679656440361612 ) ) ;
#5108 = DIRECTION ( 'NONE',  ( -1.000000000000000000, 0.000000000000000000, 6.999854048275122104E-16 ) ) ;
#5109 = AXIS2_PLACEMENT_3D ( 'NONE', #1208, #9940, #7144 ) ;
#5110 = ORIENTED_EDGE ( 'NONE', *, *, #9214, .F. ) ;
#5111 = EDGE_CURVE ( 'NONE', #10608, #4055, #7448, .T. ) ;
#5112 = CARTESIAN_POINT ( 'NONE',  ( 16.49999999999995381, 11.00000000000000000, -25.49999999999996092 ) ) ;
#5113 = EDGE_LOOP ( 'NONE', ( #8375, #6689 ) ) ;
#5114 = EDGE_CURVE ( 'NONE', #3434, #2579, #5742, .T. ) ;
#5115 = PLANE ( 'NONE',  #5915 ) ;
#5116 = ADVANCED_FACE ( 'NONE', ( #1952 ), #9611, .T. ) ;
#5117 = ORIENTED_EDGE ( 'NONE', *, *, #8747, .T. ) ;
#5118 = CARTESIAN_POINT ( 'NONE',  ( 20.99999999999998224, 11.00000000000000000, -11.99999999999999645 ) ) ;
#5119 = DIRECTION ( 'NONE',  ( 0.000000000000000000, 1.000000000000000000, 0.000000000000000000 ) ) ;
#5120 = EDGE_CURVE ( 'NONE', #230, #8212, #1858, .T. ) ;
#5121 = AXIS2_PLACEMENT_3D ( 'NONE', #6236, #11112, #6295 ) ;
#5122 = VERTEX_POINT ( 'NONE', #7504 ) ;
#5123 = VECTOR ( 'NONE', #11499, 1000.000000000000000 ) ;
#5124 = DIRECTION ( 'NONE',  ( 0.000000000000000000, 1.000000000000000000, 0.000000000000000000 ) ) ;
#5125 = DIRECTION ( 'NONE',  ( 0.000000000000000000, 1.000000000000000000, 0.000000000000000000 ) ) ;
#5126 = ADVANCED_FACE ( 'NONE', ( #2653 ), #8536, .T. ) ;
#5127 = DIRECTION ( 'NONE',  ( 0.000000000000000000, 1.000000000000000000, 0.000000000000000000 ) ) ;
#5128 = CYLINDRICAL_SURFACE ( 'NONE', #10053, 1.000000000000000888 ) ;
#5129 = EDGE_LOOP ( 'NONE', ( #6034, #11540 ) ) ;
#5131 = ADVANCED_FACE ( 'NONE', ( #4667 ), #2712, .T. ) ;
#5130 = AXIS2_PLACEMENT_3D ( 'NONE', #3447, #11932, #4452 ) ;
#5132 = EDGE_CURVE ( 'NONE', #6350, #7074, #745, .T. ) ;
#5133 = VERTEX_POINT ( 'NONE', #6619 ) ;
#5134 = CARTESIAN_POINT ( 'NONE',  ( 26.50000000000000000, 0.000000000000000000, -45.09999999999999432 ) ) ;
#5135 = CARTESIAN_POINT ( 'NONE',  ( 63.49999999999997158, 11.00000000000000000, -20.99999999999993250 ) ) ;
#5136 = DIRECTION ( 'NONE',  ( 1.000000000000000000, 0.000000000000000000, -4.818676322157797621E-17 ) ) ;
#5137 = VECTOR ( 'NONE', #7355, 1000.000000000000000 ) ;
#5138 = DIRECTION ( 'NONE',  ( 0.000000000000000000, 0.000000000000000000, 1.000000000000000000 ) ) ;
#5139 = VECTOR ( 'NONE', #124, 1000.000000000000000 ) ;
#5140 = ORIENTED_EDGE ( 'NONE', *, *, #916, .T. ) ;
#5141 = DIRECTION ( 'NONE',  ( -0.000000000000000000, -1.000000000000000000, -0.000000000000000000 ) ) ;
#5142 = AXIS2_PLACEMENT_3D ( 'NONE', #1700, #2531, #2462 ) ;
#5143 = VERTEX_POINT ( 'NONE', #5980 ) ;
#5144 = DIRECTION ( 'NONE',  ( 0.000000000000000000, 0.000000000000000000, 1.000000000000000000 ) ) ;
#5146 = CARTESIAN_POINT ( 'NONE',  ( 72.49999999999995737, 2.000000000000000000, -20.99999999999999289 ) ) ;
#5145 = AXIS2_PLACEMENT_3D ( 'NONE', #7242, #2443, #1740 ) ;
#5147 = VECTOR ( 'NONE', #5399, 1000.000000000000000 ) ;
#5148 = FACE_OUTER_BOUND ( 'NONE', #1166, .T. ) ;
#5149 = VERTEX_POINT ( 'NONE', #7052 ) ;
#5150 = VERTEX_POINT ( 'NONE', #5918 ) ;
#5151 = EDGE_LOOP ( 'NONE', ( #7669, #7126, #844, #308 ) ) ;
#5152 = DIRECTION ( 'NONE',  ( -0.000000000000000000, -1.000000000000000000, -0.000000000000000000 ) ) ;
#5153 = VERTEX_POINT ( 'NONE', #10689 ) ;
#5154 = CYLINDRICAL_SURFACE ( 'NONE', #155, 0.9999999999999974465 ) ;
#5155 = AXIS2_PLACEMENT_3D ( 'NONE', #3266, #6105, #5058 ) ;
#5156 = VECTOR ( 'NONE', #12406, 1000.000000000000000 ) ;
#5157 = AXIS2_PLACEMENT_3D ( 'NONE', #12040, #629, #10519 ) ;
#5158 = DIRECTION ( 'NONE',  ( 0.000000000000000000, 0.000000000000000000, 1.000000000000000000 ) ) ;
#5159 = PLANE ( 'NONE',  #4776 ) ;
#5160 = ORIENTED_EDGE ( 'NONE', *, *, #545, .T. ) ;
#5161 = FACE_BOUND ( 'NONE', #2614, .T. ) ;
#5162 = DIRECTION ( 'NONE',  ( 0.000000000000000000, 1.000000000000000000, 0.000000000000000000 ) ) ;
#5163 = PLANE ( 'NONE',  #5104 ) ;
#5164 = VECTOR ( 'NONE', #7820, 1000.000000000000000 ) ;
#5165 = ORIENTED_EDGE ( 'NONE', *, *, #4416, .T. ) ;
#5166 = VECTOR ( 'NONE', #993, 1000.000000000000000 ) ;
#5167 = DIRECTION ( 'NONE',  ( -4.818676322157797621E-17, -0.000000000000000000, -1.000000000000000000 ) ) ;
#5168 = CARTESIAN_POINT ( 'NONE',  ( 20.99999999999997158, 2.000000000000000000, -16.49999999999999289 ) ) ;
#5169 = ORIENTED_EDGE ( 'NONE', *, *, #4971, .F. ) ;
#5170 = ORIENTED_EDGE ( 'NONE', *, *, #4186, .F. ) ;
#5171 = VERTEX_POINT ( 'NONE', #1114 ) ;
#5172 = CARTESIAN_POINT ( 'NONE',  ( 31.50000000000000711, 11.00000000000000000, -19.99999999999997158 ) ) ;
#5173 = AXIS2_PLACEMENT_3D ( 'NONE', #5683, #4924, #6746 ) ;
#5174 = DIRECTION ( 'NONE',  ( -0.000000000000000000, -1.000000000000000000, -0.000000000000000000 ) ) ;
#5175 = EDGE_LOOP ( 'NONE', ( #3744, #9743, #4909, #1808 ) ) ;
#5176 = AXIS2_PLACEMENT_3D ( 'NONE', #10098, #7423, #11158 ) ;
#5177 = ORIENTED_EDGE ( 'NONE', *, *, #12013, .F. ) ;
#5178 = CARTESIAN_POINT ( 'NONE',  ( 31.50000000000000711, 2.000000000000000000, -34.49999999999997158 ) ) ;
#5179 = EDGE_CURVE ( 'NONE', #4246, #8306, #3141, .T. ) ;
#5180 = CIRCLE ( 'NONE', #7177, 0.9999999999999974465 ) ;
#5181 = FACE_OUTER_BOUND ( 'NONE', #10100, .T. ) ;
#5182 = EDGE_LOOP ( 'NONE', ( #2782, #10570, #9714, #5786 ) ) ;
#5183 = EDGE_CURVE ( 'NONE', #11415, #8419, #4990, .T. ) ;
#5184 = LINE ( 'NONE', #2446, #3591 ) ;
#5185 = VERTEX_POINT ( 'NONE', #8783 ) ;
#5186 = LINE ( 'NONE', #946, #862 ) ;
#5187 = ORIENTED_EDGE ( 'NONE', *, *, #7475, .T. ) ;
#5188 = CIRCLE ( 'NONE', #1117, 0.9999999999999974465 ) ;
#5189 = CARTESIAN_POINT ( 'NONE',  ( 11.99999999999997513, 11.00000000000000000, -20.99999999999993250 ) ) ;
#5190 = CARTESIAN_POINT ( 'NONE',  ( 59.00000000000000711, 2.000000000000000000, -17.49999999999990052 ) ) ;
#5191 = CIRCLE ( 'NONE', #5390, 2.500000000000000444 ) ;
#5192 = EDGE_CURVE ( 'NONE', #8101, #3471, #9916, .T. ) ;
#5193 = ORIENTED_EDGE ( 'NONE', *, *, #51, .T. ) ;
#5194 = ADVANCED_FACE ( 'NONE', ( #6992 ), #156, .T. ) ;
#5195 = CIRCLE ( 'NONE', #12449, 0.9999999999999974465 ) ;
#5196 = CARTESIAN_POINT ( 'NONE',  ( 7.499999999999971578, 11.00000000000000000, -24.49999999999990052 ) ) ;
#5197 = CARTESIAN_POINT ( 'NONE',  ( 72.49999999999994316, 11.00000000000000000, -25.49999999999999289 ) ) ;
#5198 = CIRCLE ( 'NONE', #11878, 0.9999999999999983347 ) ;
#5199 = CARTESIAN_POINT ( 'NONE',  ( 63.49999999999995737, 11.00000000000000000, -26.49999999999992539 ) ) ;
#5200 = CARTESIAN_POINT ( 'NONE',  ( 18.75648667122642976, 9.799999999999998934, -1.000059507428522121 ) ) ;
#5201 = ORIENTED_EDGE ( 'NONE', *, *, #4890, .T. ) ;
#5202 = ORIENTED_EDGE ( 'NONE', *, *, #5935, .T. ) ;
#5203 = DIRECTION ( 'NONE',  ( -0.000000000000000000, -1.000000000000000000, -0.000000000000000000 ) ) ;
#5204 = CARTESIAN_POINT ( 'NONE',  ( -7.534230757946416405E-17, 9.799999999999998934, -0.9999999999999991118 ) ) ;
#5205 = LINE ( 'NONE', #6310, #8739 ) ;
#5206 = CARTESIAN_POINT ( 'NONE',  ( 44.50000000000000000, 11.00000000000000000, -16.49999999999994316 ) ) ;
#5207 = VECTOR ( 'NONE', #2688, 999.9999999999998863 ) ;
#5208 = DIRECTION ( 'NONE',  ( 0.000000000000000000, -0.000000000000000000, 1.000000000000000000 ) ) ;
#5209 = ORIENTED_EDGE ( 'NONE', *, *, #4974, .F. ) ;
#5210 = CIRCLE ( 'NONE', #543, 0.9999999999999974465 ) ;
#5211 = EDGE_CURVE ( 'NONE', #204, #5984, #3125, .T. ) ;
#5212 = DIRECTION ( 'NONE',  ( -0.000000000000000000, 1.000000000000000000, -0.000000000000000000 ) ) ;
#5213 = ORIENTED_EDGE ( 'NONE', *, *, #3294, .F. ) ;
#5214 = DIRECTION ( 'NONE',  ( 0.000000000000000000, 1.000000000000000000, 0.000000000000000000 ) ) ;
#5215 = LINE ( 'NONE', #7984, #9949 ) ;
#5216 = DIRECTION ( 'NONE',  ( 0.000000000000000000, 1.000000000000000000, 0.000000000000000000 ) ) ;
#5217 = ORIENTED_EDGE ( 'NONE', *, *, #1100, .T. ) ;
#5218 = ORIENTED_EDGE ( 'NONE', *, *, #1320, .T. ) ;
#5219 = CARTESIAN_POINT ( 'NONE',  ( 44.50000000000000000, 11.00000000000000000, -10.99999999999994316 ) ) ;
#5220 = LINE ( 'NONE', #9948, #3197 ) ;
#5221 = ADVANCED_FACE ( 'NONE', ( #8850 ), #2206, .F. ) ;
#5222 = AXIS2_PLACEMENT_3D ( 'NONE', #5887, #120, #2103 ) ;
#5223 = CARTESIAN_POINT ( 'NONE',  ( 58.99999999999999289, 2.000000000000000000, -21.99999999999989697 ) ) ;
#5224 = AXIS2_PLACEMENT_3D ( 'NONE', #8869, #2225, #1071 ) ;
#5225 = LINE ( 'NONE', #6082, #10240 ) ;
#5226 = ORIENTED_EDGE ( 'NONE', *, *, #9922, .T. ) ;
#5227 = FACE_OUTER_BOUND ( 'NONE', #9493, .T. ) ;
#5228 = EDGE_LOOP ( 'NONE', ( #7626, #9420, #3599, #505 ) ) ;
#5229 = DIRECTION ( 'NONE',  ( 0.000000000000000000, 1.000000000000000000, 0.000000000000000000 ) ) ;
#5230 = ORIENTED_EDGE ( 'NONE', *, *, #4632, .T. ) ;
#5231 = PLANE ( 'NONE',  #4919 ) ;
#5232 = CARTESIAN_POINT ( 'NONE',  ( 67.50000000000000000, 5.000000000000000000, -4.000000000000003553 ) ) ;
#5233 = ORIENTED_EDGE ( 'NONE', *, *, #11524, .T. ) ;
#5234 = EDGE_LOOP ( 'NONE', ( #4463, #2176, #7623, #1582 ) ) ;
#5235 = VERTEX_POINT ( 'NONE', #2259 ) ;
#5236 = DIRECTION ( 'NONE',  ( 0.000000000000000000, 0.000000000000000000, 1.000000000000000000 ) ) ;
#5237 = VECTOR ( 'NONE', #2035, 1000.000000000000000 ) ;
#5238 = CARTESIAN_POINT ( 'NONE',  ( 31.50000000000000711, 11.00000000000000000, -12.99999999999996980 ) ) ;
#5239 = CIRCLE ( 'NONE', #7238, 1.000000000000000888 ) ;
#5240 = DIRECTION ( 'NONE',  ( 0.000000000000000000, 1.000000000000000000, 0.000000000000000000 ) ) ;
#5241 = VECTOR ( 'NONE', #11327, 1000.000000000000000 ) ;
#5242 = CARTESIAN_POINT ( 'NONE',  ( 16.64903320081213778, 9.799999999999998934, -46.32132034355965544 ) ) ;
#5243 = AXIS2_PLACEMENT_3D ( 'NONE', #4782, #2580, #5725 ) ;
#5244 = LINE ( 'NONE', #10048, #8252 ) ;
#5245 = ORIENTED_EDGE ( 'NONE', *, *, #10237, .T. ) ;
#5246 = ADVANCED_FACE ( 'NONE', ( #11760 ), #4918, .T. ) ;
#5247 = CARTESIAN_POINT ( 'NONE',  ( 11.99999999999993427, 11.00000000000000000, -35.49999999999992895 ) ) ;
#5248 = ORIENTED_EDGE ( 'NONE', *, *, #3732, .F. ) ;
#5249 = CARTESIAN_POINT ( 'NONE',  ( 24.47867965644037724, 11.00000000000000000, -5.479898987322335380 ) ) ;
#5250 = PLANE ( 'NONE',  #2300 ) ;
#5251 = VECTOR ( 'NONE', #12138, 1000.000000000000000 ) ;
#5252 = LINE ( 'NONE', #9926, #902 ) ;
#5253 = CARTESIAN_POINT ( 'NONE',  ( 0.000000000000000000, 0.000000000000000000, 0.000000000000000000 ) ) ;
#5254 = CARTESIAN_POINT ( 'NONE',  ( 44.50000000000000000, 2.000000000000000000, -25.49999999999993960 ) ) ;
#5255 = DIRECTION ( 'NONE',  ( 0.000000000000000000, 0.000000000000000000, 1.000000000000000000 ) ) ;
#5256 = ORIENTED_EDGE ( 'NONE', *, *, #11047, .F. ) ;
#5257 = ADVANCED_FACE ( 'NONE', ( #10930 ), #10808, .T. ) ;
#5258 = VERTEX_POINT ( 'NONE', #4086 ) ;
#5259 = DIRECTION ( 'NONE',  ( -0.000000000000000000, -1.000000000000000000, -0.000000000000000000 ) ) ;
#5260 = DIRECTION ( 'NONE',  ( 0.000000000000000000, -1.000000000000000000, 0.000000000000000000 ) ) ;
#5261 = EDGE_CURVE ( 'NONE', #9721, #5281, #9856, .T. ) ;
#5262 = CARTESIAN_POINT ( 'NONE',  ( 63.49999999999998579, 11.00000000000000000, -16.49999999999993250 ) ) ;
#5263 = CARTESIAN_POINT ( 'NONE',  ( 5.443227718325019282, 9.799999999999998934, -49.20000000000000284 ) ) ;
#5264 = CARTESIAN_POINT ( 'NONE',  ( 68.00000000000000000, 2.000000000000000000, -8.499999999999966249 ) ) ;
#5265 = CARTESIAN_POINT ( 'NONE',  ( 35.49999999999999289, 11.00000000000000000, -39.99999999999996447 ) ) ;
#5266 = VERTEX_POINT ( 'NONE', #2140 ) ;
#5267 = CARTESIAN_POINT ( 'NONE',  ( 25.63015151901650768, 9.799999999999998934, -5.499999999999992895 ) ) ;
#5268 = DIRECTION ( 'NONE',  ( 0.000000000000000000, 1.000000000000000000, 0.000000000000000000 ) ) ;
#5269 = EDGE_CURVE ( 'NONE', #5526, #5348, #6807, .T. ) ;
#5270 = DIRECTION ( 'NONE',  ( 0.000000000000000000, -0.000000000000000000, 1.000000000000000000 ) ) ;
#5271 = EDGE_CURVE ( 'NONE', #9041, #10987, #4855, .T. ) ;
#5272 = ORIENTED_EDGE ( 'NONE', *, *, #716, .F. ) ;
#5273 = VERTEX_POINT ( 'NONE', #2016 ) ;
#5274 = EDGE_LOOP ( 'NONE', ( #5757, #1543, #10956, #1873 ) ) ;
#5275 = CARTESIAN_POINT ( 'NONE',  ( 20.99999999999997158, 11.00000000000000000, -17.49999999999999289 ) ) ;
#5276 = ADVANCED_FACE ( 'NONE', ( #5054 ), #7885, .T. ) ;
#5277 = DIRECTION ( 'NONE',  ( 0.000000000000000000, 0.000000000000000000, -1.000000000000000000 ) ) ;
#5278 = DIRECTION ( 'NONE',  ( -0.000000000000000000, 1.000000000000000000, -0.000000000000000000 ) ) ;
#5279 = VECTOR ( 'NONE', #2053, 1000.000000000000000 ) ;
#5280 = LINE ( 'NONE', #9077, #8620 ) ;
#5281 = VERTEX_POINT ( 'NONE', #9731 ) ;
#5282 = CARTESIAN_POINT ( 'NONE',  ( 80.00000000000000000, 11.00000000000000000, -6.299999999999992717 ) ) ;
#5283 = DIRECTION ( 'NONE',  ( 1.000000000000000000, 0.000000000000000000, 4.408413623863775552E-15 ) ) ;
#5284 = EDGE_LOOP ( 'NONE', ( #1035, #1502, #4240, #8488 ) ) ;
#5285 = DIRECTION ( 'NONE',  ( -0.000000000000000000, 1.000000000000000000, -0.000000000000000000 ) ) ;
#5286 = DIRECTION ( 'NONE',  ( 0.000000000000000000, 1.000000000000000000, 0.000000000000000000 ) ) ;
#5287 = EDGE_CURVE ( 'NONE', #8443, #11696, #4144, .T. ) ;
#5288 = ORIENTED_EDGE ( 'NONE', *, *, #5501, .T. ) ;
#5289 = CARTESIAN_POINT ( 'NONE',  ( 48.49999999999999289, 11.00000000000000000, -25.49999999999992895 ) ) ;
#5290 = DIRECTION ( 'NONE',  ( 0.7071067811865470176, 0.000000000000000000, -0.7071067811865481278 ) ) ;
#5291 = VERTEX_POINT ( 'NONE', #3900 ) ;
#5292 = CARTESIAN_POINT ( 'NONE',  ( 16.50000000000000711, 11.00000000000000000, -7.499999999999968914 ) ) ;
#5293 = ORIENTED_EDGE ( 'NONE', *, *, #7196, .T. ) ;
#5294 = FACE_OUTER_BOUND ( 'NONE', #2517, .T. ) ;
#5295 = ORIENTED_EDGE ( 'NONE', *, *, #2224, .T. ) ;
#5296 = VECTOR ( 'NONE', #4839, 1000.000000000000000 ) ;
#5297 = LINE ( 'NONE', #1566, #6781 ) ;
#5298 = EDGE_LOOP ( 'NONE', ( #4674, #10949 ) ) ;
#5299 = DIRECTION ( 'NONE',  ( -0.7071067811865437980, 0.000000000000000000, -0.7071067811865513475 ) ) ;
#5300 = ORIENTED_EDGE ( 'NONE', *, *, #11374, .T. ) ;
#5301 = VERTEX_POINT ( 'NONE', #11883 ) ;
#5302 = CARTESIAN_POINT ( 'NONE',  ( 5.200000000000024158, 9.799999999999998934, -5.200000000000042810 ) ) ;
#5303 = VECTOR ( 'NONE', #5283, 1000.000000000000000 ) ;
#5304 = EDGE_LOOP ( 'NONE', ( #12245, #4920 ) ) ;
#5305 = PLANE ( 'NONE',  #8988 ) ;
#5306 = ORIENTED_EDGE ( 'NONE', *, *, #5354, .F. ) ;
#5307 = DIRECTION ( 'NONE',  ( 0.000000000000000000, 0.000000000000000000, 1.000000000000000000 ) ) ;
#5308 = DIRECTION ( 'NONE',  ( -0.000000000000000000, -1.000000000000000000, -0.000000000000000000 ) ) ;
#5309 = AXIS2_PLACEMENT_3D ( 'NONE', #12529, #9176, #4234 ) ;
#5310 = VERTEX_POINT ( 'NONE', #11816 ) ;
#5311 = EDGE_LOOP ( 'NONE', ( #8156, #2781, #7354, #321 ) ) ;
#5312 = CARTESIAN_POINT ( 'NONE',  ( 11.99999999999997513, 11.00000000000000000, -21.99999999999992895 ) ) ;
#5313 = DIRECTION ( 'NONE',  ( -0.7071067811865474617, 0.000000000000000000, -0.7071067811865474617 ) ) ;
#5314 = DIRECTION ( 'NONE',  ( 0.000000000000000000, 0.000000000000000000, 1.000000000000000000 ) ) ;
#5315 = CARTESIAN_POINT ( 'NONE',  ( 67.99999999999995737, 11.00000000000000000, -20.99999999999996447 ) ) ;
#5316 = DIRECTION ( 'NONE',  ( 0.000000000000000000, 1.000000000000000000, 0.000000000000000000 ) ) ;
#5317 = EDGE_LOOP ( 'NONE', ( #7420, #2039, #936, #8998 ) ) ;
#5318 = AXIS2_PLACEMENT_3D ( 'NONE', #914, #2884, #846 ) ;
#5319 = EDGE_CURVE ( 'NONE', #9904, #5424, #5776, .T. ) ;
#5320 = ADVANCED_FACE ( 'NONE', ( #11945 ), #9224, .T. ) ;
#5321 = AXIS2_PLACEMENT_3D ( 'NONE', #1533, #5574, #11263 ) ;
#5322 = ORIENTED_EDGE ( 'NONE', *, *, #7884, .F. ) ;
#5323 = EDGE_CURVE ( 'NONE', #1485, #10900, #5297, .T. ) ;
#5324 = CARTESIAN_POINT ( 'NONE',  ( 61.85512985522206009, 11.00000000000000000, -6.500000000000003553 ) ) ;
#5325 = ORIENTED_EDGE ( 'NONE', *, *, #1793, .T. ) ;
#5326 = CARTESIAN_POINT ( 'NONE',  ( 7.500000000000007105, 2.000000000000000000, -16.49999999999990408 ) ) ;
#5327 = DIRECTION ( 'NONE',  ( 0.000000000000000000, 1.000000000000000000, 0.000000000000000000 ) ) ;
#5328 = ORIENTED_EDGE ( 'NONE', *, *, #9358, .T. ) ;
#5329 = AXIS2_PLACEMENT_3D ( 'NONE', #8645, #12498, #4601 ) ;
#5330 = CYLINDRICAL_SURFACE ( 'NONE', #5532, 0.9999999999999974465 ) ;
#5331 = ORIENTED_EDGE ( 'NONE', *, *, #4950, .T. ) ;
#5332 = ORIENTED_EDGE ( 'NONE', *, *, #6169, .F. ) ;
#5333 = FACE_OUTER_BOUND ( 'NONE', #7486, .T. ) ;
#5334 = CIRCLE ( 'NONE', #10381, 0.9999999999999974465 ) ;
#5335 = FACE_OUTER_BOUND ( 'NONE', #7514, .T. ) ;
#5336 = EDGE_CURVE ( 'NONE', #2023, #10376, #2964, .T. ) ;
#5337 = VECTOR ( 'NONE', #677, 1000.000000000000000 ) ;
#5338 = DIRECTION ( 'NONE',  ( 0.000000000000000000, 0.000000000000000000, 1.000000000000000000 ) ) ;
#5339 = EDGE_CURVE ( 'NONE', #6477, #680, #6590, .T. ) ;
#5340 = AXIS2_PLACEMENT_3D ( 'NONE', #4028, #6673, #922 ) ;
#5341 = DIRECTION ( 'NONE',  ( -0.000000000000000000, -1.000000000000000000, -0.000000000000000000 ) ) ;
#5342 = VECTOR ( 'NONE', #1082, 1000.000000000000000 ) ;
#5343 = LINE ( 'NONE', #6976, #11470 ) ;
#5344 = PLANE ( 'NONE',  #5897 ) ;
#5345 = ORIENTED_EDGE ( 'NONE', *, *, #11116, .F. ) ;
#5346 = CARTESIAN_POINT ( 'NONE',  ( 5.443227718325019282, 11.00000000000000000, -44.75291287251024386 ) ) ;
#5347 = DIRECTION ( 'NONE',  ( 0.000000000000000000, 0.000000000000000000, 1.000000000000000000 ) ) ;
#5348 = VERTEX_POINT ( 'NONE', #8079 ) ;
#5349 = CARTESIAN_POINT ( 'NONE',  ( -7.210442578875461271E-14, 9.799999999999998934, -47.19999999999989626 ) ) ;
#5350 = EDGE_CURVE ( 'NONE', #8131, #1462, #4465, .T. ) ;
#5351 = CARTESIAN_POINT ( 'NONE',  ( 50.65025253169416430, 9.799999999999998934, -7.479898987322322945 ) ) ;
#5352 = AXIS2_PLACEMENT_3D ( 'NONE', #9465, #10292, #788 ) ;
#5353 = AXIS2_PLACEMENT_3D ( 'NONE', #3858, #2279, #4164 ) ;
#5354 = EDGE_CURVE ( 'NONE', #9008, #9078, #5184, .T. ) ;
#5355 = EDGE_LOOP ( 'NONE', ( #4317, #159, #197, #2458, #1199, #4118, #3567, #2469, #6290, #5425, #767, #3184, #1425, #192, #8215, #11564, #7480, #1843, #5638, #2638, #4684, #5487, #3462, #7982, #6418, #2438, #3851, #363, #9996, #1063, #9549, #408, #10693, #9171, #713, #1241, #5160, #11407, #4802, #9209, #8319, #7021, #6104, #10937, #1217, #1832, #3598, #10106, #6521, #717, #7233, #5068 ) ) ;
#5356 = LINE ( 'NONE', #12184, #8172 ) ;
#5357 = EDGE_CURVE ( 'NONE', #4255, #1308, #11069, .T. ) ;
#5358 = AXIS2_PLACEMENT_3D ( 'NONE', #6731, #5103, #6093 ) ;
#5359 = CARTESIAN_POINT ( 'NONE',  ( 63.49999999999995737, 2.000000000000000000, -25.49999999999992895 ) ) ;
#5360 = EDGE_LOOP ( 'NONE', ( #12158, #5598 ) ) ;
#5361 = AXIS2_PLACEMENT_3D ( 'NONE', #8189, #6272, #3441 ) ;
#5362 = CARTESIAN_POINT ( 'NONE',  ( 59.00000000000001421, 11.00000000000000000, -11.99999999999990230 ) ) ;
#5363 = VERTEX_POINT ( 'NONE', #538 ) ;
#5364 = AXIS2_PLACEMENT_3D ( 'NONE', #9488, #10444, #11448 ) ;
#5365 = CYLINDRICAL_SURFACE ( 'NONE', #8350, 0.9999999999999974465 ) ;
#5366 = ORIENTED_EDGE ( 'NONE', *, *, #824, .T. ) ;
#5367 = EDGE_LOOP ( 'NONE', ( #7676, #10690 ) ) ;
#5368 = EDGE_CURVE ( 'NONE', #1074, #11790, #7224, .T. ) ;
#5369 = CARTESIAN_POINT ( 'NONE',  ( 73.50000000000000000, 11.00000000000000000, -6.500000000000004441 ) ) ;
#5370 = AXIS2_PLACEMENT_3D ( 'NONE', #6344, #10220, #1555 ) ;
#5371 = EDGE_CURVE ( 'NONE', #784, #8443, #8584, .T. ) ;
#5372 = AXIS2_PLACEMENT_3D ( 'NONE', #9854, #9675, #1182 ) ;
#5373 = PRODUCT ( 'heatsink2', 'heatsink2', '', ( #3271 ) ) ;
#5374 = EDGE_CURVE ( 'NONE', #11025, #2845, #10986, .T. ) ;
#5375 = DIRECTION ( 'NONE',  ( 0.000000000000000000, 1.000000000000000000, -0.000000000000000000 ) ) ;
#5376 = LINE ( 'NONE', #7255, #3528 ) ;
#5377 = CARTESIAN_POINT ( 'NONE',  ( 16.49999999999992539, 11.00000000000000000, -35.49999999999996447 ) ) ;
#5378 = CARTESIAN_POINT ( 'NONE',  ( 27.36984848098349232, 11.00000000000000000, -8.299999999999991829 ) ) ;
#5379 = DIRECTION ( 'NONE',  ( 0.000000000000000000, 0.000000000000000000, 1.000000000000000000 ) ) ;
#5380 = AXIS2_PLACEMENT_3D ( 'NONE', #7710, #3615, #5694 ) ;
#5381 = EDGE_LOOP ( 'NONE', ( #10283, #11347, #11282, #7570 ) ) ;
#5382 = ORIENTED_EDGE ( 'NONE', *, *, #9912, .F. ) ;
#5383 = LINE ( 'NONE', #9300, #6126 ) ;
#5384 = PLANE ( 'NONE',  #5364 ) ;
#5385 = DIRECTION ( 'NONE',  ( 0.000000000000000000, 0.000000000000000000, 1.000000000000000000 ) ) ;
#5386 = DIRECTION ( 'NONE',  ( -0.000000000000000000, -1.000000000000000000, -0.000000000000000000 ) ) ;
#5387 = EDGE_CURVE ( 'NONE', #5150, #3432, #10904, .T. ) ;
#5388 = FACE_OUTER_BOUND ( 'NONE', #4424, .T. ) ;
#5389 = CIRCLE ( 'NONE', #5588, 3.000000000000002665 ) ;
#5390 = AXIS2_PLACEMENT_3D ( 'NONE', #4380, #3561, #7349 ) ;
#5391 = FACE_BOUND ( 'NONE', #8505, .T. ) ;
#5392 = CARTESIAN_POINT ( 'NONE',  ( 35.49999999999999289, 11.00000000000000000, -10.99999999999996447 ) ) ;
#5393 = VERTEX_POINT ( 'NONE', #8331 ) ;
#5394 = DIRECTION ( 'NONE',  ( 0.000000000000000000, 0.000000000000000000, 1.000000000000000000 ) ) ;
#5395 = DIRECTION ( 'NONE',  ( 0.000000000000000000, 1.000000000000000000, -0.000000000000000000 ) ) ;
#5396 = ORIENTED_EDGE ( 'NONE', *, *, #5587, .F. ) ;
#5397 = AXIS2_PLACEMENT_3D ( 'NONE', #66, #8698, #3822 ) ;
#5398 = EDGE_CURVE ( 'NONE', #11930, #6835, #5244, .T. ) ;
#5399 = DIRECTION ( 'NONE',  ( -0.000000000000000000, -1.000000000000000000, -0.000000000000000000 ) ) ;
#5400 = ORIENTED_EDGE ( 'NONE', *, *, #9676, .F. ) ;
#5401 = DIRECTION ( 'NONE',  ( 0.7071067811865475727, 0.000000000000000000, -0.7071067811865475727 ) ) ;
#5402 = DIRECTION ( 'NONE',  ( -0.000000000000000000, 1.000000000000000000, -0.000000000000000000 ) ) ;
#5403 = CARTESIAN_POINT ( 'NONE',  ( 77.00000000000000000, 9.799999999999998934, -5.200000000000043698 ) ) ;
#5404 = CARTESIAN_POINT ( 'NONE',  ( 31.50000000000000711, 11.00000000000000000, -29.99999999999997158 ) ) ;
#5405 = CARTESIAN_POINT ( 'NONE',  ( 72.49999999999994316, 11.00000000000000000, -25.49999999999999289 ) ) ;
#5406 = DIRECTION ( 'NONE',  ( -0.000000000000000000, -1.000000000000000000, -0.000000000000000000 ) ) ;
#5407 = EDGE_LOOP ( 'NONE', ( #11851, #341 ) ) ;
#5408 = DIRECTION ( 'NONE',  ( 0.000000000000000000, 0.000000000000000000, 1.000000000000000000 ) ) ;
#5409 = CARTESIAN_POINT ( 'NONE',  ( 35.49999999999999289, 11.00000000000000000, -38.99999999999996447 ) ) ;
#5410 = EDGE_LOOP ( 'NONE', ( #7540, #8082 ) ) ;
#5411 = LINE ( 'NONE', #9276, #7783 ) ;
#5412 = ADVANCED_FACE ( 'NONE', ( #3516 ), #3332, .T. ) ;
#5413 = LINE ( 'NONE', #7362, #8434 ) ;
#5414 = AXIS2_PLACEMENT_3D ( 'NONE', #7090, #6151, #1357 ) ;
#5415 = ORIENTED_EDGE ( 'NONE', *, *, #10072, .T. ) ;
#5416 = DIRECTION ( 'NONE',  ( 0.000000000000000000, 0.000000000000000000, 1.000000000000000000 ) ) ;
#5417 = CARTESIAN_POINT ( 'NONE',  ( 5.200000000000024158, 11.00000000000000000, -3.000000000000007994 ) ) ;
#5418 = ORIENTED_EDGE ( 'NONE', *, *, #4346, .T. ) ;
#5419 = AXIS2_PLACEMENT_3D ( 'NONE', #10953, #10077, #8999 ) ;
#5420 = CARTESIAN_POINT ( 'NONE',  ( 59.00000000000001421, 11.00000000000000000, -11.99999999999990230 ) ) ;
#5421 = ORIENTED_EDGE ( 'NONE', *, *, #3253, .F. ) ;
#5422 = CIRCLE ( 'NONE', #2197, 1.000000000000000888 ) ;
#5423 = CARTESIAN_POINT ( 'NONE',  ( 67.50000000000000000, 5.000000000000000000, 1.114428587224088704E-15 ) ) ;
#5424 = VERTEX_POINT ( 'NONE', #6293 ) ;
#5425 = ORIENTED_EDGE ( 'NONE', *, *, #10707, .T. ) ;
#5426 = DIRECTION ( 'NONE',  ( -0.000000000000000000, -1.000000000000000000, -0.000000000000000000 ) ) ;
#5427 = ADVANCED_FACE ( 'NONE', ( #12004 ), #11235, .T. ) ;
#5428 = ORIENTED_EDGE ( 'NONE', *, *, #7464, .F. ) ;
#5429 = AXIS2_PLACEMENT_3D ( 'NONE', #8493, #10325, #10263 ) ;
#5430 = FACE_OUTER_BOUND ( 'NONE', #6792, .T. ) ;
#5431 = CARTESIAN_POINT ( 'NONE',  ( 59.95088259632437655, 9.799999999999998934, -3.878763859303819395 ) ) ;
#5432 = CARTESIAN_POINT ( 'NONE',  ( 63.49999999999997158, 11.00000000000000000, -19.99999999999993605 ) ) ;
#5433 = ORIENTED_EDGE ( 'NONE', *, *, #220, .T. ) ;
#5434 = AXIS2_PLACEMENT_3D ( 'NONE', #5253, #4477, #8344 ) ;
#5435 = EDGE_LOOP ( 'NONE', ( #10515, #4668, #8071, #8033 ) ) ;
#5436 = CARTESIAN_POINT ( 'NONE',  ( 58.99999999999997158, 11.00000000000000000, -26.49999999999989342 ) ) ;
#5437 = ADVANCED_FACE ( 'NONE', ( #6234 ), #10164, .T. ) ;
#5438 = DIRECTION ( 'NONE',  ( 0.000000000000000000, 0.000000000000000000, 1.000000000000000000 ) ) ;
#5439 = CARTESIAN_POINT ( 'NONE',  ( 24.99999999999999645, 11.00000000000000000, -31.14999999999999858 ) ) ;
#5440 = CARTESIAN_POINT ( 'NONE',  ( 48.49999999999999289, 11.00000000000000000, -16.49999999999993250 ) ) ;
#5441 = ORIENTED_EDGE ( 'NONE', *, *, #3635, .F. ) ;
#5442 = FACE_BOUND ( 'NONE', #41, .T. ) ;
#5443 = CARTESIAN_POINT ( 'NONE',  ( 48.49999999999999289, 2.000000000000000000, -25.49999999999992895 ) ) ;
#5444 = ORIENTED_EDGE ( 'NONE', *, *, #7736, .T. ) ;
#5445 = CYLINDRICAL_SURFACE ( 'NONE', #5831, 0.9999999999999974465 ) ;
#5446 = DIRECTION ( 'NONE',  ( 0.000000000000000000, 1.000000000000000000, 0.000000000000000000 ) ) ;
#5447 = DIRECTION ( 'NONE',  ( 1.239088197126291063E-16, 0.000000000000000000, 1.000000000000000000 ) ) ;
#5448 = ORIENTED_EDGE ( 'NONE', *, *, #3778, .F. ) ;
#5449 = CARTESIAN_POINT ( 'NONE',  ( 48.49999999999999289, 11.00000000000000000, -11.99999999999993072 ) ) ;
#5450 = FACE_OUTER_BOUND ( 'NONE', #6265, .T. ) ;
#5451 = VERTEX_POINT ( 'NONE', #9158 ) ;
#5452 = CARTESIAN_POINT ( 'NONE',  ( 67.99999999999995737, 11.00000000000000000, -21.99999999999996092 ) ) ;
#5453 = CARTESIAN_POINT ( 'NONE',  ( 77.00000000000000000, 9.799999999999998934, -44.89029455227312582 ) ) ;
#5454 = AXIS2_PLACEMENT_3D ( 'NONE', #10319, #4673, #684 ) ;
#5455 = PLANE ( 'NONE',  #8248 ) ;
#5456 = DIRECTION ( 'NONE',  ( -0.000000000000000000, 1.000000000000000000, -0.000000000000000000 ) ) ;
#5457 = VERTEX_POINT ( 'NONE', #472 ) ;
#5458 = CARTESIAN_POINT ( 'NONE',  ( 1.000000000000000888, 9.799999999999998934, -44.89029455227312582 ) ) ;
#5459 = DIRECTION ( 'NONE',  ( 0.000000000000000000, -0.000000000000000000, 1.000000000000000000 ) ) ;
#5460 = VERTEX_POINT ( 'NONE', #4339 ) ;
#5461 = ORIENTED_EDGE ( 'NONE', *, *, #10516, .T. ) ;
#5462 = EDGE_LOOP ( 'NONE', ( #5079, #2824 ) ) ;
#5463 = PLANE ( 'NONE',  #5766 ) ;
#5464 = CARTESIAN_POINT ( 'NONE',  ( 67.99999999999991473, 2.000000000000000000, -33.49999999999995737 ) ) ;
#5465 = ORIENTED_EDGE ( 'NONE', *, *, #528, .F. ) ;
#5466 = EDGE_CURVE ( 'NONE', #3002, #5122, #8211, .T. ) ;
#5467 = ORIENTED_EDGE ( 'NONE', *, *, #7887, .T. ) ;
#5468 = DIRECTION ( 'NONE',  ( 0.000000000000000000, 1.000000000000000000, 0.000000000000000000 ) ) ;
#5469 = FACE_OUTER_BOUND ( 'NONE', #12136, .T. ) ;
#5470 = ORIENTED_EDGE ( 'NONE', *, *, #5374, .F. ) ;
#5471 = EDGE_CURVE ( 'NONE', #1142, #3714, #5606, .T. ) ;
#5472 = CARTESIAN_POINT ( 'NONE',  ( 63.49999999999995737, 11.00000000000000000, -25.49999999999992895 ) ) ;
#5473 = ORIENTED_EDGE ( 'NONE', *, *, #3652, .T. ) ;
#5474 = CARTESIAN_POINT ( 'NONE',  ( 55.52132034355960144, 11.00000000000000000, -41.32010101267766089 ) ) ;
#5475 = CIRCLE ( 'NONE', #7075, 0.9999999999999974465 ) ;
#5476 = EDGE_LOOP ( 'NONE', ( #7051, #9047, #263, #10019 ) ) ;
#5477 = ORIENTED_EDGE ( 'NONE', *, *, #4736, .T. ) ;
#5478 = CARTESIAN_POINT ( 'NONE',  ( 63.49999999999991473, 2.000000000000000000, -39.99999999999992184 ) ) ;
#5479 = EDGE_CURVE ( 'NONE', #3198, #7741, #6013, .T. ) ;
#5480 = CARTESIAN_POINT ( 'NONE',  ( 67.99999999999998579, 11.00000000000000000, -12.99999999999996270 ) ) ;
#5481 = AXIS2_PLACEMENT_3D ( 'NONE', #10425, #7680, #11297 ) ;
#5483 = EDGE_CURVE ( 'NONE', #11337, #8709, #2220, .T. ) ;
#5482 = LINE ( 'NONE', #4727, #9607 ) ;
#5484 = APPLICATION_PROTOCOL_DEFINITION ( 'international standard', 'config_control_design', 1994, #3222 ) ;
#5485 = EDGE_CURVE ( 'NONE', #5281, #12512, #8047, .T. ) ;
#5486 = CYLINDRICAL_SURFACE ( 'NONE', #8356, 0.9999999999999974465 ) ;
#5487 = ORIENTED_EDGE ( 'NONE', *, *, #5483, .T. ) ;
#5488 = ORIENTED_EDGE ( 'NONE', *, *, #6422, .F. ) ;
#5489 = CARTESIAN_POINT ( 'NONE',  ( 11.99999999999998934, 11.00000000000000000, -16.49999999999993250 ) ) ;
#5490 = FACE_OUTER_BOUND ( 'NONE', #2113, .T. ) ;
#5491 = ORIENTED_EDGE ( 'NONE', *, *, #4230, .F. ) ;
#5492 = DIRECTION ( 'NONE',  ( 0.000000000000000000, 1.000000000000000000, -0.000000000000000000 ) ) ;
#5493 = EDGE_CURVE ( 'NONE', #12520, #3054, #11357, .T. ) ;
#5494 = DIRECTION ( 'NONE',  ( 0.000000000000000000, 0.000000000000000000, 1.000000000000000000 ) ) ;
#5495 = ORIENTED_EDGE ( 'NONE', *, *, #10231, .T. ) ;
#5496 = ORIENTED_EDGE ( 'NONE', *, *, #6301, .T. ) ;
#5497 = EDGE_CURVE ( 'NONE', #2434, #2209, #4207, .T. ) ;
#5498 = AXIS2_PLACEMENT_3D ( 'NONE', #6385, #3614, #10270 ) ;
#5499 = EDGE_CURVE ( 'NONE', #3814, #1299, #6435, .T. ) ;
#5500 = EDGE_LOOP ( 'NONE', ( #8322, #12233, #4193, #3059 ) ) ;
#5501 = EDGE_CURVE ( 'NONE', #2157, #4822, #9074, .T. ) ;
#5502 = FACE_BOUND ( 'NONE', #3939, .T. ) ;
#5503 = DIRECTION ( 'NONE',  ( 0.000000000000000000, 0.000000000000000000, 1.000000000000000000 ) ) ;
#5504 = ORIENTED_EDGE ( 'NONE', *, *, #7545, .T. ) ;
#5505 = CIRCLE ( 'NONE', #11575, 0.9999999999999974465 ) ;
#5506 = LINE ( 'NONE', #10130, #364 ) ;
#5507 = DIRECTION ( 'NONE',  ( 0.000000000000000000, 0.000000000000000000, -1.000000000000000000 ) ) ;
#5508 = CARTESIAN_POINT ( 'NONE',  ( 72.49999999999995737, 2.000000000000000000, -21.99999999999999289 ) ) ;
#5509 = LINE ( 'NONE', #12400, #3491 ) ;
#5510 = DIRECTION ( 'NONE',  ( 0.000000000000000000, 1.000000000000000000, 0.000000000000000000 ) ) ;
#5511 = AXIS2_PLACEMENT_3D ( 'NONE', #2134, #5046, #8898 ) ;
#5512 = LINE ( 'NONE', #2371, #2003 ) ;
#5513 = ADVANCED_FACE ( 'NONE', ( #9406 ), #9470, .T. ) ;
#5514 = ORIENTED_EDGE ( 'NONE', *, *, #5695, .F. ) ;
#5515 = CARTESIAN_POINT ( 'NONE',  ( 5.200000000000024158, 9.799999999999998934, -5.200000000000043698 ) ) ;
#5516 = CARTESIAN_POINT ( 'NONE',  ( 11.51002512578676829, 2.000000000000000000, -4.000000000000000888 ) ) ;
#5517 = AXIS2_PLACEMENT_3D ( 'NONE', #9573, #7476, #12414 ) ;
#5518 = CIRCLE ( 'NONE', #1271, 0.9999999999999983347 ) ;
#5519 = CARTESIAN_POINT ( 'NONE',  ( 44.50000000000000000, 2.000000000000000000, -30.99999999999993605 ) ) ;
#5520 = CARTESIAN_POINT ( 'NONE',  ( 20.99999999999997158, 11.00000000000000000, -16.49999999999999289 ) ) ;
#5521 = ORIENTED_EDGE ( 'NONE', *, *, #2414, .T. ) ;
#5522 = CIRCLE ( 'NONE', #11387, 0.9999999999999974465 ) ;
#5523 = DIRECTION ( 'NONE',  ( 0.000000000000000000, 1.000000000000000000, 0.000000000000000000 ) ) ;
#5524 = DIRECTION ( 'NONE',  ( 4.818676322157797621E-17, 0.000000000000000000, 1.000000000000000000 ) ) ;
#5525 = EDGE_LOOP ( 'NONE', ( #9081, #1805, #6369, #2418 ) ) ;
#5526 = VERTEX_POINT ( 'NONE', #2823 ) ;
#5527 = ORIENTED_EDGE ( 'NONE', *, *, #3004, .F. ) ;
#5528 = CARTESIAN_POINT ( 'NONE',  ( 44.50000000000000000, 2.000000000000000000, -29.99999999999993960 ) ) ;
#5529 = DIRECTION ( 'NONE',  ( 0.000000000000000000, 0.000000000000000000, 1.000000000000000000 ) ) ;
#5530 = CIRCLE ( 'NONE', #7543, 3.599999999999992095 ) ;
#5531 = VECTOR ( 'NONE', #10101, 1000.000000000000000 ) ;
#5532 = AXIS2_PLACEMENT_3D ( 'NONE', #9001, #6323, #1463 ) ;
#5533 = DIRECTION ( 'NONE',  ( 0.000000000000000000, 0.000000000000000000, 1.000000000000000000 ) ) ;
#5534 = LINE ( 'NONE', #5603, #3355 ) ;
#5535 = ORIENTED_EDGE ( 'NONE', *, *, #2575, .F. ) ;
#5536 = CARTESIAN_POINT ( 'NONE',  ( 34.85512985522209561, 11.00000000000000000, -6.500000000000002665 ) ) ;
#5537 = AXIS2_PLACEMENT_3D ( 'NONE', #6681, #2020, #1823 ) ;
#5538 = ORIENTED_EDGE ( 'NONE', *, *, #11465, .F. ) ;
#5539 = DIRECTION ( 'NONE',  ( 0.000000000000000000, 1.000000000000000000, 0.000000000000000000 ) ) ;
#5540 = DIRECTION ( 'NONE',  ( 0.000000000000000000, 1.000000000000000000, 0.000000000000000000 ) ) ;
#5541 = CIRCLE ( 'NONE', #7141, 1.000000000000000888 ) ;
#5542 = EDGE_LOOP ( 'NONE', ( #7223, #4847, #4576, #5230 ) ) ;
#5543 = VERTEX_POINT ( 'NONE', #12255 ) ;
#5544 = CARTESIAN_POINT ( 'NONE',  ( 63.49999999999992895, 2.000000000000000000, -34.49999999999992895 ) ) ;
#5545 = AXIS2_PLACEMENT_3D ( 'NONE', #5637, #4628, #11264 ) ;
#5546 = EDGE_CURVE ( 'NONE', #12501, #2856, #5655, .T. ) ;
#5547 = EDGE_CURVE ( 'NONE', #11731, #9315, #5657, .T. ) ;
#5548 = EDGE_LOOP ( 'NONE', ( #11137, #7538, #4516, #9722 ) ) ;
#5549 = CYLINDRICAL_SURFACE ( 'NONE', #3618, 2.799999999999999822 ) ;
#5550 = AXIS2_PLACEMENT_3D ( 'NONE', #517, #1544, #11274 ) ;
#5552 = AXIS2_PLACEMENT_3D ( 'NONE', #6372, #8485, #4671 ) ;
#5551 = LINE ( 'NONE', #2590, #7776 ) ;
#5553 = PERSON_AND_ORGANIZATION ( #2043, #9079 ) ;
#5554 = CARTESIAN_POINT ( 'NONE',  ( 62.07220293988400073, 9.799999999999998934, -6.000084202863472882 ) ) ;
#5555 = ORIENTED_EDGE ( 'NONE', *, *, #3253, .T. ) ;
#5556 = ORIENTED_EDGE ( 'NONE', *, *, #11944, .T. ) ;
#5557 = AXIS2_PLACEMENT_3D ( 'NONE', #1800, #11482, #11543 ) ;
#5558 = FACE_OUTER_BOUND ( 'NONE', #11775, .T. ) ;
#5559 = EDGE_CURVE ( 'NONE', #2235, #5133, #912, .T. ) ;
#5560 = DIRECTION ( 'NONE',  ( 0.000000000000000000, 1.000000000000000000, 0.000000000000000000 ) ) ;
#5561 = VERTEX_POINT ( 'NONE', #6535 ) ;
#5562 = VECTOR ( 'NONE', #6553, 1000.000000000000000 ) ;
#5563 = DIRECTION ( 'NONE',  ( 0.000000000000000000, 0.000000000000000000, -1.000000000000000000 ) ) ;
#5564 = AXIS2_PLACEMENT_3D ( 'NONE', #10875, #10992, #3209 ) ;
#5565 = EDGE_CURVE ( 'NONE', #6789, #731, #10947, .T. ) ;
#5566 = DIRECTION ( 'NONE',  ( 0.000000000000000000, 0.000000000000000000, -1.000000000000000000 ) ) ;
#5567 = VERTEX_POINT ( 'NONE', #3583 ) ;
#5568 = ORIENTED_EDGE ( 'NONE', *, *, #5319, .T. ) ;
#5569 = AXIS2_PLACEMENT_3D ( 'NONE', #7489, #12131, #6411 ) ;
#5570 = CYLINDRICAL_SURFACE ( 'NONE', #9117, 2.999999999999995559 ) ;
#5571 = DIRECTION ( 'NONE',  ( 0.000000000000000000, 0.000000000000000000, 1.000000000000000000 ) ) ;
#5572 = VERTEX_POINT ( 'NONE', #7434 ) ;
#5573 = CARTESIAN_POINT ( 'NONE',  ( 7.499999999999930722, 11.00000000000000000, -38.99999999999988631 ) ) ;
#5574 = DIRECTION ( 'NONE',  ( 0.000000000000000000, 1.000000000000000000, 0.000000000000000000 ) ) ;
#5575 = ORIENTED_EDGE ( 'NONE', *, *, #10891, .F. ) ;
#5576 = CARTESIAN_POINT ( 'NONE',  ( 48.49999999999999289, 11.00000000000000000, -29.99999999999992895 ) ) ;
#5577 = VERTEX_POINT ( 'NONE', #2637 ) ;
#5578 = DIRECTION ( 'NONE',  ( -0.000000000000000000, -1.000000000000000000, 0.000000000000000000 ) ) ;
#5579 = AXIS2_PLACEMENT_3D ( 'NONE', #11141, #2483, #6325 ) ;
#5580 = EDGE_CURVE ( 'NONE', #10032, #6810, #6470, .T. ) ;
#5581 = EDGE_CURVE ( 'NONE', #1714, #10548, #9959, .T. ) ;
#5582 = EDGE_CURVE ( 'NONE', #3333, #9987, #12363, .T. ) ;
#5583 = CARTESIAN_POINT ( 'NONE',  ( 39.99999999999999289, 11.00000000000000000, -15.00000000000000000 ) ) ;
#5584 = ORIENTED_EDGE ( 'NONE', *, *, #10740, .F. ) ;
#5585 = ORIENTED_EDGE ( 'NONE', *, *, #12206, .F. ) ;
#5586 = DIRECTION ( 'NONE',  ( 0.000000000000000000, 0.000000000000000000, 1.000000000000000000 ) ) ;
#5587 = EDGE_CURVE ( 'NONE', #11356, #11788, #2766, .T. ) ;
#5588 = AXIS2_PLACEMENT_3D ( 'NONE', #7751, #5492, #24 ) ;
#5589 = CARTESIAN_POINT ( 'NONE',  ( 11.99999999999992006, 2.000000000000000000, -39.99999999999992184 ) ) ;
#5590 = ORIENTED_EDGE ( 'NONE', *, *, #464, .T. ) ;
#5591 = DIRECTION ( 'NONE',  ( 0.000000000000000000, 1.000000000000000000, 0.000000000000000000 ) ) ;
#5592 = AXIS2_PLACEMENT_3D ( 'NONE', #10525, #11405, #1847 ) ;
#5593 = DIRECTION ( 'NONE',  ( -0.000000000000000000, -1.000000000000000000, -0.000000000000000000 ) ) ;
#5594 = ORIENTED_EDGE ( 'NONE', *, *, #5357, .F. ) ;
#5595 = CARTESIAN_POINT ( 'NONE',  ( 26.50000000000000000, -21.88036781070453785, -43.39999999999999858 ) ) ;
#5596 = DIRECTION ( 'NONE',  ( 0.000000000000000000, 1.000000000000000000, 0.000000000000000000 ) ) ;
#5597 = ORIENTED_EDGE ( 'NONE', *, *, #8655, .T. ) ;
#5598 = ORIENTED_EDGE ( 'NONE', *, *, #4933, .F. ) ;
#5599 = DIRECTION ( 'NONE',  ( 0.7071067811865467956, 0.000000000000000000, -0.7071067811865483499 ) ) ;
#5600 = CARTESIAN_POINT ( 'NONE',  ( 16.49999999999993960, 11.00000000000000000, -28.99999999999996092 ) ) ;
#5601 = AXIS2_PLACEMENT_3D ( 'NONE', #12181, #529, #7424 ) ;
#5602 = CARTESIAN_POINT ( 'NONE',  ( 6.500000000000005329, 11.00000000000000000, -4.000000000000000000 ) ) ;
#5603 = CARTESIAN_POINT ( 'NONE',  ( 27.36984848098341416, 9.799999999999998934, -38.50000000000000711 ) ) ;
#5604 = VERTEX_POINT ( 'NONE', #8522 ) ;
#5605 = DIRECTION ( 'NONE',  ( -0.000000000000000000, -1.000000000000000000, -0.000000000000000000 ) ) ;
#5606 = LINE ( 'NONE', #6413, #1200 ) ;
#5607 = ORIENTED_EDGE ( 'NONE', *, *, #7956, .T. ) ;
#5608 = LINE ( 'NONE', #4784, #5914 ) ;
#5609 = CARTESIAN_POINT ( 'NONE',  ( 23.65025253169435260, 11.00000000000000000, -39.32010101267761115 ) ) ;
#5610 = EDGE_LOOP ( 'NONE', ( #12450, #2683, #4654, #2325 ) ) ;
#5611 = CIRCLE ( 'NONE', #5007, 3.599999999999997424 ) ;
#5612 = LINE ( 'NONE', #7627, #12230 ) ;
#5613 = LINE ( 'NONE', #9477, #4499 ) ;
#5614 = CARTESIAN_POINT ( 'NONE',  ( 35.49999999999999289, 11.00000000000000000, -16.49999999999996092 ) ) ;
#5615 = VERTEX_POINT ( 'NONE', #7619 ) ;
#5616 = CYLINDRICAL_SURFACE ( 'NONE', #11208, 2.800000000000002931 ) ;
#5617 = EDGE_CURVE ( 'NONE', #7085, #11472, #6607, .T. ) ;
#5618 = DATE_TIME_ROLE ( 'classification_date' ) ;
#5619 = CARTESIAN_POINT ( 'NONE',  ( 27.00000000000000355, 11.00000000000000000, -32.14999999999999858 ) ) ;
#5620 = EDGE_CURVE ( 'NONE', #1469, #11528, #4437, .T. ) ;
#5621 = VERTEX_POINT ( 'NONE', #7927 ) ;
#5622 = ORIENTED_EDGE ( 'NONE', *, *, #352, .T. ) ;
#5623 = FACE_OUTER_BOUND ( 'NONE', #10746, .T. ) ;
#5624 = CARTESIAN_POINT ( 'NONE',  ( 63.49999999999998579, 11.00000000000000000, -16.49999999999993250 ) ) ;
#5625 = ORIENTED_EDGE ( 'NONE', *, *, #9361, .T. ) ;
#5626 = AXIS2_PLACEMENT_3D ( 'NONE', #1775, #10572, #5635 ) ;
#5627 = DIRECTION ( 'NONE',  ( 0.000000000000000000, 0.000000000000000000, 1.000000000000000000 ) ) ;
#5628 = ORIENTED_EDGE ( 'NONE', *, *, #10696, .F. ) ;
#5629 = CIRCLE ( 'NONE', #10086, 1.000000000000000888 ) ;
#5630 = EDGE_CURVE ( 'NONE', #9444, #11336, #1165, .T. ) ;
#5631 = LINE ( 'NONE', #12393, #5076 ) ;
#5632 = DIRECTION ( 'NONE',  ( 0.000000000000000000, 0.000000000000000000, -1.000000000000000000 ) ) ;
#5633 = ORIENTED_EDGE ( 'NONE', *, *, #1949, .F. ) ;
#5634 = EDGE_CURVE ( 'NONE', #6053, #908, #2189, .T. ) ;
#5635 = DIRECTION ( 'NONE',  ( 0.000000000000000000, 0.000000000000000000, 1.000000000000000000 ) ) ;
#5636 = CARTESIAN_POINT ( 'NONE',  ( 40.99999999999999289, 11.00000000000000000, -15.00000000000000000 ) ) ;
#5637 = CARTESIAN_POINT ( 'NONE',  ( 16.49999999999999289, 11.00000000000000000, -11.99999999999996625 ) ) ;
#5638 = ORIENTED_EDGE ( 'NONE', *, *, #8897, .T. ) ;
#5639 = CARTESIAN_POINT ( 'NONE',  ( 79.00000000000001421, 9.799999999999998934, -2.762250190341694227E-14 ) ) ;
#5640 = DIRECTION ( 'NONE',  ( 0.000000000000000000, 0.000000000000000000, 1.000000000000000000 ) ) ;
#5641 = EDGE_CURVE ( 'NONE', #12488, #898, #5092, .T. ) ;
#5642 = CARTESIAN_POINT ( 'NONE',  ( 59.00000000000001421, 2.000000000000000000, -11.99999999999990230 ) ) ;
#5643 = CARTESIAN_POINT ( 'NONE',  ( 52.63015151901651478, 9.799999999999998934, -5.499999999999992895 ) ) ;
#5644 = EDGE_CURVE ( 'NONE', #1002, #4469, #260, .T. ) ;
#5645 = ORIENTED_EDGE ( 'NONE', *, *, #7158, .T. ) ;
#5646 = EDGE_CURVE ( 'NONE', #9778, #9919, #6853, .T. ) ;
#5647 = DIRECTION ( 'NONE',  ( 0.000000000000000000, 0.000000000000000000, -1.000000000000000000 ) ) ;
#5648 = CARTESIAN_POINT ( 'NONE',  ( 44.50000000000000000, 11.00000000000000000, -12.99999999999993783 ) ) ;
#5649 = ORIENTED_EDGE ( 'NONE', *, *, #5749, .T. ) ;
#5650 = FACE_OUTER_BOUND ( 'NONE', #2671, .T. ) ;
#5651 = VECTOR ( 'NONE', #6683, 1000.000000000000000 ) ;
#5652 = DIRECTION ( 'NONE',  ( 0.000000000000000000, 0.000000000000000000, 1.000000000000000000 ) ) ;
#5653 = VERTEX_POINT ( 'NONE', #10793 ) ;
#5654 = EDGE_LOOP ( 'NONE', ( #5821, #5062 ) ) ;
#5655 = CIRCLE ( 'NONE', #7261, 1.000000000000000888 ) ;
#5656 = DIRECTION ( 'NONE',  ( 0.000000000000000000, 0.000000000000000000, 1.000000000000000000 ) ) ;
#5657 = CIRCLE ( 'NONE', #4852, 1.000000000000000888 ) ;
#5658 = DIRECTION ( 'NONE',  ( -0.7071067811865467956, 0.000000000000000000, 0.7071067811865483499 ) ) ;
#5659 = EDGE_CURVE ( 'NONE', #10893, #10008, #8777, .T. ) ;
#5660 = FACE_OUTER_BOUND ( 'NONE', #531, .T. ) ;
#5661 = EDGE_CURVE ( 'NONE', #12041, #8131, #2521, .T. ) ;
#5662 = DIRECTION ( 'NONE',  ( 0.000000000000000000, 0.000000000000000000, 1.000000000000000000 ) ) ;
#5663 = ORIENTED_EDGE ( 'NONE', *, *, #10891, .T. ) ;
#5664 = EDGE_CURVE ( 'NONE', #3394, #10097, #7484, .T. ) ;
#5665 = DIRECTION ( 'NONE',  ( 0.000000000000000000, 1.000000000000000000, 0.000000000000000000 ) ) ;
#5666 = CARTESIAN_POINT ( 'NONE',  ( 44.50000000000000000, 11.00000000000000000, -30.99999999999993605 ) ) ;
#5667 = EDGE_LOOP ( 'NONE', ( #8424, #9698, #4763, #4103 ) ) ;
#5668 = LINE ( 'NONE', #2768, #2891 ) ;
#5669 = CARTESIAN_POINT ( 'NONE',  ( 11.99999999999997513, 11.00000000000000000, -19.99999999999993605 ) ) ;
#5670 = ORIENTED_EDGE ( 'NONE', *, *, #2970, .T. ) ;
#5671 = ORIENTED_EDGE ( 'NONE', *, *, #10364, .T. ) ;
#5672 = DIRECTION ( 'NONE',  ( 0.000000000000000000, 0.000000000000000000, 1.000000000000000000 ) ) ;
#5673 = CARTESIAN_POINT ( 'NONE',  ( 44.50000000000000000, 11.00000000000000000, -8.499999999999939604 ) ) ;
#5674 = EDGE_LOOP ( 'NONE', ( #3642, #7160 ) ) ;
#5675 = ORIENTED_EDGE ( 'NONE', *, *, #8298, .T. ) ;
#5676 = LINE ( 'NONE', #4791, #12035 ) ;
#5677 = CARTESIAN_POINT ( 'NONE',  ( 9.363351365238019142, 1.999999999999998224, 9.363351365237997825 ) ) ;
#5678 = CIRCLE ( 'NONE', #10540, 0.9999999999999974465 ) ;
#5679 = DIRECTION ( 'NONE',  ( -0.000000000000000000, 1.000000000000000000, -0.000000000000000000 ) ) ;
#5680 = ORIENTED_EDGE ( 'NONE', *, *, #2158, .T. ) ;
#5681 = ORIENTED_EDGE ( 'NONE', *, *, #6796, .F. ) ;
#5682 = DIRECTION ( 'NONE',  ( 0.000000000000000000, -0.000000000000000000, 1.000000000000000000 ) ) ;
#5683 = CARTESIAN_POINT ( 'NONE',  ( 31.50000000000000711, 11.00000000000000000, -16.49999999999997158 ) ) ;
#5684 = DIRECTION ( 'NONE',  ( 0.000000000000000000, 0.000000000000000000, 1.000000000000000000 ) ) ;
#5685 = VERTEX_POINT ( 'NONE', #11749 ) ;
#5686 = DIRECTION ( 'NONE',  ( 0.000000000000000000, 1.000000000000000000, -0.000000000000000000 ) ) ;
#5687 = PLANE ( 'NONE',  #6193 ) ;
#5688 = ORIENTED_EDGE ( 'NONE', *, *, #2411, .T. ) ;
#5689 = CARTESIAN_POINT ( 'NONE',  ( 52.71299423149123697, 9.799999999999998934, -38.50000000000000711 ) ) ;
#5690 = LINE ( 'NONE', #9556, #8952 ) ;
#5691 = VECTOR ( 'NONE', #2433, 1000.000000000000000 ) ;
#5692 = CARTESIAN_POINT ( 'NONE',  ( 17.92658079720860798, 10.19999999999999929, -3.000000000000005329 ) ) ;
#5693 = VERTEX_POINT ( 'NONE', #5038 ) ;
#5694 = DIRECTION ( 'NONE',  ( 0.000000000000000000, 0.000000000000000000, -1.000000000000000000 ) ) ;
#5695 = EDGE_CURVE ( 'NONE', #913, #7943, #9546, .T. ) ;
#5696 = CARTESIAN_POINT ( 'NONE',  ( 7.500000000000020428, 11.00000000000000000, -12.99999999999990052 ) ) ;
#5697 = EDGE_LOOP ( 'NONE', ( #3088, #10389, #8666, #10297 ) ) ;
#5698 = ADVANCED_FACE ( 'NONE', ( #9843 ), #139, .T. ) ;
#5699 = ORIENTED_EDGE ( 'NONE', *, *, #9135, .F. ) ;
#5700 = DIRECTION ( 'NONE',  ( 0.000000000000000000, 1.000000000000000000, 0.000000000000000000 ) ) ;
#5701 = CARTESIAN_POINT ( 'NONE',  ( 29.34974746830572556, 9.799999999999998934, -39.32010101267764668 ) ) ;
#5702 = ORIENTED_EDGE ( 'NONE', *, *, #11340, .T. ) ;
#5703 = DIRECTION ( 'NONE',  ( 0.000000000000000000, 0.000000000000000000, 1.000000000000000000 ) ) ;
#5704 = FACE_OUTER_BOUND ( 'NONE', #5037, .T. ) ;
#5705 = VERTEX_POINT ( 'NONE', #1933 ) ;
#5706 = CLOSED_SHELL ( 'NONE', ( #11452, #7396, #2257, #5131, #7954, #4080, #6423, #4046, #9895, #6798, #11117, #4849, #162, #11611, #10618, #10145, #425, #10926, #7167, #7332, #1083, #1140, #10316, #10280, #2362, #540, #2153, #3080, #6699, #8135, #990, #3760, #10523, #1920, #6150, #7317, #3547, #5884, #1563, #2036, #3847, #4695, #2646, #6181, #3996, #1233, #11467, #8370, #2917, #6348, #1935, #678, #9345, #7323, #9684, #11939, #4185, #10189, #72, #1846, #1280, #8847, #8501, #5194, #146, #5698, #4238, #11290, #11924, #4037, #9685, #10993, #837, #9055, #8825, #2062, #7499, #5820, #10842, #6453, #683, #3926, #7181, #2538, #10908, #6827, #6088, #428, #2841, #6146, #4550, #1393, #8845, #8681, #9105, #1556, #2352, #8811, #2266, #9114, #8529, #7304, #6460, #9521, #4636, #5051, #7060, #10857, #4861, #468, #9039, #9995, #8876, #9667, #4989, #2645, #7974, #12057, #3239, #7101, #8533, #6025, #9232, #4241, #3303, #6329, #1015, #4720, #3678, #791, #7758, #3398, #11679, #6621, #1317, #5872, #11966, #11927, #2065, #3878, #5881, #10595, #5320, #3579, #6930, #178, #10465, #3492, #8667, #2872, #11196, #928, #216, #9618, #6778, #11842, #722, #3563, #10669, #2739, #11061, #11617, #6484, #11900, #7282, #7412, #9267, #5257, #6968, #10840, #9818, #5735, #10924, #1940, #12357, #2694, #1397, #9893, #10760, #196, #387, #2096, #400, #1475, #4180, #5246, #5048, #1992, #4580, #3019, #5862, #3844, #7897, #11539, #8517, #3888, #4543, #8060, #10768, #11171, #11581, #8229, #10203, #5437, #9745, #4487, #11741, #7643, #3078, #4650, #8115, #10134, #9985, #4946, #10383, #1542, #5950, #4004, #7201, #5028, #9691, #4885, #6770, #10078, #7339, #5276, #9234, #1691, #12343, #8017, #12103, #11759, #10765, #9956, #6194, #4952, #1689, #4040, #10785, #2448, #940, #3619, #2308, #9492, #3313, #9067, #7834, #12060, #10657, #3465, #5427, #6531, #310, #5715, #7952, #9040, #9302, #8449, #131, #3716, #944, #8138, #6710, #10973, #7270, #11422, #8130, #8910, #4780, #11436, #6109, #12294, #3965, #3096, #2304, #7010, #10129, #8653, #929, #10393, #1923, #6526, #12518, #609, #1065, #2201, #8827, #4774, #4806, #2639, #8891, #3411, #9462, #11638, #9806, #3464, #2485, #7562, #1801, #12312, #9766, #4223, #10014, #8723, #7482, #11859, #7164, #9975, #2015, #1812, #1075, #9215, #10828, #443, #11139, #11532, #8676, #12310, #9365, #11979, #6639, #12244, #4163, #5513, #3493, #164, #10188, #7634, #12072, #7186, #4388, #1155, #10528, #9472, #6865, #821, #8502, #5733, #2187, #8254, #2337, #823, #5126, #6022, #8274, #7319, #5009, #3409, #7867, #9911, #11636, #2744, #6918, #9195, #11355, #10545, #10382, #6814, #1804, #865, #7902, #8750, #2616, #666, #5799, #8050, #2773, #8287, #2708, #8964, #6420, #757, #300, #5116, #2969, #12516, #6880, #2980, #2476, #3871, #10139, #1158, #11346, #4724, #10122, #9137, #3562, #7070, #9655, #40, #2500, #12154, #10480, #3805, #9602, #7992, #1606, #8979, #2464, #6006, #194, #12227, #6583, #9452, #11595, #5412, #8717, #11942, #11691, #6962, #4700, #7739, #3488, #1001, #9579, #9297, #3702, #4575, #11578, #2690, #9357, #11587, #3787, #12278, #5221, #4427 ) ) ;
#5707 = CARTESIAN_POINT ( 'NONE',  ( 31.50000000000000711, 11.00000000000000000, -34.49999999999997158 ) ) ;
#5708 = CARTESIAN_POINT ( 'NONE',  ( 80.00000000000000000, 9.799999999999998934, -6.299999999999992717 ) ) ;
#5709 = ORIENTED_EDGE ( 'NONE', *, *, #12472, .T. ) ;
#5710 = ORIENTED_EDGE ( 'NONE', *, *, #742, .T. ) ;
#5711 = ORIENTED_EDGE ( 'NONE', *, *, #11077, .T. ) ;
#5712 = DIRECTION ( 'NONE',  ( 0.000000000000000000, 0.000000000000000000, 1.000000000000000000 ) ) ;
#5713 = AXIS2_PLACEMENT_3D ( 'NONE', #5760, #8968, #280 ) ;
#5714 = DIRECTION ( 'NONE',  ( 0.000000000000000000, 1.000000000000000000, 0.000000000000000000 ) ) ;
#5715 = ADVANCED_FACE ( 'NONE', ( #1224 ), #5095, .T. ) ;
#5716 = EDGE_CURVE ( 'NONE', #8104, #4147, #2268, .T. ) ;
#5717 = ORIENTED_EDGE ( 'NONE', *, *, #5620, .T. ) ;
#5718 = CIRCLE ( 'NONE', #1269, 0.9999999999999974465 ) ;
#5719 = CARTESIAN_POINT ( 'NONE',  ( 72.50000000000000000, 11.00000000000000000, -7.500000000000000000 ) ) ;
#5720 = PLANE ( 'NONE',  #2756 ) ;
#5721 = VECTOR ( 'NONE', #1185, 1000.000000000000000 ) ;
#5722 = ORIENTED_EDGE ( 'NONE', *, *, #7799, .F. ) ;
#5723 = CARTESIAN_POINT ( 'NONE',  ( 27.36984848098341416, 9.799999999999998934, -41.30000000000000426 ) ) ;
#5724 = DIRECTION ( 'NONE',  ( 0.000000000000000000, 1.000000000000000000, 0.000000000000000000 ) ) ;
#5725 = DIRECTION ( 'NONE',  ( 0.000000000000000000, 0.000000000000000000, 1.000000000000000000 ) ) ;
#5726 = VERTEX_POINT ( 'NONE', #2881 ) ;
#5727 = DIRECTION ( 'NONE',  ( 0.000000000000000000, 1.000000000000000000, -0.000000000000000000 ) ) ;
#5728 = PLANE ( 'NONE',  #4915 ) ;
#5729 = ORIENTED_EDGE ( 'NONE', *, *, #10619, .F. ) ;
#5730 = CYLINDRICAL_SURFACE ( 'NONE', #9395, 2.999999999999996447 ) ;
#5731 = AXIS2_PLACEMENT_3D ( 'NONE', #10473, #5523, #9644 ) ;
#5732 = LINE ( 'NONE', #11633, #6314 ) ;
#5733 = ADVANCED_FACE ( 'NONE', ( #5795 ), #6788, .F. ) ;
#5734 = VECTOR ( 'NONE', #1552, 1000.000000000000000 ) ;
#5735 = ADVANCED_FACE ( 'NONE', ( #10672 ), #3956, .T. ) ;
#5736 = DIRECTION ( 'NONE',  ( -0.000000000000000000, -0.000000000000000000, -1.000000000000000000 ) ) ;
#5737 = AXIS2_PLACEMENT_3D ( 'NONE', #3356, #59, #366 ) ;
#5738 = DIRECTION ( 'NONE',  ( 0.000000000000000000, 0.000000000000000000, 1.000000000000000000 ) ) ;
#5739 = APPROVAL_DATE_TIME ( #3654, #9494 ) ;
#5740 = EDGE_CURVE ( 'NONE', #3688, #4584, #1658, .T. ) ;
#5741 = VECTOR ( 'NONE', #2299, 1000.000000000000000 ) ;
#5742 = LINE ( 'NONE', #11311, #10141 ) ;
#5743 = ORIENTED_EDGE ( 'NONE', *, *, #10581, .F. ) ;
#5744 = AXIS2_PLACEMENT_3D ( 'NONE', #10409, #5596, #12353 ) ;
#5745 = ORIENTED_EDGE ( 'NONE', *, *, #11064, .F. ) ;
#5746 = DIRECTION ( 'NONE',  ( 0.000000000000000000, 1.000000000000000000, 0.000000000000000000 ) ) ;
#5747 = CARTESIAN_POINT ( 'NONE',  ( 29.34974746830583570, 9.799999999999998934, -7.479898987322322945 ) ) ;
#5748 = CIRCLE ( 'NONE', #3525, 1.000000000000000888 ) ;
#5749 = EDGE_CURVE ( 'NONE', #12434, #6264, #1860, .T. ) ;
#5750 = PLANE ( 'NONE',  #4434 ) ;
#5751 = AXIS2_PLACEMENT_3D ( 'NONE', #5515, #12048, #2430 ) ;
#5752 = VECTOR ( 'NONE', #12223, 1000.000000000000000 ) ;
#5753 = ORIENTED_EDGE ( 'NONE', *, *, #3269, .F. ) ;
#5754 = FACE_BOUND ( 'NONE', #7886, .T. ) ;
#5755 = DIRECTION ( 'NONE',  ( -1.000000000000000000, 0.000000000000000000, 0.000000000000000000 ) ) ;
#5756 = AXIS2_PLACEMENT_3D ( 'NONE', #9341, #12260, #2452 ) ;
#5757 = ORIENTED_EDGE ( 'NONE', *, *, #83, .F. ) ;
#5758 = CARTESIAN_POINT ( 'NONE',  ( 7.499999999999971578, 11.00000000000000000, -25.49999999999989697 ) ) ;
#5760 = CARTESIAN_POINT ( 'NONE',  ( 67.99999999999992895, 11.00000000000000000, -29.99999999999995737 ) ) ;
#5759 = AXIS2_PLACEMENT_3D ( 'NONE', #7123, #2214, #4275 ) ;
#5761 = ORIENTED_EDGE ( 'NONE', *, *, #5485, .F. ) ;
#5762 = CARTESIAN_POINT ( 'NONE',  ( 26.50000000000000000, 11.00000000000000000, -1.700000000000007061 ) ) ;
#5763 = DIRECTION ( 'NONE',  ( 0.000000000000000000, 0.000000000000000000, -1.000000000000000000 ) ) ;
#5764 = DIRECTION ( 'NONE',  ( 0.000000000000000000, 1.000000000000000000, 0.000000000000000000 ) ) ;
#5765 = FACE_OUTER_BOUND ( 'NONE', #4445, .T. ) ;
#5766 = AXIS2_PLACEMENT_3D ( 'NONE', #10343, #1671, #3319 ) ;
#5767 = AXIS2_PLACEMENT_3D ( 'NONE', #11943, #4265, #11050 ) ;
#5768 = DIRECTION ( 'NONE',  ( 1.000000000000000000, 0.000000000000000000, 0.000000000000000000 ) ) ;
#5769 = LINE ( 'NONE', #2803, #115 ) ;
#5770 = VERTEX_POINT ( 'NONE', #9082 ) ;
#5771 = EDGE_CURVE ( 'NONE', #3317, #4831, #11776, .T. ) ;
#5772 = DIRECTION ( 'NONE',  ( -1.000000000000000000, 0.000000000000000000, -2.011680777452959771E-16 ) ) ;
#5773 = CARTESIAN_POINT ( 'NONE',  ( 20.99999999999991473, 11.00000000000000000, -29.99999999999998934 ) ) ;
#5774 = VECTOR ( 'NONE', #12043, 1000.000000000000000 ) ;
#5775 = ORIENTED_EDGE ( 'NONE', *, *, #3033, .F. ) ;
#5776 = CIRCLE ( 'NONE', #3369, 0.9999999999999974465 ) ;
#5777 = DIRECTION ( 'NONE',  ( 4.956352788505157943E-15, 0.000000000000000000, 1.000000000000000000 ) ) ;
#5778 = PLANE ( 'NONE',  #8971 ) ;
#5779 = PRODUCT_DEFINITION ( 'UNKNOWN', '', #385, #6812 ) ;
#5780 = ORIENTED_EDGE ( 'NONE', *, *, #10187, .F. ) ;
#5781 = EDGE_LOOP ( 'NONE', ( #798, #5928, #10551, #5461 ) ) ;
#5782 = AXIS2_PLACEMENT_3D ( 'NONE', #1093, #7807, #5845 ) ;
#5783 = ORIENTED_EDGE ( 'NONE', *, *, #8669, .T. ) ;
#5784 = DIRECTION ( 'NONE',  ( 0.000000000000000000, 0.000000000000000000, 1.000000000000000000 ) ) ;
#5785 = CARTESIAN_POINT ( 'NONE',  ( 20.99999999999998224, 11.00000000000000000, -11.99999999999999645 ) ) ;
#5786 = ORIENTED_EDGE ( 'NONE', *, *, #3396, .T. ) ;
#5787 = VECTOR ( 'NONE', #5386, 1000.000000000000000 ) ;
#5788 = CARTESIAN_POINT ( 'NONE',  ( 11.99999999999994849, 2.000000000000000000, -29.99999999999992539 ) ) ;
#5789 = AXIS2_PLACEMENT_3D ( 'NONE', #8302, #6440, #9184 ) ;
#5790 = DIRECTION ( 'NONE',  ( 0.000000000000000000, 1.000000000000000000, 0.000000000000000000 ) ) ;
#5791 = EDGE_LOOP ( 'NONE', ( #5514, #4857 ) ) ;
#5792 = CARTESIAN_POINT ( 'NONE',  ( 35.49999999999999289, 2.000000000000000000, -8.499999999999960920 ) ) ;
#5793 = EDGE_CURVE ( 'NONE', #10295, #4951, #10761, .T. ) ;
#5794 = DIRECTION ( 'NONE',  ( -0.000000000000000000, -1.000000000000000000, -0.000000000000000000 ) ) ;
#5795 = FACE_OUTER_BOUND ( 'NONE', #10915, .T. ) ;
#5796 = EDGE_LOOP ( 'NONE', ( #1480, #5233 ) ) ;
#5797 = DIRECTION ( 'NONE',  ( 0.000000000000000000, 1.000000000000000000, 0.000000000000000000 ) ) ;
#5798 = LINE ( 'NONE', #3701, #12195 ) ;
#5799 = ADVANCED_FACE ( 'NONE', ( #6218, #4316 ), #5344, .T. ) ;
#5800 = ORIENTED_EDGE ( 'NONE', *, *, #3114, .T. ) ;
#5801 = DIRECTION ( 'NONE',  ( -0.000000000000000000, -1.000000000000000000, -0.000000000000000000 ) ) ;
#5802 = AXIS2_PLACEMENT_3D ( 'NONE', #5420, #4402, #9030 ) ;
#5803 = PLANE ( 'NONE',  #6106 ) ;
#5804 = DIRECTION ( 'NONE',  ( 0.000000000000000000, 0.000000000000000000, 1.000000000000000000 ) ) ;
#5805 = AXIS2_PLACEMENT_3D ( 'NONE', #11847, #10261, #2473 ) ;
#5806 = CARTESIAN_POINT ( 'NONE',  ( 24.99999999999999289, 11.00000000000000000, -10.85512985522204765 ) ) ;
#5807 = FACE_OUTER_BOUND ( 'NONE', #9732, .T. ) ;
#5808 = VECTOR ( 'NONE', #3794, 1000.000000000000000 ) ;
#5809 = DIRECTION ( 'NONE',  ( -0.000000000000000000, 1.000000000000000000, -0.000000000000000000 ) ) ;
#5810 = VERTEX_POINT ( 'NONE', #6086 ) ;
#5811 = EDGE_CURVE ( 'NONE', #7741, #3985, #3384, .T. ) ;
#5812 = EDGE_CURVE ( 'NONE', #11528, #1469, #7707, .T. ) ;
#5813 = ORIENTED_EDGE ( 'NONE', *, *, #8149, .F. ) ;
#5814 = DIRECTION ( 'NONE',  ( 0.000000000000000000, 1.000000000000000000, 0.000000000000000000 ) ) ;
#5815 = CARTESIAN_POINT ( 'NONE',  ( 67.99999999999990052, 11.00000000000000000, -39.99999999999995026 ) ) ;
#5816 = CARTESIAN_POINT ( 'NONE',  ( 31.50000000000000711, 2.000000000000000000, -11.99999999999997335 ) ) ;
#5817 = AXIS2_PLACEMENT_3D ( 'NONE', #6085, #7228, #6033 ) ;
#5818 = VERTEX_POINT ( 'NONE', #10914 ) ;
#5819 = CIRCLE ( 'NONE', #3393, 0.9999999999999974465 ) ;
#5820 = ADVANCED_FACE ( 'NONE', ( #3187 ), #1420, .T. ) ;
#5821 = ORIENTED_EDGE ( 'NONE', *, *, #4805, .T. ) ;
#5822 = EDGE_CURVE ( 'NONE', #1934, #12512, #2245, .T. ) ;
#5823 = FACE_BOUND ( 'NONE', #514, .T. ) ;
#5824 = FACE_OUTER_BOUND ( 'NONE', #3336, .T. ) ;
#5825 = ORIENTED_EDGE ( 'NONE', *, *, #7884, .T. ) ;
#5826 = CARTESIAN_POINT ( 'NONE',  ( 20.04911740367562700, 9.799999999999998934, -3.878763859303819395 ) ) ;
#5827 = CARTESIAN_POINT ( 'NONE',  ( 17.13664863476204303, -21.88036781070453785, -44.13664863476203948 ) ) ;
#5828 = LINE ( 'NONE', #8678, #10767 ) ;
#5829 = DIRECTION ( 'NONE',  ( -0.000000000000000000, 1.000000000000000000, -0.000000000000000000 ) ) ;
#5830 = DIRECTION ( 'NONE',  ( -0.000000000000000000, -1.000000000000000000, -0.000000000000000000 ) ) ;
#5831 = AXIS2_PLACEMENT_3D ( 'NONE', #7274, #9255, #1715 ) ;
#5832 = ORIENTED_EDGE ( 'NONE', *, *, #3343, .T. ) ;
#5833 = CYLINDRICAL_SURFACE ( 'NONE', #1137, 2.800000000000002043 ) ;
#5834 = ORIENTED_EDGE ( 'NONE', *, *, #335, .T. ) ;
#5835 = FACE_OUTER_BOUND ( 'NONE', #5697, .T. ) ;
#5836 = LINE ( 'NONE', #11534, #3887 ) ;
#5837 = CARTESIAN_POINT ( 'NONE',  ( 28.00000000000000355, 2.000000000000000000, -31.14999999999999858 ) ) ;
#5838 = DIRECTION ( 'NONE',  ( 0.000000000000000000, 0.000000000000000000, 1.000000000000000000 ) ) ;
#5839 = ORIENTED_EDGE ( 'NONE', *, *, #2261, .T. ) ;
#5840 = CIRCLE ( 'NONE', #8670, 0.9999999999999974465 ) ;
#5841 = ORIENTED_EDGE ( 'NONE', *, *, #9091, .F. ) ;
#5842 = DIRECTION ( 'NONE',  ( 0.000000000000000000, 0.000000000000000000, 1.000000000000000000 ) ) ;
#5843 = CARTESIAN_POINT ( 'NONE',  ( 16.49999999999996447, 11.00000000000000000, -20.99999999999996447 ) ) ;
#5844 = CARTESIAN_POINT ( 'NONE',  ( 58.99999999999994316, 2.000000000000000000, -34.49999999999989342 ) ) ;
#5845 = DIRECTION ( 'NONE',  ( 0.000000000000000000, 0.000000000000000000, 1.000000000000000000 ) ) ;
#5846 = EDGE_LOOP ( 'NONE', ( #11645, #3891 ) ) ;
#5847 = CARTESIAN_POINT ( 'NONE',  ( 72.49999999999997158, 11.00000000000000000, -16.49999999999999289 ) ) ;
#5848 = DIRECTION ( 'NONE',  ( 0.000000000000000000, 0.000000000000000000, -1.000000000000000000 ) ) ;
#5849 = CARTESIAN_POINT ( 'NONE',  ( 30.50060966544064556, 9.799999999999998934, -30.50060966544101149 ) ) ;
#5850 = ORIENTED_EDGE ( 'NONE', *, *, #2878, .T. ) ;
#5851 = CARTESIAN_POINT ( 'NONE',  ( 7.499999999999992895, 11.00000000000000000, -20.99999999999990052 ) ) ;
#5852 = CARTESIAN_POINT ( 'NONE',  ( 34.24386001800125001, 9.799999999999998934, -4.000000000000002665 ) ) ;
#5853 = EDGE_LOOP ( 'NONE', ( #12274, #7371, #4044, #3865 ) ) ;
#5854 = VERTEX_POINT ( 'NONE', #6277 ) ;
#5855 = DIRECTION ( 'NONE',  ( -0.000000000000000000, -1.000000000000000000, -0.000000000000000000 ) ) ;
#5856 = FACE_BOUND ( 'NONE', #5304, .T. ) ;
#5857 = DIRECTION ( 'NONE',  ( 0.000000000000000000, 1.000000000000000000, 0.000000000000000000 ) ) ;
#5858 = EDGE_CURVE ( 'NONE', #8915, #7726, #11036, .T. ) ;
#5859 = EDGE_CURVE ( 'NONE', #5457, #3902, #2475, .T. ) ;
#5860 = VERTEX_POINT ( 'NONE', #521 ) ;
#5861 = CARTESIAN_POINT ( 'NONE',  ( 72.49999999999990052, 2.000000000000000000, -35.49999999999999289 ) ) ;
#5862 = ADVANCED_FACE ( 'NONE', ( #10031 ), #4383, .T. ) ;
#5863 = CARTESIAN_POINT ( 'NONE',  ( 5.443227718325019282, 9.799999999999998934, -44.75470390403734200 ) ) ;
#5864 = DIRECTION ( 'NONE',  ( 0.000000000000000000, 0.000000000000000000, -1.000000000000000000 ) ) ;
#5865 = ORIENTED_EDGE ( 'NONE', *, *, #10231, .F. ) ;
#5866 = CIRCLE ( 'NONE', #9305, 0.9999999999999974465 ) ;
#5867 = ORIENTED_EDGE ( 'NONE', *, *, #11454, .T. ) ;
#5868 = DIRECTION ( 'NONE',  ( 0.000000000000000000, 0.000000000000000000, 1.000000000000000000 ) ) ;
#5869 = DIRECTION ( 'NONE',  ( -0.000000000000000000, -1.000000000000000000, -0.000000000000000000 ) ) ;
#5870 = EDGE_CURVE ( 'NONE', #2822, #904, #11869, .T. ) ;
#5871 = CARTESIAN_POINT ( 'NONE',  ( 68.00000000000000000, 11.00000000000000000, -7.499999999999968914 ) ) ;
#5872 = ADVANCED_FACE ( 'NONE', ( #12118 ), #7289, .T. ) ;
#5873 = CARTESIAN_POINT ( 'NONE',  ( 12.00000000000000355, 11.00000000000000000, -12.99999999999993250 ) ) ;
#5874 = EDGE_CURVE ( 'NONE', #8969, #11946, #431, .T. ) ;
#5875 = DIRECTION ( 'NONE',  ( -0.000000000000000000, -1.000000000000000000, -0.000000000000000000 ) ) ;
#5876 = DIRECTION ( 'NONE',  ( 0.000000000000000000, -0.000000000000000000, 1.000000000000000000 ) ) ;
#5877 = ORIENTED_EDGE ( 'NONE', *, *, #1177, .F. ) ;
#5878 = CARTESIAN_POINT ( 'NONE',  ( 45.14487014477790439, 2.000000000000000000, -6.500000000000003553 ) ) ;
#5879 = DIRECTION ( 'NONE',  ( 0.000000000000000000, -0.000000000000000000, 1.000000000000000000 ) ) ;
#5880 = CARTESIAN_POINT ( 'NONE',  ( 62.07341919221814663, 11.00000000000000000, -3.000063337055368429 ) ) ;
#5881 = ADVANCED_FACE ( 'NONE', ( #1549 ), #5163, .T. ) ;
#5882 = CARTESIAN_POINT ( 'NONE',  ( 80.00000000000000000, 11.00000000000000000, 0.000000000000000000 ) ) ;
#5883 = EDGE_CURVE ( 'NONE', #9931, #419, #4197, .T. ) ;
#5884 = ADVANCED_FACE ( 'NONE', ( #11929 ), #640, .T. ) ;
#5885 = DIRECTION ( 'NONE',  ( -0.000000000000000000, -1.000000000000000000, -0.000000000000000000 ) ) ;
#5886 = ORIENTED_EDGE ( 'NONE', *, *, #3183, .T. ) ;
#5887 = CARTESIAN_POINT ( 'NONE',  ( 72.50000000000000000, 11.00000000000000000, -7.500000000000000000 ) ) ;
#5888 = CARTESIAN_POINT ( 'NONE',  ( 48.49999999999999289, 11.00000000000000000, -11.99999999999993072 ) ) ;
#5889 = DIRECTION ( 'NONE',  ( 0.000000000000000000, 1.000000000000000000, 0.000000000000000000 ) ) ;
#5890 = DIRECTION ( 'NONE',  ( 0.000000000000000000, 0.000000000000000000, -1.000000000000000000 ) ) ;
#5891 = ORIENTED_EDGE ( 'NONE', *, *, #4205, .T. ) ;
#5892 = ORIENTED_EDGE ( 'NONE', *, *, #6031, .F. ) ;
#5893 = DIRECTION ( 'NONE',  ( 0.000000000000000000, 1.000000000000000000, 0.000000000000000000 ) ) ;
#5894 = CIRCLE ( 'NONE', #8729, 1.699999999999993072 ) ;
#5895 = CARTESIAN_POINT ( 'NONE',  ( 72.49999999999998579, 2.000000000000000000, -11.99999999999999645 ) ) ;
#5896 = ORIENTED_EDGE ( 'NONE', *, *, #11271, .F. ) ;
#5898 = EDGE_CURVE ( 'NONE', #7770, #1041, #12174, .T. ) ;
#5897 = AXIS2_PLACEMENT_3D ( 'NONE', #587, #4256, #12055 ) ;
#5899 = DIRECTION ( 'NONE',  ( -0.000000000000000000, 1.000000000000000000, -0.000000000000000000 ) ) ;
#5900 = CARTESIAN_POINT ( 'NONE',  ( 17.92779706011599927, 11.00000000000000000, -6.000084202863472882 ) ) ;
#5901 = ORIENTED_EDGE ( 'NONE', *, *, #8881, .T. ) ;
#5902 = DIRECTION ( 'NONE',  ( -0.000000000000000000, -1.000000000000000000, -0.000000000000000000 ) ) ;
#5903 = CARTESIAN_POINT ( 'NONE',  ( 16.49999999999997868, 11.00000000000000000, -16.49999999999996447 ) ) ;
#5904 = ORIENTED_EDGE ( 'NONE', *, *, #9767, .T. ) ;
#5905 = CARTESIAN_POINT ( 'NONE',  ( 58.99999999999994316, 11.00000000000000000, -34.49999999999989342 ) ) ;
#5906 = ORIENTED_EDGE ( 'NONE', *, *, #3173, .T. ) ;
#5907 = AXIS2_PLACEMENT_3D ( 'NONE', #12478, #9757, #3105 ) ;
#5908 = FACE_OUTER_BOUND ( 'NONE', #7500, .T. ) ;
#5909 = CARTESIAN_POINT ( 'NONE',  ( 16.49999999999996447, 11.00000000000000000, -19.99999999999996447 ) ) ;
#5910 = ORIENTED_EDGE ( 'NONE', *, *, #10534, .T. ) ;
#5911 = DIRECTION ( 'NONE',  ( 0.000000000000000000, 0.000000000000000000, -1.000000000000000000 ) ) ;
#5912 = FACE_BOUND ( 'NONE', #11975, .T. ) ;
#5913 = DIRECTION ( 'NONE',  ( 0.000000000000000000, 0.000000000000000000, 1.000000000000000000 ) ) ;
#5914 = VECTOR ( 'NONE', #10428, 1000.000000000000000 ) ;
#5915 = AXIS2_PLACEMENT_3D ( 'NONE', #8081, #10573, #1835 ) ;
#5916 = LINE ( 'NONE', #9537, #5929 ) ;
#5917 = LINE ( 'NONE', #10806, #10010 ) ;
#5918 = CARTESIAN_POINT ( 'NONE',  ( 16.49999999999993960, 11.00000000000000000, -30.99999999999995381 ) ) ;
#5919 = VECTOR ( 'NONE', #141, 1000.000000000000000 ) ;
#5920 = ORIENTED_EDGE ( 'NONE', *, *, #11520, .T. ) ;
#5921 = EDGE_CURVE ( 'NONE', #5451, #7730, #8318, .T. ) ;
#5922 = ORIENTED_EDGE ( 'NONE', *, *, #8149, .T. ) ;
#5923 = CARTESIAN_POINT ( 'NONE',  ( 35.49999999999999289, 2.000000000000000000, -17.49999999999996092 ) ) ;
#5924 = DIRECTION ( 'NONE',  ( 0.000000000000000000, 0.000000000000000000, 1.000000000000000000 ) ) ;
#5925 = EDGE_CURVE ( 'NONE', #6130, #5572, #6693, .T. ) ;
#5926 = DIRECTION ( 'NONE',  ( 0.000000000000000000, 1.000000000000000000, 0.000000000000000000 ) ) ;
#5927 = VECTOR ( 'NONE', #12329, 1000.000000000000000 ) ;
#5928 = ORIENTED_EDGE ( 'NONE', *, *, #7568, .F. ) ;
#5929 = VECTOR ( 'NONE', #91, 1000.000000000000000 ) ;
#5930 = CARTESIAN_POINT ( 'NONE',  ( 48.49999999999999289, 11.00000000000000000, -34.49999999999992895 ) ) ;
#5931 = CARTESIAN_POINT ( 'NONE',  ( 48.49999999999999289, 11.00000000000000000, -35.49999999999992895 ) ) ;
#5932 = LINE ( 'NONE', #1324, #1758 ) ;
#5933 = EDGE_LOOP ( 'NONE', ( #8819, #11388 ) ) ;
#5934 = CARTESIAN_POINT ( 'NONE',  ( 38.99999999999999289, 11.00000000000000000, -41.23776336359135541 ) ) ;
#5935 = EDGE_CURVE ( 'NONE', #1153, #6568, #4274, .T. ) ;
#5936 = DIRECTION ( 'NONE',  ( 0.000000000000000000, 0.000000000000000000, 1.000000000000000000 ) ) ;
#5937 = LINE ( 'NONE', #1203, #9622 ) ;
#5938 = AXIS2_PLACEMENT_3D ( 'NONE', #2910, #110, #6759 ) ;
#5939 = DIRECTION ( 'NONE',  ( -0.000000000000000000, -1.000000000000000000, -0.000000000000000000 ) ) ;
#5940 = CIRCLE ( 'NONE', #9402, 3.000000000000023537 ) ;
#5941 = AXIS2_PLACEMENT_3D ( 'NONE', #770, #8503, #4635 ) ;
#5942 = DIRECTION ( 'NONE',  ( 0.000000000000000000, 1.000000000000000000, 0.000000000000000000 ) ) ;
#5943 = AXIS2_PLACEMENT_3D ( 'NONE', #1639, #5560, #5438 ) ;
#5944 = ORIENTED_EDGE ( 'NONE', *, *, #6872, .T. ) ;
#5945 = DIRECTION ( 'NONE',  ( 0.000000000000000000, 0.000000000000000000, 1.000000000000000000 ) ) ;
#5946 = CARTESIAN_POINT ( 'NONE',  ( 51.47867965644034882, 9.799999999999998934, -5.479898987322321169 ) ) ;
#5947 = EDGE_CURVE ( 'NONE', #11336, #3054, #1850, .T. ) ;
#5948 = DIRECTION ( 'NONE',  ( -0.000000000000000000, -1.000000000000000000, -0.000000000000000000 ) ) ;
#5949 = CARTESIAN_POINT ( 'NONE',  ( 16.49999999999996447, 11.00000000000000000, -20.99999999999996447 ) ) ;
#5950 = ADVANCED_FACE ( 'NONE', ( #5704 ), #1608, .T. ) ;
#5951 = ORIENTED_EDGE ( 'NONE', *, *, #6862, .T. ) ;
#5952 = ORIENTED_EDGE ( 'NONE', *, *, #3294, .T. ) ;
#5953 = LINE ( 'NONE', #1151, #9419 ) ;
#5954 = CIRCLE ( 'NONE', #4754, 0.9999999999999974465 ) ;
#5955 = DIRECTION ( 'NONE',  ( 0.000000000000000000, 0.000000000000000000, 1.000000000000000000 ) ) ;
#5956 = AXIS2_PLACEMENT_3D ( 'NONE', #11369, #8409, #6617 ) ;
#5957 = ORIENTED_EDGE ( 'NONE', *, *, #6354, .T. ) ;
#5958 = DIRECTION ( 'NONE',  ( 0.000000000000000000, 0.000000000000000000, 1.000000000000000000 ) ) ;
#5959 = AXIS2_PLACEMENT_3D ( 'NONE', #3802, #7655, #11400 ) ;
#5960 = DIRECTION ( 'NONE',  ( 0.000000000000000000, 1.000000000000000000, 0.000000000000000000 ) ) ;
#5961 = ORIENTED_EDGE ( 'NONE', *, *, #4174, .F. ) ;
#5962 = FACE_OUTER_BOUND ( 'NONE', #5367, .T. ) ;
#5963 = DIRECTION ( 'NONE',  ( 0.7071067811865467956, -0.000000000000000000, -0.7071067811865483499 ) ) ;
#5964 = CIRCLE ( 'NONE', #4768, 0.9999999999999974465 ) ;
#5965 = DIRECTION ( 'NONE',  ( -0.000000000000000000, 1.000000000000000000, -0.000000000000000000 ) ) ;
#5966 = ORIENTED_EDGE ( 'NONE', *, *, #9443, .T. ) ;
#5967 = EDGE_CURVE ( 'NONE', #2239, #11761, #2622, .T. ) ;
#5968 = CYLINDRICAL_SURFACE ( 'NONE', #4509, 3.599999999999997424 ) ;
#5969 = DIRECTION ( 'NONE',  ( 0.000000000000000000, 0.000000000000000000, 1.000000000000000000 ) ) ;
#5970 = ORIENTED_EDGE ( 'NONE', *, *, #2399, .F. ) ;
#5971 = VERTEX_POINT ( 'NONE', #777 ) ;
#5972 = ORIENTED_EDGE ( 'NONE', *, *, #7856, .F. ) ;
#5973 = CARTESIAN_POINT ( 'NONE',  ( 35.49999999999999289, 11.00000000000000000, -39.99999999999996447 ) ) ;
#5974 = DIRECTION ( 'NONE',  ( 0.000000000000000000, 0.000000000000000000, -1.000000000000000000 ) ) ;
#5975 = CARTESIAN_POINT ( 'NONE',  ( 23.65025253169435260, 9.799999999999998934, -39.32010101267761115 ) ) ;
#5976 = VECTOR ( 'NONE', #3604, 1000.000000000000000 ) ;
#5977 = AXIS2_PLACEMENT_3D ( 'NONE', #11339, #4579, #1473 ) ;
#5978 = DIRECTION ( 'NONE',  ( 0.000000000000000000, 1.000000000000000000, 0.000000000000000000 ) ) ;
#5979 = LINE ( 'NONE', #1950, #12432 ) ;
#5980 = CARTESIAN_POINT ( 'NONE',  ( 48.49999999999999289, 2.000000000000000000, -35.49999999999992895 ) ) ;
#5981 = AXIS2_PLACEMENT_3D ( 'NONE', #3322, #1109, #11045 ) ;
#5982 = ORIENTED_EDGE ( 'NONE', *, *, #12428, .T. ) ;
#5983 = LINE ( 'NONE', #10812, #455 ) ;
#5984 = VERTEX_POINT ( 'NONE', #7603 ) ;
#5985 = CIRCLE ( 'NONE', #8020, 0.9999999999999974465 ) ;
#5986 = CARTESIAN_POINT ( 'NONE',  ( 26.50000000000000000, 11.00000000000000000, -3.400000000000000355 ) ) ;
#5987 = DIRECTION ( 'NONE',  ( 0.000000000000000000, 0.000000000000000000, -1.000000000000000000 ) ) ;
#5988 = CARTESIAN_POINT ( 'NONE',  ( 22.49999999999999645, 2.000000000000000000, -10.85512985522204765 ) ) ;
#5989 = EDGE_CURVE ( 'NONE', #10548, #1938, #11216, .T. ) ;
#5990 = ORIENTED_EDGE ( 'NONE', *, *, #6387, .T. ) ;
#5991 = CIRCLE ( 'NONE', #2172, 0.9999999999999974465 ) ;
#5992 = EDGE_CURVE ( 'NONE', #2348, #130, #2071, .T. ) ;
#5993 = CARTESIAN_POINT ( 'NONE',  ( 63.49999999999994316, 11.00000000000000000, -28.99999999999992895 ) ) ;
#5994 = DIRECTION ( 'NONE',  ( 0.000000000000000000, 1.000000000000000000, 0.000000000000000000 ) ) ;
#5995 = VERTEX_POINT ( 'NONE', #10336 ) ;
#5996 = CARTESIAN_POINT ( 'NONE',  ( 31.50000000000000711, 11.00000000000000000, -16.49999999999997158 ) ) ;
#5997 = FACE_OUTER_BOUND ( 'NONE', #7666, .T. ) ;
#5998 = VERTEX_POINT ( 'NONE', #12238 ) ;
#5999 = ORIENTED_EDGE ( 'NONE', *, *, #11678, .T. ) ;
#6000 = CARTESIAN_POINT ( 'NONE',  ( 44.50000000000000000, 11.00000000000000000, -34.49999999999994316 ) ) ;
#6001 = CARTESIAN_POINT ( 'NONE',  ( 44.50000000000000000, 11.00000000000000000, -26.49999999999993605 ) ) ;
#6002 = AXIS2_PLACEMENT_3D ( 'NONE', #257, #11868, #3186 ) ;
#6003 = DIRECTION ( 'NONE',  ( 1.000000000000000000, 0.000000000000000000, -0.000000000000000000 ) ) ;
#6004 = CYLINDRICAL_SURFACE ( 'NONE', #8659, 0.9999999999999974465 ) ;
#6005 = EDGE_CURVE ( 'NONE', #10455, #805, #8563, .T. ) ;
#6006 = ADVANCED_FACE ( 'NONE', ( #12349 ), #10530, .F. ) ;
#6007 = EDGE_CURVE ( 'NONE', #9002, #3629, #1458, .T. ) ;
#6008 = AXIS2_PLACEMENT_3D ( 'NONE', #4294, #241, #432 ) ;
#6009 = DIRECTION ( 'NONE',  ( -0.000000000000000000, -1.000000000000000000, -0.000000000000000000 ) ) ;
#6010 = ORIENTED_EDGE ( 'NONE', *, *, #51, .F. ) ;
#6011 = CIRCLE ( 'NONE', #562, 0.9999999999999974465 ) ;
#6012 = CARTESIAN_POINT ( 'NONE',  ( 67.99999999999994316, 11.00000000000000000, -25.49999999999996092 ) ) ;
#6013 = CIRCLE ( 'NONE', #11513, 0.9999999999999974465 ) ;
#6014 = DIRECTION ( 'NONE',  ( 0.000000000000000000, 0.000000000000000000, -1.000000000000000000 ) ) ;
#6015 = FACE_OUTER_BOUND ( 'NONE', #1389, .T. ) ;
#6016 = EDGE_LOOP ( 'NONE', ( #4183, #210, #2755, #2770 ) ) ;
#6017 = ORIENTED_EDGE ( 'NONE', *, *, #11678, .F. ) ;
#6018 = VERTEX_POINT ( 'NONE', #8507 ) ;
#6019 = FACE_OUTER_BOUND ( 'NONE', #9941, .T. ) ;
#6020 = DIRECTION ( 'NONE',  ( 1.000000000000000000, 0.000000000000000000, -3.352801296355066075E-17 ) ) ;
#6021 = AXIS2_PLACEMENT_3D ( 'NONE', #1341, #12217, #3430 ) ;
#6022 = ADVANCED_FACE ( 'NONE', ( #711 ), #4583, .F. ) ;
#6023 = ORIENTED_EDGE ( 'NONE', *, *, #1286, .F. ) ;
#6024 = AXIS2_PLACEMENT_3D ( 'NONE', #5895, #4120, #2180 ) ;
#6025 = ADVANCED_FACE ( 'NONE', ( #10278 ), #12297, .F. ) ;
#6026 = DIRECTION ( 'NONE',  ( -1.000000000000000000, 0.000000000000000000, -3.352801296355066075E-17 ) ) ;
#6027 = EDGE_CURVE ( 'NONE', #9763, #3174, #3477, .T. ) ;
#6028 = CYLINDRICAL_SURFACE ( 'NONE', #2359, 0.9999999999999974465 ) ;
#6029 = VERTEX_POINT ( 'NONE', #2749 ) ;
#6030 = FACE_BOUND ( 'NONE', #5933, .T. ) ;
#6031 = EDGE_CURVE ( 'NONE', #9930, #5133, #8333, .T. ) ;
#6033 = DIRECTION ( 'NONE',  ( 0.000000000000000000, 0.000000000000000000, 1.000000000000000000 ) ) ;
#6032 = VECTOR ( 'NONE', #4415, 1000.000000000000000 ) ;
#6034 = ORIENTED_EDGE ( 'NONE', *, *, #10364, .F. ) ;
#6035 = DIRECTION ( 'NONE',  ( 0.000000000000000000, 1.000000000000000000, 0.000000000000000000 ) ) ;
#6036 = VERTEX_POINT ( 'NONE', #2925 ) ;
#6037 = PLANE ( 'NONE',  #1279 ) ;
#6038 = DIRECTION ( 'NONE',  ( 0.000000000000000000, 1.000000000000000000, 0.000000000000000000 ) ) ;
#6039 = AXIS2_PLACEMENT_3D ( 'NONE', #3048, #10784, #7222 ) ;
#6040 = VERTEX_POINT ( 'NONE', #11785 ) ;
#6041 = VERTEX_POINT ( 'NONE', #5946 ) ;
#6042 = CARTESIAN_POINT ( 'NONE',  ( 48.29461583732884122, 11.00000000000000000, -39.97868143219523773 ) ) ;
#6043 = CARTESIAN_POINT ( 'NONE',  ( 59.00000000000001421, 11.00000000000000000, -11.99999999999990230 ) ) ;
#6044 = DIRECTION ( 'NONE',  ( 1.000000000000000000, 0.000000000000000000, -4.818676322157797621E-17 ) ) ;
#6045 = EDGE_CURVE ( 'NONE', #5101, #9896, #7853, .T. ) ;
#6046 = FACE_BOUND ( 'NONE', #6186, .T. ) ;
#6047 = EDGE_CURVE ( 'NONE', #6584, #9186, #1913, .T. ) ;
#6048 = DIRECTION ( 'NONE',  ( 0.000000000000000000, 1.000000000000000000, 0.000000000000000000 ) ) ;
#6049 = ORIENTED_EDGE ( 'NONE', *, *, #10707, .F. ) ;
#6050 = DIRECTION ( 'NONE',  ( -0.000000000000000000, -1.000000000000000000, -0.000000000000000000 ) ) ;
#6051 = ORIENTED_EDGE ( 'NONE', *, *, #2541, .T. ) ;
#6052 = DIRECTION ( 'NONE',  ( -0.000000000000000000, -1.000000000000000000, -0.000000000000000000 ) ) ;
#6053 = VERTEX_POINT ( 'NONE', #11601 ) ;
#6054 = MANIFOLD_SOLID_BREP ( 'Verrundung6', #5706 ) ;
#6055 = DIRECTION ( 'NONE',  ( 0.000000000000000000, 0.000000000000000000, -1.000000000000000000 ) ) ;
#6056 = DIRECTION ( 'NONE',  ( 1.000000000000000000, 0.000000000000000000, 6.999854048275122104E-16 ) ) ;
#6057 = EDGE_LOOP ( 'NONE', ( #10494, #4865 ) ) ;
#6058 = DIRECTION ( 'NONE',  ( -0.000000000000000000, 1.000000000000000000, -0.000000000000000000 ) ) ;
#6059 = DIRECTION ( 'NONE',  ( 0.000000000000000000, 1.000000000000000000, -0.000000000000000000 ) ) ;
#6060 = CARTESIAN_POINT ( 'NONE',  ( 39.99999999999999289, 11.00000000000000000, -14.00000000000000000 ) ) ;
#6061 = DIRECTION ( 'NONE',  ( 0.000000000000000000, 0.000000000000000000, -1.000000000000000000 ) ) ;
#6062 = ORIENTED_EDGE ( 'NONE', *, *, #10349, .F. ) ;
#6063 = ORIENTED_EDGE ( 'NONE', *, *, #8943, .F. ) ;
#6064 = DIRECTION ( 'NONE',  ( 0.000000000000000000, 1.000000000000000000, 0.000000000000000000 ) ) ;
#6065 = CARTESIAN_POINT ( 'NONE',  ( 44.50000000000000000, 11.00000000000000000, -19.99999999999994316 ) ) ;
#6066 = DIRECTION ( 'NONE',  ( -0.000000000000000000, -1.000000000000000000, -0.000000000000000000 ) ) ;
#6067 = CARTESIAN_POINT ( 'NONE',  ( 49.48185900165483275, 11.00000000000000000, -38.81038749811947497 ) ) ;
#6068 = FACE_OUTER_BOUND ( 'NONE', #8552, .T. ) ;
#6069 = ORIENTED_EDGE ( 'NONE', *, *, #9178, .F. ) ;
#6070 = AXIS2_PLACEMENT_3D ( 'NONE', #5871, #5061, #1000 ) ;
#6071 = DIRECTION ( 'NONE',  ( 0.000000000000000000, 1.000000000000000000, 0.000000000000000000 ) ) ;
#6072 = DIRECTION ( 'NONE',  ( -0.000000000000000000, -1.000000000000000000, -0.000000000000000000 ) ) ;
#6073 = EDGE_CURVE ( 'NONE', #9515, #7746, #1470, .T. ) ;
#6074 = CARTESIAN_POINT ( 'NONE',  ( 53.50000000000000000, 11.00000000000000000, -43.39999999999999858 ) ) ;
#6075 = ORIENTED_EDGE ( 'NONE', *, *, #482, .F. ) ;
#6076 = ORIENTED_EDGE ( 'NONE', *, *, #1649, .T. ) ;
#6077 = DIRECTION ( 'NONE',  ( 3.352801296355066075E-17, 0.000000000000000000, 1.000000000000000000 ) ) ;
#6078 = EDGE_CURVE ( 'NONE', #411, #3167, #5836, .T. ) ;
#6079 = CARTESIAN_POINT ( 'NONE',  ( 3.000000000000002665, 9.799999999999998934, 0.000000000000000000 ) ) ;
#6080 = ORIENTED_EDGE ( 'NONE', *, *, #2842, .F. ) ;
#6081 = CARTESIAN_POINT ( 'NONE',  ( 63.49999999999998579, 11.00000000000000000, -16.49999999999993250 ) ) ;
#6082 = CARTESIAN_POINT ( 'NONE',  ( 28.00000000000000355, 2.000000000000000000, 0.000000000000000000 ) ) ;
#6083 = ORIENTED_EDGE ( 'NONE', *, *, #1705, .F. ) ;
#6084 = FACE_BOUND ( 'NONE', #3232, .T. ) ;
#6085 = CARTESIAN_POINT ( 'NONE',  ( 63.49999999999998579, 2.000000000000000000, -16.49999999999993250 ) ) ;
#6086 = CARTESIAN_POINT ( 'NONE',  ( 25.63015151901667465, 9.799999999999998934, -38.50000000000000711 ) ) ;
#6087 = EDGE_LOOP ( 'NONE', ( #5428, #4138 ) ) ;
#6088 = ADVANCED_FACE ( 'NONE', ( #4054 ), #3813, .T. ) ;
#6089 = DIRECTION ( 'NONE',  ( 0.000000000000000000, -0.000000000000000000, 1.000000000000000000 ) ) ;
#6090 = CARTESIAN_POINT ( 'NONE',  ( 72.49999999999994316, 11.00000000000000000, -26.49999999999998934 ) ) ;
#6091 = ORIENTED_EDGE ( 'NONE', *, *, #663, .F. ) ;
#6092 = EDGE_LOOP ( 'NONE', ( #8938, #4059, #295, #8568 ) ) ;
#6093 = DIRECTION ( 'NONE',  ( 0.000000000000000000, 0.000000000000000000, -1.000000000000000000 ) ) ;
#6094 = AXIS2_PLACEMENT_3D ( 'NONE', #6593, #8815, #10774 ) ;
#6095 = EDGE_CURVE ( 'NONE', #8905, #360, #7310, .T. ) ;
#6096 = DIRECTION ( 'NONE',  ( 0.000000000000000000, 1.000000000000000000, 0.000000000000000000 ) ) ;
#6097 = VERTEX_POINT ( 'NONE', #7665 ) ;
#6098 = DIRECTION ( 'NONE',  ( 0.000000000000000000, -0.000000000000000000, 1.000000000000000000 ) ) ;
#6099 = CARTESIAN_POINT ( 'NONE',  ( 48.49999999999999289, 11.00000000000000000, -30.99999999999992539 ) ) ;
#6100 = AXIS2_PLACEMENT_3D ( 'NONE', #9887, #6136, #8106 ) ;
#6101 = DIRECTION ( 'NONE',  ( 0.000000000000000000, -0.000000000000000000, 1.000000000000000000 ) ) ;
#6102 = VERTEX_POINT ( 'NONE', #3042 ) ;
#6103 = DIRECTION ( 'NONE',  ( 0.000000000000000000, 0.000000000000000000, 1.000000000000000000 ) ) ;
#6104 = ORIENTED_EDGE ( 'NONE', *, *, #11221, .F. ) ;
#6105 = DIRECTION ( 'NONE',  ( 0.000000000000000000, 1.000000000000000000, 0.000000000000000000 ) ) ;
#6106 = AXIS2_PLACEMENT_3D ( 'NONE', #2829, #6614, #984 ) ;
#6107 = EDGE_CURVE ( 'NONE', #441, #9889, #2105, .T. ) ;
#6108 = CARTESIAN_POINT ( 'NONE',  ( 20.99999999999990052, 2.000000000000000000, -34.49999999999998579 ) ) ;
#6109 = ADVANCED_FACE ( 'NONE', ( #7790 ), #4882, .T. ) ;
#6110 = VECTOR ( 'NONE', #1240, 1000.000000000000000 ) ;
#6111 = VERTEX_POINT ( 'NONE', #5016 ) ;
#6112 = ORIENTED_EDGE ( 'NONE', *, *, #1945, .T. ) ;
#6113 = EDGE_LOOP ( 'NONE', ( #278, #2617, #2024, #4972 ) ) ;
#6114 = AXIS2_PLACEMENT_3D ( 'NONE', #5346, #8258, #4514 ) ;
#6115 = FACE_OUTER_BOUND ( 'NONE', #4213, .T. ) ;
#6116 = FACE_OUTER_BOUND ( 'NONE', #2166, .T. ) ;
#6117 = LINE ( 'NONE', #4931, #4250 ) ;
#6118 = DIRECTION ( 'NONE',  ( 0.000000000000000000, 1.000000000000000000, 0.000000000000000000 ) ) ;
#6119 = VERTEX_POINT ( 'NONE', #3931 ) ;
#6120 = CIRCLE ( 'NONE', #4302, 0.9999999999999974465 ) ;
#6121 = ORIENTED_EDGE ( 'NONE', *, *, #83, .T. ) ;
#6122 = EDGE_CURVE ( 'NONE', #9606, #7724, #959, .T. ) ;
#6123 = FACE_OUTER_BOUND ( 'NONE', #7808, .T. ) ;
#6124 = DIRECTION ( 'NONE',  ( -0.000000000000000000, 1.000000000000000000, 0.000000000000000000 ) ) ;
#6125 = DIRECTION ( 'NONE',  ( 0.000000000000000000, 0.000000000000000000, -1.000000000000000000 ) ) ;
#6126 = VECTOR ( 'NONE', #10250, 1000.000000000000000 ) ;
#6127 = FACE_OUTER_BOUND ( 'NONE', #2528, .T. ) ;
#6128 = AXIS2_PLACEMENT_3D ( 'NONE', #219, #9921, #3147 ) ;
#6129 = AXIS2_PLACEMENT_3D ( 'NONE', #6074, #382, #3370 ) ;
#6130 = VERTEX_POINT ( 'NONE', #7912 ) ;
#6131 = DIRECTION ( 'NONE',  ( 0.000000000000000000, 0.000000000000000000, 1.000000000000000000 ) ) ;
#6132 = AXIS2_PLACEMENT_3D ( 'NONE', #5489, #6307, #10180 ) ;
#6133 = ORIENTED_EDGE ( 'NONE', *, *, #4933, .T. ) ;
#6134 = DIRECTION ( 'NONE',  ( 0.000000000000000000, 0.000000000000000000, -1.000000000000000000 ) ) ;
#6136 = DIRECTION ( 'NONE',  ( 0.000000000000000000, 1.000000000000000000, 0.000000000000000000 ) ) ;
#6135 = AXIS2_PLACEMENT_3D ( 'NONE', #4397, #10226, #8268 ) ;
#6137 = AXIS2_PLACEMENT_3D ( 'NONE', #1066, #4873, #1132 ) ;
#6138 = DIRECTION ( 'NONE',  ( 0.000000000000000000, 1.000000000000000000, 0.000000000000000000 ) ) ;
#6139 = ORIENTED_EDGE ( 'NONE', *, *, #1774, .F. ) ;
#6140 = EDGE_LOOP ( 'NONE', ( #806, #6224 ) ) ;
#6141 = DIRECTION ( 'NONE',  ( 0.000000000000000000, 0.000000000000000000, 1.000000000000000000 ) ) ;
#6142 = DIRECTION ( 'NONE',  ( 0.000000000000000000, 0.000000000000000000, -1.000000000000000000 ) ) ;
#6143 = CIRCLE ( 'NONE', #7766, 0.9999999999999974465 ) ;
#6144 = CIRCLE ( 'NONE', #5941, 0.9999999999999974465 ) ;
#6145 = CIRCLE ( 'NONE', #698, 0.9999999999999974465 ) ;
#6146 = ADVANCED_FACE ( 'NONE', ( #11671 ), #12537, .T. ) ;
#6147 = CARTESIAN_POINT ( 'NONE',  ( 67.99999999999998579, 11.00000000000000000, -10.99999999999996803 ) ) ;
#6148 = DIRECTION ( 'NONE',  ( -0.000000000000000000, -1.000000000000000000, -0.000000000000000000 ) ) ;
#6149 = FACE_BOUND ( 'NONE', #12188, .T. ) ;
#6150 = ADVANCED_FACE ( 'NONE', ( #10837 ), #6960, .T. ) ;
#6151 = DIRECTION ( 'NONE',  ( 0.000000000000000000, 1.000000000000000000, 0.000000000000000000 ) ) ;
#6152 = CARTESIAN_POINT ( 'NONE',  ( 27.36984848098348522, 11.00000000000000000, -5.499999999999992895 ) ) ;
#6153 = VECTOR ( 'NONE', #6362, 1000.000000000000000 ) ;
#6154 = ORIENTED_EDGE ( 'NONE', *, *, #8747, .F. ) ;
#6155 = DIRECTION ( 'NONE',  ( -0.000000000000000000, 1.000000000000000000, -0.000000000000000000 ) ) ;
#6156 = PLANE ( 'NONE',  #8565 ) ;
#6157 = EDGE_LOOP ( 'NONE', ( #2697, #1007, #2406, #7220 ) ) ;
#6158 = ORIENTED_EDGE ( 'NONE', *, *, #3226, .F. ) ;
#6159 = ORIENTED_EDGE ( 'NONE', *, *, #9156, .T. ) ;
#6160 = AXIS2_PLACEMENT_3D ( 'NONE', #8479, #12375, #6480 ) ;
#6161 = VERTEX_POINT ( 'NONE', #9642 ) ;
#6162 = LINE ( 'NONE', #3130, #7976 ) ;
#6163 = AXIS2_PLACEMENT_3D ( 'NONE', #3779, #1818, #11565 ) ;
#6164 = DIRECTION ( 'NONE',  ( -0.000000000000000000, -1.000000000000000000, -0.000000000000000000 ) ) ;
#6165 = VECTOR ( 'NONE', #2503, 1000.000000000000000 ) ;
#6166 = FACE_BOUND ( 'NONE', #2865, .T. ) ;
#6167 = VECTOR ( 'NONE', #5108, 1000.000000000000000 ) ;
#6168 = CARTESIAN_POINT ( 'NONE',  ( 31.70538416267119786, 11.00000000000000000, -39.97868143219528747 ) ) ;
#6169 = EDGE_CURVE ( 'NONE', #7298, #969, #4824, .T. ) ;
#6170 = DIRECTION ( 'NONE',  ( 0.000000000000000000, 1.000000000000000000, 0.000000000000000000 ) ) ;
#6171 = VERTEX_POINT ( 'NONE', #2990 ) ;
#6172 = CARTESIAN_POINT ( 'NONE',  ( 67.99999999999990052, 11.00000000000000000, -39.99999999999995026 ) ) ;
#6173 = EDGE_LOOP ( 'NONE', ( #4556, #2106, #4959, #391 ) ) ;
#6174 = CARTESIAN_POINT ( 'NONE',  ( 17.92658080778186047, 11.00000000000000000, -3.000063337055368873 ) ) ;
#6175 = DIRECTION ( 'NONE',  ( -6.999854048275122104E-16, 0.000000000000000000, 1.000000000000000000 ) ) ;
#6176 = AXIS2_PLACEMENT_3D ( 'NONE', #7157, #10027, #7087 ) ;
#6177 = EDGE_CURVE ( 'NONE', #8858, #3366, #5505, .T. ) ;
#6179 = EDGE_CURVE ( 'NONE', #2460, #3999, #442, .T. ) ;
#6178 = DIRECTION ( 'NONE',  ( 0.000000000000000000, 0.000000000000000000, 1.000000000000000000 ) ) ;
#6180 = CARTESIAN_POINT ( 'NONE',  ( 76.00000000000000000, 2.000000000000000000, -6.500000000000004441 ) ) ;
#6181 = ADVANCED_FACE ( 'NONE', ( #6768 ), #2289, .T. ) ;
#6182 = VECTOR ( 'NONE', #7530, 1000.000000000000000 ) ;
#6183 = DIRECTION ( 'NONE',  ( 0.000000000000000000, 0.000000000000000000, 1.000000000000000000 ) ) ;
#6184 = CARTESIAN_POINT ( 'NONE',  ( 17.92658079720860798, 9.799999999999998934, -3.000042224706366500 ) ) ;
#6185 = ORIENTED_EDGE ( 'NONE', *, *, #1862, .F. ) ;
#6186 = EDGE_LOOP ( 'NONE', ( #3524, #7803 ) ) ;
#6187 = DIRECTION ( 'NONE',  ( -0.000000000000000000, -1.000000000000000000, -0.000000000000000000 ) ) ;
#6188 = LINE ( 'NONE', #11007, #1523 ) ;
#6189 = CARTESIAN_POINT ( 'NONE',  ( 72.49999999999994316, 11.00000000000000000, -24.49999999999999289 ) ) ;
#6190 = FACE_OUTER_BOUND ( 'NONE', #3371, .T. ) ;
#6191 = VECTOR ( 'NONE', #967, 1000.000000000000000 ) ;
#6192 = LINE ( 'NONE', #2598, #8674 ) ;
#6193 = AXIS2_PLACEMENT_3D ( 'NONE', #9552, #5755, #942 ) ;
#6194 = ADVANCED_FACE ( 'NONE', ( #10954 ), #3170, .T. ) ;
#6195 = EDGE_CURVE ( 'NONE', #1760, #10490, #8173, .T. ) ;
#6196 = EDGE_CURVE ( 'NONE', #7726, #6835, #11166, .T. ) ;
#6197 = ORIENTED_EDGE ( 'NONE', *, *, #3065, .T. ) ;
#6198 = EDGE_CURVE ( 'NONE', #9381, #1074, #2364, .T. ) ;
#6199 = DIRECTION ( 'NONE',  ( 0.7071067811865500152, 0.000000000000000000, -0.7071067811865450192 ) ) ;
#6200 = ORIENTED_EDGE ( 'NONE', *, *, #6047, .T. ) ;
#6201 = DIRECTION ( 'NONE',  ( -0.000000000000000000, -1.000000000000000000, -0.000000000000000000 ) ) ;
#6202 = AXIS2_PLACEMENT_3D ( 'NONE', #2054, #9716, #7678 ) ;
#6203 = LINE ( 'NONE', #10895, #648 ) ;
#6204 = VERTEX_POINT ( 'NONE', #9065 ) ;
#6205 = DIRECTION ( 'NONE',  ( 0.000000000000000000, 1.000000000000000000, 0.000000000000000000 ) ) ;
#6206 = VERTEX_POINT ( 'NONE', #12038 ) ;
#6207 = ORIENTED_EDGE ( 'NONE', *, *, #10708, .T. ) ;
#6208 = FACE_OUTER_BOUND ( 'NONE', #4000, .T. ) ;
#6209 = FACE_OUTER_BOUND ( 'NONE', #2539, .T. ) ;
#6210 = ORIENTED_EDGE ( 'NONE', *, *, #1836, .F. ) ;
#6211 = CIRCLE ( 'NONE', #764, 0.9999999999999983347 ) ;
#6212 = CARTESIAN_POINT ( 'NONE',  ( 7.499999999999930722, 11.00000000000000000, -39.99999999999988631 ) ) ;
#6213 = AXIS2_PLACEMENT_3D ( 'NONE', #49, #4108, #9813 ) ;
#6214 = CYLINDRICAL_SURFACE ( 'NONE', #1741, 2.499999999999999556 ) ;
#6215 = ORIENTED_EDGE ( 'NONE', *, *, #5261, .T. ) ;
#6216 = DIRECTION ( 'NONE',  ( -1.000000000000000000, 0.000000000000000000, 0.000000000000000000 ) ) ;
#6217 = ORIENTED_EDGE ( 'NONE', *, *, #3439, .T. ) ;
#6218 = FACE_BOUND ( 'NONE', #9032, .T. ) ;
#6219 = ORIENTED_EDGE ( 'NONE', *, *, #9294, .F. ) ;
#6220 = CARTESIAN_POINT ( 'NONE',  ( 67.99999999999991473, 11.00000000000000000, -33.49999999999995737 ) ) ;
#6221 = DIRECTION ( 'NONE',  ( 1.315205372940911983E-16, 0.000000000000000000, -1.000000000000000000 ) ) ;
#6222 = VERTEX_POINT ( 'NONE', #11083 ) ;
#6223 = CIRCLE ( 'NONE', #4210, 1.000000000000000888 ) ;
#6224 = ORIENTED_EDGE ( 'NONE', *, *, #10209, .F. ) ;
#6225 = LINE ( 'NONE', #1427, #11647 ) ;
#6226 = ORIENTED_EDGE ( 'NONE', *, *, #381, .T. ) ;
#6227 = CARTESIAN_POINT ( 'NONE',  ( 28.52132034355956591, 9.799999999999998934, -41.32010101267765378 ) ) ;
#6228 = ORIENTED_EDGE ( 'NONE', *, *, #10759, .T. ) ;
#6229 = CARTESIAN_POINT ( 'NONE',  ( 53.54142135623730070, 9.799999999999998934, -3.499999999999993339 ) ) ;
#6230 = APPROVAL_PERSON_ORGANIZATION ( #12510, #1677, #3595 ) ;
#6231 = ORIENTED_EDGE ( 'NONE', *, *, #11384, .T. ) ;
#6232 = DIRECTION ( 'NONE',  ( 0.000000000000000000, 0.000000000000000000, 1.000000000000000000 ) ) ;
#6233 = ORIENTED_EDGE ( 'NONE', *, *, #4632, .F. ) ;
#6234 = FACE_OUTER_BOUND ( 'NONE', #880, .T. ) ;
#6235 = ORIENTED_EDGE ( 'NONE', *, *, #11913, .F. ) ;
#6236 = CARTESIAN_POINT ( 'NONE',  ( 16.49999999999996447, 11.00000000000000000, -20.99999999999996447 ) ) ;
#6237 = ORIENTED_EDGE ( 'NONE', *, *, #8371, .F. ) ;
#6238 = ORIENTED_EDGE ( 'NONE', *, *, #4432, .T. ) ;
#6239 = LINE ( 'NONE', #2701, #7152 ) ;
#6240 = EDGE_CURVE ( 'NONE', #1680, #4055, #1672, .T. ) ;
#6241 = EDGE_CURVE ( 'NONE', #5705, #2834, #3279, .T. ) ;
#6242 = DIRECTION ( 'NONE',  ( 0.000000000000000000, 1.000000000000000000, 0.000000000000000000 ) ) ;
#6243 = CARTESIAN_POINT ( 'NONE',  ( 7.500000000000041744, 2.000000000000000000, -6.499999999999906741 ) ) ;
#6244 = CARTESIAN_POINT ( 'NONE',  ( 0.9999999999999870104, 9.799999999999998934, -5.200000000000043698 ) ) ;
#6245 = CARTESIAN_POINT ( 'NONE',  ( 67.99999999999995737, 11.00000000000000000, -20.99999999999996447 ) ) ;
#6246 = ORIENTED_EDGE ( 'NONE', *, *, #3717, .T. ) ;
#6247 = ORIENTED_EDGE ( 'NONE', *, *, #781, .F. ) ;
#6248 = CYLINDRICAL_SURFACE ( 'NONE', #8773, 1.000000000000000888 ) ;
#6249 = EDGE_CURVE ( 'NONE', #6819, #9109, #6203, .T. ) ;
#6250 = CARTESIAN_POINT ( 'NONE',  ( 4.000000000000000888, 2.000000000000000000, -43.50000000000000000 ) ) ;
#6251 = CARTESIAN_POINT ( 'NONE',  ( 72.49999999999990052, 2.000000000000000000, -33.49999999999998579 ) ) ;
#6252 = DIRECTION ( 'NONE',  ( 0.000000000000000000, 1.000000000000000000, 0.000000000000000000 ) ) ;
#6253 = EDGE_CURVE ( 'NONE', #3110, #11789, #3484, .T. ) ;
#6254 = EDGE_CURVE ( 'NONE', #8125, #2776, #11981, .T. ) ;
#6255 = FACE_OUTER_BOUND ( 'NONE', #9324, .T. ) ;
#6256 = PLANE ( 'NONE',  #10451 ) ;
#6257 = VERTEX_POINT ( 'NONE', #8241 ) ;
#6258 = DIRECTION ( 'NONE',  ( -0.000000000000000000, -1.000000000000000000, -0.000000000000000000 ) ) ;
#6259 = DIRECTION ( 'NONE',  ( 0.000000000000000000, 1.000000000000000000, 0.000000000000000000 ) ) ;
#6260 = ORIENTED_EDGE ( 'NONE', *, *, #2025, .F. ) ;
#6261 = CIRCLE ( 'NONE', #12142, 0.9999999999999974465 ) ;
#6262 = LINE ( 'NONE', #8307, #1079 ) ;
#6263 = EDGE_CURVE ( 'NONE', #6018, #8607, #7520, .T. ) ;
#6264 = VERTEX_POINT ( 'NONE', #1404 ) ;
#6265 = EDGE_LOOP ( 'NONE', ( #3762, #12514, #9971, #4676 ) ) ;
#6266 = CARTESIAN_POINT ( 'NONE',  ( 16.49999999999993960, 2.000000000000000000, -28.99999999999996092 ) ) ;
#6267 = EDGE_CURVE ( 'NONE', #12056, #8126, #4083, .T. ) ;
#6268 = CARTESIAN_POINT ( 'NONE',  ( 67.99999999999998579, 2.000000000000000000, -10.99999999999996803 ) ) ;
#6269 = ORIENTED_EDGE ( 'NONE', *, *, #12052, .F. ) ;
#6270 = EDGE_CURVE ( 'NONE', #5149, #11748, #12373, .T. ) ;
#6271 = VERTEX_POINT ( 'NONE', #380 ) ;
#6272 = DIRECTION ( 'NONE',  ( -0.000000000000000000, -1.000000000000000000, -0.000000000000000000 ) ) ;
#6273 = AXIS2_PLACEMENT_3D ( 'NONE', #9587, #4065, #3120 ) ;
#6274 = AXIS2_PLACEMENT_3D ( 'NONE', #9045, #1251, #3216 ) ;
#6275 = DIRECTION ( 'NONE',  ( -0.000000000000000000, -1.000000000000000000, -0.000000000000000000 ) ) ;
#6276 = CYLINDRICAL_SURFACE ( 'NONE', #4394, 2.799999999999996270 ) ;
#6277 = CARTESIAN_POINT ( 'NONE',  ( 53.50000000000000000, 11.00000000000000000, -37.29999999999996874 ) ) ;
#6278 = VERTEX_POINT ( 'NONE', #10131 ) ;
#6279 = CYLINDRICAL_SURFACE ( 'NONE', #7122, 1.000000000000000888 ) ;
#6280 = CARTESIAN_POINT ( 'NONE',  ( 20.99999999999991473, 2.000000000000000000, -29.99999999999998934 ) ) ;
#6281 = ORIENTED_EDGE ( 'NONE', *, *, #5060, .T. ) ;
#6282 = VERTEX_POINT ( 'NONE', #12105 ) ;
#6283 = CYLINDRICAL_SURFACE ( 'NONE', #5176, 1.000000000000000888 ) ;
#6284 = EDGE_CURVE ( 'NONE', #6119, #3110, #7215, .T. ) ;
#6285 = AXIS2_PLACEMENT_3D ( 'NONE', #3085, #169, #7899 ) ;
#6286 = PLANE ( 'NONE',  #5601 ) ;
#6287 = ORIENTED_EDGE ( 'NONE', *, *, #2238, .F. ) ;
#6288 = ORIENTED_EDGE ( 'NONE', *, *, #9298, .F. ) ;
#6289 = CARTESIAN_POINT ( 'NONE',  ( 63.49999999999991473, 2.000000000000000000, -38.99999999999992184 ) ) ;
#6290 = ORIENTED_EDGE ( 'NONE', *, *, #3173, .F. ) ;
#6291 = FACE_OUTER_BOUND ( 'NONE', #927, .T. ) ;
#6292 = VERTEX_POINT ( 'NONE', #7077 ) ;
#6293 = CARTESIAN_POINT ( 'NONE',  ( 59.00000000000000711, 11.00000000000000000, -17.49999999999990052 ) ) ;
#6294 = ORIENTED_EDGE ( 'NONE', *, *, #397, .T. ) ;
#6295 = DIRECTION ( 'NONE',  ( 0.000000000000000000, 0.000000000000000000, 1.000000000000000000 ) ) ;
#6296 = ORIENTED_EDGE ( 'NONE', *, *, #11221, .T. ) ;
#6297 = ORIENTED_EDGE ( 'NONE', *, *, #2170, .T. ) ;
#6298 = CARTESIAN_POINT ( 'NONE',  ( 11.99999999999998934, 2.000000000000000000, -17.49999999999992895 ) ) ;
#6299 = AXIS2_PLACEMENT_3D ( 'NONE', #6515, #7416, #10471 ) ;
#6300 = CARTESIAN_POINT ( 'NONE',  ( 40.00000000000000000, 11.00000000000000000, -9.749999999999953815 ) ) ;
#6301 = EDGE_CURVE ( 'NONE', #3985, #8335, #6500, .T. ) ;
#6302 = DIRECTION ( 'NONE',  ( 0.000000000000000000, 0.000000000000000000, 1.000000000000000000 ) ) ;
#6303 = PLANE ( 'NONE',  #345 ) ;
#6304 = CARTESIAN_POINT ( 'NONE',  ( 48.49999999999999289, 11.00000000000000000, -11.99999999999993072 ) ) ;
#6305 = ORIENTED_EDGE ( 'NONE', *, *, #10753, .T. ) ;
#6306 = VERTEX_POINT ( 'NONE', #4114 ) ;
#6307 = DIRECTION ( 'NONE',  ( 0.000000000000000000, 1.000000000000000000, 0.000000000000000000 ) ) ;
#6308 = CIRCLE ( 'NONE', #7929, 0.9999999999999974465 ) ;
#6309 = CARTESIAN_POINT ( 'NONE',  ( 54.36984848098349232, 11.00000000000000000, -5.499999999999992895 ) ) ;
#6310 = CARTESIAN_POINT ( 'NONE',  ( 4.000000000000005329, 2.000000000000000000, -6.500000000000000888 ) ) ;
#6311 = DIRECTION ( 'NONE',  ( 0.000000000000000000, 0.000000000000000000, -1.000000000000000000 ) ) ;
#6312 = CARTESIAN_POINT ( 'NONE',  ( 26.50000000000000000, 0.000000000000000000, -41.70000000000000995 ) ) ;
#6313 = ORIENTED_EDGE ( 'NONE', *, *, #9577, .T. ) ;
#6314 = VECTOR ( 'NONE', #9246, 1000.000000000000000 ) ;
#6315 = EDGE_CURVE ( 'NONE', #3128, #4717, #5215, .T. ) ;
#6316 = FACE_OUTER_BOUND ( 'NONE', #483, .T. ) ;
#6317 = ORIENTED_EDGE ( 'NONE', *, *, #6932, .F. ) ;
#6318 = EDGE_CURVE ( 'NONE', #8661, #1304, #11136, .T. ) ;
#6319 = LINE ( 'NONE', #10193, #567 ) ;
#6320 = DIRECTION ( 'NONE',  ( -0.7071067811865483499, 0.000000000000000000, -0.7071067811865467956 ) ) ;
#6321 = ORIENTED_EDGE ( 'NONE', *, *, #10151, .T. ) ;
#6322 = AXIS2_PLACEMENT_3D ( 'NONE', #9325, #4451, #5408 ) ;
#6323 = DIRECTION ( 'NONE',  ( -0.000000000000000000, -1.000000000000000000, -0.000000000000000000 ) ) ;
#6324 = ORIENTED_EDGE ( 'NONE', *, *, #43, .F. ) ;
#6325 = DIRECTION ( 'NONE',  ( 0.000000000000000000, 0.000000000000000000, -1.000000000000000000 ) ) ;
#6326 = AXIS2_PLACEMENT_3D ( 'NONE', #6280, #1362, #4259 ) ;
#6327 = DIRECTION ( 'NONE',  ( -0.000000000000000000, -1.000000000000000000, -0.000000000000000000 ) ) ;
#6328 = ORIENTED_EDGE ( 'NONE', *, *, #4230, .T. ) ;
#6329 = ADVANCED_FACE ( 'NONE', ( #627 ), #7334, .F. ) ;
#6330 = AXIS2_PLACEMENT_3D ( 'NONE', #1517, #11184, #3600 ) ;
#6331 = EDGE_LOOP ( 'NONE', ( #10611, #5332, #2764, #9243 ) ) ;
#6332 = CARTESIAN_POINT ( 'NONE',  ( 7.499999999999992895, 11.00000000000000000, -20.99999999999990052 ) ) ;
#6333 = CARTESIAN_POINT ( 'NONE',  ( 13.50000000000000000, 5.000000000000000000, 1.114428587224088704E-15 ) ) ;
#6335 = EDGE_CURVE ( 'NONE', #4466, #2178, #2080, .T. ) ;
#6334 = AXIS2_PLACEMENT_3D ( 'NONE', #5409, #1483, #5347 ) ;
#6336 = EDGE_CURVE ( 'NONE', #2856, #12501, #9155, .T. ) ;
#6337 = FACE_OUTER_BOUND ( 'NONE', #10976, .T. ) ;
#6338 = CARTESIAN_POINT ( 'NONE',  ( 58.99999999999995737, 11.00000000000000000, -28.99999999999989697 ) ) ;
#6339 = ORIENTED_EDGE ( 'NONE', *, *, #9802, .T. ) ;
#6340 = DIRECTION ( 'NONE',  ( 0.000000000000000000, 1.000000000000000000, 0.000000000000000000 ) ) ;
#6341 = LINE ( 'NONE', #3315, #8157 ) ;
#6342 = ORIENTED_EDGE ( 'NONE', *, *, #5634, .T. ) ;
#6343 = ORIENTED_EDGE ( 'NONE', *, *, #9724, .T. ) ;
#6344 = CARTESIAN_POINT ( 'NONE',  ( 72.49999999999995737, 11.00000000000000000, -20.99999999999999289 ) ) ;
#6345 = CIRCLE ( 'NONE', #2522, 0.9999999999999974465 ) ;
#6346 = CARTESIAN_POINT ( 'NONE',  ( 38.47228714274736916, 9.799999999999998934, -44.19999999999999574 ) ) ;
#6347 = CIRCLE ( 'NONE', #496, 3.000000000000009770 ) ;
#6348 = ADVANCED_FACE ( 'NONE', ( #1777 ), #6381, .T. ) ;
#6349 = AXIS2_PLACEMENT_3D ( 'NONE', #3034, #8734, #8677 ) ;
#6350 = VERTEX_POINT ( 'NONE', #9256 ) ;
#6351 = VERTEX_POINT ( 'NONE', #11328 ) ;
#6352 = DIRECTION ( 'NONE',  ( 0.000000000000000000, -0.000000000000000000, 1.000000000000000000 ) ) ;
#6353 = CARTESIAN_POINT ( 'NONE',  ( 28.00000000000000355, 11.00000000000000000, -9.819595949289304571 ) ) ;
#6354 = EDGE_CURVE ( 'NONE', #10153, #8512, #3669, .T. ) ;
#6355 = VERTEX_POINT ( 'NONE', #8305 ) ;
#6356 = AXIS2_PLACEMENT_3D ( 'NONE', #2905, #4677, #4867 ) ;
#6357 = DIRECTION ( 'NONE',  ( -0.000000000000000000, -0.000000000000000000, 1.000000000000000000 ) ) ;
#6358 = ORIENTED_EDGE ( 'NONE', *, *, #1442, .T. ) ;
#6359 = DIRECTION ( 'NONE',  ( -0.7071067811865513475, 0.000000000000000000, 0.7071067811865437980 ) ) ;
#6360 = EDGE_LOOP ( 'NONE', ( #6474, #797, #7490, #2439 ) ) ;
#6361 = ORIENTED_EDGE ( 'NONE', *, *, #716, .T. ) ;
#6362 = DIRECTION ( 'NONE',  ( -0.000000000000000000, -1.000000000000000000, -0.000000000000000000 ) ) ;
#6363 = CIRCLE ( 'NONE', #2540, 3.599999999999997424 ) ;
#6364 = AXIS2_PLACEMENT_3D ( 'NONE', #4222, #10996, #1385 ) ;
#6365 = DIRECTION ( 'NONE',  ( -0.000000000000000000, -1.000000000000000000, -0.000000000000000000 ) ) ;
#6366 = DIRECTION ( 'NONE',  ( 0.000000000000000000, 0.000000000000000000, 1.000000000000000000 ) ) ;
#6367 = LINE ( 'NONE', #11955, #11485 ) ;
#6368 = ORIENTED_EDGE ( 'NONE', *, *, #3508, .T. ) ;
#6369 = ORIENTED_EDGE ( 'NONE', *, *, #10462, .T. ) ;
#6370 = VECTOR ( 'NONE', #11813, 1000.000000000000000 ) ;
#6371 = CARTESIAN_POINT ( 'NONE',  ( 59.00000000000001421, 11.00000000000000000, -10.99999999999990585 ) ) ;
#6372 = CARTESIAN_POINT ( 'NONE',  ( 0.9999999999999870104, 9.799999999999998934, -2.762250190341694227E-14 ) ) ;
#6373 = DIRECTION ( 'NONE',  ( -0.000000000000000000, -1.000000000000000000, -0.000000000000000000 ) ) ;
#6374 = CARTESIAN_POINT ( 'NONE',  ( 7.499999999999944045, 11.00000000000000000, -34.49999999999989342 ) ) ;
#6375 = ORIENTED_EDGE ( 'NONE', *, *, #7, .F. ) ;
#6376 = CIRCLE ( 'NONE', #10638, 2.799999999999990052 ) ;
#6377 = FACE_BOUND ( 'NONE', #9781, .T. ) ;
#6378 = DIRECTION ( 'NONE',  ( -1.000000000000000000, 0.000000000000000000, 7.534230757946422568E-17 ) ) ;
#6379 = EDGE_LOOP ( 'NONE', ( #3108, #7624 ) ) ;
#6380 = DIRECTION ( 'NONE',  ( 0.000000000000000000, -0.000000000000000000, 1.000000000000000000 ) ) ;
#6381 = CYLINDRICAL_SURFACE ( 'NONE', #9343, 0.9999999999999974465 ) ;
#6382 = EDGE_LOOP ( 'NONE', ( #5961, #6235, #1272, #2004 ) ) ;
#6383 = AXIS2_PLACEMENT_3D ( 'NONE', #7800, #11680, #6524 ) ;
#6384 = DIRECTION ( 'NONE',  ( -0.000000000000000000, -1.000000000000000000, -0.000000000000000000 ) ) ;
#6385 = CARTESIAN_POINT ( 'NONE',  ( 44.50000000000000000, 2.000000000000000000, -34.49999999999994316 ) ) ;
#6386 = PLANE ( 'NONE',  #10832 ) ;
#6387 = EDGE_CURVE ( 'NONE', #10112, #1515, #4703, .T. ) ;
#6388 = DIRECTION ( 'NONE',  ( 0.000000000000000000, 0.000000000000000000, 1.000000000000000000 ) ) ;
#6389 = EDGE_CURVE ( 'NONE', #11598, #9931, #11159, .T. ) ;
#6390 = EDGE_CURVE ( 'NONE', #7460, #11051, #6308, .T. ) ;
#6391 = EDGE_LOOP ( 'NONE', ( #6324, #7042, #10487, #3312, #9773, #3081, #9762, #9200, #7171, #6051, #1624, #5209, #6368, #10587, #1921, #8024, #1839, #6927, #11848, #6958, #7034, #4921, #869, #11024, #9429, #2450, #9966, #7327, #7812, #7699, #5086, #6305, #331, #3534, #8644, #4943, #1914, #3897, #8119, #3570, #8813, #5245, #7435, #8821, #9559, #8725, #11973, #9501, #10168, #6297, #9274, #5495, #5117, #6313, #6594, #2453 ) ) ;
#6392 = DIRECTION ( 'NONE',  ( -0.000000000000000000, 1.000000000000000000, -0.000000000000000000 ) ) ;
#6393 = DIRECTION ( 'NONE',  ( 0.000000000000000000, 0.000000000000000000, 1.000000000000000000 ) ) ;
#6394 = FACE_OUTER_BOUND ( 'NONE', #8091, .T. ) ;
#6395 = CARTESIAN_POINT ( 'NONE',  ( 74.55677228167498072, 9.799999999999998934, -44.75470390403734200 ) ) ;
#6396 = ORIENTED_EDGE ( 'NONE', *, *, #5287, .F. ) ;
#6397 = CYLINDRICAL_SURFACE ( 'NONE', #11591, 4.200000000000036593 ) ;
#6398 = CARTESIAN_POINT ( 'NONE',  ( 44.50000000000000000, 11.00000000000000000, -6.499999999999943157 ) ) ;
#6399 = ORIENTED_EDGE ( 'NONE', *, *, #5659, .F. ) ;
#6400 = ORIENTED_EDGE ( 'NONE', *, *, #12322, .T. ) ;
#6401 = ORIENTED_EDGE ( 'NONE', *, *, #7941, .T. ) ;
#6402 = AXIS2_PLACEMENT_3D ( 'NONE', #4267, #9283, #4214 ) ;
#6403 = CARTESIAN_POINT ( 'NONE',  ( 54.00000000000000000, 11.00000000000000000, -32.14999999999999858 ) ) ;
#6404 = CARTESIAN_POINT ( 'NONE',  ( 16.49999999999989697, 2.000000000000000000, -38.99999999999995026 ) ) ;
#6405 = VECTOR ( 'NONE', #12053, 1000.000000000000000 ) ;
#6406 = EDGE_CURVE ( 'NONE', #2675, #4161, #2487, .T. ) ;
#6407 = EDGE_CURVE ( 'NONE', #3073, #4899, #2496, .T. ) ;
#6408 = VERTEX_POINT ( 'NONE', #12397 ) ;
#6409 = CARTESIAN_POINT ( 'NONE',  ( 67.99999999999991473, 11.00000000000000000, -35.49999999999996447 ) ) ;
#6410 = EDGE_CURVE ( 'NONE', #8184, #11025, #11792, .T. ) ;
#6411 = DIRECTION ( 'NONE',  ( 0.000000000000000000, 0.000000000000000000, -1.000000000000000000 ) ) ;
#6412 = AXIS2_PLACEMENT_3D ( 'NONE', #4953, #10716, #56 ) ;
#6413 = CARTESIAN_POINT ( 'NONE',  ( 0.000000000000000000, 11.00000000000000000, -47.19999999999999574 ) ) ;
#6414 = ORIENTED_EDGE ( 'NONE', *, *, #7889, .T. ) ;
#6415 = CARTESIAN_POINT ( 'NONE',  ( 59.95088259632437655, 11.00000000000000000, -3.878763859303819395 ) ) ;
#6416 = VECTOR ( 'NONE', #5085, 1000.000000000000000 ) ;
#6417 = ORIENTED_EDGE ( 'NONE', *, *, #8144, .F. ) ;
#6418 = ORIENTED_EDGE ( 'NONE', *, *, #7432, .T. ) ;
#6419 = CARTESIAN_POINT ( 'NONE',  ( 44.50000000000000000, 11.00000000000000000, -17.49999999999993960 ) ) ;
#6420 = ADVANCED_FACE ( 'NONE', ( #6574 ), #10457, .F. ) ;
#6421 = EDGE_LOOP ( 'NONE', ( #245, #3045, #3448, #9299 ) ) ;
#6422 = EDGE_CURVE ( 'NONE', #12258, #7695, #3612, .T. ) ;
#6423 = ADVANCED_FACE ( 'NONE', ( #2548 ), #10265, .T. ) ;
#6424 = AXIS2_PLACEMENT_3D ( 'NONE', #763, #571, #8239 ) ;
#6425 = CARTESIAN_POINT ( 'NONE',  ( 48.49999999999999289, 11.00000000000000000, -25.49999999999992895 ) ) ;
#6426 = VECTOR ( 'NONE', #3554, 1000.000000000000000 ) ;
#6427 = LINE ( 'NONE', #12264, #11015 ) ;
#6428 = DIRECTION ( 'NONE',  ( 0.000000000000000000, 1.000000000000000000, -0.000000000000000000 ) ) ;
#6429 = DIRECTION ( 'NONE',  ( 2.168404344971008868E-16, 0.000000000000000000, 1.000000000000000000 ) ) ;
#6430 = EDGE_LOOP ( 'NONE', ( #3449, #1670, #6246, #10792 ) ) ;
#6431 = VECTOR ( 'NONE', #10309, 1000.000000000000000 ) ;
#6432 = VERTEX_POINT ( 'NONE', #3549 ) ;
#6433 = LINE ( 'NONE', #7262, #5927 ) ;
#6434 = DIRECTION ( 'NONE',  ( 0.000000000000000000, 0.000000000000000000, -1.000000000000000000 ) ) ;
#6435 = CIRCLE ( 'NONE', #11288, 0.9999999999999974465 ) ;
#6436 = DIRECTION ( 'NONE',  ( 0.000000000000000000, -0.000000000000000000, 1.000000000000000000 ) ) ;
#6437 = CARTESIAN_POINT ( 'NONE',  ( 48.49999999999999289, 11.00000000000000000, -34.49999999999992895 ) ) ;
#6438 = ORIENTED_EDGE ( 'NONE', *, *, #11709, .F. ) ;
#6439 = FACE_BOUND ( 'NONE', #5846, .T. ) ;
#6440 = DIRECTION ( 'NONE',  ( 0.000000000000000000, 1.000000000000000000, 0.000000000000000000 ) ) ;
#6441 = EDGE_LOOP ( 'NONE', ( #633, #8741, #7673, #1366 ) ) ;
#6442 = LINE ( 'NONE', #9437, #1996 ) ;
#6443 = CARTESIAN_POINT ( 'NONE',  ( 80.00000000000000000, 11.00000000000000000, -1.000000000000003553 ) ) ;
#6444 = EDGE_LOOP ( 'NONE', ( #10567, #8974 ) ) ;
#6445 = DIRECTION ( 'NONE',  ( 0.000000000000000000, 0.000000000000000000, 1.000000000000000000 ) ) ;
#6446 = EDGE_LOOP ( 'NONE', ( #9096, #6755 ) ) ;
#6447 = DIRECTION ( 'NONE',  ( 0.000000000000000000, 1.000000000000000000, -0.000000000000000000 ) ) ;
#6448 = DIRECTION ( 'NONE',  ( 0.000000000000000000, -1.000000000000000000, 0.000000000000000000 ) ) ;
#6449 = EDGE_LOOP ( 'NONE', ( #6062, #1213 ) ) ;
#6450 = EDGE_LOOP ( 'NONE', ( #7997, #12355 ) ) ;
#6451 = CARTESIAN_POINT ( 'NONE',  ( 46.91263709774426616, 2.000000000000000000, -4.732233047033626683 ) ) ;
#6452 = DIRECTION ( 'NONE',  ( 0.000000000000000000, 0.000000000000000000, 1.000000000000000000 ) ) ;
#6453 = ADVANCED_FACE ( 'NONE', ( #6502 ), #7401, .T. ) ;
#6454 = DIRECTION ( 'NONE',  ( -1.000000000000000000, 0.000000000000000000, -0.000000000000000000 ) ) ;
#6455 = DIRECTION ( 'NONE',  ( 0.000000000000000000, 1.000000000000000000, 0.000000000000000000 ) ) ;
#6456 = ORIENTED_EDGE ( 'NONE', *, *, #12430, .F. ) ;
#6457 = EDGE_CURVE ( 'NONE', #6943, #603, #9370, .T. ) ;
#6458 = DIRECTION ( 'NONE',  ( -0.000000000000000000, 1.000000000000000000, -0.000000000000000000 ) ) ;
#6459 = CARTESIAN_POINT ( 'NONE',  ( 40.00000000000000000, 11.00000000000000000, -9.749999999999953815 ) ) ;
#6460 = ADVANCED_FACE ( 'NONE', ( #10388 ), #2262, .T. ) ;
#6461 = ORIENTED_EDGE ( 'NONE', *, *, #7511, .T. ) ;
#6462 = ORIENTED_EDGE ( 'NONE', *, *, #9760, .T. ) ;
#6463 = VERTEX_POINT ( 'NONE', #9979 ) ;
#6464 = CARTESIAN_POINT ( 'NONE',  ( 67.99999999999995737, 11.00000000000000000, -19.99999999999996447 ) ) ;
#6465 = DIRECTION ( 'NONE',  ( 0.000000000000000000, 0.000000000000000000, -1.000000000000000000 ) ) ;
#6466 = CIRCLE ( 'NONE', #2652, 0.9999999999999974465 ) ;
#6467 = CARTESIAN_POINT ( 'NONE',  ( 44.50000000000000000, 11.00000000000000000, -20.99999999999993960 ) ) ;
#6468 = CARTESIAN_POINT ( 'NONE',  ( 11.99999999999994849, 11.00000000000000000, -29.99999999999992539 ) ) ;
#6469 = EDGE_CURVE ( 'NONE', #11392, #171, #11176, .T. ) ;
#6470 = LINE ( 'NONE', #1681, #2079 ) ;
#6471 = EDGE_LOOP ( 'NONE', ( #10355, #4034 ) ) ;
#6472 = CARTESIAN_POINT ( 'NONE',  ( -6.035042332358864028E-16, 9.799999999999998934, -2.999999999999992895 ) ) ;
#6473 = EDGE_CURVE ( 'NONE', #6097, #4646, #9918, .T. ) ;
#6474 = ORIENTED_EDGE ( 'NONE', *, *, #10443, .F. ) ;
#6475 = ORIENTED_EDGE ( 'NONE', *, *, #9671, .F. ) ;
#6476 = LINE ( 'NONE', #3646, #900 ) ;
#6477 = VERTEX_POINT ( 'NONE', #3798 ) ;
#6478 = EDGE_CURVE ( 'NONE', #3073, #8858, #5690, .T. ) ;
#6479 = CARTESIAN_POINT ( 'NONE',  ( 72.89939033455922868, 9.799999999999998934, 7.100609665440824614 ) ) ;
#6480 = DIRECTION ( 'NONE',  ( 0.000000000000000000, 0.000000000000000000, 1.000000000000000000 ) ) ;
#6481 = COORDINATED_UNIVERSAL_TIME_OFFSET ( 1, 0, .AHEAD. ) ;
#6482 = CARTESIAN_POINT ( 'NONE',  ( 79.00000000000001421, 9.799999999999998934, -2.762250190341694227E-14 ) ) ;
#6483 = ORIENTED_EDGE ( 'NONE', *, *, #6407, .T. ) ;
#6484 = ADVANCED_FACE ( 'NONE', ( #1310 ), #5056, .T. ) ;
#6485 = EDGE_CURVE ( 'NONE', #8214, #130, #5186, .T. ) ;
#6486 = ORIENTED_EDGE ( 'NONE', *, *, #8844, .F. ) ;
#6487 = CARTESIAN_POINT ( 'NONE',  ( 35.49999999999999289, 11.00000000000000000, -12.99999999999995914 ) ) ;
#6488 = AXIS2_PLACEMENT_3D ( 'NONE', #858, #10559, #10437 ) ;
#6489 = FACE_OUTER_BOUND ( 'NONE', #6854, .T. ) ;
#6490 = ORIENTED_EDGE ( 'NONE', *, *, #2116, .T. ) ;
#6491 = CARTESIAN_POINT ( 'NONE',  ( 31.50000000000000711, 11.00000000000000000, -20.99999999999997158 ) ) ;
#6492 = VECTOR ( 'NONE', #3501, 1000.000000000000000 ) ;
#6493 = LINE ( 'NONE', #9547, #5651 ) ;
#6494 = ORIENTED_EDGE ( 'NONE', *, *, #7118, .T. ) ;
#6495 = EDGE_LOOP ( 'NONE', ( #11508, #7714, #6215, #8312 ) ) ;
#6496 = AXIS2_PLACEMENT_3D ( 'NONE', #3281, #4359, #5314 ) ;
#6497 = DIRECTION ( 'NONE',  ( 0.000000000000000000, 0.000000000000000000, -1.000000000000000000 ) ) ;
#6498 = DIRECTION ( 'NONE',  ( -0.000000000000000000, 1.000000000000000000, -0.000000000000000000 ) ) ;
#6499 = ORIENTED_EDGE ( 'NONE', *, *, #11724, .F. ) ;
#6500 = CIRCLE ( 'NONE', #9753, 0.9999999999999974465 ) ;
#6501 = DIRECTION ( 'NONE',  ( -0.000000000000000000, -1.000000000000000000, -0.000000000000000000 ) ) ;
#6502 = FACE_OUTER_BOUND ( 'NONE', #6994, .T. ) ;
#6503 = ORIENTED_EDGE ( 'NONE', *, *, #1412, .F. ) ;
#6504 = FACE_OUTER_BOUND ( 'NONE', #6430, .T. ) ;
#6505 = EDGE_LOOP ( 'NONE', ( #8942, #11041 ) ) ;
#6506 = CARTESIAN_POINT ( 'NONE',  ( 34.85512985522209561, 2.000000000000000000, -4.000000000000001776 ) ) ;
#6507 = AXIS2_PLACEMENT_3D ( 'NONE', #4721, #12371, #8711 ) ;
#6508 = CARTESIAN_POINT ( 'NONE',  ( 63.50000000000000000, 11.00000000000000000, -11.99999999999993427 ) ) ;
#6509 = CIRCLE ( 'NONE', #8148, 3.599999999999992095 ) ;
#6510 = ORIENTED_EDGE ( 'NONE', *, *, #11520, .F. ) ;
#6511 = CARTESIAN_POINT ( 'NONE',  ( 53.45857864376280588, 9.799999999999998934, -40.50000000000000711 ) ) ;
#6512 = CARTESIAN_POINT ( 'NONE',  ( 44.50000000000000000, 2.000000000000000000, -11.99999999999994138 ) ) ;
#6513 = CIRCLE ( 'NONE', #6114, 2.447087127489769198 ) ;
#6514 = DIRECTION ( 'NONE',  ( 0.000000000000000000, 1.000000000000000000, 0.000000000000000000 ) ) ;
#6515 = CARTESIAN_POINT ( 'NONE',  ( 67.99999999999994316, 2.000000000000000000, -25.49999999999996092 ) ) ;
#6516 = ORIENTED_EDGE ( 'NONE', *, *, #3581, .F. ) ;
#6517 = CIRCLE ( 'NONE', #5130, 0.9999999999999974465 ) ;
#6518 = CARTESIAN_POINT ( 'NONE',  ( -7.210442578875461271E-14, 11.00000000000000000, -47.19999999999989626 ) ) ;
#6519 = CARTESIAN_POINT ( 'NONE',  ( 11.99999999999994849, 11.00000000000000000, -28.99999999999992895 ) ) ;
#6520 = VERTEX_POINT ( 'NONE', #4146 ) ;
#6521 = ORIENTED_EDGE ( 'NONE', *, *, #3661, .T. ) ;
#6522 = VERTEX_POINT ( 'NONE', #8018 ) ;
#6523 = DIRECTION ( 'NONE',  ( 1.000000000000000000, -0.000000000000000000, 0.000000000000000000 ) ) ;
#6524 = DIRECTION ( 'NONE',  ( 0.000000000000000000, 0.000000000000000000, 1.000000000000000000 ) ) ;
#6525 = AXIS2_PLACEMENT_3D ( 'NONE', #11005, #1147, #11673 ) ;
#6526 = ADVANCED_FACE ( 'NONE', ( #4812 ), #5115, .T. ) ;
#6527 = ORIENTED_EDGE ( 'NONE', *, *, #4968, .T. ) ;
#6528 = AXIS2_PLACEMENT_3D ( 'NONE', #10935, #4273, #4219 ) ;
#6529 = CIRCLE ( 'NONE', #11602, 0.9999999999999974465 ) ;
#6530 = FACE_OUTER_BOUND ( 'NONE', #3378, .T. ) ;
#6531 = ADVANCED_FACE ( 'NONE', ( #8852 ), #8614, .T. ) ;
#6532 = CARTESIAN_POINT ( 'NONE',  ( 48.49999999999999289, 11.00000000000000000, -21.99999999999992539 ) ) ;
#6533 = ORIENTED_EDGE ( 'NONE', *, *, #7511, .F. ) ;
#6534 = FACE_OUTER_BOUND ( 'NONE', #9153, .T. ) ;
#6535 = CARTESIAN_POINT ( 'NONE',  ( 64.64386001800130543, 11.00000000000000000, -49.20000000000000995 ) ) ;
#6536 = AXIS2_PLACEMENT_3D ( 'NONE', #5544, #9289, #4409 ) ;
#6537 = ORIENTED_EDGE ( 'NONE', *, *, #7268, .T. ) ;
#6538 = CYLINDRICAL_SURFACE ( 'NONE', #11372, 0.9999999999999974465 ) ;
#6539 = CARTESIAN_POINT ( 'NONE',  ( 67.50000000000000000, 5.000000000000000000, -4.000000000000003553 ) ) ;
#6540 = VERTEX_POINT ( 'NONE', #2794 ) ;
#6541 = ORIENTED_EDGE ( 'NONE', *, *, #11142, .F. ) ;
#6542 = VECTOR ( 'NONE', #1861, 1000.000000000000000 ) ;
#6543 = CARTESIAN_POINT ( 'NONE',  ( 44.50000000000000000, 11.00000000000000000, -16.49999999999994316 ) ) ;
#6544 = AXIS2_PLACEMENT_3D ( 'NONE', #9258, #11022, #11084 ) ;
#6545 = DIRECTION ( 'NONE',  ( 0.000000000000000000, 0.000000000000000000, 1.000000000000000000 ) ) ;
#6546 = EDGE_CURVE ( 'NONE', #10896, #8385, #7652, .T. ) ;
#6547 = EDGE_CURVE ( 'NONE', #3424, #10893, #5983, .T. ) ;
#6548 = VECTOR ( 'NONE', #4911, 1000.000000000000000 ) ;
#6549 = CARTESIAN_POINT ( 'NONE',  ( 57.50000000000000000, 2.000000000000000000, -10.85512985522207607 ) ) ;
#6550 = EDGE_CURVE ( 'NONE', #892, #3388, #10518, .T. ) ;
#6551 = AXIS2_PLACEMENT_3D ( 'NONE', #1005, #5686, #941 ) ;
#6552 = CIRCLE ( 'NONE', #4740, 1.699999999999993072 ) ;
#6553 = DIRECTION ( 'NONE',  ( -0.000000000000000000, 1.000000000000000000, -0.000000000000000000 ) ) ;
#6554 = FACE_OUTER_BOUND ( 'NONE', #1327, .T. ) ;
#6555 = EDGE_LOOP ( 'NONE', ( #4778, #3213, #3457, #454 ) ) ;
#6556 = ORIENTED_EDGE ( 'NONE', *, *, #11271, .T. ) ;
#6557 = AXIS2_PLACEMENT_3D ( 'NONE', #9578, #966, #3758 ) ;
#6558 = DIRECTION ( 'NONE',  ( 0.000000000000000000, 1.000000000000000000, 0.000000000000000000 ) ) ;
#6559 = CARTESIAN_POINT ( 'NONE',  ( 52.00000000000000000, 11.00000000000000000, -31.14999999999999858 ) ) ;
#6560 = VECTOR ( 'NONE', #7757, 1000.000000000000000 ) ;
#6561 = EDGE_CURVE ( 'NONE', #3872, #8600, #42, .T. ) ;
#6562 = DIRECTION ( 'NONE',  ( 0.000000000000000000, 1.000000000000000000, 0.000000000000000000 ) ) ;
#6563 = ORIENTED_EDGE ( 'NONE', *, *, #7271, .F. ) ;
#6564 = EDGE_CURVE ( 'NONE', #5424, #8277, #11762, .T. ) ;
#6565 = ORIENTED_EDGE ( 'NONE', *, *, #4547, .F. ) ;
#6566 = EDGE_CURVE ( 'NONE', #3316, #1550, #11819, .T. ) ;
#6567 = CIRCLE ( 'NONE', #512, 0.9999999999999974465 ) ;
#6568 = VERTEX_POINT ( 'NONE', #3072 ) ;
#6569 = EDGE_CURVE ( 'NONE', #4863, #8758, #6926, .T. ) ;
#6570 = DIRECTION ( 'NONE',  ( 0.000000000000000000, 1.000000000000000000, 0.000000000000000000 ) ) ;
#6571 = DIRECTION ( 'NONE',  ( 0.000000000000000000, 1.000000000000000000, 0.000000000000000000 ) ) ;
#6572 = VERTEX_POINT ( 'NONE', #12465 ) ;
#6573 = CARTESIAN_POINT ( 'NONE',  ( -1.927470528863119049E-16, 2.000000000000000000, -4.000000000000000000 ) ) ;
#6574 = FACE_OUTER_BOUND ( 'NONE', #10332, .T. ) ;
#6575 = LINE ( 'NONE', #12340, #1091 ) ;
#6576 = ORIENTED_EDGE ( 'NONE', *, *, #2875, .F. ) ;
#6577 = DIRECTION ( 'NONE',  ( -0.000000000000000000, -1.000000000000000000, -0.000000000000000000 ) ) ;
#6578 = VECTOR ( 'NONE', #9115, 1000.000000000000000 ) ;
#6579 = EDGE_CURVE ( 'NONE', #2834, #5310, #9859, .T. ) ;
#6580 = CARTESIAN_POINT ( 'NONE',  ( 11.99999999999992006, 11.00000000000000000, -38.99999999999992184 ) ) ;
#6581 = CIRCLE ( 'NONE', #1337, 0.9999999999999974465 ) ;
#6582 = ORIENTED_EDGE ( 'NONE', *, *, #11615, .T. ) ;
#6583 = ADVANCED_FACE ( 'NONE', ( #2208 ), #6691, .T. ) ;
#6584 = VERTEX_POINT ( 'NONE', #5247 ) ;
#6585 = VERTEX_POINT ( 'NONE', #541 ) ;
#6586 = CARTESIAN_POINT ( 'NONE',  ( 58.99999999999995737, 11.00000000000000000, -30.99999999999989342 ) ) ;
#6587 = VECTOR ( 'NONE', #2135, 1000.000000000000000 ) ;
#6588 = PLANE ( 'NONE',  #9641 ) ;
#6589 = EDGE_LOOP ( 'NONE', ( #5441, #5094, #11001, #1628 ) ) ;
#6590 = CIRCLE ( 'NONE', #6402, 0.9999999999999974465 ) ;
#6591 = FACE_OUTER_BOUND ( 'NONE', #5113, .T. ) ;
#6592 = VECTOR ( 'NONE', #1072, 1000.000000000000000 ) ;
#6593 = CARTESIAN_POINT ( 'NONE',  ( 48.49999999999999289, 2.000000000000000000, -16.49999999999993250 ) ) ;
#6594 = ORIENTED_EDGE ( 'NONE', *, *, #3791, .F. ) ;
#6595 = DIRECTION ( 'NONE',  ( -0.000000000000000000, -1.000000000000000000, 0.000000000000000000 ) ) ;
#6596 = DIRECTION ( 'NONE',  ( 0.000000000000000000, 1.000000000000000000, 0.000000000000000000 ) ) ;
#6597 = ORIENTED_EDGE ( 'NONE', *, *, #7429, .T. ) ;
#6598 = ORIENTED_EDGE ( 'NONE', *, *, #459, .T. ) ;
#6599 = EDGE_LOOP ( 'NONE', ( #4178, #8934, #11173, #2605 ) ) ;
#6600 = PLANE ( 'NONE',  #5557 ) ;
#6601 = CYLINDRICAL_SURFACE ( 'NONE', #12455, 0.9999999999999974465 ) ;
#6602 = AXIS2_PLACEMENT_3D ( 'NONE', #12394, #10705, #9688 ) ;
#6603 = CARTESIAN_POINT ( 'NONE',  ( 52.00000000000000000, 11.00000000000000000, -9.819595949289308123 ) ) ;
#6604 = DIRECTION ( 'NONE',  ( -0.000000000000000000, -1.000000000000000000, -0.000000000000000000 ) ) ;
#6605 = ORIENTED_EDGE ( 'NONE', *, *, #5339, .T. ) ;
#6606 = PLANE ( 'NONE',  #2388 ) ;
#6607 = LINE ( 'NONE', #5666, #5053 ) ;
#6608 = VERTEX_POINT ( 'NONE', #8278 ) ;
#6609 = DIRECTION ( 'NONE',  ( 0.000000000000000000, 0.000000000000000000, 1.000000000000000000 ) ) ;
#6610 = FACE_OUTER_BOUND ( 'NONE', #10641, .T. ) ;
#6611 = EDGE_LOOP ( 'NONE', ( #4908, #1534, #2177, #7873 ) ) ;
#6612 = CIRCLE ( 'NONE', #8037, 1.699999999999993072 ) ;
#6613 = DIRECTION ( 'NONE',  ( 1.000000000000000000, 0.000000000000000000, 0.000000000000000000 ) ) ;
#6614 = DIRECTION ( 'NONE',  ( 0.000000000000000000, 1.000000000000000000, 0.000000000000000000 ) ) ;
#6615 = DIRECTION ( 'NONE',  ( 0.000000000000000000, -0.000000000000000000, 1.000000000000000000 ) ) ;
#6616 = AXIS2_PLACEMENT_3D ( 'NONE', #11669, #2924, #11533 ) ;
#6617 = DIRECTION ( 'NONE',  ( 0.000000000000000000, 0.000000000000000000, -1.000000000000000000 ) ) ;
#6618 = VECTOR ( 'NONE', #8806, 1000.000000000000000 ) ;
#6619 = CARTESIAN_POINT ( 'NONE',  ( 48.49999999999999289, 2.000000000000000000, -15.49999999999993427 ) ) ;
#6620 = VERTEX_POINT ( 'NONE', #1568 ) ;
#6621 = ADVANCED_FACE ( 'NONE', ( #10051 ), #7373, .T. ) ;
#6622 = VERTEX_POINT ( 'NONE', #658 ) ;
#6623 = DIRECTION ( 'NONE',  ( 0.000000000000000000, 1.000000000000000000, 0.000000000000000000 ) ) ;
#6624 = EDGE_CURVE ( 'NONE', #7539, #11744, #12382, .T. ) ;
#6625 = CARTESIAN_POINT ( 'NONE',  ( 55.52132034355960144, 9.799999999999998934, -41.32010101267766089 ) ) ;
#6626 = EDGE_CURVE ( 'NONE', #11622, #10900, #4290, .T. ) ;
#6627 = AXIS2_PLACEMENT_3D ( 'NONE', #816, #4680, #7775 ) ;
#6628 = DIRECTION ( 'NONE',  ( 0.000000000000000000, 1.000000000000000000, 0.000000000000000000 ) ) ;
#6629 = VERTEX_POINT ( 'NONE', #602 ) ;
#6630 = ORIENTED_EDGE ( 'NONE', *, *, #7394, .F. ) ;
#6631 = ORIENTED_EDGE ( 'NONE', *, *, #11226, .F. ) ;
#6632 = AXIS2_PLACEMENT_3D ( 'NONE', #7256, #9347, #6302 ) ;
#6633 = CARTESIAN_POINT ( 'NONE',  ( 16.49999999999989697, 11.00000000000000000, -38.99999999999995026 ) ) ;
#6634 = PLANE ( 'NONE',  #1353 ) ;
#6635 = ORIENTED_EDGE ( 'NONE', *, *, #8587, .T. ) ;
#6636 = DIRECTION ( 'NONE',  ( 0.7071067811865506814, 0.000000000000000000, 0.7071067811865443531 ) ) ;
#6637 = AXIS2_PLACEMENT_3D ( 'NONE', #8311, #9131, #440 ) ;
#6638 = DIRECTION ( 'NONE',  ( -0.000000000000000000, -1.000000000000000000, -0.000000000000000000 ) ) ;
#6639 = ADVANCED_FACE ( 'NONE', ( #10988 ), #2332, .T. ) ;
#6640 = DIRECTION ( 'NONE',  ( 1.734723475976805517E-15, 0.000000000000000000, 1.000000000000000000 ) ) ;
#6641 = EDGE_CURVE ( 'NONE', #11958, #7795, #11585, .T. ) ;
#6642 = ORIENTED_EDGE ( 'NONE', *, *, #6241, .F. ) ;
#6643 = LINE ( 'NONE', #950, #4762 ) ;
#6644 = DIRECTION ( 'NONE',  ( -6.999854048275122104E-16, 0.000000000000000000, -1.000000000000000000 ) ) ;
#6645 = PLANE ( 'NONE',  #6749 ) ;
#6646 = DIRECTION ( 'NONE',  ( -0.000000000000000000, 1.000000000000000000, -0.000000000000000000 ) ) ;
#6647 = VERTEX_POINT ( 'NONE', #11056 ) ;
#6648 = EDGE_CURVE ( 'NONE', #12267, #4433, #10783, .T. ) ;
#6649 = PLANE ( 'NONE',  #5222 ) ;
#6650 = CARTESIAN_POINT ( 'NONE',  ( 31.70538416267119075, 11.00000000000000000, -39.97868143219527326 ) ) ;
#6651 = EDGE_LOOP ( 'NONE', ( #1602, #3925 ) ) ;
#6652 = EDGE_CURVE ( 'NONE', #4291, #11744, #8334, .T. ) ;
#6653 = CARTESIAN_POINT ( 'NONE',  ( 67.99999999999991473, 11.00000000000000000, -34.49999999999996447 ) ) ;
#6654 = CARTESIAN_POINT ( 'NONE',  ( 44.50000000000000000, 11.00000000000000000, -25.49999999999993960 ) ) ;
#6655 = EDGE_CURVE ( 'NONE', #8126, #4268, #11170, .T. ) ;
#6656 = ORIENTED_EDGE ( 'NONE', *, *, #8731, .T. ) ;
#6657 = VERTEX_POINT ( 'NONE', #6415 ) ;
#6658 = ORIENTED_EDGE ( 'NONE', *, *, #1050, .F. ) ;
#6659 = CARTESIAN_POINT ( 'NONE',  ( 44.50000000000000000, 11.00000000000000000, -21.99999999999993605 ) ) ;
#6660 = EDGE_CURVE ( 'NONE', #603, #136, #238, .T. ) ;
#6661 = CARTESIAN_POINT ( 'NONE',  ( 68.00000000000000000, 2.000000000000000000, -7.499999999999968914 ) ) ;
#6662 = DIRECTION ( 'NONE',  ( 0.000000000000000000, 1.000000000000000000, 0.000000000000000000 ) ) ;
#6663 = FACE_OUTER_BOUND ( 'NONE', #9533, .T. ) ;
#6664 = ORIENTED_EDGE ( 'NONE', *, *, #1014, .F. ) ;
#6665 = DIRECTION ( 'NONE',  ( 0.000000000000000000, 0.000000000000000000, 1.000000000000000000 ) ) ;
#6666 = DIRECTION ( 'NONE',  ( 0.000000000000000000, 1.000000000000000000, 0.000000000000000000 ) ) ;
#6667 = VERTEX_POINT ( 'NONE', #2394 ) ;
#6668 = DIRECTION ( 'NONE',  ( 1.000000000000000000, -0.000000000000000000, -0.000000000000000000 ) ) ;
#6669 = DIRECTION ( 'NONE',  ( 1.000000000000000000, 0.000000000000000000, -2.011680777452959771E-16 ) ) ;
#6670 = ORIENTED_EDGE ( 'NONE', *, *, #7736, .F. ) ;
#6671 = CARTESIAN_POINT ( 'NONE',  ( 9.629881650612445016E-05, 11.00000000000000000, -1.005922452987852544 ) ) ;
#6672 = CARTESIAN_POINT ( 'NONE',  ( 31.50000000000000711, 11.00000000000000000, -25.49999999999997513 ) ) ;
#6673 = DIRECTION ( 'NONE',  ( -0.000000000000000000, -1.000000000000000000, -0.000000000000000000 ) ) ;
#6674 = DIRECTION ( 'NONE',  ( 0.000000000000000000, -1.000000000000000000, 0.000000000000000000 ) ) ;
#6675 = PERSON_AND_ORGANIZATION ( #2043, #9079 ) ;
#6676 = AXIS2_PLACEMENT_3D ( 'NONE', #5816, #5926, #9738 ) ;
#6677 = AXIS2_PLACEMENT_3D ( 'NONE', #872, #12461, #3793 ) ;
#6678 = DIRECTION ( 'NONE',  ( 0.000000000000000000, 0.000000000000000000, -1.000000000000000000 ) ) ;
#6679 = ORIENTED_EDGE ( 'NONE', *, *, #444, .F. ) ;
#6680 = ORIENTED_EDGE ( 'NONE', *, *, #6390, .F. ) ;
#6681 = CARTESIAN_POINT ( 'NONE',  ( 16.49999999999997868, 11.00000000000000000, -16.49999999999996447 ) ) ;
#6682 = CARTESIAN_POINT ( 'NONE',  ( 11.99999999999996270, 11.00000000000000000, -26.49999999999992539 ) ) ;
#6683 = DIRECTION ( 'NONE',  ( -0.000000000000000000, -1.000000000000000000, -0.000000000000000000 ) ) ;
#6684 = EDGE_LOOP ( 'NONE', ( #6247, #2511, #11200, #430 ) ) ;
#6685 = EDGE_CURVE ( 'NONE', #2845, #11430, #3519, .T. ) ;
#6686 = VERTEX_POINT ( 'NONE', #10298 ) ;
#6687 = DIRECTION ( 'NONE',  ( -1.000000000000000000, 0.000000000000000000, 0.000000000000000000 ) ) ;
#6688 = CARTESIAN_POINT ( 'NONE',  ( 72.49999999999990052, 11.00000000000000000, -33.49999999999998579 ) ) ;
#6689 = ORIENTED_EDGE ( 'NONE', *, *, #7784, .T. ) ;
#6690 = FACE_OUTER_BOUND ( 'NONE', #11167, .T. ) ;
#6692 = EDGE_CURVE ( 'NONE', #12146, #6943, #7528, .T. ) ;
#6691 = PLANE ( 'NONE',  #4504 ) ;
#6693 = CIRCLE ( 'NONE', #6299, 0.9999999999999974465 ) ;
#6694 = FACE_OUTER_BOUND ( 'NONE', #6599, .T. ) ;
#6695 = CARTESIAN_POINT ( 'NONE',  ( 11.99999999999994849, 2.000000000000000000, -30.99999999999992184 ) ) ;
#6696 = DIRECTION ( 'NONE',  ( 0.000000000000000000, -0.000000000000000000, 1.000000000000000000 ) ) ;
#6697 = LINE ( 'NONE', #8555, #8859 ) ;
#6698 = CARTESIAN_POINT ( 'NONE',  ( 11.99999999999993427, 2.000000000000000000, -35.49999999999992895 ) ) ;
#6699 = ADVANCED_FACE ( 'NONE', ( #3264 ), #12134, .T. ) ;
#6700 = LINE ( 'NONE', #954, #7393 ) ;
#6701 = VERTEX_POINT ( 'NONE', #5474 ) ;
#6702 = CARTESIAN_POINT ( 'NONE',  ( -1.927470528863119049E-16, 2.000000000000000000, -4.000000000000000000 ) ) ;
#6703 = DIRECTION ( 'NONE',  ( 0.000000000000000000, 0.000000000000000000, -1.000000000000000000 ) ) ;
#6704 = EDGE_LOOP ( 'NONE', ( #3382, #10082, #8198, #6494 ) ) ;
#6705 = AXIS2_PLACEMENT_3D ( 'NONE', #11660, #2032, #10829 ) ;
#6706 = PLANE ( 'NONE',  #2298 ) ;
#6707 = DIRECTION ( 'NONE',  ( 0.000000000000000000, 1.000000000000000000, 0.000000000000000000 ) ) ;
#6708 = ORIENTED_EDGE ( 'NONE', *, *, #7568, .T. ) ;
#6709 = ORIENTED_EDGE ( 'NONE', *, *, #10751, .F. ) ;
#6710 = ADVANCED_FACE ( 'NONE', ( #9338 ), #5365, .T. ) ;
#6711 = ORIENTED_EDGE ( 'NONE', *, *, #8377, .F. ) ;
#6712 = CARTESIAN_POINT ( 'NONE',  ( 63.49999999999992895, 2.000000000000000000, -35.49999999999992895 ) ) ;
#6713 = CARTESIAN_POINT ( 'NONE',  ( 14.52771285725250294, 9.799999999999998934, -47.19999999999998863 ) ) ;
#6714 = ORIENTED_EDGE ( 'NONE', *, *, #451, .F. ) ;
#6715 = CIRCLE ( 'NONE', #7721, 0.9999999999999974465 ) ;
#6716 = DIRECTION ( 'NONE',  ( 0.000000000000000000, 0.000000000000000000, -1.000000000000000000 ) ) ;
#6717 = EDGE_CURVE ( 'NONE', #11122, #3251, #2090, .T. ) ;
#6718 = CARTESIAN_POINT ( 'NONE',  ( 11.99999999999998934, 11.00000000000000000, -17.49999999999992895 ) ) ;
#6719 = AXIS2_PLACEMENT_3D ( 'NONE', #5852, #201, #2192 ) ;
#6720 = VERTEX_POINT ( 'NONE', #9595 ) ;
#6721 = CARTESIAN_POINT ( 'NONE',  ( 63.49999999999991473, 2.000000000000000000, -38.99999999999992184 ) ) ;
#6722 = EDGE_CURVE ( 'NONE', #97, #2329, #12499, .T. ) ;
#6723 = FACE_OUTER_BOUND ( 'NONE', #4573, .T. ) ;
#6724 = ORIENTED_EDGE ( 'NONE', *, *, #10534, .F. ) ;
#6725 = CARTESIAN_POINT ( 'NONE',  ( 3.000000000000002665, 9.799999999999998934, 0.000000000000000000 ) ) ;
#6726 = ORIENTED_EDGE ( 'NONE', *, *, #9119, .F. ) ;
#6727 = CARTESIAN_POINT ( 'NONE',  ( 7.499999999999992895, 11.00000000000000000, -20.99999999999990052 ) ) ;
#6728 = DIRECTION ( 'NONE',  ( -0.000000000000000000, -1.000000000000000000, -0.000000000000000000 ) ) ;
#6729 = VERTEX_POINT ( 'NONE', #3644 ) ;
#6730 = ORIENTED_EDGE ( 'NONE', *, *, #11898, .T. ) ;
#6731 = CARTESIAN_POINT ( 'NONE',  ( 16.49999999999999289, 11.00000000000000000, -11.99999999999996625 ) ) ;
#6732 = FACE_OUTER_BOUND ( 'NONE', #8209, .T. ) ;
#6733 = CARTESIAN_POINT ( 'NONE',  ( 31.50000000000000711, 11.00000000000000000, -20.99999999999997158 ) ) ;
#6734 = CIRCLE ( 'NONE', #4313, 0.9999999999999940048 ) ;
#6735 = EDGE_CURVE ( 'NONE', #1418, #10735, #3286, .T. ) ;
#6736 = CARTESIAN_POINT ( 'NONE',  ( 54.28700576850885540, 9.799999999999998934, -38.50000000000000000 ) ) ;
#6737 = AXIS2_PLACEMENT_3D ( 'NONE', #10718, #5948, #9049 ) ;
#6738 = DIRECTION ( 'NONE',  ( -0.000000000000000000, 1.000000000000000000, -0.000000000000000000 ) ) ;
#6739 = COORDINATED_UNIVERSAL_TIME_OFFSET ( 1, 0, .AHEAD. ) ;
#6740 = CIRCLE ( 'NONE', #6135, 0.9999999999999974465 ) ;
#6741 = DIRECTION ( 'NONE',  ( 0.000000000000000000, 0.000000000000000000, -1.000000000000000000 ) ) ;
#6742 = ORIENTED_EDGE ( 'NONE', *, *, #11898, .F. ) ;
#6743 = AXIS2_PLACEMENT_3D ( 'NONE', #5576, #9372, #2737 ) ;
#6744 = EDGE_LOOP ( 'NONE', ( #12347, #871 ) ) ;
#6745 = CARTESIAN_POINT ( 'NONE',  ( 58.99999999999994316, 11.00000000000000000, -34.49999999999989342 ) ) ;
#6746 = DIRECTION ( 'NONE',  ( 0.000000000000000000, 0.000000000000000000, -1.000000000000000000 ) ) ;
#6747 = CARTESIAN_POINT ( 'NONE',  ( 63.49999999999992895, 11.00000000000000000, -34.49999999999992895 ) ) ;
#6748 = ORIENTED_EDGE ( 'NONE', *, *, #1209, .T. ) ;
#6749 = AXIS2_PLACEMENT_3D ( 'NONE', #10524, #7661, #11469 ) ;
#6750 = VECTOR ( 'NONE', #1394, 1000.000000000000000 ) ;
#6751 = ORIENTED_EDGE ( 'NONE', *, *, #2842, .T. ) ;
#6752 = CARTESIAN_POINT ( 'NONE',  ( 24.47867965644055133, 11.00000000000000000, -41.32010101267763957 ) ) ;
#6753 = DIRECTION ( 'NONE',  ( 0.000000000000000000, -1.000000000000000000, 0.000000000000000000 ) ) ;
#6754 = AXIS2_PLACEMENT_3D ( 'NONE', #3837, #983, #11434 ) ;
#6755 = ORIENTED_EDGE ( 'NONE', *, *, #4400, .T. ) ;
#6756 = CARTESIAN_POINT ( 'NONE',  ( 79.00000000000000000, 9.799999999999998934, -44.89029455227312582 ) ) ;
#6757 = CIRCLE ( 'NONE', #2935, 2.500000000000000444 ) ;
#6758 = CIRCLE ( 'NONE', #5943, 0.9999999999999974465 ) ;
#6759 = DIRECTION ( 'NONE',  ( 0.000000000000000000, 0.000000000000000000, 1.000000000000000000 ) ) ;
#6760 = LINE ( 'NONE', #173, #8946 ) ;
#6761 = CARTESIAN_POINT ( 'NONE',  ( 5.200000000000024158, 9.799999999999998934, -3.000000000000007994 ) ) ;
#6762 = CARTESIAN_POINT ( 'NONE',  ( 63.49999999999995737, 11.00000000000000000, -24.49999999999993250 ) ) ;
#6763 = VECTOR ( 'NONE', #1172, 1000.000000000000000 ) ;
#6764 = AXIS2_PLACEMENT_3D ( 'NONE', #9713, #2819, #10666 ) ;
#6765 = CARTESIAN_POINT ( 'NONE',  ( 58.99999999999999289, 11.00000000000000000, -21.99999999999989697 ) ) ;
#6766 = VERTEX_POINT ( 'NONE', #8586 ) ;
#6767 = CYLINDRICAL_SURFACE ( 'NONE', #3593, 2.200000000000028599 ) ;
#6768 = FACE_OUTER_BOUND ( 'NONE', #2159, .T. ) ;
#6769 = CIRCLE ( 'NONE', #4353, 0.9999999999999974465 ) ;
#6770 = ADVANCED_FACE ( 'NONE', ( #12436 ), #5728, .T. ) ;
#6771 = CARTESIAN_POINT ( 'NONE',  ( 25.63015151901650768, 9.799999999999998934, -5.499999999999992895 ) ) ;
#6772 = CARTESIAN_POINT ( 'NONE',  ( 0.000000000000000000, 11.00000000000000000, -50.00000000000000000 ) ) ;
#6773 = EDGE_LOOP ( 'NONE', ( #7474, #9225, #4982, #1699 ) ) ;
#6774 = ORIENTED_EDGE ( 'NONE', *, *, #10753, .F. ) ;
#6775 = AXIS2_PLACEMENT_3D ( 'NONE', #4879, #118, #7662 ) ;
#6776 = EDGE_LOOP ( 'NONE', ( #9034, #4638, #7923, #2428 ) ) ;
#6777 = DIRECTION ( 'NONE',  ( 0.000000000000000000, 0.000000000000000000, 1.000000000000000000 ) ) ;
#6778 = ADVANCED_FACE ( 'NONE', ( #8402 ), #11299, .T. ) ;
#6779 = FACE_OUTER_BOUND ( 'NONE', #9249, .T. ) ;
#6780 = ORIENTED_EDGE ( 'NONE', *, *, #3377, .T. ) ;
#6781 = VECTOR ( 'NONE', #6357, 1000.000000000000000 ) ;
#6782 = CARTESIAN_POINT ( 'NONE',  ( 35.49999999999999289, 11.00000000000000000, -34.49999999999996447 ) ) ;
#6783 = AXIS2_PLACEMENT_3D ( 'NONE', #10011, #2168, #3288 ) ;
#6784 = DIRECTION ( 'NONE',  ( 0.000000000000000000, 0.000000000000000000, 1.000000000000000000 ) ) ;
#6785 = ORIENTED_EDGE ( 'NONE', *, *, #5211, .F. ) ;
#6786 = DIRECTION ( 'NONE',  ( 0.000000000000000000, 0.000000000000000000, 1.000000000000000000 ) ) ;
#6787 = CARTESIAN_POINT ( 'NONE',  ( 40.00000000000000000, 11.00000000000000000, -15.00000000000000000 ) ) ;
#6788 = PLANE ( 'NONE',  #8733 ) ;
#6789 = VERTEX_POINT ( 'NONE', #5609 ) ;
#6790 = CARTESIAN_POINT ( 'NONE',  ( 61.24380052431966703, 9.799999999999998934, -4.000059493681638045 ) ) ;
#6791 = PLANE ( 'NONE',  #3300 ) ;
#6792 = EDGE_LOOP ( 'NONE', ( #217, #11866, #2628, #6342 ) ) ;
#6793 = ORIENTED_EDGE ( 'NONE', *, *, #426, .F. ) ;
#6794 = AXIS2_PLACEMENT_3D ( 'NONE', #9397, #7483, #12249 ) ;
#6795 = DIRECTION ( 'NONE',  ( -0.000000000000000000, 1.000000000000000000, -0.000000000000000000 ) ) ;
#6796 = EDGE_CURVE ( 'NONE', #4612, #6040, #6509, .T. ) ;
#6797 = FACE_OUTER_BOUND ( 'NONE', #9626, .T. ) ;
#6798 = ADVANCED_FACE ( 'NONE', ( #1814 ), #9410, .T. ) ;
#6799 = DIRECTION ( 'NONE',  ( 0.000000000000000000, 1.000000000000000000, 0.000000000000000000 ) ) ;
#6800 = AXIS2_PLACEMENT_3D ( 'NONE', #7008, #11897, #9993 ) ;
#6801 = EDGE_CURVE ( 'NONE', #11051, #7460, #4723, .T. ) ;
#6802 = ORIENTED_EDGE ( 'NONE', *, *, #3341, .T. ) ;
#6803 = CARTESIAN_POINT ( 'NONE',  ( 63.50000000000002842, 2.000000000000000000, -7.499999999999936939 ) ) ;
#6804 = EDGE_CURVE ( 'NONE', #3626, #10919, #2641, .T. ) ;
#6805 = CARTESIAN_POINT ( 'NONE',  ( 7.499999999999930722, 2.000000000000000000, -38.99999999999988631 ) ) ;
#6806 = AXIS2_PLACEMENT_3D ( 'NONE', #1223, #520, #9013 ) ;
#6807 = LINE ( 'NONE', #4030, #9231 ) ;
#6808 = ORIENTED_EDGE ( 'NONE', *, *, #7112, .T. ) ;
#6809 = EDGE_CURVE ( 'NONE', #8766, #9003, #10550, .T. ) ;
#6810 = VERTEX_POINT ( 'NONE', #1871 ) ;
#6811 = DIRECTION ( 'NONE',  ( 0.000000000000000000, 0.000000000000000000, 1.000000000000000000 ) ) ;
#6812 = DESIGN_CONTEXT ( 'detailed design', #4520, 'design' ) ;
#6813 = CARTESIAN_POINT ( 'NONE',  ( 44.50000000000000000, 11.00000000000000000, -6.499999999999943157 ) ) ;
#6814 = ADVANCED_FACE ( 'NONE', ( #10353 ), #4785, .T. ) ;
#6815 = EDGE_CURVE ( 'NONE', #12277, #12479, #796, .T. ) ;
#6816 = DIRECTION ( 'NONE',  ( 0.000000000000000000, 1.000000000000000000, 0.000000000000000000 ) ) ;
#6817 = ORIENTED_EDGE ( 'NONE', *, *, #6406, .T. ) ;
#6818 = AXIS2_PLACEMENT_3D ( 'NONE', #4382, #4448, #11150 ) ;
#6819 = VERTEX_POINT ( 'NONE', #1937 ) ;
#6820 = VERTEX_POINT ( 'NONE', #4659 ) ;
#6821 = CARTESIAN_POINT ( 'NONE',  ( 16.49999999999999289, 11.00000000000000000, -10.99999999999996803 ) ) ;
#6822 = CYLINDRICAL_SURFACE ( 'NONE', #2850, 0.9999999999999974465 ) ;
#6823 = CARTESIAN_POINT ( 'NONE',  ( 27.00000000000000355, 11.00000000000000000, -31.14999999999999858 ) ) ;
#6824 = ORIENTED_EDGE ( 'NONE', *, *, #5989, .T. ) ;
#6825 = DIRECTION ( 'NONE',  ( 0.000000000000000000, 0.000000000000000000, 1.000000000000000000 ) ) ;
#6826 = CIRCLE ( 'NONE', #1384, 0.9999999999999974465 ) ;
#6827 = ADVANCED_FACE ( 'NONE', ( #6610 ), #3835, .T. ) ;
#6828 = DIRECTION ( 'NONE',  ( -0.000000000000000000, 1.000000000000000000, -0.000000000000000000 ) ) ;
#6829 = DIRECTION ( 'NONE',  ( 0.000000000000000000, 1.000000000000000000, 0.000000000000000000 ) ) ;
#6830 = AXIS2_PLACEMENT_3D ( 'NONE', #9580, #901, #4771 ) ;
#6831 = CARTESIAN_POINT ( 'NONE',  ( 62.07341918567285433, 10.19999999999999929, -3.000084449405786557 ) ) ;
#6832 = DIRECTION ( 'NONE',  ( 0.000000000000000000, 1.000000000000000000, 0.000000000000000000 ) ) ;
#6833 = CC_DESIGN_APPROVAL ( #1677, ( #5779 ) ) ;
#6834 = CARTESIAN_POINT ( 'NONE',  ( 63.49999999999998579, 11.00000000000000000, -17.49999999999992895 ) ) ;
#6835 = VERTEX_POINT ( 'NONE', #12318 ) ;
#6836 = DIRECTION ( 'NONE',  ( -0.000000000000000000, 1.000000000000000000, -0.000000000000000000 ) ) ;
#6837 = CARTESIAN_POINT ( 'NONE',  ( 63.49999999999997158, 2.000000000000000000, -20.99999999999993250 ) ) ;
#6838 = CARTESIAN_POINT ( 'NONE',  ( 72.49999999999990052, 2.000000000000000000, -34.49999999999998579 ) ) ;
#6839 = DIRECTION ( 'NONE',  ( 0.000000000000000000, 1.000000000000000000, 0.000000000000000000 ) ) ;
#6840 = ORIENTED_EDGE ( 'NONE', *, *, #8201, .T. ) ;
#6841 = AXIS2_PLACEMENT_3D ( 'NONE', #10174, #9168, #3410 ) ;
#6842 = ORIENTED_EDGE ( 'NONE', *, *, #9820, .F. ) ;
#6843 = CARTESIAN_POINT ( 'NONE',  ( 7.499999999999944045, 11.00000000000000000, -34.49999999999989342 ) ) ;
#6844 = AXIS2_PLACEMENT_3D ( 'NONE', #8354, #3479, #11964 ) ;
#6845 = DIRECTION ( 'NONE',  ( -0.000000000000000000, -1.000000000000000000, -0.000000000000000000 ) ) ;
#6846 = ORIENTED_EDGE ( 'NONE', *, *, #2970, .F. ) ;
#6847 = EDGE_CURVE ( 'NONE', #9110, #6810, #5798, .T. ) ;
#6848 = FACE_OUTER_BOUND ( 'NONE', #641, .T. ) ;
#6849 = DIRECTION ( 'NONE',  ( 0.000000000000000000, 0.000000000000000000, -1.000000000000000000 ) ) ;
#6850 = ORIENTED_EDGE ( 'NONE', *, *, #8606, .F. ) ;
#6851 = FACE_BOUND ( 'NONE', #4145, .T. ) ;
#6852 = DIRECTION ( 'NONE',  ( -0.7071067811865425767, 0.000000000000000000, -0.7071067811865525687 ) ) ;
#6853 = LINE ( 'NONE', #8834, #7964 ) ;
#6854 = EDGE_LOOP ( 'NONE', ( #9087, #12268, #11305, #6605 ) ) ;
#6855 = CARTESIAN_POINT ( 'NONE',  ( 26.54142135623731136, 9.799999999999998934, -6.299999999999992717 ) ) ;
#6856 = FACE_OUTER_BOUND ( 'NONE', #8220, .T. ) ;
#6857 = VERTEX_POINT ( 'NONE', #5669 ) ;
#6858 = ORIENTED_EDGE ( 'NONE', *, *, #3243, .F. ) ;
#6859 = DIRECTION ( 'NONE',  ( 0.000000000000000000, 0.000000000000000000, 1.000000000000000000 ) ) ;
#6860 = CARTESIAN_POINT ( 'NONE',  ( 7.500000000000041744, 2.000000000000000000, -7.499999999999904965 ) ) ;
#6861 = DIRECTION ( 'NONE',  ( -0.000000000000000000, 1.000000000000000000, -0.000000000000000000 ) ) ;
#6862 = EDGE_CURVE ( 'NONE', #12124, #7920, #11797, .T. ) ;
#6863 = CARTESIAN_POINT ( 'NONE',  ( 20.04911740367562700, 9.799999999999998934, -3.878763859303819395 ) ) ;
#6864 = CARTESIAN_POINT ( 'NONE',  ( 36.49999999999999289, -21.88036781070453785, -41.23776336359135541 ) ) ;
#6865 = ADVANCED_FACE ( 'NONE', ( #4716 ), #7436, .T. ) ;
#6866 = DIRECTION ( 'NONE',  ( -0.000000000000000000, -1.000000000000000000, -0.000000000000000000 ) ) ;
#6867 = ORIENTED_EDGE ( 'NONE', *, *, #11982, .F. ) ;
#6868 = ORIENTED_EDGE ( 'NONE', *, *, #1722, .T. ) ;
#6869 = CARTESIAN_POINT ( 'NONE',  ( 35.49999999999999289, 11.00000000000000000, -29.99999999999996447 ) ) ;
#6870 = LINE ( 'NONE', #1888, #9399 ) ;
#6871 = CARTESIAN_POINT ( 'NONE',  ( 34.73223304703361691, 11.00000000000000000, -43.00553031655771008 ) ) ;
#6872 = EDGE_CURVE ( 'NONE', #4822, #8234, #1039, .T. ) ;
#6873 = CIRCLE ( 'NONE', #1436, 0.9999999999999974465 ) ;
#6874 = ORIENTED_EDGE ( 'NONE', *, *, #3806, .T. ) ;
#6875 = DIRECTION ( 'NONE',  ( 0.000000000000000000, 1.000000000000000000, 0.000000000000000000 ) ) ;
#6876 = EDGE_CURVE ( 'NONE', #119, #6585, #11693, .T. ) ;
#6877 = DIRECTION ( 'NONE',  ( -0.000000000000000000, -1.000000000000000000, -0.000000000000000000 ) ) ;
#6878 = DIRECTION ( 'NONE',  ( -0.000000000000000000, -1.000000000000000000, -0.000000000000000000 ) ) ;
#6879 = ORIENTED_EDGE ( 'NONE', *, *, #5587, .T. ) ;
#6880 = ADVANCED_FACE ( 'NONE', ( #2248 ), #7931, .F. ) ;
#6881 = DIRECTION ( 'NONE',  ( 0.000000000000000000, 1.000000000000000000, -0.000000000000000000 ) ) ;
#6882 = LINE ( 'NONE', #3860, #2484 ) ;
#6883 = DIRECTION ( 'NONE',  ( 0.000000000000000000, 0.000000000000000000, 1.000000000000000000 ) ) ;
#6884 = DIRECTION ( 'NONE',  ( -0.000000000000000000, -1.000000000000000000, -0.000000000000000000 ) ) ;
#6885 = EDGE_CURVE ( 'NONE', #2083, #9089, #8357, .T. ) ;
#6886 = DIRECTION ( 'NONE',  ( 1.000000000000000000, -0.000000000000000000, 0.000000000000000000 ) ) ;
#6887 = ORIENTED_EDGE ( 'NONE', *, *, #10929, .T. ) ;
#6888 = DIRECTION ( 'NONE',  ( -0.000000000000000000, 1.000000000000000000, -0.000000000000000000 ) ) ;
#6889 = DIRECTION ( 'NONE',  ( 0.000000000000000000, 0.000000000000000000, 1.000000000000000000 ) ) ;
#6890 = ORIENTED_EDGE ( 'NONE', *, *, #10242, .F. ) ;
#6891 = CARTESIAN_POINT ( 'NONE',  ( 28.73223304703364178, -0.002000000000000265454, -9.087362902255675223 ) ) ;
#6892 = CYLINDRICAL_SURFACE ( 'NONE', #3523, 0.9999999999999974465 ) ;
#6893 = ORIENTED_EDGE ( 'NONE', *, *, #9426, .T. ) ;
#6894 = ORIENTED_EDGE ( 'NONE', *, *, #3944, .F. ) ;
#6895 = VERTEX_POINT ( 'NONE', #6090 ) ;
#6896 = DIRECTION ( 'NONE',  ( 0.000000000000000000, 0.000000000000000000, 1.000000000000000000 ) ) ;
#6897 = VECTOR ( 'NONE', #10627, 1000.000000000000000 ) ;
#6898 = CARTESIAN_POINT ( 'NONE',  ( 63.49999999999995737, 11.00000000000000000, -25.49999999999992895 ) ) ;
#6899 = AXIS2_PLACEMENT_3D ( 'NONE', #1728, #9569, #9387 ) ;
#6900 = ORIENTED_EDGE ( 'NONE', *, *, #2937, .T. ) ;
#6901 = CYLINDRICAL_SURFACE ( 'NONE', #9398, 3.000000000000023537 ) ;
#6902 = CARTESIAN_POINT ( 'NONE',  ( 31.50000000000000711, 11.00000000000000000, -20.99999999999997158 ) ) ;
#6903 = AXIS2_PLACEMENT_3D ( 'NONE', #5135, #10945, #4285 ) ;
#6904 = VERTEX_POINT ( 'NONE', #9846 ) ;
#6905 = DIRECTION ( 'NONE',  ( 0.000000000000000000, 0.000000000000000000, 1.000000000000000000 ) ) ;
#6906 = LINE ( 'NONE', #11747, #10467 ) ;
#6907 = DIRECTION ( 'NONE',  ( 0.000000000000000000, 0.000000000000000000, 1.000000000000000000 ) ) ;
#6908 = ORIENTED_EDGE ( 'NONE', *, *, #11267, .T. ) ;
#6909 = VECTOR ( 'NONE', #11395, 1000.000000000000000 ) ;
#6910 = DIRECTION ( 'NONE',  ( 1.000000000000000000, 0.000000000000000000, 0.000000000000000000 ) ) ;
#6911 = CARTESIAN_POINT ( 'NONE',  ( 0.9999999999999870104, 9.799999999999998934, -5.200000000000043698 ) ) ;
#6912 = ORIENTED_EDGE ( 'NONE', *, *, #4981, .F. ) ;
#6913 = ORIENTED_EDGE ( 'NONE', *, *, #5493, .T. ) ;
#6914 = CARTESIAN_POINT ( 'NONE',  ( 16.49999999999995381, 11.00000000000000000, -25.49999999999996092 ) ) ;
#6915 = EDGE_CURVE ( 'NONE', #6097, #3403, #8708, .T. ) ;
#6916 = DIRECTION ( 'NONE',  ( 0.000000000000000000, 0.000000000000000000, 1.000000000000000000 ) ) ;
#6917 = CARTESIAN_POINT ( 'NONE',  ( 35.01482322781394885, 11.00000000000000000, -44.98517677218592326 ) ) ;
#6918 = ADVANCED_FACE ( 'NONE', ( #262 ), #3890, .T. ) ;
#6919 = CIRCLE ( 'NONE', #1687, 1.000000000000000888 ) ;
#6920 = VECTOR ( 'NONE', #6052, 1000.000000000000000 ) ;
#6921 = LINE ( 'NONE', #1235, #12209 ) ;
#6922 = DIRECTION ( 'NONE',  ( 0.000000000000000000, 1.000000000000000000, -0.000000000000000000 ) ) ;
#6923 = CARTESIAN_POINT ( 'NONE',  ( 48.08517677218633679, 9.799999999999998934, -31.91482322781412506 ) ) ;
#6924 = VECTOR ( 'NONE', #831, 1000.000000000000000 ) ;
#6925 = ORIENTED_EDGE ( 'NONE', *, *, #6198, .F. ) ;
#6926 = LINE ( 'NONE', #6995, #8556 ) ;
#6927 = ORIENTED_EDGE ( 'NONE', *, *, #781, .T. ) ;
#6928 = DIRECTION ( 'NONE',  ( 0.000000000000000000, 1.000000000000000000, 0.000000000000000000 ) ) ;
#6929 = CIRCLE ( 'NONE', #2099, 0.9999999999999974465 ) ;
#6930 = ADVANCED_FACE ( 'NONE', ( #142 ), #2059, .T. ) ;
#6931 = DIRECTION ( 'NONE',  ( 0.000000000000000000, 0.000000000000000000, 1.000000000000000000 ) ) ;
#6932 = EDGE_CURVE ( 'NONE', #11040, #199, #5334, .T. ) ;
#6933 = DIRECTION ( 'NONE',  ( 0.000000000000000000, 0.000000000000000000, 1.000000000000000000 ) ) ;
#6934 = EDGE_LOOP ( 'NONE', ( #1029, #3808, #7055, #7080 ) ) ;
#6935 = VECTOR ( 'NONE', #12204, 1000.000000000000000 ) ;
#6936 = ORIENTED_EDGE ( 'NONE', *, *, #6915, .F. ) ;
#6937 = VECTOR ( 'NONE', #2959, 1000.000000000000000 ) ;
#6939 = AXIS2_PLACEMENT_3D ( 'NONE', #7477, #4765, #5652 ) ;
#6938 = FACE_OUTER_BOUND ( 'NONE', #508, .T. ) ;
#6940 = PLANE ( 'NONE',  #2010 ) ;
#6941 = FACE_OUTER_BOUND ( 'NONE', #11681, .T. ) ;
#6942 = CARTESIAN_POINT ( 'NONE',  ( 59.00000000000000711, 11.00000000000000000, -16.49999999999990408 ) ) ;
#6943 = VERTEX_POINT ( 'NONE', #5909 ) ;
#6944 = EDGE_LOOP ( 'NONE', ( #12331, #5901 ) ) ;
#6945 = CIRCLE ( 'NONE', #4737, 0.9999999999999974465 ) ;
#6946 = EDGE_CURVE ( 'NONE', #7817, #4646, #4513, .T. ) ;
#6947 = DIRECTION ( 'NONE',  ( 0.000000000000000000, 0.000000000000000000, 1.000000000000000000 ) ) ;
#6948 = DIRECTION ( 'NONE',  ( 0.000000000000000000, 1.000000000000000000, 0.000000000000000000 ) ) ;
#6949 = CIRCLE ( 'NONE', #11190, 0.9999999999999974465 ) ;
#6950 = CARTESIAN_POINT ( 'NONE',  ( 62.07341918567285433, 10.59999999999999964, -3.000084449405786557 ) ) ;
#6951 = VECTOR ( 'NONE', #8551, 1000.000000000000000 ) ;
#6952 = EDGE_CURVE ( 'NONE', #6102, #5995, #9364, .T. ) ;
#6953 = DIRECTION ( 'NONE',  ( -0.000000000000000000, -1.000000000000000000, -0.000000000000000000 ) ) ;
#6954 = AXIS2_PLACEMENT_3D ( 'NONE', #9636, #11529, #11403 ) ;
#6955 = DIRECTION ( 'NONE',  ( 0.000000000000000000, 1.000000000000000000, -0.000000000000000000 ) ) ;
#6956 = EDGE_CURVE ( 'NONE', #4846, #2822, #6120, .T. ) ;
#6957 = AXIS2_PLACEMENT_3D ( 'NONE', #9681, #4860, #2077 ) ;
#6958 = ORIENTED_EDGE ( 'NONE', *, *, #7121, .T. ) ;
#6959 = DIRECTION ( 'NONE',  ( 0.000000000000000000, 0.000000000000000000, 1.000000000000000000 ) ) ;
#6960 = CYLINDRICAL_SURFACE ( 'NONE', #8941, 0.9999999999999974465 ) ;
#6961 = DIRECTION ( 'NONE',  ( 0.000000000000000000, -0.000000000000000000, 1.000000000000000000 ) ) ;
#6962 = ADVANCED_FACE ( 'NONE', ( #6856 ), #6791, .F. ) ;
#6963 = ORIENTED_EDGE ( 'NONE', *, *, #5269, .T. ) ;
#6964 = EDGE_LOOP ( 'NONE', ( #4825, #10660 ) ) ;
#6965 = EDGE_LOOP ( 'NONE', ( #3832, #4022, #746, #1358 ) ) ;
#6966 = CARTESIAN_POINT ( 'NONE',  ( 13.50000000000000000, 5.000000000000000000, -4.000000000000000888 ) ) ;
#6967 = EDGE_CURVE ( 'NONE', #12385, #7059, #665, .T. ) ;
#6968 = ADVANCED_FACE ( 'NONE', ( #11627 ), #8004, .T. ) ;
#6969 = DIRECTION ( 'NONE',  ( -0.000000000000000000, -1.000000000000000000, -0.000000000000000000 ) ) ;
#6970 = CIRCLE ( 'NONE', #8604, 0.9999999999999974465 ) ;
#6971 = ORIENTED_EDGE ( 'NONE', *, *, #4329, .T. ) ;
#6972 = FACE_OUTER_BOUND ( 'NONE', #8835, .T. ) ;
#6973 = VECTOR ( 'NONE', #4060, 1000.000000000000000 ) ;
#6974 = DIRECTION ( 'NONE',  ( 0.000000000000000000, 0.000000000000000000, 1.000000000000000000 ) ) ;
#6975 = CYLINDRICAL_SURFACE ( 'NONE', #275, 2.799999999999962075 ) ;
#6976 = CARTESIAN_POINT ( 'NONE',  ( -1.927470528863119049E-16, 2.000000000000000000, -4.000000000000000000 ) ) ;
#6977 = CIRCLE ( 'NONE', #7377, 6.100000000000028955 ) ;
#6978 = CARTESIAN_POINT ( 'NONE',  ( 55.73223304703363112, -0.002000000000000265454, -9.087362902255708974 ) ) ;
#6979 = VERTEX_POINT ( 'NONE', #4907 ) ;
#6980 = CARTESIAN_POINT ( 'NONE',  ( 61.86511866761473755, 9.799999999999998934, -1.000000000000005551 ) ) ;
#6981 = DIRECTION ( 'NONE',  ( 0.000000000000000000, 0.000000000000000000, 1.000000000000000000 ) ) ;
#6982 = VERTEX_POINT ( 'NONE', #9906 ) ;
#6983 = EDGE_LOOP ( 'NONE', ( #11870, #2246 ) ) ;
#6984 = DIRECTION ( 'NONE',  ( 0.000000000000000000, -1.000000000000000000, -0.000000000000000000 ) ) ;
#6985 = DIRECTION ( 'NONE',  ( 0.000000000000000000, 1.000000000000000000, 0.000000000000000000 ) ) ;
#6986 = DIRECTION ( 'NONE',  ( 0.000000000000000000, 0.000000000000000000, 1.000000000000000000 ) ) ;
#6987 = AXIS2_PLACEMENT_3D ( 'NONE', #8868, #2033, #11661 ) ;
#6988 = VECTOR ( 'NONE', #11093, 1000.000000000000000 ) ;
#6989 = FACE_OUTER_BOUND ( 'NONE', #8800, .T. ) ;
#6990 = DIRECTION ( 'NONE',  ( 0.000000000000000000, 1.000000000000000000, 0.000000000000000000 ) ) ;
#6991 = EDGE_LOOP ( 'NONE', ( #5322, #1748, #3124, #3836 ) ) ;
#6992 = FACE_OUTER_BOUND ( 'NONE', #10535, .T. ) ;
#6993 = AXIS2_PLACEMENT_3D ( 'NONE', #4705, #7729, #1924 ) ;
#6994 = EDGE_LOOP ( 'NONE', ( #9296, #10730, #5649, #8436 ) ) ;
#6995 = CARTESIAN_POINT ( 'NONE',  ( 0.000000000000000000, 11.00000000000000000, -6.299999999999992717 ) ) ;
#6996 = ORIENTED_EDGE ( 'NONE', *, *, #9504, .T. ) ;
#6997 = VECTOR ( 'NONE', #4948, 1000.000000000000000 ) ;
#6998 = DIRECTION ( 'NONE',  ( 0.000000000000000000, 0.000000000000000000, 1.000000000000000000 ) ) ;
#6999 = DIRECTION ( 'NONE',  ( 0.000000000000000000, 0.000000000000000000, 1.000000000000000000 ) ) ;
#7000 = DIRECTION ( 'NONE',  ( 0.000000000000000000, 0.000000000000000000, 1.000000000000000000 ) ) ;
#7001 = ORIENTED_EDGE ( 'NONE', *, *, #622, .T. ) ;
#7002 = VECTOR ( 'NONE', #1252, 1000.000000000000000 ) ;
#7003 = CARTESIAN_POINT ( 'NONE',  ( 35.49999999999999289, 11.00000000000000000, -24.49999999999996447 ) ) ;
#7004 = EDGE_CURVE ( 'NONE', #4945, #896, #8954, .T. ) ;
#7005 = DIRECTION ( 'NONE',  ( 0.000000000000000000, -0.000000000000000000, 1.000000000000000000 ) ) ;
#7006 = EDGE_LOOP ( 'NONE', ( #8820, #3731, #4031, #4417 ) ) ;
#7007 = DIRECTION ( 'NONE',  ( 0.000000000000000000, 0.000000000000000000, 1.000000000000000000 ) ) ;
#7008 = CARTESIAN_POINT ( 'NONE',  ( 7.500000000000041744, 11.00000000000000000, -7.499999999999904965 ) ) ;
#7009 = ORIENTED_EDGE ( 'NONE', *, *, #11512, .F. ) ;
#7010 = ADVANCED_FACE ( 'NONE', ( #8893 ), #10796, .T. ) ;
#7011 = ORIENTED_EDGE ( 'NONE', *, *, #1055, .T. ) ;
#7012 = DIRECTION ( 'NONE',  ( -0.000000000000000000, -1.000000000000000000, -0.000000000000000000 ) ) ;
#7013 = DIRECTION ( 'NONE',  ( 0.000000000000000000, 0.000000000000000000, 1.000000000000000000 ) ) ;
#7014 = CIRCLE ( 'NONE', #4604, 0.9999999999999974465 ) ;
#7015 = CARTESIAN_POINT ( 'NONE',  ( 63.49999999999991473, 11.00000000000000000, -38.99999999999992184 ) ) ;
#7016 = LINE ( 'NONE', #5010, #11473 ) ;
#7017 = EDGE_CURVE ( 'NONE', #4612, #3472, #1688, .T. ) ;
#7018 = LOCAL_TIME ( 14, 54, 53.00000000000000000, #6739 ) ;
#7019 = CIRCLE ( 'NONE', #2985, 0.9999999999999983347 ) ;
#7020 = LINE ( 'NONE', #11968, #4790 ) ;
#7021 = ORIENTED_EDGE ( 'NONE', *, *, #9760, .F. ) ;
#7022 = EDGE_CURVE ( 'NONE', #834, #1486, #6517, .T. ) ;
#7023 = DIRECTION ( 'NONE',  ( 0.000000000000000000, 0.000000000000000000, 1.000000000000000000 ) ) ;
#7024 = DIRECTION ( 'NONE',  ( 0.000000000000000000, -1.000000000000000000, 0.000000000000000000 ) ) ;
#7025 = DIRECTION ( 'NONE',  ( -0.000000000000000000, -1.000000000000000000, -0.000000000000000000 ) ) ;
#7026 = ORIENTED_EDGE ( 'NONE', *, *, #6267, .F. ) ;
#7027 = PLANE ( 'NONE',  #4139 ) ;
#7028 = DIRECTION ( 'NONE',  ( -0.000000000000000000, -1.000000000000000000, -0.000000000000000000 ) ) ;
#7029 = AXIS2_PLACEMENT_3D ( 'NONE', #6573, #945, #1969 ) ;
#7030 = AXIS2_PLACEMENT_3D ( 'NONE', #3759, #7611, #11483 ) ;
#7031 = CARTESIAN_POINT ( 'NONE',  ( 42.35613998199880825, 9.799999999999998934, -46.19999999999999574 ) ) ;
#7032 = EDGE_CURVE ( 'NONE', #4623, #12047, #6929, .T. ) ;
#7033 = DIRECTION ( 'NONE',  ( 0.000000000000000000, 0.000000000000000000, -1.000000000000000000 ) ) ;
#7034 = ORIENTED_EDGE ( 'NONE', *, *, #2253, .F. ) ;
#7035 = FACE_BOUND ( 'NONE', #516, .T. ) ;
#7036 = EDGE_CURVE ( 'NONE', #4731, #9089, #3249, .T. ) ;
#7037 = CYLINDRICAL_SURFACE ( 'NONE', #1369, 2.500000000000002220 ) ;
#7038 = DIRECTION ( 'NONE',  ( 0.000000000000000000, -0.000000000000000000, 1.000000000000000000 ) ) ;
#7039 = ORIENTED_EDGE ( 'NONE', *, *, #879, .T. ) ;
#7040 = DIRECTION ( 'NONE',  ( 0.000000000000000000, 0.000000000000000000, 1.000000000000000000 ) ) ;
#7041 = CARTESIAN_POINT ( 'NONE',  ( 57.00060966544094754, 9.799999999999998934, 22.99939033455901694 ) ) ;
#7042 = ORIENTED_EDGE ( 'NONE', *, *, #10543, .T. ) ;
#7043 = DIRECTION ( 'NONE',  ( -0.000000000000000000, -1.000000000000000000, -0.000000000000000000 ) ) ;
#7044 = CARTESIAN_POINT ( 'NONE',  ( 46.39939033455912920, 11.00000000000000000, -46.39939033455902262 ) ) ;
#7045 = CARTESIAN_POINT ( 'NONE',  ( 53.50000000000000000, 0.000000000000000000, -3.400000000000000355 ) ) ;
#7046 = EDGE_CURVE ( 'NONE', #6766, #3158, #7094, .T. ) ;
#7047 = CC_DESIGN_APPROVAL ( #9494, ( #385 ) ) ;
#7048 = CARTESIAN_POINT ( 'NONE',  ( 4.000000000000000888, 11.00000000000000000, -43.50000000000000000 ) ) ;
#7049 = CARTESIAN_POINT ( 'NONE',  ( 44.50000000000000000, 11.00000000000000000, -39.99999999999993605 ) ) ;
#7050 = EDGE_CURVE ( 'NONE', #1348, #11507, #3095, .T. ) ;
#7051 = ORIENTED_EDGE ( 'NONE', *, *, #5398, .F. ) ;
#7052 = CARTESIAN_POINT ( 'NONE',  ( 20.99999999999991473, 11.00000000000000000, -28.99999999999998934 ) ) ;
#7053 = ORIENTED_EDGE ( 'NONE', *, *, #231, .F. ) ;
#7054 = DIRECTION ( 'NONE',  ( -0.000000000000000000, -1.000000000000000000, -0.000000000000000000 ) ) ;
#7055 = ORIENTED_EDGE ( 'NONE', *, *, #10581, .T. ) ;
#7056 = CARTESIAN_POINT ( 'NONE',  ( 16.49999999999989697, 2.000000000000000000, -39.99999999999995026 ) ) ;
#7057 = CARTESIAN_POINT ( 'NONE',  ( 59.95088259632437655, 9.799999999999998934, -3.878763859303819395 ) ) ;
#7058 = ORIENTED_EDGE ( 'NONE', *, *, #5091, .T. ) ;
#7059 = VERTEX_POINT ( 'NONE', #12059 ) ;
#7060 = ADVANCED_FACE ( 'NONE', ( #4200, #3387, #1423 ), #6156, .F. ) ;
#7061 = CARTESIAN_POINT ( 'NONE',  ( 42.35613998199880825, 9.799999999999998934, -46.19999999999999574 ) ) ;
#7062 = CARTESIAN_POINT ( 'NONE',  ( 44.50000000000000000, 2.000000000000000000, -28.99999999999994316 ) ) ;
#7063 = PLANE ( 'NONE',  #6274 ) ;
#7064 = FACE_OUTER_BOUND ( 'NONE', #4980, .T. ) ;
#7065 = VERTEX_POINT ( 'NONE', #9142 ) ;
#7066 = ORIENTED_EDGE ( 'NONE', *, *, #5120, .F. ) ;
#7067 = DIRECTION ( 'NONE',  ( -1.000000000000000000, 0.000000000000000000, 0.000000000000000000 ) ) ;
#7068 = FACE_OUTER_BOUND ( 'NONE', #6589, .T. ) ;
#7069 = CARTESIAN_POINT ( 'NONE',  ( 74.79999999999998295, 9.799999999999998934, -3.000000000000007994 ) ) ;
#7070 = ADVANCED_FACE ( 'NONE', ( #2499 ), #399, .T. ) ;
#7071 = DIRECTION ( 'NONE',  ( -0.000000000000000000, -1.000000000000000000, -0.000000000000000000 ) ) ;
#7072 = CC_DESIGN_DATE_AND_TIME_ASSIGNMENT ( #8535, #5618, ( #2620 ) ) ;
#7073 = LINE ( 'NONE', #9936, #1347 ) ;
#7074 = VERTEX_POINT ( 'NONE', #8070 ) ;
#7075 = AXIS2_PLACEMENT_3D ( 'NONE', #10704, #2975, #7007 ) ;
#7076 = DIRECTION ( 'NONE',  ( -0.000000000000000000, -1.000000000000000000, -0.000000000000000000 ) ) ;
#7077 = CARTESIAN_POINT ( 'NONE',  ( 44.50000000000000000, 2.000000000000000000, -19.99999999999994316 ) ) ;
#7078 = CARTESIAN_POINT ( 'NONE',  ( 0.000000000000000000, 0.000000000000000000, -50.00000000000000000 ) ) ;
#7079 = ORIENTED_EDGE ( 'NONE', *, *, #7351, .T. ) ;
#7080 = ORIENTED_EDGE ( 'NONE', *, *, #352, .F. ) ;
#7081 = ORIENTED_EDGE ( 'NONE', *, *, #6876, .F. ) ;
#7082 = DIRECTION ( 'NONE',  ( 1.000000000000000000, 0.000000000000000000, -3.352801296355066075E-17 ) ) ;
#7083 = DIRECTION ( 'NONE',  ( -1.000000000000000000, 0.000000000000000000, 0.000000000000000000 ) ) ;
#7084 = EDGE_CURVE ( 'NONE', #7991, #3158, #6341, .T. ) ;
#7085 = VERTEX_POINT ( 'NONE', #1291 ) ;
#7086 = DIRECTION ( 'NONE',  ( -0.000000000000000000, 1.000000000000000000, -0.000000000000000000 ) ) ;
#7087 = DIRECTION ( 'NONE',  ( -1.000000000000000000, 0.000000000000000000, 0.000000000000000000 ) ) ;
#7088 = ORIENTED_EDGE ( 'NONE', *, *, #11524, .F. ) ;
#7089 = FACE_BOUND ( 'NONE', #841, .T. ) ;
#7090 = CARTESIAN_POINT ( 'NONE',  ( 31.50000000000000711, 11.00000000000000000, -16.49999999999997158 ) ) ;
#7091 = DIRECTION ( 'NONE',  ( -0.000000000000000000, -1.000000000000000000, -0.000000000000000000 ) ) ;
#7092 = EDGE_LOOP ( 'NONE', ( #5421, #8894, #1553, #7293 ) ) ;
#7093 = DIRECTION ( 'NONE',  ( -0.000000000000000000, -1.000000000000000000, 0.000000000000000000 ) ) ;
#7094 = LINE ( 'NONE', #2310, #7735 ) ;
#7095 = ORIENTED_EDGE ( 'NONE', *, *, #1989, .T. ) ;
#7096 = ORIENTED_EDGE ( 'NONE', *, *, #6478, .F. ) ;
#7097 = EDGE_LOOP ( 'NONE', ( #2089, #10469 ) ) ;
#7098 = ORIENTED_EDGE ( 'NONE', *, *, #12012, .F. ) ;
#7099 = CYLINDRICAL_SURFACE ( 'NONE', #1516, 0.9999999999999974465 ) ;
#7100 = AXIS2_PLACEMENT_3D ( 'NONE', #10731, #2056, #9777 ) ;
#7101 = ADVANCED_FACE ( 'NONE', ( #10034 ), #7356, .F. ) ;
#7102 = CARTESIAN_POINT ( 'NONE',  ( 53.54142135623730070, 9.799999999999998934, -3.499999999999993339 ) ) ;
#7103 = EDGE_CURVE ( 'NONE', #9683, #3515, #10982, .T. ) ;
#7104 = ORIENTED_EDGE ( 'NONE', *, *, #5874, .T. ) ;
#7105 = AXIS2_PLACEMENT_3D ( 'NONE', #2161, #3919, #1133 ) ;
#7106 = LINE ( 'NONE', #8206, #57 ) ;
#7107 = CARTESIAN_POINT ( 'NONE',  ( 79.99999999999997158, 9.799999999999998934, -49.20000000000005969 ) ) ;
#7108 = AXIS2_PLACEMENT_3D ( 'NONE', #5146, #8933, #3291 ) ;
#7109 = ORIENTED_EDGE ( 'NONE', *, *, #2326, .T. ) ;
#7110 = DIRECTION ( 'NONE',  ( 0.000000000000000000, 1.000000000000000000, 0.000000000000000000 ) ) ;
#7111 = ORIENTED_EDGE ( 'NONE', *, *, #6027, .T. ) ;
#7112 = EDGE_CURVE ( 'NONE', #9944, #8142, #870, .T. ) ;
#7113 = DIRECTION ( 'NONE',  ( 0.000000000000000000, 0.000000000000000000, 1.000000000000000000 ) ) ;
#7114 = VERTEX_POINT ( 'NONE', #457 ) ;
#7115 = FACE_OUTER_BOUND ( 'NONE', #3101, .T. ) ;
#7116 = CIRCLE ( 'NONE', #5318, 0.9999999999999974465 ) ;
#7117 = LINE ( 'NONE', #10815, #8166 ) ;
#7118 = EDGE_CURVE ( 'NONE', #10075, #904, #5522, .T. ) ;
#7120 = EDGE_CURVE ( 'NONE', #8142, #12417, #8197, .T. ) ;
#7119 = AXIS2_PLACEMENT_3D ( 'NONE', #9628, #158, #9033 ) ;
#7121 = EDGE_CURVE ( 'NONE', #9373, #9842, #254, .T. ) ;
#7122 = AXIS2_PLACEMENT_3D ( 'NONE', #12242, #12120, #1551 ) ;
#7123 = CARTESIAN_POINT ( 'NONE',  ( 44.50000000000000000, 11.00000000000000000, -38.99999999999994316 ) ) ;
#7124 = DIRECTION ( 'NONE',  ( 0.000000000000000000, 1.000000000000000000, 0.000000000000000000 ) ) ;
#7125 = FACE_OUTER_BOUND ( 'NONE', #6444, .T. ) ;
#7126 = ORIENTED_EDGE ( 'NONE', *, *, #6550, .T. ) ;
#7127 = VECTOR ( 'NONE', #5969, 1000.000000000000000 ) ;
#7128 = ORIENTED_EDGE ( 'NONE', *, *, #1573, .F. ) ;
#7129 = DIRECTION ( 'NONE',  ( 0.000000000000000000, 0.000000000000000000, 1.000000000000000000 ) ) ;
#7130 = DIRECTION ( 'NONE',  ( 0.000000000000000000, 1.000000000000000000, -0.000000000000000000 ) ) ;
#7131 = CARTESIAN_POINT ( 'NONE',  ( 44.50000000000000000, 2.000000000000000000, -7.499999999999941380 ) ) ;
#7132 = FACE_OUTER_BOUND ( 'NONE', #4710, .T. ) ;
#7133 = CIRCLE ( 'NONE', #2513, 1.000000000000000888 ) ;
#7134 = FACE_OUTER_BOUND ( 'NONE', #11519, .T. ) ;
#7135 = ORIENTED_EDGE ( 'NONE', *, *, #1970, .F. ) ;
#7136 = CIRCLE ( 'NONE', #2319, 0.9999999999999974465 ) ;
#7137 = CIRCLE ( 'NONE', #5744, 1.000000000000000888 ) ;
#7138 = CARTESIAN_POINT ( 'NONE',  ( 15.35613998199870878, 9.799999999999998934, -46.19999999999999574 ) ) ;
#7139 = VECTOR ( 'NONE', #3074, 1000.000000000000000 ) ;
#7140 = ORIENTED_EDGE ( 'NONE', *, *, #7824, .T. ) ;
#7141 = AXIS2_PLACEMENT_3D ( 'NONE', #8886, #193, #4973 ) ;
#7142 = CYLINDRICAL_SURFACE ( 'NONE', #8469, 0.9999999999999974465 ) ;
#7144 = DIRECTION ( 'NONE',  ( 0.000000000000000000, 0.000000000000000000, 1.000000000000000000 ) ) ;
#7143 = VECTOR ( 'NONE', #7921, 1000.000000000000000 ) ;
#7145 = VECTOR ( 'NONE', #4750, 1000.000000000000000 ) ;
#7146 = DIRECTION ( 'NONE',  ( -0.000000000000000000, -1.000000000000000000, -0.000000000000000000 ) ) ;
#7147 = ORIENTED_EDGE ( 'NONE', *, *, #1100, .F. ) ;
#7148 = ORIENTED_EDGE ( 'NONE', *, *, #2167, .T. ) ;
#7149 = ORIENTED_EDGE ( 'NONE', *, *, #6641, .T. ) ;
#7150 = DIRECTION ( 'NONE',  ( 0.000000000000000000, 1.000000000000000000, 0.000000000000000000 ) ) ;
#7151 = DIRECTION ( 'NONE',  ( 0.000000000000000000, 1.000000000000000000, 0.000000000000000000 ) ) ;
#7152 = VECTOR ( 'NONE', #8590, 1000.000000000000000 ) ;
#7153 = CIRCLE ( 'NONE', #7361, 1.000000000000000888 ) ;
#7154 = VECTOR ( 'NONE', #11893, 1000.000000000000000 ) ;
#7155 = AXIS2_PLACEMENT_3D ( 'NONE', #9051, #5260, #8094 ) ;
#7156 = DIRECTION ( 'NONE',  ( 0.000000000000000000, 0.000000000000000000, 1.000000000000000000 ) ) ;
#7157 = CARTESIAN_POINT ( 'NONE',  ( 80.00000000000000000, 9.799999999999998934, -8.299999999999991829 ) ) ;
#7158 = EDGE_CURVE ( 'NONE', #2788, #10544, #50, .T. ) ;
#7159 = CARTESIAN_POINT ( 'NONE',  ( 5.200000000000024158, 11.00000000000000000, -5.200000000000042810 ) ) ;
#7160 = ORIENTED_EDGE ( 'NONE', *, *, #9331, .F. ) ;
#7161 = DIRECTION ( 'NONE',  ( 0.000000000000000000, 0.000000000000000000, -1.000000000000000000 ) ) ;
#7162 = AXIS2_PLACEMENT_3D ( 'NONE', #9518, #8697, #5712 ) ;
#7163 = ORIENTED_EDGE ( 'NONE', *, *, #1878, .F. ) ;
#7164 = ADVANCED_FACE ( 'NONE', ( #9326 ), #715, .T. ) ;
#7165 = DIRECTION ( 'NONE',  ( -0.000000000000000000, -1.000000000000000000, -0.000000000000000000 ) ) ;
#7166 = DIRECTION ( 'NONE',  ( 0.7071067811865513475, -0.000000000000000000, -0.7071067811865437980 ) ) ;
#7167 = ADVANCED_FACE ( 'NONE', ( #9514 ), #3753, .T. ) ;
#7168 = ORIENTED_EDGE ( 'NONE', *, *, #4404, .F. ) ;
#7169 = VERTEX_POINT ( 'NONE', #11538 ) ;
#7170 = AXIS2_PLACEMENT_3D ( 'NONE', #5863, #6738, #1112 ) ;
#7171 = ORIENTED_EDGE ( 'NONE', *, *, #1764, .F. ) ;
#7172 = DIRECTION ( 'NONE',  ( 0.000000000000000000, 1.000000000000000000, 0.000000000000000000 ) ) ;
#7173 = AXIS2_PLACEMENT_3D ( 'NONE', #11822, #2211, #1948 ) ;
#7174 = CARTESIAN_POINT ( 'NONE',  ( -1.927470528863119049E-16, 11.00000000000000000, -4.000000000000000000 ) ) ;
#7175 = AXIS2_PLACEMENT_3D ( 'NONE', #10199, #5578, #12342 ) ;
#7176 = CARTESIAN_POINT ( 'NONE',  ( 16.50000000000000711, 11.00000000000000000, -8.499999999999966249 ) ) ;
#7177 = AXIS2_PLACEMENT_3D ( 'NONE', #3514, #537, #7368 ) ;
#7178 = EDGE_LOOP ( 'NONE', ( #8691, #4266, #7463, #6842 ) ) ;
#7179 = CARTESIAN_POINT ( 'NONE',  ( 7.500000000000007105, 11.00000000000000000, -16.49999999999990408 ) ) ;
#7180 = VERTEX_POINT ( 'NONE', #11412 ) ;
#7181 = ADVANCED_FACE ( 'NONE', ( #2809 ), #4586, .T. ) ;
#7182 = DIRECTION ( 'NONE',  ( 0.000000000000000000, 0.000000000000000000, 1.000000000000000000 ) ) ;
#7183 = ORIENTED_EDGE ( 'NONE', *, *, #8285, .T. ) ;
#7184 = EDGE_CURVE ( 'NONE', #4627, #5258, #1283, .T. ) ;
#7185 = DIRECTION ( 'NONE',  ( 0.000000000000000000, 0.000000000000000000, -1.000000000000000000 ) ) ;
#7186 = ADVANCED_FACE ( 'NONE', ( #2625 ), #9390, .F. ) ;
#7187 = VERTEX_POINT ( 'NONE', #10533 ) ;
#7188 = ORIENTED_EDGE ( 'NONE', *, *, #8182, .F. ) ;
#7189 = AXIS2_PLACEMENT_3D ( 'NONE', #1466, #8181, #3375 ) ;
#7190 = CARTESIAN_POINT ( 'NONE',  ( 16.49999999999999289, 11.00000000000000000, -10.99999999999996803 ) ) ;
#7191 = AXIS2_PLACEMENT_3D ( 'NONE', #11922, #6148, #7033 ) ;
#7192 = VERTEX_POINT ( 'NONE', #6519 ) ;
#7193 = AXIS2_PLACEMENT_3D ( 'NONE', #3016, #8775, #11634 ) ;
#7194 = DIRECTION ( 'NONE',  ( 0.000000000000000000, 1.000000000000000000, 0.000000000000000000 ) ) ;
#7195 = PERSON_AND_ORGANIZATION ( #2043, #9079 ) ;
#7196 = EDGE_CURVE ( 'NONE', #8511, #264, #8454, .T. ) ;
#7197 = AXIS2_PLACEMENT_3D ( 'NONE', #826, #4689, #9754 ) ;
#7198 = DIRECTION ( 'NONE',  ( -0.000000000000000000, -1.000000000000000000, -0.000000000000000000 ) ) ;
#7199 = LINE ( 'NONE', #3768, #11463 ) ;
#7200 = ORIENTED_EDGE ( 'NONE', *, *, #610, .F. ) ;
#7201 = ADVANCED_FACE ( 'NONE', ( #8630 ), #1853, .T. ) ;
#7202 = EDGE_CURVE ( 'NONE', #10418, #6729, #12243, .T. ) ;
#7203 = ORIENTED_EDGE ( 'NONE', *, *, #1575, .F. ) ;
#7204 = CARTESIAN_POINT ( 'NONE',  ( 5.443227718325019282, 11.00000000000000000, -49.20000000000000284 ) ) ;
#7205 = DIRECTION ( 'NONE',  ( -0.000000000000000000, 1.000000000000000000, -0.000000000000000000 ) ) ;
#7206 = DIRECTION ( 'NONE',  ( -0.000000000000000000, -1.000000000000000000, -0.000000000000000000 ) ) ;
#7207 = FACE_OUTER_BOUND ( 'NONE', #6016, .T. ) ;
#7208 = VECTOR ( 'NONE', #4519, 1000.000000000000000 ) ;
#7209 = CARTESIAN_POINT ( 'NONE',  ( 7.499999999999930722, 11.00000000000000000, -37.99999999999988631 ) ) ;
#7210 = AXIS2_PLACEMENT_3D ( 'NONE', #3031, #8920, #10881 ) ;
#7211 = DIRECTION ( 'NONE',  ( 0.000000000000000000, 1.000000000000000000, 0.000000000000000000 ) ) ;
#7212 = ORIENTED_EDGE ( 'NONE', *, *, #304, .F. ) ;
#7213 = CARTESIAN_POINT ( 'NONE',  ( 20.99999999999990052, 11.00000000000000000, -35.49999999999999289 ) ) ;
#7214 = CIRCLE ( 'NONE', #6202, 1.000000000000000888 ) ;
#7215 = LINE ( 'NONE', #433, #10358 ) ;
#7216 = ORIENTED_EDGE ( 'NONE', *, *, #854, .T. ) ;
#7217 = DIRECTION ( 'NONE',  ( 0.000000000000000000, 0.000000000000000000, -1.000000000000000000 ) ) ;
#7218 = ORIENTED_EDGE ( 'NONE', *, *, #11994, .F. ) ;
#7219 = ORIENTED_EDGE ( 'NONE', *, *, #838, .T. ) ;
#7220 = ORIENTED_EDGE ( 'NONE', *, *, #12224, .F. ) ;
#7221 = DIRECTION ( 'NONE',  ( -0.000000000000000000, -1.000000000000000000, -0.000000000000000000 ) ) ;
#7222 = DIRECTION ( 'NONE',  ( 0.000000000000000000, 0.000000000000000000, 1.000000000000000000 ) ) ;
#7223 = ORIENTED_EDGE ( 'NONE', *, *, #9737, .F. ) ;
#7224 = CIRCLE ( 'NONE', #10478, 4.445296095962649296 ) ;
#7225 = CIRCLE ( 'NONE', #6008, 2.799999999999999822 ) ;
#7226 = LINE ( 'NONE', #10208, #2327 ) ;
#7227 = CYLINDRICAL_SURFACE ( 'NONE', #7191, 0.9999999999999974465 ) ;
#7228 = DIRECTION ( 'NONE',  ( 0.000000000000000000, 1.000000000000000000, 0.000000000000000000 ) ) ;
#7229 = DIRECTION ( 'NONE',  ( 0.000000000000000000, 1.000000000000000000, 0.000000000000000000 ) ) ;
#7230 = ORIENTED_EDGE ( 'NONE', *, *, #8448, .F. ) ;
#7231 = DIRECTION ( 'NONE',  ( -0.000000000000000000, -1.000000000000000000, -0.000000000000000000 ) ) ;
#7232 = CARTESIAN_POINT ( 'NONE',  ( 14.23776336359134831, 2.000000000000000000, -43.50000000000000000 ) ) ;
#7233 = ORIENTED_EDGE ( 'NONE', *, *, #536, .T. ) ;
#7234 = ORIENTED_EDGE ( 'NONE', *, *, #4859, .T. ) ;
#7235 = AXIS2_PLACEMENT_3D ( 'NONE', #6425, #9344, #10307 ) ;
#7236 = CARTESIAN_POINT ( 'NONE',  ( 72.50000000000000000, 11.00000000000000000, -8.499999999999996447 ) ) ;
#7237 = CARTESIAN_POINT ( 'NONE',  ( 16.49999999999989697, 11.00000000000000000, -37.99999999999995026 ) ) ;
#7238 = AXIS2_PLACEMENT_3D ( 'NONE', #8113, #2237, #11793 ) ;
#7239 = EDGE_CURVE ( 'NONE', #2149, #2181, #7137, .T. ) ;
#7240 = ORIENTED_EDGE ( 'NONE', *, *, #3226, .T. ) ;
#7241 = ORIENTED_EDGE ( 'NONE', *, *, #1257, .T. ) ;
#7242 = CARTESIAN_POINT ( 'NONE',  ( 13.50000000000000000, 5.000000000000000000, 0.000000000000000000 ) ) ;
#7243 = PRODUCT_RELATED_PRODUCT_CATEGORY ( 'detail', '', ( #5373 ) ) ;
#7244 = CIRCLE ( 'NONE', #6632, 0.9999999999999983347 ) ;
#7245 = CARTESIAN_POINT ( 'NONE',  ( 12.00000000000003197, 11.00000000000000000, -7.499999999999936939 ) ) ;
#7246 = ORIENTED_EDGE ( 'NONE', *, *, #4587, .T. ) ;
#7247 = EDGE_CURVE ( 'NONE', #1685, #5044, #2753, .T. ) ;
#7248 = CARTESIAN_POINT ( 'NONE',  ( 16.49999999999993960, 11.00000000000000000, -29.99999999999995737 ) ) ;
#7249 = EDGE_LOOP ( 'NONE', ( #4733, #11023, #3882, #11189 ) ) ;
#7250 = DIRECTION ( 'NONE',  ( -1.000000000000000000, 0.000000000000000000, -3.352801296355066075E-17 ) ) ;
#7251 = ORIENTED_EDGE ( 'NONE', *, *, #7628, .T. ) ;
#7252 = EDGE_LOOP ( 'NONE', ( #1171, #9173, #4468, #1770 ) ) ;
#7253 = CARTESIAN_POINT ( 'NONE',  ( 54.36984848098348522, 9.799999999999998934, -8.299999999999991829 ) ) ;
#7254 = EDGE_CURVE ( 'NONE', #1485, #6040, #8977, .T. ) ;
#7255 = CARTESIAN_POINT ( 'NONE',  ( 54.00000000000000000, 11.00000000000000000, -32.14999999999999858 ) ) ;
#7256 = CARTESIAN_POINT ( 'NONE',  ( 72.50000000000000000, 11.00000000000000000, -7.500000000000000000 ) ) ;
#7257 = DIRECTION ( 'NONE',  ( 0.000000000000000000, 0.000000000000000000, 1.000000000000000000 ) ) ;
#7258 = CARTESIAN_POINT ( 'NONE',  ( 12.00000000000003197, 11.00000000000000000, -6.499999999999938716 ) ) ;
#7259 = ORIENTED_EDGE ( 'NONE', *, *, #9507, .T. ) ;
#7260 = ORIENTED_EDGE ( 'NONE', *, *, #1915, .T. ) ;
#7261 = AXIS2_PLACEMENT_3D ( 'NONE', #1744, #6666, #7552 ) ;
#7262 = CARTESIAN_POINT ( 'NONE',  ( 20.99999999999997158, 11.00000000000000000, -15.49999999999999645 ) ) ;
#7263 = FACE_OUTER_BOUND ( 'NONE', #604, .T. ) ;
#7264 = DIRECTION ( 'NONE',  ( 0.000000000000000000, 0.000000000000000000, 1.000000000000000000 ) ) ;
#7265 = CYLINDRICAL_SURFACE ( 'NONE', #926, 3.000000000000023537 ) ;
#7266 = DIRECTION ( 'NONE',  ( 0.000000000000000000, 0.000000000000000000, -1.000000000000000000 ) ) ;
#7267 = ORIENTED_EDGE ( 'NONE', *, *, #11825, .T. ) ;
#7268 = EDGE_CURVE ( 'NONE', #2834, #5705, #6529, .T. ) ;
#7269 = ORIENTED_EDGE ( 'NONE', *, *, #1723, .T. ) ;
#7270 = ADVANCED_FACE ( 'NONE', ( #780 ), #11478, .T. ) ;
#7271 = EDGE_CURVE ( 'NONE', #1872, #667, #9583, .T. ) ;
#7272 = CARTESIAN_POINT ( 'NONE',  ( 80.00000000000007105, 9.799999999999998934, -47.19999999999989626 ) ) ;
#7273 = ORIENTED_EDGE ( 'NONE', *, *, #1411, .F. ) ;
#7274 = CARTESIAN_POINT ( 'NONE',  ( 72.49999999999997158, 11.00000000000000000, -16.49999999999999289 ) ) ;
#7275 = DIRECTION ( 'NONE',  ( -0.000000000000000000, -1.000000000000000000, -0.000000000000000000 ) ) ;
#7276 = EDGE_LOOP ( 'NONE', ( #7392, #6563, #11285, #11111 ) ) ;
#7277 = CARTESIAN_POINT ( 'NONE',  ( 35.07228714274742032, 11.00000000000000000, -3.000000000000003109 ) ) ;
#7278 = EDGE_LOOP ( 'NONE', ( #10042, #6438, #1407, #2260 ) ) ;
#7279 = CARTESIAN_POINT ( 'NONE',  ( 31.50000000000000711, 11.00000000000000000, -30.99999999999996803 ) ) ;
#7280 = DIRECTION ( 'NONE',  ( -0.000000000000000000, -0.000000000000000000, -1.000000000000000000 ) ) ;
#7281 = EDGE_LOOP ( 'NONE', ( #1571, #5089, #5293, #7916 ) ) ;
#7282 = ADVANCED_FACE ( 'NONE', ( #8384 ), #10282, .T. ) ;
#7283 = AXIS2_PLACEMENT_3D ( 'NONE', #673, #4796, #4541 ) ;
#7284 = EDGE_LOOP ( 'NONE', ( #2055, #1884 ) ) ;
#7285 = CARTESIAN_POINT ( 'NONE',  ( 40.99999999999999289, 11.00000000000000000, -41.23776336359135541 ) ) ;
#7286 = CIRCLE ( 'NONE', #9520, 1.000000000000000888 ) ;
#7287 = LINE ( 'NONE', #3676, #6988 ) ;
#7288 = FACE_OUTER_BOUND ( 'NONE', #3520, .T. ) ;
#7289 = CYLINDRICAL_SURFACE ( 'NONE', #2467, 0.9999999999999974465 ) ;
#7290 = ORIENTED_EDGE ( 'NONE', *, *, #9991, .T. ) ;
#7291 = DIRECTION ( 'NONE',  ( -0.000000000000000000, -1.000000000000000000, -0.000000000000000000 ) ) ;
#7292 = DIRECTION ( 'NONE',  ( 0.000000000000000000, 0.000000000000000000, -1.000000000000000000 ) ) ;
#7293 = ORIENTED_EDGE ( 'NONE', *, *, #10374, .T. ) ;
#7294 = EDGE_LOOP ( 'NONE', ( #8203, #10862 ) ) ;
#7295 = ORIENTED_EDGE ( 'NONE', *, *, #12089, .T. ) ;
#7296 = DIRECTION ( 'NONE',  ( -0.000000000000000000, -1.000000000000000000, -0.000000000000000000 ) ) ;
#7297 = CARTESIAN_POINT ( 'NONE',  ( 20.87751981923999267, 11.00000000000000000, -1.878739150121992108 ) ) ;
#7298 = VERTEX_POINT ( 'NONE', #7419 ) ;
#7299 = VERTEX_POINT ( 'NONE', #4956 ) ;
#7300 = CARTESIAN_POINT ( 'NONE',  ( -1.927470528863119049E-16, 2.000000000000000000, -4.000000000000000000 ) ) ;
#7301 = CARTESIAN_POINT ( 'NONE',  ( 63.49999999999992895, 11.00000000000000000, -34.49999999999992895 ) ) ;
#7302 = DIRECTION ( 'NONE',  ( 0.000000000000000000, 0.000000000000000000, 1.000000000000000000 ) ) ;
#7303 = ORIENTED_EDGE ( 'NONE', *, *, #11145, .F. ) ;
#7304 = ADVANCED_FACE ( 'NONE', ( #11604 ), #8877, .T. ) ;
#7305 = DIRECTION ( 'NONE',  ( 1.000000000000000000, 0.000000000000000000, 0.000000000000000000 ) ) ;
#7306 = ORIENTED_EDGE ( 'NONE', *, *, #11998, .F. ) ;
#7307 = ORIENTED_EDGE ( 'NONE', *, *, #6387, .F. ) ;
#7308 = CYLINDRICAL_SURFACE ( 'NONE', #4545, 0.9999999999999974465 ) ;
#7309 = VECTOR ( 'NONE', #1129, 999.9999999999998863 ) ;
#7310 = CIRCLE ( 'NONE', #3690, 1.000000000000000888 ) ;
#7311 = CARTESIAN_POINT ( 'NONE',  ( 48.49999999999999289, 11.00000000000000000, -28.99999999999993250 ) ) ;
#7312 = DIRECTION ( 'NONE',  ( 0.000000000000000000, 0.000000000000000000, 1.000000000000000000 ) ) ;
#7313 =( NAMED_UNIT ( * ) SI_UNIT ( $, .STERADIAN. ) SOLID_ANGLE_UNIT ( ) );
#7314 = CARTESIAN_POINT ( 'NONE',  ( 53.00000000000000000, 11.00000000000000000, -32.14999999999999858 ) ) ;
#7315 = CYLINDRICAL_SURFACE ( 'NONE', #12474, 0.9999999999999974465 ) ;
#7316 = EDGE_LOOP ( 'NONE', ( #3573, #8474 ) ) ;
#7317 = ADVANCED_FACE ( 'NONE', ( #7913 ), #6892, .T. ) ;
#7318 = VERTEX_POINT ( 'NONE', #8693 ) ;
#7319 = ADVANCED_FACE ( 'NONE', ( #2927 ), #3933, .F. ) ;
#7320 = DIRECTION ( 'NONE',  ( 0.000000000000000000, 1.000000000000000000, 0.000000000000000000 ) ) ;
#7321 = VECTOR ( 'NONE', #12007, 1000.000000000000000 ) ;
#7322 = CARTESIAN_POINT ( 'NONE',  ( 68.00000000000000000, 11.00000000000000000, -8.499999999999966249 ) ) ;
#7323 = ADVANCED_FACE ( 'NONE', ( #11787 ), #5080, .T. ) ;
#7324 = CYLINDRICAL_SURFACE ( 'NONE', #10238, 0.9999999999999974465 ) ;
#7325 = FACE_OUTER_BOUND ( 'NONE', #4902, .T. ) ;
#7326 = CIRCLE ( 'NONE', #3285, 0.9999999999999974465 ) ;
#7327 = ORIENTED_EDGE ( 'NONE', *, *, #2799, .T. ) ;
#7328 = VECTOR ( 'NONE', #7816, 1000.000000000000000 ) ;
#7329 = FACE_BOUND ( 'NONE', #6744, .T. ) ;
#7330 = CARTESIAN_POINT ( 'NONE',  ( 16.49999999999999289, 11.00000000000000000, -12.99999999999996270 ) ) ;
#7331 = ORIENTED_EDGE ( 'NONE', *, *, #10359, .T. ) ;
#7332 = ADVANCED_FACE ( 'NONE', ( #6015 ), #9825, .T. ) ;
#7333 = DIRECTION ( 'NONE',  ( 0.000000000000000000, 1.000000000000000000, 0.000000000000000000 ) ) ;
#7334 = PLANE ( 'NONE',  #4283 ) ;
#7335 = ORIENTED_EDGE ( 'NONE', *, *, #889, .F. ) ;
#7336 = AXIS2_PLACEMENT_3D ( 'NONE', #12176, #456, #398 ) ;
#7337 = EDGE_CURVE ( 'NONE', #3773, #11736, #2107, .T. ) ;
#7338 = CARTESIAN_POINT ( 'NONE',  ( 36.49999999999999289, 11.00000000000000000, -41.23776336359135541 ) ) ;
#7339 = ADVANCED_FACE ( 'NONE', ( #1981 ), #5778, .T. ) ;
#7340 = EDGE_LOOP ( 'NONE', ( #1799, #8560, #5024, #12123 ) ) ;
#7341 = CARTESIAN_POINT ( 'NONE',  ( 58.41482322781407532, 9.799999999999998934, 21.58517677218592468 ) ) ;
#7342 = AXIS2_PLACEMENT_3D ( 'NONE', #7232, #2436, #10150 ) ;
#7343 = EDGE_CURVE ( 'NONE', #6351, #9251, #4928, .T. ) ;
#7344 = CARTESIAN_POINT ( 'NONE',  ( 31.50000000000000711, 11.00000000000000000, -11.99999999999997335 ) ) ;
#7345 = ORIENTED_EDGE ( 'NONE', *, *, #2786, .T. ) ;
#7346 = VECTOR ( 'NONE', #9174, 1000.000000000000000 ) ;
#7347 = ORIENTED_EDGE ( 'NONE', *, *, #6648, .T. ) ;
#7348 = CYLINDRICAL_SURFACE ( 'NONE', #9597, 3.599999999999992095 ) ;
#7349 = DIRECTION ( 'NONE',  ( 0.000000000000000000, 0.000000000000000000, 1.000000000000000000 ) ) ;
#7350 = AXIS2_PLACEMENT_3D ( 'NONE', #8935, #244, #7723 ) ;
#7351 = EDGE_CURVE ( 'NONE', #9041, #7505, #9645, .T. ) ;
#7352 = CARTESIAN_POINT ( 'NONE',  ( 50.59167388793158437, 11.00000000000000000, -39.37867965644036872 ) ) ;
#7353 = CARTESIAN_POINT ( 'NONE',  ( 25.63015151901651478, 9.799999999999998934, -8.299999999999991829 ) ) ;
#7354 = ORIENTED_EDGE ( 'NONE', *, *, #1335, .T. ) ;
#7355 = DIRECTION ( 'NONE',  ( 0.7127720722690795707, 0.000000000000000000, 0.7013957320894119718 ) ) ;
#7356 = PLANE ( 'NONE',  #10178 ) ;
#7357 = EDGE_CURVE ( 'NONE', #11132, #2667, #10588, .T. ) ;
#7358 = ORIENTED_EDGE ( 'NONE', *, *, #7337, .F. ) ;
#7359 = DIRECTION ( 'NONE',  ( -0.000000000000000000, -1.000000000000000000, -0.000000000000000000 ) ) ;
#7360 = AXIS2_PLACEMENT_3D ( 'NONE', #3537, #6558, #1763 ) ;
#7361 = AXIS2_PLACEMENT_3D ( 'NONE', #6721, #10604, #1929 ) ;
#7362 = CARTESIAN_POINT ( 'NONE',  ( 74.55677228167498072, 9.799999999999998934, -47.20000000000000284 ) ) ;
#7363 = VECTOR ( 'NONE', #952, 1000.000000000000000 ) ;
#7364 = AXIS2_PLACEMENT_3D ( 'NONE', #10391, #1653, #12286 ) ;
#7365 = ORIENTED_EDGE ( 'NONE', *, *, #11465, .T. ) ;
#7366 = PLANE ( 'NONE',  #5352 ) ;
#7367 = CIRCLE ( 'NONE', #4130, 0.9999999999999974465 ) ;
#7368 = DIRECTION ( 'NONE',  ( 0.000000000000000000, 0.000000000000000000, 1.000000000000000000 ) ) ;
#7369 = AXIS2_PLACEMENT_3D ( 'NONE', #2650, #12445, #3653 ) ;
#7370 = CARTESIAN_POINT ( 'NONE',  ( 53.45857864376280588, 9.799999999999998934, -43.30000000000000426 ) ) ;
#7371 = ORIENTED_EDGE ( 'NONE', *, *, #1412, .T. ) ;
#7372 = AXIS2_PLACEMENT_3D ( 'NONE', #10885, #6064, #2221 ) ;
#7373 = CYLINDRICAL_SURFACE ( 'NONE', #3496, 0.9999999999999974465 ) ;
#7374 = ORIENTED_EDGE ( 'NONE', *, *, #6005, .T. ) ;
#7375 = VERTEX_POINT ( 'NONE', #10778 ) ;
#7376 = DIRECTION ( 'NONE',  ( -0.000000000000000000, -1.000000000000000000, -0.000000000000000000 ) ) ;
#7377 = AXIS2_PLACEMENT_3D ( 'NONE', #7734, #2940, #6784 ) ;
#7378 = LINE ( 'NONE', #12374, #2613 ) ;
#7379 = CARTESIAN_POINT ( 'NONE',  ( 3.000000000000002665, 9.799999999999998934, -44.89029455227312582 ) ) ;
#7380 = CARTESIAN_POINT ( 'NONE',  ( 54.28700576850885540, 9.799999999999998934, -38.50000000000000000 ) ) ;
#7381 = DIRECTION ( 'NONE',  ( 0.000000000000000000, 0.000000000000000000, -1.000000000000000000 ) ) ;
#7382 = AXIS2_PLACEMENT_3D ( 'NONE', #10645, #1134, #1973 ) ;
#7383 = VERTEX_POINT ( 'NONE', #2044 ) ;
#7384 = ORIENTED_EDGE ( 'NONE', *, *, #9840, .T. ) ;
#7385 = CIRCLE ( 'NONE', #3363, 3.599999999999990319 ) ;
#7386 = DIRECTION ( 'NONE',  ( -0.000000000000000000, -1.000000000000000000, -0.000000000000000000 ) ) ;
#7387 = DIRECTION ( 'NONE',  ( 0.000000000000000000, 1.000000000000000000, 0.000000000000000000 ) ) ;
#7388 = DIRECTION ( 'NONE',  ( 0.000000000000000000, 1.000000000000000000, 0.000000000000000000 ) ) ;
#7389 = PLANE ( 'NONE',  #4833 ) ;
#7390 = VECTOR ( 'NONE', #6164, 1000.000000000000000 ) ;
#7391 = EDGE_CURVE ( 'NONE', #6161, #7681, #4056, .T. ) ;
#7392 = ORIENTED_EDGE ( 'NONE', *, *, #11712, .F. ) ;
#7393 = VECTOR ( 'NONE', #11667, 1000.000000000000000 ) ;
#7394 = EDGE_CURVE ( 'NONE', #6819, #9288, #2992, .T. ) ;
#7395 = ORIENTED_EDGE ( 'NONE', *, *, #2727, .T. ) ;
#7396 = ADVANCED_FACE ( 'NONE', ( #962 ), #3998, .T. ) ;
#7397 = FACE_BOUND ( 'NONE', #11549, .T. ) ;
#7398 = DIRECTION ( 'NONE',  ( 0.000000000000000000, -0.000000000000000000, 1.000000000000000000 ) ) ;
#7399 = ORIENTED_EDGE ( 'NONE', *, *, #5387, .T. ) ;
#7400 = LINE ( 'NONE', #11261, #4817 ) ;
#7401 = CYLINDRICAL_SURFACE ( 'NONE', #9165, 0.9999999999999974465 ) ;
#7402 = ORIENTED_EDGE ( 'NONE', *, *, #11384, .F. ) ;
#7403 = VECTOR ( 'NONE', #5714, 1000.000000000000000 ) ;
#7404 = DIRECTION ( 'NONE',  ( -0.000000000000000000, 1.000000000000000000, -0.000000000000000000 ) ) ;
#7405 = VERTEX_POINT ( 'NONE', #8749 ) ;
#7406 = CIRCLE ( 'NONE', #12468, 1.000000000000000888 ) ;
#7407 = DIRECTION ( 'NONE',  ( 0.000000000000000000, 1.000000000000000000, 0.000000000000000000 ) ) ;
#7408 = DIRECTION ( 'NONE',  ( 1.000000000000000000, 0.000000000000000000, -4.818676322157797621E-17 ) ) ;
#7409 = EDGE_CURVE ( 'NONE', #9576, #3916, #60, .T. ) ;
#7410 = ORIENTED_EDGE ( 'NONE', *, *, #703, .F. ) ;
#7411 = CARTESIAN_POINT ( 'NONE',  ( 56.34974746830580017, 9.799999999999998934, -7.479898987322330051 ) ) ;
#7412 = ADVANCED_FACE ( 'NONE', ( #7855 ), #11735, .T. ) ;
#7413 = CIRCLE ( 'NONE', #6602, 1.699999999999993072 ) ;
#7414 = DIRECTION ( 'NONE',  ( -0.000000000000000000, -0.000000000000000000, 1.000000000000000000 ) ) ;
#7415 = FACE_OUTER_BOUND ( 'NONE', #3686, .T. ) ;
#7416 = DIRECTION ( 'NONE',  ( 0.000000000000000000, 1.000000000000000000, 0.000000000000000000 ) ) ;
#7417 = ORIENTED_EDGE ( 'NONE', *, *, #4416, .F. ) ;
#7418 = LINE ( 'NONE', #8566, #8163 ) ;
#7419 = CARTESIAN_POINT ( 'NONE',  ( 61.24351332877357379, 9.799999999999998934, -1.000059507428522121 ) ) ;
#7420 = ORIENTED_EDGE ( 'NONE', *, *, #10379, .F. ) ;
#7421 = EDGE_LOOP ( 'NONE', ( #10882, #5717 ) ) ;
#7422 = ORIENTED_EDGE ( 'NONE', *, *, #986, .T. ) ;
#7423 = DIRECTION ( 'NONE',  ( -0.000000000000000000, -1.000000000000000000, -0.000000000000000000 ) ) ;
#7424 = DIRECTION ( 'NONE',  ( 0.000000000000000000, -0.000000000000000000, 1.000000000000000000 ) ) ;
#7425 = VECTOR ( 'NONE', #10546, 1000.000000000000000 ) ;
#7426 = AXIS2_PLACEMENT_3D ( 'NONE', #11780, #6884, #3224 ) ;
#7427 = EDGE_CURVE ( 'NONE', #30, #4830, #882, .T. ) ;
#7428 = CARTESIAN_POINT ( 'NONE',  ( 14.23776336359134831, 11.00000000000000000, -43.50000000000000000 ) ) ;
#7429 = EDGE_CURVE ( 'NONE', #3129, #5615, #6262, .T. ) ;
#7430 = CARTESIAN_POINT ( 'NONE',  ( 44.50000000000000000, 11.00000000000000000, -29.99999999999993960 ) ) ;
#7431 = ORIENTED_EDGE ( 'NONE', *, *, #5497, .F. ) ;
#7432 = EDGE_CURVE ( 'NONE', #6171, #5235, #11916, .T. ) ;
#7433 = VECTOR ( 'NONE', #7789, 1000.000000000000000 ) ;
#7434 = CARTESIAN_POINT ( 'NONE',  ( 67.99999999999994316, 2.000000000000000000, -24.49999999999996447 ) ) ;
#7435 = ORIENTED_EDGE ( 'NONE', *, *, #76, .F. ) ;
#7436 = CYLINDRICAL_SURFACE ( 'NONE', #2508, 2.800000000000002931 ) ;
#7437 = VECTOR ( 'NONE', #10848, 1000.000000000000000 ) ;
#7438 = EDGE_LOOP ( 'NONE', ( #7850, #9575, #16, #7306 ) ) ;
#7439 = ORIENTED_EDGE ( 'NONE', *, *, #9840, .F. ) ;
#7440 = CARTESIAN_POINT ( 'NONE',  ( 40.00000000000000000, 11.00000000000000000, -8.749999999999955591 ) ) ;
#7441 = ORIENTED_EDGE ( 'NONE', *, *, #664, .F. ) ;
#7442 = CIRCLE ( 'NONE', #8057, 2.799999999999996270 ) ;
#7443 = EDGE_CURVE ( 'NONE', #2767, #2084, #6734, .T. ) ;
#7444 = CARTESIAN_POINT ( 'NONE',  ( 5.200000000000024158, 9.799999999999998934, -5.200000000000043698 ) ) ;
#7445 = AXIS2_PLACEMENT_3D ( 'NONE', #12111, #6448, #5277 ) ;
#7446 = CARTESIAN_POINT ( 'NONE',  ( 20.99999999999995737, 11.00000000000000000, -21.99999999999999289 ) ) ;
#7447 = CALENDAR_DATE ( 2022, 15, 2 ) ;
#7448 = LINE ( 'NONE', #804, #6897 ) ;
#7449 = EDGE_LOOP ( 'NONE', ( #2713, #897 ) ) ;
#7450 = VERTEX_POINT ( 'NONE', #10017 ) ;
#7451 = LINE ( 'NONE', #6487, #9783 ) ;
#7452 = CARTESIAN_POINT ( 'NONE',  ( 73.50000000000000000, 2.000000000000000000, -4.000000000000003553 ) ) ;
#7453 = EDGE_LOOP ( 'NONE', ( #11206, #7168 ) ) ;
#7454 = DIRECTION ( 'NONE',  ( -0.000000000000000000, 1.000000000000000000, -0.000000000000000000 ) ) ;
#7455 = DIRECTION ( 'NONE',  ( 0.000000000000000000, 0.000000000000000000, -1.000000000000000000 ) ) ;
#7456 = VERTEX_POINT ( 'NONE', #2366 ) ;
#7457 = EDGE_LOOP ( 'NONE', ( #12006, #5217, #7219, #11836 ) ) ;
#7458 = FACE_BOUND ( 'NONE', #10286, .T. ) ;
#7459 = DIRECTION ( 'NONE',  ( 0.000000000000000000, -0.000000000000000000, 1.000000000000000000 ) ) ;
#7460 = VERTEX_POINT ( 'NONE', #1344 ) ;
#7461 = DIRECTION ( 'NONE',  ( -0.000000000000000000, -1.000000000000000000, -0.000000000000000000 ) ) ;
#7462 = CARTESIAN_POINT ( 'NONE',  ( 16.49999999999996447, 11.00000000000000000, -19.99999999999996447 ) ) ;
#7463 = ORIENTED_EDGE ( 'NONE', *, *, #4333, .T. ) ;
#7464 = EDGE_CURVE ( 'NONE', #9455, #6036, #4523, .T. ) ;
#7465 = LINE ( 'NONE', #11397, #5752 ) ;
#7466 = ORIENTED_EDGE ( 'NONE', *, *, #6804, .F. ) ;
#7467 = LINE ( 'NONE', #7525, #920 ) ;
#7468 = CYLINDRICAL_SURFACE ( 'NONE', #8461, 0.9999999999999974465 ) ;
#7469 = ORIENTED_EDGE ( 'NONE', *, *, #1318, .F. ) ;
#7470 = FACE_OUTER_BOUND ( 'NONE', #2404, .T. ) ;
#7471 = CARTESIAN_POINT ( 'NONE',  ( 7.500000000000041744, 11.00000000000000000, -6.499999999999906741 ) ) ;
#7472 = CARTESIAN_POINT ( 'NONE',  ( 44.50000000000000000, 2.000000000000000000, -17.49999999999993960 ) ) ;
#7473 = DIRECTION ( 'NONE',  ( 0.000000000000000000, 0.000000000000000000, 1.000000000000000000 ) ) ;
#7474 = ORIENTED_EDGE ( 'NONE', *, *, #4287, .F. ) ;
#7475 = EDGE_CURVE ( 'NONE', #4246, #9288, #675, .T. ) ;
#7476 = DIRECTION ( 'NONE',  ( -0.000000000000000000, -1.000000000000000000, -0.000000000000000000 ) ) ;
#7477 = CARTESIAN_POINT ( 'NONE',  ( 57.50000000000000000, -0.002000000000000265454, -10.85512985522207607 ) ) ;
#7478 = EDGE_LOOP ( 'NONE', ( #1987, #1131, #10142, #4679 ) ) ;
#7479 = ORIENTED_EDGE ( 'NONE', *, *, #1067, .F. ) ;
#7480 = ORIENTED_EDGE ( 'NONE', *, *, #3648, .T. ) ;
#7481 = CARTESIAN_POINT ( 'NONE',  ( 26.54142135623725451, 11.00000000000000000, -43.30000000000000426 ) ) ;
#7482 = ADVANCED_FACE ( 'NONE', ( #5148 ), #5330, .T. ) ;
#7483 = DIRECTION ( 'NONE',  ( 0.000000000000000000, 1.000000000000000000, -0.000000000000000000 ) ) ;
#7484 = CIRCLE ( 'NONE', #9539, 1.000000000000000888 ) ;
#7485 = AXIS2_PLACEMENT_3D ( 'NONE', #2082, #10698, #8724 ) ;
#7486 = EDGE_LOOP ( 'NONE', ( #2195, #2994, #6200, #4660 ) ) ;
#7487 = AXIS2_PLACEMENT_3D ( 'NONE', #1323, #5127, #8797 ) ;
#7488 = FACE_OUTER_BOUND ( 'NONE', #11380, .T. ) ;
#7489 = CARTESIAN_POINT ( 'NONE',  ( 44.50000000000000000, 11.00000000000000000, -11.99999999999994138 ) ) ;
#7490 = ORIENTED_EDGE ( 'NONE', *, *, #2655, .T. ) ;
#7491 = DIRECTION ( 'NONE',  ( 0.000000000000000000, 1.000000000000000000, 0.000000000000000000 ) ) ;
#7492 = ORIENTED_EDGE ( 'NONE', *, *, #12013, .T. ) ;
#7493 = CARTESIAN_POINT ( 'NONE',  ( 11.99999999999992006, 2.000000000000000000, -38.99999999999992184 ) ) ;
#7494 = CARTESIAN_POINT ( 'NONE',  ( 58.99999999999999289, 11.00000000000000000, -20.99999999999990052 ) ) ;
#7495 = ORIENTED_EDGE ( 'NONE', *, *, #10313, .T. ) ;
#7496 = LINE ( 'NONE', #8475, #705 ) ;
#7497 = EDGE_CURVE ( 'NONE', #898, #4945, #8051, .T. ) ;
#7498 = DIRECTION ( 'NONE',  ( -0.7071067811865464625, 0.000000000000000000, 0.7071067811865486830 ) ) ;
#7499 = ADVANCED_FACE ( 'NONE', ( #3231 ), #4371, .T. ) ;
#7500 = EDGE_LOOP ( 'NONE', ( #688, #10910, #3571, #3960 ) ) ;
#7501 = CARTESIAN_POINT ( 'NONE',  ( 53.50000000000000000, 0.000000000000000000, -43.39999999999999858 ) ) ;
#7502 = CARTESIAN_POINT ( 'NONE',  ( 0.000000000000000000, 2.000000000000000000, -46.00000000000000000 ) ) ;
#7503 = PERSON_AND_ORGANIZATION_ROLE ( 'classification_officer' ) ;
#7504 = CARTESIAN_POINT ( 'NONE',  ( 63.49999999999998579, 2.000000000000000000, -15.49999999999993427 ) ) ;
#7505 = VERTEX_POINT ( 'NONE', #7078 ) ;
#7506 = EDGE_CURVE ( 'NONE', #6018, #2157, #8242, .T. ) ;
#7507 = EDGE_LOOP ( 'NONE', ( #8367, #5813, #4221, #12042 ) ) ;
#7508 = LINE ( 'NONE', #6371, #6935 ) ;
#7509 = EDGE_CURVE ( 'NONE', #9678, #11067, #8177, .T. ) ;
#7510 = FACE_OUTER_BOUND ( 'NONE', #2810, .T. ) ;
#7511 = EDGE_CURVE ( 'NONE', #3129, #8766, #12210, .T. ) ;
#7512 = VECTOR ( 'NONE', #2806, 1000.000000000000000 ) ;
#7513 = DIRECTION ( 'NONE',  ( 0.000000000000000000, 0.000000000000000000, 1.000000000000000000 ) ) ;
#7514 = EDGE_LOOP ( 'NONE', ( #3250, #3414, #3790, #6858 ) ) ;
#7515 = VERTEX_POINT ( 'NONE', #9191 ) ;
#7516 = CIRCLE ( 'NONE', #2076, 1.000000000000000888 ) ;
#7517 = CARTESIAN_POINT ( 'NONE',  ( 51.47867965644034882, 11.00000000000000000, -5.479898987322321169 ) ) ;
#7518 = DIRECTION ( 'NONE',  ( 0.000000000000000000, -0.000000000000000000, 1.000000000000000000 ) ) ;
#7519 = ORIENTED_EDGE ( 'NONE', *, *, #9834, .T. ) ;
#7520 = CIRCLE ( 'NONE', #8341, 2.999999999999998668 ) ;
#7521 = FACE_OUTER_BOUND ( 'NONE', #2369, .T. ) ;
#7522 = DIRECTION ( 'NONE',  ( 0.000000000000000000, 1.000000000000000000, 0.000000000000000000 ) ) ;
#7523 = CYLINDRICAL_SURFACE ( 'NONE', #10600, 2.500000000000000444 ) ;
#7524 = ORIENTED_EDGE ( 'NONE', *, *, #6847, .F. ) ;
#7525 = CARTESIAN_POINT ( 'NONE',  ( 44.50000000000000000, 11.00000000000000000, -17.49999999999993960 ) ) ;
#7526 = CIRCLE ( 'NONE', #1883, 0.9999999999999974465 ) ;
#7527 = DIRECTION ( 'NONE',  ( 0.000000000000000000, 0.000000000000000000, -1.000000000000000000 ) ) ;
#7528 = CIRCLE ( 'NONE', #5121, 0.9999999999999974465 ) ;
#7529 = CARTESIAN_POINT ( 'NONE',  ( 72.50000000000000000, 11.00000000000000000, -8.499999999999996447 ) ) ;
#7530 = DIRECTION ( 'NONE',  ( -0.000000000000000000, 1.000000000000000000, -0.000000000000000000 ) ) ;
#7531 = AXIS2_PLACEMENT_3D ( 'NONE', #8836, #1038, #200 ) ;
#7532 = ORIENTED_EDGE ( 'NONE', *, *, #5661, .T. ) ;
#7533 = CARTESIAN_POINT ( 'NONE',  ( 72.49999999999998579, 11.00000000000000000, -11.99999999999999645 ) ) ;
#7534 = DIRECTION ( 'NONE',  ( -0.000000000000000000, -1.000000000000000000, -0.000000000000000000 ) ) ;
#7535 = VERTEX_POINT ( 'NONE', #10197 ) ;
#7536 = LINE ( 'NONE', #6518, #6924 ) ;
#7537 = DIRECTION ( 'NONE',  ( -0.000000000000000000, -1.000000000000000000, -0.000000000000000000 ) ) ;
#7538 = ORIENTED_EDGE ( 'NONE', *, *, #2727, .F. ) ;
#7539 = VERTEX_POINT ( 'NONE', #7277 ) ;
#7540 = ORIENTED_EDGE ( 'NONE', *, *, #8032, .T. ) ;
#7541 = DIRECTION ( 'NONE',  ( 0.000000000000000000, 1.000000000000000000, -0.000000000000000000 ) ) ;
#7542 = CARTESIAN_POINT ( 'NONE',  ( 0.000000000000000000, 0.000000000000000000, 0.000000000000000000 ) ) ;
#7543 = AXIS2_PLACEMENT_3D ( 'NONE', #9456, #4642, #961 ) ;
#7544 = AXIS2_PLACEMENT_3D ( 'NONE', #11951, #3267, #8972 ) ;
#7545 = EDGE_CURVE ( 'NONE', #9315, #2178, #9066, .T. ) ;
#7546 = CARTESIAN_POINT ( 'NONE',  ( 16.49999999999992539, 2.000000000000000000, -35.49999999999996447 ) ) ;
#7548 = EDGE_CURVE ( 'NONE', #4731, #5291, #12409, .T. ) ;
#7547 = DIRECTION ( 'NONE',  ( 0.000000000000000000, 0.000000000000000000, 1.000000000000000000 ) ) ;
#7549 = EDGE_LOOP ( 'NONE', ( #5555, #10236, #8455, #10422, #10826, #5886, #659, #5366, #6913, #4075, #3576, #1982, #1652, #8415, #7492, #7694, #11021, #2472, #9847, #7402, #1238, #5904, #11444, #4491, #9718, #7109, #2904, #6159, #4196, #3212, #7081, #2415, #7797, #7479, #8569, #11625, #3009, #621, #10340, #4480, #9866, #2474 ) ) ;
#7550 = EDGE_CURVE ( 'NONE', #7065, #6540, #3922, .T. ) ;
#7551 = CARTESIAN_POINT ( 'NONE',  ( 12.00000000000003197, 2.000000000000000000, -8.499999999999934275 ) ) ;
#7552 = DIRECTION ( 'NONE',  ( 0.000000000000000000, 0.000000000000000000, 1.000000000000000000 ) ) ;
#7553 = CIRCLE ( 'NONE', #10191, 0.9999999999999974465 ) ;
#7554 = ORIENTED_EDGE ( 'NONE', *, *, #10691, .T. ) ;
#7555 = CARTESIAN_POINT ( 'NONE',  ( 0.000000000000000000, 0.000000000000000000, -50.00000000000000000 ) ) ;
#7556 = DIRECTION ( 'NONE',  ( 0.7071067811865513475, -0.000000000000000000, -0.7071067811865437980 ) ) ;
#7557 = ORIENTED_EDGE ( 'NONE', *, *, #3353, .T. ) ;
#7558 = CARTESIAN_POINT ( 'NONE',  ( 30.50000000000000355, 11.00000000000000000, -10.85512985522205121 ) ) ;
#7559 = AXIS2_PLACEMENT_3D ( 'NONE', #4047, #8803, #11659 ) ;
#7560 = LINE ( 'NONE', #12440, #8959 ) ;
#7561 = CIRCLE ( 'NONE', #6754, 0.9999999999999974465 ) ;
#7562 = ADVANCED_FACE ( 'NONE', ( #574 ), #4441, .T. ) ;
#7563 = DIRECTION ( 'NONE',  ( -0.7071067811865463515, 0.000000000000000000, -0.7071067811865487940 ) ) ;
#7564 = AXIS2_PLACEMENT_3D ( 'NONE', #3745, #5700, #224 ) ;
#7567 = EDGE_CURVE ( 'NONE', #1685, #4603, #8591, .T. ) ;
#7566 = AXIS2_PLACEMENT_3D ( 'NONE', #1701, #1054, #11511 ) ;
#7565 = DIRECTION ( 'NONE',  ( -0.000000000000000000, 1.000000000000000000, -0.000000000000000000 ) ) ;
#7568 = EDGE_CURVE ( 'NONE', #9678, #12163, #4941, .T. ) ;
#7569 = DIRECTION ( 'NONE',  ( -0.000000000000000000, -1.000000000000000000, 0.000000000000000000 ) ) ;
#7570 = ORIENTED_EDGE ( 'NONE', *, *, #3098, .F. ) ;
#7571 = ORIENTED_EDGE ( 'NONE', *, *, #2267, .T. ) ;
#7572 = VECTOR ( 'NONE', #10661, 1000.000000000000000 ) ;
#7573 = LINE ( 'NONE', #8602, #8388 ) ;
#7574 = DIRECTION ( 'NONE',  ( 0.000000000000000000, 1.000000000000000000, 0.000000000000000000 ) ) ;
#7575 = CIRCLE ( 'NONE', #3344, 1.000000000000000888 ) ;
#7576 = LINE ( 'NONE', #4554, #11940 ) ;
#7577 = EDGE_LOOP ( 'NONE', ( #7088, #11426, #7260, #1657 ) ) ;
#7578 = EDGE_CURVE ( 'NONE', #7192, #8214, #7971, .T. ) ;
#7579 = AXIS2_PLACEMENT_3D ( 'NONE', #12530, #4570, #9446 ) ;
#7580 = EDGE_CURVE ( 'NONE', #9778, #3434, #10404, .T. ) ;
#7581 = EDGE_CURVE ( 'NONE', #11363, #2396, #7588, .T. ) ;
#7582 = AXIS2_PLACEMENT_3D ( 'NONE', #9525, #840, #4010 ) ;
#7583 = FACE_BOUND ( 'NONE', #6449, .T. ) ;
#7584 = DIRECTION ( 'NONE',  ( 0.000000000000000000, 1.000000000000000000, 0.000000000000000000 ) ) ;
#7585 = EDGE_LOOP ( 'NONE', ( #9263, #10214, #8267, #964 ) ) ;
#7586 = DIRECTION ( 'NONE',  ( 0.000000000000000000, 1.000000000000000000, -0.000000000000000000 ) ) ;
#7587 = DIRECTION ( 'NONE',  ( 0.000000000000000000, 1.000000000000000000, 0.000000000000000000 ) ) ;
#7588 = LINE ( 'NONE', #11202, #2526 ) ;
#7589 = ORIENTED_EDGE ( 'NONE', *, *, #8881, .F. ) ;
#7590 = DIRECTION ( 'NONE',  ( -0.000000000000000000, -1.000000000000000000, -0.000000000000000000 ) ) ;
#7591 = CARTESIAN_POINT ( 'NONE',  ( 39.00000000000000000, 11.00000000000000000, -15.00000000000000000 ) ) ;
#7592 = AXIS2_PLACEMENT_3D ( 'NONE', #7675, #11548, #8884 ) ;
#7593 = ORIENTED_EDGE ( 'NONE', *, *, #459, .F. ) ;
#7594 = EDGE_CURVE ( 'NONE', #11152, #1514, #4741, .T. ) ;
#7595 = EDGE_CURVE ( 'NONE', #8607, #1603, #6575, .T. ) ;
#7596 = ORIENTED_EDGE ( 'NONE', *, *, #4566, .F. ) ;
#7597 = CARTESIAN_POINT ( 'NONE',  ( 52.00000000000000000, 11.00000000000000000, -32.14999999999999858 ) ) ;
#7598 = AXIS2_PLACEMENT_3D ( 'NONE', #6346, #3574, #12127 ) ;
#7599 = CARTESIAN_POINT ( 'NONE',  ( 48.49999999999999289, 2.000000000000000000, -28.99999999999993250 ) ) ;
#7600 = EDGE_LOOP ( 'NONE', ( #660, #12416, #9327, #7395 ) ) ;
#7601 = CARTESIAN_POINT ( 'NONE',  ( 48.49999999999999289, 11.00000000000000000, -20.99999999999992895 ) ) ;
#7602 = CIRCLE ( 'NONE', #5805, 0.9999999999999974465 ) ;
#7603 = CARTESIAN_POINT ( 'NONE',  ( 16.50000000000000711, 2.000000000000000000, -6.499999999999969802 ) ) ;
#7604 = EDGE_LOOP ( 'NONE', ( #3277, #63, #790, #9755 ) ) ;
#7605 = CARTESIAN_POINT ( 'NONE',  ( 67.99999999999998579, 2.000000000000000000, -11.99999999999996625 ) ) ;
#7606 = DIRECTION ( 'NONE',  ( 0.000000000000000000, 0.000000000000000000, 1.000000000000000000 ) ) ;
#7607 = ORIENTED_EDGE ( 'NONE', *, *, #3427, .T. ) ;
#7608 = ORIENTED_EDGE ( 'NONE', *, *, #9735, .T. ) ;
#7609 = VERTEX_POINT ( 'NONE', #3670 ) ;
#7610 = CARTESIAN_POINT ( 'NONE',  ( 33.60060966544087080, 9.799999999999998934, -46.39939033455902262 ) ) ;
#7611 = DIRECTION ( 'NONE',  ( -0.000000000000000000, 1.000000000000000000, 0.000000000000000000 ) ) ;
#7612 = EDGE_CURVE ( 'NONE', #2384, #5301, #2914, .T. ) ;
#7613 = CIRCLE ( 'NONE', #9651, 2.499999999999999556 ) ;
#7614 = DIRECTION ( 'NONE',  ( 0.000000000000000000, 0.000000000000000000, -1.000000000000000000 ) ) ;
#7615 = CARTESIAN_POINT ( 'NONE',  ( 67.99999999999991473, 2.000000000000000000, -34.49999999999996447 ) ) ;
#7616 = ORIENTED_EDGE ( 'NONE', *, *, #10446, .F. ) ;
#7617 = DIRECTION ( 'NONE',  ( 1.000000000000000000, 0.000000000000000000, 0.000000000000000000 ) ) ;
#7618 = EDGE_LOOP ( 'NONE', ( #7532, #970 ) ) ;
#7619 = CARTESIAN_POINT ( 'NONE',  ( 28.52132034355956591, 11.00000000000000000, -41.32010101267765378 ) ) ;
#7620 = ORIENTED_EDGE ( 'NONE', *, *, #6692, .T. ) ;
#7621 = LINE ( 'NONE', #2825, #2085 ) ;
#7622 = DIRECTION ( 'NONE',  ( 0.000000000000000000, -0.000000000000000000, 1.000000000000000000 ) ) ;
#7623 = ORIENTED_EDGE ( 'NONE', *, *, #7716, .F. ) ;
#7624 = ORIENTED_EDGE ( 'NONE', *, *, #1447, .T. ) ;
#7625 = AXIS2_PLACEMENT_3D ( 'NONE', #5903, #7740, #6665 ) ;
#7626 = ORIENTED_EDGE ( 'NONE', *, *, #1959, .F. ) ;
#7627 = CARTESIAN_POINT ( 'NONE',  ( -1.927470528863119049E-16, 11.00000000000000000, -4.000000000000000000 ) ) ;
#7628 = EDGE_CURVE ( 'NONE', #8403, #11152, #1298, .T. ) ;
#7629 = PLANE ( 'NONE',  #3499 ) ;
#7630 = CIRCLE ( 'NONE', #6213, 0.9999999999999974465 ) ;
#7631 = ORIENTED_EDGE ( 'NONE', *, *, #3160, .F. ) ;
#7632 = CARTESIAN_POINT ( 'NONE',  ( 36.49999999999999289, 11.00000000000000000, -41.23776336359135541 ) ) ;
#7633 = AXIS2_PLACEMENT_3D ( 'NONE', #9322, #6514, #2493 ) ;
#7634 = ADVANCED_FACE ( 'NONE', ( #818 ), #7523, .F. ) ;
#7635 = CARTESIAN_POINT ( 'NONE',  ( 79.00000000000000000, 9.799999999999998934, -44.89029455227312582 ) ) ;
#7636 = SHAPE_DEFINITION_REPRESENTATION ( #4456, #373 ) ;
#7637 = DIRECTION ( 'NONE',  ( 3.717264591378885418E-14, 0.000000000000000000, 1.000000000000000000 ) ) ;
#7638 = ORIENTED_EDGE ( 'NONE', *, *, #4228, .T. ) ;
#7639 = EDGE_LOOP ( 'NONE', ( #3245, #11018 ) ) ;
#7640 = LINE ( 'NONE', #99, #68 ) ;
#7641 = CYLINDRICAL_SURFACE ( 'NONE', #3736, 0.9999999999999974465 ) ;
#7642 = CIRCLE ( 'NONE', #10697, 2.500000000000002220 ) ;
#7643 = ADVANCED_FACE ( 'NONE', ( #6504 ), #8435, .T. ) ;
#7644 = DIRECTION ( 'NONE',  ( -0.000000000000000000, -1.000000000000000000, -0.000000000000000000 ) ) ;
#7645 = CIRCLE ( 'NONE', #11705, 0.9999999999999974465 ) ;
#7646 = EDGE_LOOP ( 'NONE', ( #6483, #11238 ) ) ;
#7647 = VECTOR ( 'NONE', #6428, 1000.000000000000000 ) ;
#7648 = LINE ( 'NONE', #5199, #4666 ) ;
#7649 = DIRECTION ( 'NONE',  ( 0.000000000000000000, 0.000000000000000000, 1.000000000000000000 ) ) ;
#7650 = ORIENTED_EDGE ( 'NONE', *, *, #6717, .T. ) ;
#7651 = DIRECTION ( 'NONE',  ( -0.000000000000000000, -1.000000000000000000, 0.000000000000000000 ) ) ;
#7652 = LINE ( 'NONE', #4088, #9353 ) ;
#7653 = CARTESIAN_POINT ( 'NONE',  ( 58.99999999999995737, 11.00000000000000000, -28.99999999999989697 ) ) ;
#7654 = CARTESIAN_POINT ( 'NONE',  ( 44.50000000000000000, 11.00000000000000000, -20.99999999999993960 ) ) ;
#7655 = DIRECTION ( 'NONE',  ( 0.000000000000000000, 1.000000000000000000, 0.000000000000000000 ) ) ;
#7656 = EDGE_CURVE ( 'NONE', #6171, #2046, #4567, .T. ) ;
#7657 = EDGE_CURVE ( 'NONE', #8492, #4910, #7465, .T. ) ;
#7658 = DIRECTION ( 'NONE',  ( 0.000000000000000000, 0.000000000000000000, 1.000000000000000000 ) ) ;
#7659 = LOCAL_TIME ( 14, 54, 53.00000000000000000, #2709 ) ;
#7660 = EDGE_LOOP ( 'NONE', ( #11605, #315 ) ) ;
#7661 = DIRECTION ( 'NONE',  ( -0.7071067811865425767, 0.000000000000000000, 0.7071067811865525687 ) ) ;
#7662 = DIRECTION ( 'NONE',  ( 0.000000000000000000, 0.000000000000000000, 1.000000000000000000 ) ) ;
#7663 = ORIENTED_EDGE ( 'NONE', *, *, #451, .T. ) ;
#7664 = LINE ( 'NONE', #8689, #8043 ) ;
#7665 = CARTESIAN_POINT ( 'NONE',  ( 24.47867965644055133, 9.799999999999998934, -41.32010101267763957 ) ) ;
#7666 = EDGE_LOOP ( 'NONE', ( #10207, #1360 ) ) ;
#7667 = DIRECTION ( 'NONE',  ( 0.000000000000000000, 1.000000000000000000, 0.000000000000000000 ) ) ;
#7668 = DIRECTION ( 'NONE',  ( 0.000000000000000000, 0.000000000000000000, 1.000000000000000000 ) ) ;
#7669 = ORIENTED_EDGE ( 'NONE', *, *, #1028, .F. ) ;
#7670 = ORIENTED_EDGE ( 'NONE', *, *, #434, .F. ) ;
#7671 = CARTESIAN_POINT ( 'NONE',  ( 34.24386001800125001, 9.799999999999998934, -1.000000000000002665 ) ) ;
#7672 = DIRECTION ( 'NONE',  ( 0.000000000000000000, 0.000000000000000000, -1.000000000000000000 ) ) ;
#7673 = ORIENTED_EDGE ( 'NONE', *, *, #8683, .T. ) ;
#7674 = CARTESIAN_POINT ( 'NONE',  ( 31.50000000000000711, 11.00000000000000000, -33.49999999999996447 ) ) ;
#7675 = CARTESIAN_POINT ( 'NONE',  ( 7.499999999999992895, 11.00000000000000000, -20.99999999999990052 ) ) ;
#7676 = ORIENTED_EDGE ( 'NONE', *, *, #7337, .T. ) ;
#7677 = CARTESIAN_POINT ( 'NONE',  ( 68.00000000000000000, 2.000000000000000000, -6.499999999999969802 ) ) ;
#7678 = DIRECTION ( 'NONE',  ( 0.000000000000000000, 0.000000000000000000, 1.000000000000000000 ) ) ;
#7679 = ORIENTED_EDGE ( 'NONE', *, *, #5371, .T. ) ;
#7680 = DIRECTION ( 'NONE',  ( 0.000000000000000000, 1.000000000000000000, -0.000000000000000000 ) ) ;
#7681 = VERTEX_POINT ( 'NONE', #2796 ) ;
#7682 = PLANE ( 'NONE',  #11985 ) ;
#7683 = DIRECTION ( 'NONE',  ( 0.000000000000000000, 0.000000000000000000, -1.000000000000000000 ) ) ;
#7684 = ORIENTED_EDGE ( 'NONE', *, *, #2347, .F. ) ;
#7685 = PLANE ( 'NONE',  #9798 ) ;
#7686 = CARTESIAN_POINT ( 'NONE',  ( 54.28700576850885540, 11.00000000000000000, -38.50000000000000000 ) ) ;
#7687 = PLANE ( 'NONE',  #4155 ) ;
#7688 = ORIENTED_EDGE ( 'NONE', *, *, #10616, .F. ) ;
#7689 = CARTESIAN_POINT ( 'NONE',  ( 53.00000000000000000, 2.000000000000000000, -32.14999999999999858 ) ) ;
#7690 = CARTESIAN_POINT ( 'NONE',  ( 59.00000000000000711, 2.000000000000000000, -16.49999999999990408 ) ) ;
#7691 = APPROVAL_DATE_TIME ( #12446, #1677 ) ;
#7692 = CIRCLE ( 'NONE', #2241, 1.000000000000000888 ) ;
#7693 = CARTESIAN_POINT ( 'NONE',  ( 72.49999999999991473, 11.00000000000000000, -29.99999999999998934 ) ) ;
#7694 = ORIENTED_EDGE ( 'NONE', *, *, #3949, .F. ) ;
#7695 = VERTEX_POINT ( 'NONE', #8365 ) ;
#7696 = LINE ( 'NONE', #11572, #3320 ) ;
#7697 = LINE ( 'NONE', #5747, #12221 ) ;
#7698 = CARTESIAN_POINT ( 'NONE',  ( 7.500000000000007105, 11.00000000000000000, -15.49999999999990585 ) ) ;
#7699 = ORIENTED_EDGE ( 'NONE', *, *, #4500, .T. ) ;
#7700 = VERTEX_POINT ( 'NONE', #2609 ) ;
#7701 = EDGE_CURVE ( 'NONE', #2664, #7770, #9794, .T. ) ;
#7702 = CYLINDRICAL_SURFACE ( 'NONE', #8916, 1.000000000000000888 ) ;
#7703 = FACE_OUTER_BOUND ( 'NONE', #6360, .T. ) ;
#7704 = EDGE_LOOP ( 'NONE', ( #11988, #9451 ) ) ;
#7705 = EDGE_CURVE ( 'NONE', #4320, #5621, #9500, .T. ) ;
#7706 = DIRECTION ( 'NONE',  ( 0.000000000000000000, 1.000000000000000000, 0.000000000000000000 ) ) ;
#7707 = CIRCLE ( 'NONE', #11146, 0.9999999999999974465 ) ;
#7708 = DIRECTION ( 'NONE',  ( 0.000000000000000000, 1.000000000000000000, 0.000000000000000000 ) ) ;
#7709 = FACE_OUTER_BOUND ( 'NONE', #6965, .T. ) ;
#7710 = CARTESIAN_POINT ( 'NONE',  ( 7.499999999999944045, 11.00000000000000000, -34.49999999999989342 ) ) ;
#7711 = CYLINDRICAL_SURFACE ( 'NONE', #4609, 2.500000000000000444 ) ;
#7712 = AXIS2_PLACEMENT_3D ( 'NONE', #1267, #7024, #311 ) ;
#7713 = EDGE_CURVE ( 'NONE', #203, #2384, #12399, .T. ) ;
#7714 = ORIENTED_EDGE ( 'NONE', *, *, #1300, .F. ) ;
#7715 = CARTESIAN_POINT ( 'NONE',  ( 16.49999999999999289, 2.000000000000000000, -10.99999999999996803 ) ) ;
#7716 = EDGE_CURVE ( 'NONE', #1414, #6222, #12162, .T. ) ;
#7717 = ORIENTED_EDGE ( 'NONE', *, *, #10692, .F. ) ;
#7718 = EDGE_CURVE ( 'NONE', #6432, #9306, #10810, .T. ) ;
#7719 = CYLINDRICAL_SURFACE ( 'NONE', #11484, 3.000000000000009770 ) ;
#7720 = DIRECTION ( 'NONE',  ( 0.000000000000000000, 0.000000000000000000, 1.000000000000000000 ) ) ;
#7721 = AXIS2_PLACEMENT_3D ( 'NONE', #8007, #3195, #9850 ) ;
#7722 = FACE_OUTER_BOUND ( 'NONE', #10650, .T. ) ;
#7723 = DIRECTION ( 'NONE',  ( 0.000000000000000000, 0.000000000000000000, 1.000000000000000000 ) ) ;
#7724 = VERTEX_POINT ( 'NONE', #10327 ) ;
#7725 = EDGE_LOOP ( 'NONE', ( #12190, #5272 ) ) ;
#7726 = VERTEX_POINT ( 'NONE', #5508 ) ;
#7727 = DIRECTION ( 'NONE',  ( -0.000000000000000000, -1.000000000000000000, -0.000000000000000000 ) ) ;
#7728 = AXIS2_PLACEMENT_3D ( 'NONE', #348, #1897, #6103 ) ;
#7729 = DIRECTION ( 'NONE',  ( 1.527636139592262070E-15, 0.000000000000000000, 1.000000000000000000 ) ) ;
#7730 = VERTEX_POINT ( 'NONE', #2092 ) ;
#7731 = VECTOR ( 'NONE', #8629, 1000.000000000000000 ) ;
#7732 = DIRECTION ( 'NONE',  ( 0.000000000000000000, 0.000000000000000000, -1.000000000000000000 ) ) ;
#7733 = EDGE_CURVE ( 'NONE', #6667, #9110, #4328, .T. ) ;
#7734 = CARTESIAN_POINT ( 'NONE',  ( 53.50000000000000000, 11.00000000000000000, -43.39999999999999858 ) ) ;
#7736 = EDGE_CURVE ( 'NONE', #7515, #7187, #3918, .T. ) ;
#7735 = VECTOR ( 'NONE', #12122, 1000.000000000000000 ) ;
#7737 = VERTEX_POINT ( 'NONE', #5762 ) ;
#7738 = DIRECTION ( 'NONE',  ( 0.000000000000000000, 0.000000000000000000, 1.000000000000000000 ) ) ;
#7739 = ADVANCED_FACE ( 'NONE', ( #6694 ), #2031, .T. ) ;
#7740 = DIRECTION ( 'NONE',  ( 0.000000000000000000, 1.000000000000000000, 0.000000000000000000 ) ) ;
#7741 = VERTEX_POINT ( 'NONE', #7653 ) ;
#7742 = DIRECTION ( 'NONE',  ( -0.7071067811865432429, 0.000000000000000000, 0.7071067811865517916 ) ) ;
#7743 = ORIENTED_EDGE ( 'NONE', *, *, #9999, .T. ) ;
#7744 = DIRECTION ( 'NONE',  ( 0.000000000000000000, 0.000000000000000000, 1.000000000000000000 ) ) ;
#7745 = DIRECTION ( 'NONE',  ( 1.000000000000000000, 0.000000000000000000, 4.408413623863775552E-15 ) ) ;
#7746 = VERTEX_POINT ( 'NONE', #9693 ) ;
#7747 = ORIENTED_EDGE ( 'NONE', *, *, #6390, .T. ) ;
#7748 = DIRECTION ( 'NONE',  ( 0.000000000000000000, -0.000000000000000000, 1.000000000000000000 ) ) ;
#7749 = VECTOR ( 'NONE', #556, 1000.000000000000000 ) ;
#7750 = CARTESIAN_POINT ( 'NONE',  ( 16.49999999999997868, 11.00000000000000000, -17.49999999999996447 ) ) ;
#7751 = CARTESIAN_POINT ( 'NONE',  ( 61.24380052431966703, 11.00000000000000000, -4.000059493681638045 ) ) ;
#7752 = AXIS2_PLACEMENT_3D ( 'NONE', #8011, #5240, #6098 ) ;
#7753 = AXIS2_PLACEMENT_3D ( 'NONE', #10080, #2480, #2292 ) ;
#7754 = ORIENTED_EDGE ( 'NONE', *, *, #3531, .T. ) ;
#7755 = DIRECTION ( 'NONE',  ( -0.000000000000000000, 1.000000000000000000, -0.000000000000000000 ) ) ;
#7756 = CIRCLE ( 'NONE', #5155, 0.9999999999999974465 ) ;
#7757 = DIRECTION ( 'NONE',  ( -0.000000000000000000, -1.000000000000000000, -0.000000000000000000 ) ) ;
#7758 = ADVANCED_FACE ( 'NONE', ( #11523 ), #7904, .T. ) ;
#7759 = AXIS2_PLACEMENT_3D ( 'NONE', #11352, #2691, #5533 ) ;
#7760 = DIRECTION ( 'NONE',  ( 0.7071067811865526798, 0.000000000000000000, 0.7071067811865424657 ) ) ;
#7761 = ORIENTED_EDGE ( 'NONE', *, *, #8994, .F. ) ;
#7762 = VECTOR ( 'NONE', #12528, 1000.000000000000000 ) ;
#7763 = VERTEX_POINT ( 'NONE', #8615 ) ;
#7764 = CYLINDRICAL_SURFACE ( 'NONE', #2317, 0.9999999999999974465 ) ;
#7765 = DIRECTION ( 'NONE',  ( 0.000000000000000000, 0.000000000000000000, -1.000000000000000000 ) ) ;
#7766 = AXIS2_PLACEMENT_3D ( 'NONE', #1242, #10054, #10874 ) ;
#7767 = DIRECTION ( 'NONE',  ( -0.000000000000000000, 1.000000000000000000, -0.000000000000000000 ) ) ;
#7768 = AXIS2_PLACEMENT_3D ( 'NONE', #5642, #10820, #2854 ) ;
#7769 = CIRCLE ( 'NONE', #7566, 0.9999999999999974465 ) ;
#7770 = VERTEX_POINT ( 'NONE', #5934 ) ;
#7771 = DIRECTION ( 'NONE',  ( 0.000000000000000000, 0.000000000000000000, 1.000000000000000000 ) ) ;
#7772 = DIRECTION ( 'NONE',  ( -0.000000000000000000, -1.000000000000000000, 0.000000000000000000 ) ) ;
#7773 = CIRCLE ( 'NONE', #1098, 2.999999999999999112 ) ;
#7774 = ORIENTED_EDGE ( 'NONE', *, *, #1459, .T. ) ;
#7775 = DIRECTION ( 'NONE',  ( 0.000000000000000000, 0.000000000000000000, 1.000000000000000000 ) ) ;
#7776 = VECTOR ( 'NONE', #1756, 1000.000000000000000 ) ;
#7777 = AXIS2_PLACEMENT_3D ( 'NONE', #5292, #4264, #10045 ) ;
#7778 = DIRECTION ( 'NONE',  ( 0.7071067811865474617, 0.000000000000000000, 0.7071067811865474617 ) ) ;
#7779 = DIRECTION ( 'NONE',  ( 0.000000000000000000, 0.000000000000000000, -1.000000000000000000 ) ) ;
#7780 = DIRECTION ( 'NONE',  ( 0.000000000000000000, 0.000000000000000000, 1.000000000000000000 ) ) ;
#7781 = EDGE_CURVE ( 'NONE', #6292, #9058, #3324, .T. ) ;
#7782 = CARTESIAN_POINT ( 'NONE',  ( 48.49999999999999289, 11.00000000000000000, -12.99999999999992895 ) ) ;
#7783 = VECTOR ( 'NONE', #8325, 1000.000000000000114 ) ;
#7784 = EDGE_CURVE ( 'NONE', #5273, #3480, #11201, .T. ) ;
#7785 = VECTOR ( 'NONE', #3328, 1000.000000000000000 ) ;
#7786 = CARTESIAN_POINT ( 'NONE',  ( 16.49999999999997868, 11.00000000000000000, -16.49999999999996447 ) ) ;
#7787 = EDGE_CURVE ( 'NONE', #12501, #8885, #4813, .T. ) ;
#7788 = ORIENTED_EDGE ( 'NONE', *, *, #4003, .F. ) ;
#7789 = DIRECTION ( 'NONE',  ( 0.000000000000000000, 0.000000000000000000, -1.000000000000000000 ) ) ;
#7790 = FACE_OUTER_BOUND ( 'NONE', #9391, .T. ) ;
#7791 = VECTOR ( 'NONE', #8904, 1000.000000000000000 ) ;
#7792 = DIRECTION ( 'NONE',  ( 0.000000000000000000, 0.000000000000000000, 1.000000000000000000 ) ) ;
#7793 = CARTESIAN_POINT ( 'NONE',  ( 0.000000000000000000, 9.799999999999998934, -8.299999999999991829 ) ) ;
#7794 = VERTEX_POINT ( 'NONE', #10643 ) ;
#7795 = VERTEX_POINT ( 'NONE', #1899 ) ;
#7796 = CIRCLE ( 'NONE', #9634, 0.9999999999999974465 ) ;
#7797 = ORIENTED_EDGE ( 'NONE', *, *, #986, .F. ) ;
#7798 = DIRECTION ( 'NONE',  ( -0.000000000000000000, -1.000000000000000000, -0.000000000000000000 ) ) ;
#7799 = EDGE_CURVE ( 'NONE', #3128, #9041, #3986, .T. ) ;
#7800 = CARTESIAN_POINT ( 'NONE',  ( 7.499999999999971578, 11.00000000000000000, -25.49999999999989697 ) ) ;
#7801 = ORIENTED_EDGE ( 'NONE', *, *, #1398, .F. ) ;
#7802 = EDGE_CURVE ( 'NONE', #2239, #2424, #11818, .T. ) ;
#7803 = ORIENTED_EDGE ( 'NONE', *, *, #4877, .F. ) ;
#7804 = CIRCLE ( 'NONE', #1545, 2.800000000000002931 ) ;
#7805 = CARTESIAN_POINT ( 'NONE',  ( 59.00000000000000711, 2.000000000000000000, -15.49999999999990585 ) ) ;
#7806 = CIRCLE ( 'NONE', #1561, 1.000000000000000888 ) ;
#7807 = DIRECTION ( 'NONE',  ( 0.000000000000000000, 1.000000000000000000, 0.000000000000000000 ) ) ;
#7808 = EDGE_LOOP ( 'NONE', ( #5628, #9517, #3310, #5102 ) ) ;
#7809 = FACE_BOUND ( 'NONE', #3826, .T. ) ;
#7810 = PLANE ( 'NONE',  #8240 ) ;
#7811 = EDGE_CURVE ( 'NONE', #11430, #4945, #2121, .T. ) ;
#7812 = ORIENTED_EDGE ( 'NONE', *, *, #7084, .T. ) ;
#7813 = CARTESIAN_POINT ( 'NONE',  ( 12.00000000000000355, 2.000000000000000000, -11.99999999999993427 ) ) ;
#7814 = ORIENTED_EDGE ( 'NONE', *, *, #9071, .F. ) ;
#7815 = CARTESIAN_POINT ( 'NONE',  ( 26.50000000000000000, 1.999999999999998224, -37.29999999999996874 ) ) ;
#7816 = DIRECTION ( 'NONE',  ( -0.7071067811865470176, 0.000000000000000000, -0.7071067811865481278 ) ) ;
#7817 = VERTEX_POINT ( 'NONE', #1009 ) ;
#7818 = ORIENTED_EDGE ( 'NONE', *, *, #10227, .T. ) ;
#7819 = CIRCLE ( 'NONE', #4991, 0.9999999999999974465 ) ;
#7820 = DIRECTION ( 'NONE',  ( 0.000000000000000000, 0.000000000000000000, 1.000000000000000000 ) ) ;
#7821 = LINE ( 'NONE', #7044, #8746 ) ;
#7822 = CARTESIAN_POINT ( 'NONE',  ( 35.07228714274742742, 9.799999999999998934, -6.000000000000002665 ) ) ;
#7823 = CIRCLE ( 'NONE', #6800, 0.9999999999999983347 ) ;
#7824 = EDGE_CURVE ( 'NONE', #12328, #2276, #8990, .T. ) ;
#7825 = EDGE_CURVE ( 'NONE', #7535, #11598, #45, .T. ) ;
#7826 = DIRECTION ( 'NONE',  ( 0.000000000000000000, 1.000000000000000000, 0.000000000000000000 ) ) ;
#7827 = FACE_OUTER_BOUND ( 'NONE', #11912, .T. ) ;
#7828 = AXIS2_PLACEMENT_3D ( 'NONE', #8887, #10670, #7869 ) ;
#7829 = DIRECTION ( 'NONE',  ( 0.000000000000000000, 0.000000000000000000, 1.000000000000000000 ) ) ;
#7830 = ORIENTED_EDGE ( 'NONE', *, *, #12386, .T. ) ;
#7831 = EDGE_LOOP ( 'NONE', ( #1581, #2313, #9891, #9048 ) ) ;
#7832 = DIRECTION ( 'NONE',  ( 0.000000000000000000, 1.000000000000000000, 0.000000000000000000 ) ) ;
#7833 = CARTESIAN_POINT ( 'NONE',  ( 11.99999999999994849, 11.00000000000000000, -30.99999999999992184 ) ) ;
#7834 = ADVANCED_FACE ( 'NONE', ( #172 ), #4937, .T. ) ;
#7835 = DIRECTION ( 'NONE',  ( 0.000000000000000000, 0.000000000000000000, 1.000000000000000000 ) ) ;
#7836 = AXIS2_PLACEMENT_3D ( 'NONE', #1287, #5162, #4254 ) ;
#7837 = ORIENTED_EDGE ( 'NONE', *, *, #11631, .F. ) ;
#7838 = CARTESIAN_POINT ( 'NONE',  ( 27.36984848098341416, 11.00000000000000000, -38.50000000000000711 ) ) ;
#7839 = DIRECTION ( 'NONE',  ( 0.000000000000000000, 0.000000000000000000, -1.000000000000000000 ) ) ;
#7840 = DIRECTION ( 'NONE',  ( 0.000000000000000000, 0.000000000000000000, -1.000000000000000000 ) ) ;
#7841 = ORIENTED_EDGE ( 'NONE', *, *, #10119, .T. ) ;
#7842 = VECTOR ( 'NONE', #8613, 1000.000000000000000 ) ;
#7843 = CIRCLE ( 'NONE', #4007, 6.100000000000028955 ) ;
#7844 = DIRECTION ( 'NONE',  ( 0.000000000000000000, 1.000000000000000000, 0.000000000000000000 ) ) ;
#7845 = CARTESIAN_POINT ( 'NONE',  ( 0.000000000000000000, 2.000000000000000000, -46.00000000000000000 ) ) ;
#7846 = CARTESIAN_POINT ( 'NONE',  ( 25.63015151901658228, 9.799999999999998934, -41.30000000000000426 ) ) ;
#7847 = DIRECTION ( 'NONE',  ( -1.239088197126289880E-15, 0.000000000000000000, 1.000000000000000000 ) ) ;
#7848 = CIRCLE ( 'NONE', #4423, 0.9999999999999974465 ) ;
#7849 = DIRECTION ( 'NONE',  ( 0.000000000000000000, 0.000000000000000000, 1.000000000000000000 ) ) ;
#7850 = ORIENTED_EDGE ( 'NONE', *, *, #5664, .F. ) ;
#7851 = EDGE_CURVE ( 'NONE', #8915, #11930, #687, .T. ) ;
#7852 = DIRECTION ( 'NONE',  ( -0.000000000000000000, 1.000000000000000000, -0.000000000000000000 ) ) ;
#7853 = LINE ( 'NONE', #2859, #4492 ) ;
#7854 = CARTESIAN_POINT ( 'NONE',  ( 38.47228714274731232, 11.00000000000000000, -47.19999999999999574 ) ) ;
#7855 = FACE_OUTER_BOUND ( 'NONE', #938, .T. ) ;
#7856 = EDGE_CURVE ( 'NONE', #6629, #6620, #2160, .T. ) ;
#7857 = EDGE_LOOP ( 'NONE', ( #2700, #8851, #11541, #5418 ) ) ;
#7858 = ORIENTED_EDGE ( 'NONE', *, *, #1245, .T. ) ;
#7859 = ORIENTED_EDGE ( 'NONE', *, *, #3732, .T. ) ;
#7860 = LINE ( 'NONE', #9004, #4347 ) ;
#7861 = FACE_OUTER_BOUND ( 'NONE', #9368, .T. ) ;
#7862 = EDGE_LOOP ( 'NONE', ( #12167, #12229, #4182, #9994 ) ) ;
#7863 = DIRECTION ( 'NONE',  ( 0.000000000000000000, -0.000000000000000000, 1.000000000000000000 ) ) ;
#7864 = CARTESIAN_POINT ( 'NONE',  ( 44.50000000000000000, 11.00000000000000000, -20.99999999999993960 ) ) ;
#7865 = VERTEX_POINT ( 'NONE', #9876 ) ;
#7866 = DIRECTION ( 'NONE',  ( -0.000000000000000000, 1.000000000000000000, -0.000000000000000000 ) ) ;
#7867 = ADVANCED_FACE ( 'NONE', ( #1201 ), #12466, .T. ) ;
#7868 = AXIS2_PLACEMENT_3D ( 'NONE', #2787, #3605, #7455 ) ;
#7869 = DIRECTION ( 'NONE',  ( 0.000000000000000000, 0.000000000000000000, 1.000000000000000000 ) ) ;
#7870 = EDGE_CURVE ( 'NONE', #1414, #8628, #9998, .T. ) ;
#7871 = ORIENTED_EDGE ( 'NONE', *, *, #3064, .F. ) ;
#7872 = DIRECTION ( 'NONE',  ( 0.000000000000000000, 1.000000000000000000, 0.000000000000000000 ) ) ;
#7873 = ORIENTED_EDGE ( 'NONE', *, *, #11640, .T. ) ;
#7874 = DIRECTION ( 'NONE',  ( 0.000000000000000000, 1.000000000000000000, 0.000000000000000000 ) ) ;
#7875 = CARTESIAN_POINT ( 'NONE',  ( 44.50000000000000000, 11.00000000000000000, -20.99999999999993960 ) ) ;
#7876 = EDGE_CURVE ( 'NONE', #2579, #8385, #1450, .T. ) ;
#7877 = ORIENTED_EDGE ( 'NONE', *, *, #11963, .T. ) ;
#7878 = DIRECTION ( 'NONE',  ( 0.000000000000000000, 0.000000000000000000, 1.000000000000000000 ) ) ;
#7879 = ORIENTED_EDGE ( 'NONE', *, *, #2238, .T. ) ;
#7880 = DIRECTION ( 'NONE',  ( -0.000000000000000000, 1.000000000000000000, -0.000000000000000000 ) ) ;
#7881 = CARTESIAN_POINT ( 'NONE',  ( 44.92771285725257968, 11.00000000000000000, -3.000000000000003109 ) ) ;
#7882 = CARTESIAN_POINT ( 'NONE',  ( 17.92779706011599927, 9.799999999999998934, -3.000084202863473326 ) ) ;
#7883 = CYLINDRICAL_SURFACE ( 'NONE', #5372, 1.699999999999994849 ) ;
#7884 = EDGE_CURVE ( 'NONE', #9591, #834, #6188, .T. ) ;
#7885 = CYLINDRICAL_SURFACE ( 'NONE', #11228, 0.9999999999999974465 ) ;
#7886 = EDGE_LOOP ( 'NONE', ( #10450, #3297 ) ) ;
#7887 = EDGE_CURVE ( 'NONE', #7903, #10037, #8034, .T. ) ;
#7888 = CARTESIAN_POINT ( 'NONE',  ( 63.49999999999991473, 11.00000000000000000, -38.99999999999992184 ) ) ;
#7889 = EDGE_CURVE ( 'NONE', #4291, #2724, #2463, .T. ) ;
#7890 = ORIENTED_EDGE ( 'NONE', *, *, #3557, .F. ) ;
#7891 = DIRECTION ( 'NONE',  ( -0.000000000000000000, -1.000000000000000000, -0.000000000000000000 ) ) ;
#7892 = DIRECTION ( 'NONE',  ( 0.9999999954177064554, 0.000000000000000000, 9.573184869153913328E-05 ) ) ;
#7893 = DIRECTION ( 'NONE',  ( -0.000000000000000000, -1.000000000000000000, -0.000000000000000000 ) ) ;
#7894 = ORIENTED_EDGE ( 'NONE', *, *, #7578, .T. ) ;
#7895 = DIRECTION ( 'NONE',  ( -0.000000000000000000, -1.000000000000000000, -0.000000000000000000 ) ) ;
#7896 = CARTESIAN_POINT ( 'NONE',  ( 35.52253967444148230, 9.799999999999998934, -48.32132034355964123 ) ) ;
#7897 = ADVANCED_FACE ( 'NONE', ( #10181 ), #367, .F. ) ;
#7898 = ORIENTED_EDGE ( 'NONE', *, *, #11307, .T. ) ;
#7899 = DIRECTION ( 'NONE',  ( 0.000000000000000000, 0.000000000000000000, 1.000000000000000000 ) ) ;
#7900 = CARTESIAN_POINT ( 'NONE',  ( 74.79999999999998295, 9.799999999999998934, -3.000000000000007994 ) ) ;
#7901 = EDGE_LOOP ( 'NONE', ( #12225, #8290, #3784, #6996 ) ) ;
#7902 = ADVANCED_FACE ( 'NONE', ( #6123 ), #9175, .T. ) ;
#7903 = VERTEX_POINT ( 'NONE', #5134 ) ;
#7904 = PLANE ( 'NONE',  #1910 ) ;
#7905 = CYLINDRICAL_SURFACE ( 'NONE', #4694, 1.000000000000000888 ) ;
#7906 = PLANE ( 'NONE',  #10026 ) ;
#7907 = FACE_OUTER_BOUND ( 'NONE', #6495, .T. ) ;
#7908 = EDGE_CURVE ( 'NONE', #6568, #5653, #233, .T. ) ;
#7909 = CYLINDRICAL_SURFACE ( 'NONE', #533, 0.9999999999999974465 ) ;
#7910 = ORIENTED_EDGE ( 'NONE', *, *, #4505, .T. ) ;
#7911 = DIRECTION ( 'NONE',  ( 0.000000000000000000, 1.000000000000000000, 0.000000000000000000 ) ) ;
#7912 = CARTESIAN_POINT ( 'NONE',  ( 67.99999999999994316, 2.000000000000000000, -26.49999999999995737 ) ) ;
#7913 = FACE_OUTER_BOUND ( 'NONE', #4293, .T. ) ;
#7914 = EDGE_LOOP ( 'NONE', ( #4143, #11414, #29, #4742 ) ) ;
#7915 = VERTEX_POINT ( 'NONE', #11071 ) ;
#7916 = ORIENTED_EDGE ( 'NONE', *, *, #4458, .T. ) ;
#7917 = LINE ( 'NONE', #247, #501 ) ;
#7918 = CYLINDRICAL_SURFACE ( 'NONE', #2400, 0.9999999999999974465 ) ;
#7919 = AXIS2_PLACEMENT_3D ( 'NONE', #5905, #11689, #3008 ) ;
#7920 = VERTEX_POINT ( 'NONE', #2351 ) ;
#7921 = DIRECTION ( 'NONE',  ( -0.000000000000000000, -1.000000000000000000, -0.000000000000000000 ) ) ;
#7922 = FACE_OUTER_BOUND ( 'NONE', #5548, .T. ) ;
#7923 = ORIENTED_EDGE ( 'NONE', *, *, #895, .F. ) ;
#7924 = DIRECTION ( 'NONE',  ( 0.000000000000000000, 1.000000000000000000, 0.000000000000000000 ) ) ;
#7925 = DIRECTION ( 'NONE',  ( 0.000000000000000000, -1.000000000000000000, 0.000000000000000000 ) ) ;
#7926 = ORIENTED_EDGE ( 'NONE', *, *, #9333, .T. ) ;
#7927 = CARTESIAN_POINT ( 'NONE',  ( 7.500000000000007105, 2.000000000000000000, -15.49999999999990585 ) ) ;
#7928 = EDGE_LOOP ( 'NONE', ( #7684, #7818, #1684, #223, #2005, #10856 ) ) ;
#7929 = AXIS2_PLACEMENT_3D ( 'NONE', #12284, #5446, #3486 ) ;
#7930 = CARTESIAN_POINT ( 'NONE',  ( 67.99999999999994316, 11.00000000000000000, -25.49999999999996092 ) ) ;
#7931 = CYLINDRICAL_SURFACE ( 'NONE', #6719, 2.999999999999998668 ) ;
#7932 = ORIENTED_EDGE ( 'NONE', *, *, #3558, .F. ) ;
#7933 = CYLINDRICAL_SURFACE ( 'NONE', #9197, 1.000000000000000888 ) ;
#7934 = CARTESIAN_POINT ( 'NONE',  ( 67.99999999999997158, 11.00000000000000000, -17.49999999999996447 ) ) ;
#7935 = CARTESIAN_POINT ( 'NONE',  ( 44.50000000000000000, 11.00000000000000000, -35.49999999999993605 ) ) ;
#7936 = AXIS2_PLACEMENT_3D ( 'NONE', #6860, #6985, #10864 ) ;
#7937 = EDGE_CURVE ( 'NONE', #3757, #7763, #9801, .T. ) ;
#7938 = EDGE_CURVE ( 'NONE', #10372, #8452, #1106, .T. ) ;
#7939 = VECTOR ( 'NONE', #2848, 1000.000000000000000 ) ;
#7940 = FACE_BOUND ( 'NONE', #9960, .T. ) ;
#7941 = EDGE_CURVE ( 'NONE', #8709, #4690, #4358, .T. ) ;
#7942 = PLANE ( 'NONE',  #515 ) ;
#7943 = VERTEX_POINT ( 'NONE', #421 ) ;
#7944 = CARTESIAN_POINT ( 'NONE',  ( 0.000000000000000000, 11.00000000000000000, 0.000000000000000000 ) ) ;
#7945 = CIRCLE ( 'NONE', #9360, 0.9999999999999974465 ) ;
#7946 = ORIENTED_EDGE ( 'NONE', *, *, #10253, .F. ) ;
#7947 = DIRECTION ( 'NONE',  ( 0.000000000000000000, 0.000000000000000000, 1.000000000000000000 ) ) ;
#7948 = ORIENTED_EDGE ( 'NONE', *, *, #2167, .F. ) ;
#7949 = CARTESIAN_POINT ( 'NONE',  ( 44.50000000000000000, 11.00000000000000000, -25.49999999999993960 ) ) ;
#7950 = VECTOR ( 'NONE', #82, 1000.000000000000000 ) ;
#7951 = DIRECTION ( 'NONE',  ( -0.7071067811865467956, 0.000000000000000000, -0.7071067811865483499 ) ) ;
#7952 = ADVANCED_FACE ( 'NONE', ( #4284 ), #10121, .T. ) ;
#7953 = CYLINDRICAL_SURFACE ( 'NONE', #617, 2.500000000000002220 ) ;
#7954 = ADVANCED_FACE ( 'NONE', ( #7263 ), #11125, .T. ) ;
#7955 = AXIS2_PLACEMENT_3D ( 'NONE', #5362, #343, #1307 ) ;
#7956 = EDGE_CURVE ( 'NONE', #12175, #4320, #8792, .T. ) ;
#7957 = AXIS2_PLACEMENT_3D ( 'NONE', #10725, #5899, #11683 ) ;
#7959 = AXIS2_PLACEMENT_3D ( 'NONE', #3295, #6205, #1270 ) ;
#7958 = PLANE ( 'NONE',  #3734 ) ;
#7960 = CARTESIAN_POINT ( 'NONE',  ( 20.99999999999994316, 11.00000000000000000, -25.49999999999999289 ) ) ;
#7961 = FACE_OUTER_BOUND ( 'NONE', #7006, .T. ) ;
#7962 = PLANE ( 'NONE',  #12265 ) ;
#7963 = ORIENTED_EDGE ( 'NONE', *, *, #5483, .F. ) ;
#7964 = VECTOR ( 'NONE', #5965, 1000.000000000000000 ) ;
#7965 = ORIENTED_EDGE ( 'NONE', *, *, #9697, .T. ) ;
#7966 = CIRCLE ( 'NONE', #273, 2.999999999999999112 ) ;
#7967 = CARTESIAN_POINT ( 'NONE',  ( 58.41482322781407532, 9.799999999999998934, 21.58517677218592468 ) ) ;
#7968 = DIRECTION ( 'NONE',  ( -0.000000000000000000, -1.000000000000000000, -0.000000000000000000 ) ) ;
#7969 = AXIS2_PLACEMENT_3D ( 'NONE', #6300, #485, #8152 ) ;
#7970 = FACE_OUTER_BOUND ( 'NONE', #11254, .T. ) ;
#7971 = CIRCLE ( 'NONE', #7364, 0.9999999999999974465 ) ;
#7972 = EDGE_CURVE ( 'NONE', #11014, #5100, #8595, .T. ) ;
#7973 = CARTESIAN_POINT ( 'NONE',  ( 58.99999999999995737, 2.000000000000000000, -28.99999999999989697 ) ) ;
#7974 = ADVANCED_FACE ( 'NONE', ( #297 ), #11903, .T. ) ;
#7975 = EDGE_CURVE ( 'NONE', #1486, #834, #287, .T. ) ;
#7976 = VECTOR ( 'NONE', #6984, 1000.000000000000000 ) ;
#7977 = AXIS2_PLACEMENT_3D ( 'NONE', #10639, #10453, #12334 ) ;
#7978 = EDGE_CURVE ( 'NONE', #9186, #6522, #8393, .T. ) ;
#7979 = AXIS2_PLACEMENT_3D ( 'NONE', #608, #9538, #7312 ) ;
#7980 = CARTESIAN_POINT ( 'NONE',  ( 7.499999999999944045, 11.00000000000000000, -35.49999999999989342 ) ) ;
#7981 = VECTOR ( 'NONE', #11960, 1000.000000000000000 ) ;
#7982 = ORIENTED_EDGE ( 'NONE', *, *, #1761, .T. ) ;
#7983 = CARTESIAN_POINT ( 'NONE',  ( 58.99999999999994316, 2.000000000000000000, -33.49999999999989342 ) ) ;
#7984 = CARTESIAN_POINT ( 'NONE',  ( 80.00000000000000000, 11.00000000000000000, -50.00000000000000000 ) ) ;
#7985 = CARTESIAN_POINT ( 'NONE',  ( 35.49999999999999289, 11.00000000000000000, -25.49999999999996092 ) ) ;
#7986 = ORIENTED_EDGE ( 'NONE', *, *, #7497, .T. ) ;
#7987 = EDGE_LOOP ( 'NONE', ( #6400, #9287 ) ) ;
#7988 = CARTESIAN_POINT ( 'NONE',  ( 31.91482322781366676, 11.00000000000000000, -31.91482322781412506 ) ) ;
#7989 = VECTOR ( 'NONE', #4184, 999.9999999999998863 ) ;
#7990 = CARTESIAN_POINT ( 'NONE',  ( 16.49999999999996447, 2.000000000000000000, -20.99999999999996447 ) ) ;
#7991 = VERTEX_POINT ( 'NONE', #2532 ) ;
#7992 = ADVANCED_FACE ( 'NONE', ( #9425 ), #12270, .F. ) ;
#7993 = ORIENTED_EDGE ( 'NONE', *, *, #8373, .F. ) ;
#7994 = FACE_OUTER_BOUND ( 'NONE', #7478, .T. ) ;
#7995 = AXIS2_PLACEMENT_3D ( 'NONE', #4875, #8737, #1260 ) ;
#7996 = FACE_OUTER_BOUND ( 'NONE', #5500, .T. ) ;
#7997 = ORIENTED_EDGE ( 'NONE', *, *, #10516, .F. ) ;
#7998 = FACE_BOUND ( 'NONE', #12327, .T. ) ;
#7999 = DIRECTION ( 'NONE',  ( 0.000000000000000000, 0.000000000000000000, -1.000000000000000000 ) ) ;
#8000 = AXIS2_PLACEMENT_3D ( 'NONE', #7301, #12185, #2692 ) ;
#8001 = CARTESIAN_POINT ( 'NONE',  ( 72.49999999999988631, 11.00000000000000000, -38.99999999999998579 ) ) ;
#8002 = ORIENTED_EDGE ( 'NONE', *, *, #2659, .T. ) ;
#8003 = DIRECTION ( 'NONE',  ( -0.7071067811865467956, 0.000000000000000000, -0.7071067811865483499 ) ) ;
#8004 = PLANE ( 'NONE',  #11182 ) ;
#8005 = EDGE_LOOP ( 'NONE', ( #9257, #2037, #11260, #12437 ) ) ;
#8006 = CARTESIAN_POINT ( 'NONE',  ( 76.00000000000000000, 11.00000000000000000, -0.000000000000000000 ) ) ;
#8007 = CARTESIAN_POINT ( 'NONE',  ( 72.49999999999998579, 2.000000000000000000, -11.99999999999999645 ) ) ;
#8008 = CARTESIAN_POINT ( 'NONE',  ( 80.00000000000000000, 11.00000000000000000, -50.00000000000000000 ) ) ;
#8009 = CIRCLE ( 'NONE', #11240, 1.699999999999994849 ) ;
#8010 = VECTOR ( 'NONE', #6275, 1000.000000000000000 ) ;
#8011 = CARTESIAN_POINT ( 'NONE',  ( 20.99999999999988631, 11.00000000000000000, -38.99999999999998579 ) ) ;
#8012 = DIRECTION ( 'NONE',  ( 0.000000000000000000, 0.000000000000000000, -1.000000000000000000 ) ) ;
#8013 = VERTEX_POINT ( 'NONE', #11185 ) ;
#8014 = CARTESIAN_POINT ( 'NONE',  ( 48.29461583732884122, -0.8284271247461592047, -39.97868143219523773 ) ) ;
#8015 = VECTOR ( 'NONE', #267, 1000.000000000000000 ) ;
#8016 = EDGE_LOOP ( 'NONE', ( #4966, #5645 ) ) ;
#8017 = ADVANCED_FACE ( 'NONE', ( #6489 ), #2717, .T. ) ;
#8018 = CARTESIAN_POINT ( 'NONE',  ( 11.99999999999993427, 2.000000000000000000, -33.49999999999992895 ) ) ;
#8019 = VERTEX_POINT ( 'NONE', #12205 ) ;
#8020 = AXIS2_PLACEMENT_3D ( 'NONE', #8742, #4821, #9565 ) ;
#8021 = CARTESIAN_POINT ( 'NONE',  ( 47.87746032555839548, 11.00000000000000000, -1.878679656440361612 ) ) ;
#8022 = DIRECTION ( 'NONE',  ( 0.000000000000000000, 1.000000000000000000, -0.000000000000000000 ) ) ;
#8023 = EDGE_CURVE ( 'NONE', #9109, #7763, #11251, .T. ) ;
#8024 = ORIENTED_EDGE ( 'NONE', *, *, #8599, .F. ) ;
#8025 = ORIENTED_EDGE ( 'NONE', *, *, #11712, .T. ) ;
#8026 = AXIS2_PLACEMENT_3D ( 'NONE', #11583, #108, #3984 ) ;
#8027 = FACE_OUTER_BOUND ( 'NONE', #1788, .T. ) ;
#8028 = DIRECTION ( 'NONE',  ( 0.000000000000000000, -0.000000000000000000, 1.000000000000000000 ) ) ;
#8029 = CARTESIAN_POINT ( 'NONE',  ( 31.50000000000000711, 2.000000000000000000, -17.49999999999997158 ) ) ;
#8030 = CARTESIAN_POINT ( 'NONE',  ( 58.99999999999997158, 11.00000000000000000, -24.49999999999990052 ) ) ;
#8031 = VERTEX_POINT ( 'NONE', #558 ) ;
#8032 = EDGE_CURVE ( 'NONE', #10430, #3002, #903, .T. ) ;
#8033 = ORIENTED_EDGE ( 'NONE', *, *, #2411, .F. ) ;
#8034 = LINE ( 'NONE', #8924, #6750 ) ;
#8035 = EDGE_CURVE ( 'NONE', #4690, #2680, #2535, .T. ) ;
#8036 = CYLINDRICAL_SURFACE ( 'NONE', #237, 0.9999999999999974465 ) ;
#8037 = AXIS2_PLACEMENT_3D ( 'NONE', #11066, #11427, #11180 ) ;
#8038 = LINE ( 'NONE', #11010, #8423 ) ;
#8039 = CIRCLE ( 'NONE', #10483, 1.000000000000000888 ) ;
#8040 = AXIS2_PLACEMENT_3D ( 'NONE', #8619, #12471, #7658 ) ;
#8041 = CARTESIAN_POINT ( 'NONE',  ( 80.00000000000000000, 11.00000000000000000, -8.299999999999991829 ) ) ;
#8042 = VERTEX_POINT ( 'NONE', #4614 ) ;
#8043 = VECTOR ( 'NONE', #5772, 1000.000000000000000 ) ;
#8044 = CARTESIAN_POINT ( 'NONE',  ( 11.99999999999998934, 11.00000000000000000, -15.49999999999993427 ) ) ;
#8045 = ORIENTED_EDGE ( 'NONE', *, *, #742, .F. ) ;
#8046 = DIRECTION ( 'NONE',  ( 0.000000000000000000, -0.000000000000000000, 1.000000000000000000 ) ) ;
#8047 = CIRCLE ( 'NONE', #11706, 0.9999999999999974465 ) ;
#8048 = CARTESIAN_POINT ( 'NONE',  ( 48.49999999999999289, 2.000000000000000000, -20.99999999999992895 ) ) ;
#8049 = ORIENTED_EDGE ( 'NONE', *, *, #9135, .T. ) ;
#8050 = ADVANCED_FACE ( 'NONE', ( #4548 ), #5384, .F. ) ;
#8051 = LINE ( 'NONE', #435, #10991 ) ;
#8052 = EDGE_CURVE ( 'NONE', #4187, #4590, #2922, .T. ) ;
#8053 = EDGE_LOOP ( 'NONE', ( #5753, #9431, #625, #1255 ) ) ;
#8054 = ORIENTED_EDGE ( 'NONE', *, *, #2027, .T. ) ;
#8055 = CARTESIAN_POINT ( 'NONE',  ( -3.352801296355077785E-17, 9.799999999999998934, -1.000000000000003553 ) ) ;
#8056 = LINE ( 'NONE', #2049, #7437 ) ;
#8057 = AXIS2_PLACEMENT_3D ( 'NONE', #506, #12527, #11521 ) ;
#8058 = ORIENTED_EDGE ( 'NONE', *, *, #1248, .F. ) ;
#8059 = AXIS2_PLACEMENT_3D ( 'NONE', #883, #6644, #9447 ) ;
#8060 = ADVANCED_FACE ( 'NONE', ( #7510 ), #3660, .T. ) ;
#8061 = CYLINDRICAL_SURFACE ( 'NONE', #276, 0.9999999999999974465 ) ;
#8062 = DIRECTION ( 'NONE',  ( 0.000000000000000000, 1.000000000000000000, 0.000000000000000000 ) ) ;
#8063 = EDGE_LOOP ( 'NONE', ( #11902, #2610, #246, #5477 ) ) ;
#8064 = FACE_BOUND ( 'NONE', #4977, .T. ) ;
#8065 = EDGE_CURVE ( 'NONE', #6982, #6701, #4483, .T. ) ;
#8066 = CARTESIAN_POINT ( 'NONE',  ( 36.35096679918766682, 9.799999999999998934, -46.32132034355964123 ) ) ;
#8067 = CARTESIAN_POINT ( 'NONE',  ( 1.697239245187564036E-13, 11.00000000000000000, -38.50000000000023448 ) ) ;
#8068 = ORIENTED_EDGE ( 'NONE', *, *, #94, .T. ) ;
#8069 = CARTESIAN_POINT ( 'NONE',  ( 20.99999999999998224, 2.000000000000000000, -11.99999999999999645 ) ) ;
#8070 = CARTESIAN_POINT ( 'NONE',  ( 72.49999999999991473, 2.000000000000000000, -30.99999999999998579 ) ) ;
#8071 = ORIENTED_EDGE ( 'NONE', *, *, #4877, .T. ) ;
#8072 = ORIENTED_EDGE ( 'NONE', *, *, #2937, .F. ) ;
#8073 = ORIENTED_EDGE ( 'NONE', *, *, #4981, .T. ) ;
#8074 = CARTESIAN_POINT ( 'NONE',  ( 20.99999999999990052, 11.00000000000000000, -34.49999999999998579 ) ) ;
#8075 = DIRECTION ( 'NONE',  ( 0.000000000000000000, 1.000000000000000000, -0.000000000000000000 ) ) ;
#8076 = LOCAL_TIME ( 14, 54, 53.00000000000000000, #2651 ) ;
#8077 = CARTESIAN_POINT ( 'NONE',  ( 27.36984848098349232, 9.799999999999998934, -8.299999999999991829 ) ) ;
#8078 = CYLINDRICAL_SURFACE ( 'NONE', #9221, 0.9999999999999974465 ) ;
#8079 = CARTESIAN_POINT ( 'NONE',  ( 72.49999999999998579, 2.000000000000000000, -12.99999999999999467 ) ) ;
#8080 = ORIENTED_EDGE ( 'NONE', *, *, #1087, .T. ) ;
#8081 = CARTESIAN_POINT ( 'NONE',  ( 31.50000000000000711, 11.00000000000000000, -29.99999999999997158 ) ) ;
#8082 = ORIENTED_EDGE ( 'NONE', *, *, #8923, .T. ) ;
#8083 = CARTESIAN_POINT ( 'NONE',  ( 73.50000000000000000, 11.00000000000000000, -46.00000000000000000 ) ) ;
#8084 = AXIS2_PLACEMENT_3D ( 'NONE', #1825, #6562, #12519 ) ;
#8085 = DIRECTION ( 'NONE',  ( -0.000000000000000000, -1.000000000000000000, -0.000000000000000000 ) ) ;
#8086 = ORIENTED_EDGE ( 'NONE', *, *, #11293, .F. ) ;
#8087 = CARTESIAN_POINT ( 'NONE',  ( 31.50000000000000711, 11.00000000000000000, -33.49999999999996447 ) ) ;
#8088 = PLANE ( 'NONE',  #579 ) ;
#8089 = DIRECTION ( 'NONE',  ( 4.818676322157797621E-17, 0.000000000000000000, 1.000000000000000000 ) ) ;
#8090 = CARTESIAN_POINT ( 'NONE',  ( 35.49999999999999289, 11.00000000000000000, -34.49999999999996447 ) ) ;
#8091 = EDGE_LOOP ( 'NONE', ( #12463, #5382, #3354, #1457 ) ) ;
#8092 = ORIENTED_EDGE ( 'NONE', *, *, #11128, .F. ) ;
#8093 = DIRECTION ( 'NONE',  ( -0.000000000000000000, -1.000000000000000000, -0.000000000000000000 ) ) ;
#8094 = DIRECTION ( 'NONE',  ( 0.000000000000000000, 0.000000000000000000, -1.000000000000000000 ) ) ;
#8095 = DIRECTION ( 'NONE',  ( -0.000000000000000000, 1.000000000000000000, -0.000000000000000000 ) ) ;
#8096 = CARTESIAN_POINT ( 'NONE',  ( 40.00000000000000000, 11.00000000000000000, -8.749999999999955591 ) ) ;
#8097 = AXIS2_PLACEMENT_3D ( 'NONE', #4038, #7893, #11766 ) ;
#8098 = CARTESIAN_POINT ( 'NONE',  ( 7.499999999999958256, 11.00000000000000000, -29.99999999999989342 ) ) ;
#8099 = EDGE_CURVE ( 'NONE', #1373, #8238, #10317, .T. ) ;
#8100 = EDGE_CURVE ( 'NONE', #532, #2934, #1584, .T. ) ;
#8101 = VERTEX_POINT ( 'NONE', #3474 ) ;
#8102 = EDGE_CURVE ( 'NONE', #3681, #2662, #6758, .T. ) ;
#8103 = DIRECTION ( 'NONE',  ( -0.000000000000000000, 1.000000000000000000, -0.000000000000000000 ) ) ;
#8104 = VERTEX_POINT ( 'NONE', #7322 ) ;
#8105 = DIRECTION ( 'NONE',  ( -0.000000000000000000, -1.000000000000000000, -0.000000000000000000 ) ) ;
#8106 = DIRECTION ( 'NONE',  ( 0.000000000000000000, -0.000000000000000000, 1.000000000000000000 ) ) ;
#8107 = ORIENTED_EDGE ( 'NONE', *, *, #5644, .F. ) ;
#8108 = CARTESIAN_POINT ( 'NONE',  ( 28.00000000000000355, 11.00000000000000000, -32.14999999999999858 ) ) ;
#8109 = EDGE_LOOP ( 'NONE', ( #6936, #8266, #11348, #718 ) ) ;
#8110 = ORIENTED_EDGE ( 'NONE', *, *, #2461, .T. ) ;
#8111 = VERTEX_POINT ( 'NONE', #3538 ) ;
#8112 = CARTESIAN_POINT ( 'NONE',  ( 4.000000000000005329, 11.00000000000000000, -6.500000000000000888 ) ) ;
#8113 = CARTESIAN_POINT ( 'NONE',  ( 53.00000000000000000, 11.00000000000000000, -31.14999999999999858 ) ) ;
#8114 = AXIS2_PLACEMENT_3D ( 'NONE', #2125, #5902, #3952 ) ;
#8115 = ADVANCED_FACE ( 'NONE', ( #5490 ), #9354, .T. ) ;
#8116 = DIRECTION ( 'NONE',  ( -0.000000000000000000, -1.000000000000000000, -0.000000000000000000 ) ) ;
#8117 = EDGE_CURVE ( 'NONE', #591, #11492, #7769, .T. ) ;
#8118 = LINE ( 'NONE', #253, #11446 ) ;
#8119 = ORIENTED_EDGE ( 'NONE', *, *, #8808, .T. ) ;
#8120 = FACE_OUTER_BOUND ( 'NONE', #10452, .T. ) ;
#8121 = CARTESIAN_POINT ( 'NONE',  ( 67.99999999999992895, 11.00000000000000000, -29.99999999999995737 ) ) ;
#8122 = ORIENTED_EDGE ( 'NONE', *, *, #1245, .F. ) ;
#8123 = CARTESIAN_POINT ( 'NONE',  ( 62.07220293988400073, 9.799999999999998934, -3.000084202863473326 ) ) ;
#8124 = CARTESIAN_POINT ( 'NONE',  ( 44.50000000000000000, 11.00000000000000000, -7.499999999999941380 ) ) ;
#8125 = VERTEX_POINT ( 'NONE', #8603 ) ;
#8126 = VERTEX_POINT ( 'NONE', #5815 ) ;
#8127 = DIRECTION ( 'NONE',  ( -0.000000000000000000, -1.000000000000000000, -0.000000000000000000 ) ) ;
#8128 = VECTOR ( 'NONE', #5456, 1000.000000000000000 ) ;
#8129 = CARTESIAN_POINT ( 'NONE',  ( 44.50000000000000000, 11.00000000000000000, -37.99999999999995026 ) ) ;
#8130 = ADVANCED_FACE ( 'NONE', ( #11765 ), #7641, .T. ) ;
#8131 = VERTEX_POINT ( 'NONE', #2901 ) ;
#8132 = VECTOR ( 'NONE', #12094, 1000.000000000000000 ) ;
#8133 = EDGE_CURVE ( 'NONE', #6904, #3714, #3541, .T. ) ;
#8134 = FACE_OUTER_BOUND ( 'NONE', #2219, .T. ) ;
#8135 = ADVANCED_FACE ( 'NONE', ( #11649 ), #863, .T. ) ;
#8136 = CARTESIAN_POINT ( 'NONE',  ( 18.13488133238526245, 9.799999999999998934, -1.000000000000005551 ) ) ;
#8137 = VECTOR ( 'NONE', #4761, 1000.000000000000000 ) ;
#8138 = ADVANCED_FACE ( 'NONE', ( #3976, #9617 ), #8664, .T. ) ;
#8139 = DIRECTION ( 'NONE',  ( 0.000000000000000000, 0.000000000000000000, 1.000000000000000000 ) ) ;
#8140 = ORIENTED_EDGE ( 'NONE', *, *, #6354, .F. ) ;
#8141 = DIRECTION ( 'NONE',  ( -0.000000000000000000, -1.000000000000000000, -0.000000000000000000 ) ) ;
#8142 = VERTEX_POINT ( 'NONE', #6813 ) ;
#8143 = EDGE_LOOP ( 'NONE', ( #4835, #5834, #9733, #4058 ) ) ;
#8144 = EDGE_CURVE ( 'NONE', #6647, #12479, #12232, .T. ) ;
#8145 = CARTESIAN_POINT ( 'NONE',  ( 34.24386001800125001, 11.00000000000000000, -4.000000000000002665 ) ) ;
#8146 = VECTOR ( 'NONE', #5797, 1000.000000000000000 ) ;
#8147 = DIRECTION ( 'NONE',  ( 0.000000000000000000, 1.000000000000000000, 0.000000000000000000 ) ) ;
#8148 = AXIS2_PLACEMENT_3D ( 'NONE', #6539, #11558, #915 ) ;
#8149 = EDGE_CURVE ( 'NONE', #2724, #10295, #7697, .T. ) ;
#8150 = ORIENTED_EDGE ( 'NONE', *, *, #4018, .F. ) ;
#8151 = AXIS2_PLACEMENT_3D ( 'NONE', #5851, #81, #328 ) ;
#8152 = DIRECTION ( 'NONE',  ( 0.000000000000000000, 0.000000000000000000, 1.000000000000000000 ) ) ;
#8153 = DIRECTION ( 'NONE',  ( 0.000000000000000000, 0.000000000000000000, 1.000000000000000000 ) ) ;
#8154 = FACE_OUTER_BOUND ( 'NONE', #11753, .T. ) ;
#8155 = CARTESIAN_POINT ( 'NONE',  ( 48.49999999999999289, 2.000000000000000000, -30.99999999999992539 ) ) ;
#8156 = ORIENTED_EDGE ( 'NONE', *, *, #5859, .F. ) ;
#8157 = VECTOR ( 'NONE', #7166, 1000.000000000000000 ) ;
#8158 = ORIENTED_EDGE ( 'NONE', *, *, #11064, .T. ) ;
#8159 = DIRECTION ( 'NONE',  ( 0.000000000000000000, 0.000000000000000000, 1.000000000000000000 ) ) ;
#8160 = DIRECTION ( 'NONE',  ( 0.000000000000000000, 0.000000000000000000, 1.000000000000000000 ) ) ;
#8161 = FACE_OUTER_BOUND ( 'NONE', #7092, .T. ) ;
#8162 = CARTESIAN_POINT ( 'NONE',  ( 63.50000000000000000, 11.00000000000000000, -11.99999999999993427 ) ) ;
#8163 = VECTOR ( 'NONE', #6458, 1000.000000000000000 ) ;
#8164 = CIRCLE ( 'NONE', #956, 0.9999999999999974465 ) ;
#8165 = DIRECTION ( 'NONE',  ( 0.000000000000000000, 1.000000000000000000, 0.000000000000000000 ) ) ;
#8166 = VECTOR ( 'NONE', #7951, 1000.000000000000000 ) ;
#8167 = AXIS2_PLACEMENT_3D ( 'NONE', #3044, #7025, #1535 ) ;
#8168 = CARTESIAN_POINT ( 'NONE',  ( 20.99999999999990052, 11.00000000000000000, -34.49999999999998579 ) ) ;
#8169 = VECTOR ( 'NONE', #5426, 1000.000000000000000 ) ;
#8170 = EDGE_LOOP ( 'NONE', ( #8110, #5702 ) ) ;
#8171 = CYLINDRICAL_SURFACE ( 'NONE', #9275, 0.9999999999999974465 ) ;
#8173 = LINE ( 'NONE', #9189, #4093 ) ;
#8172 = VECTOR ( 'NONE', #596, 1000.000000000000000 ) ;
#8174 = ORIENTED_EDGE ( 'NONE', *, *, #8338, .F. ) ;
#8175 = AXIS2_PLACEMENT_3D ( 'NONE', #699, #766, #10458 ) ;
#8176 = EDGE_CURVE ( 'NONE', #4623, #2514, #8788, .T. ) ;
#8177 = LINE ( 'NONE', #3433, #3117 ) ;
#8178 = ORIENTED_EDGE ( 'NONE', *, *, #11997, .F. ) ;
#8179 = EDGE_LOOP ( 'NONE', ( #436, #5491, #888, #1822 ) ) ;
#8180 = ORIENTED_EDGE ( 'NONE', *, *, #11002, .T. ) ;
#8181 = DIRECTION ( 'NONE',  ( -0.7071067811865436870, 0.000000000000000000, 0.7071067811865514585 ) ) ;
#8182 = EDGE_CURVE ( 'NONE', #4899, #3073, #6145, .T. ) ;
#8183 = DIRECTION ( 'NONE',  ( 0.000000000000000000, 0.000000000000000000, -1.000000000000000000 ) ) ;
#8184 = VERTEX_POINT ( 'NONE', #10695 ) ;
#8185 = AXIS2_PLACEMENT_3D ( 'NONE', #10495, #5855, #9723 ) ;
#8186 = VECTOR ( 'NONE', #252, 1000.000000000000000 ) ;
#8187 = VECTOR ( 'NONE', #9245, 1000.000000000000000 ) ;
#8188 = ORIENTED_EDGE ( 'NONE', *, *, #8377, .T. ) ;
#8189 = CARTESIAN_POINT ( 'NONE',  ( 63.49999999999992895, 11.00000000000000000, -34.49999999999992895 ) ) ;
#8190 = CARTESIAN_POINT ( 'NONE',  ( 80.00000000000000000, 9.799999999999998934, -2.999999999999992895 ) ) ;
#8191 = VERTEX_POINT ( 'NONE', #3027 ) ;
#8192 = LINE ( 'NONE', #1419, #6405 ) ;
#8193 = CARTESIAN_POINT ( 'NONE',  ( 31.50000000000000711, 11.00000000000000000, -16.49999999999997158 ) ) ;
#8194 = AXIS2_PLACEMENT_3D ( 'NONE', #2295, #5893, #11791 ) ;
#8195 = ORIENTED_EDGE ( 'NONE', *, *, #7247, .F. ) ;
#8196 = DIRECTION ( 'NONE',  ( 0.000000000000000000, 0.000000000000000000, 1.000000000000000000 ) ) ;
#8197 = LINE ( 'NONE', #6398, #5734 ) ;
#8198 = ORIENTED_EDGE ( 'NONE', *, *, #3913, .T. ) ;
#8199 = AXIS2_PLACEMENT_3D ( 'NONE', #1249, #6058, #8221 ) ;
#8200 = LINE ( 'NONE', #3390, #712 ) ;
#8201 = EDGE_CURVE ( 'NONE', #9919, #6789, #1119, .T. ) ;
#8202 = DIRECTION ( 'NONE',  ( 0.000000000000000000, 0.000000000000000000, 1.000000000000000000 ) ) ;
#8203 = ORIENTED_EDGE ( 'NONE', *, *, #303, .F. ) ;
#8204 = ORIENTED_EDGE ( 'NONE', *, *, #272, .T. ) ;
#8205 = VECTOR ( 'NONE', #12110, 1000.000000000000000 ) ;
#8206 = CARTESIAN_POINT ( 'NONE',  ( 35.49999999999999289, 11.00000000000000000, -8.499999999999960920 ) ) ;
#8207 = VECTOR ( 'NONE', #11425, 1000.000000000000000 ) ;
#8208 = CARTESIAN_POINT ( 'NONE',  ( 16.49999999999996447, 11.00000000000000000, -20.99999999999996447 ) ) ;
#8209 = EDGE_LOOP ( 'NONE', ( #10971, #2118 ) ) ;
#8210 = ORIENTED_EDGE ( 'NONE', *, *, #1248, .T. ) ;
#8211 = LINE ( 'NONE', #12073, #1176 ) ;
#8212 = VERTEX_POINT ( 'NONE', #2021 ) ;
#8213 = DIRECTION ( 'NONE',  ( -0.000000000000000000, -1.000000000000000000, -0.000000000000000000 ) ) ;
#8214 = VERTEX_POINT ( 'NONE', #7833 ) ;
#8215 = ORIENTED_EDGE ( 'NONE', *, *, #269, .T. ) ;
#8216 = AXIS2_PLACEMENT_3D ( 'NONE', #2913, #2983, #174 ) ;
#8217 = DIRECTION ( 'NONE',  ( 0.000000000000000000, 0.000000000000000000, 1.000000000000000000 ) ) ;
#8218 = EDGE_CURVE ( 'NONE', #9662, #4993, #6870, .T. ) ;
#8219 = CIRCLE ( 'NONE', #3966, 0.9999999999999974465 ) ;
#8220 = EDGE_LOOP ( 'NONE', ( #9776, #9967, #867, #8753 ) ) ;
#8221 = DIRECTION ( 'NONE',  ( 0.000000000000000000, 0.000000000000000000, 1.000000000000000000 ) ) ;
#8222 = CARTESIAN_POINT ( 'NONE',  ( 51.47867965644046961, 9.799999999999998934, -41.32010101267767510 ) ) ;
#8223 = AXIS2_PLACEMENT_3D ( 'NONE', #7786, #9699, #10468 ) ;
#8224 = FACE_OUTER_BOUND ( 'NONE', #1104, .T. ) ;
#8225 = FACE_OUTER_BOUND ( 'NONE', #2715, .T. ) ;
#8226 = ORIENTED_EDGE ( 'NONE', *, *, #269, .F. ) ;
#8227 = ORIENTED_EDGE ( 'NONE', *, *, #1246, .F. ) ;
#8228 = DIRECTION ( 'NONE',  ( 0.000000000000000000, -0.000000000000000000, 1.000000000000000000 ) ) ;
#8229 = ADVANCED_FACE ( 'NONE', ( #4996 ), #8855, .T. ) ;
#8230 = CARTESIAN_POINT ( 'NONE',  ( 20.99999999999995737, 11.00000000000000000, -20.99999999999999289 ) ) ;
#8231 = LINE ( 'NONE', #298, #10961 ) ;
#8232 = LINE ( 'NONE', #12095, #9024 ) ;
#8233 = DIRECTION ( 'NONE',  ( 0.000000000000000000, -0.000000000000000000, 1.000000000000000000 ) ) ;
#8234 = VERTEX_POINT ( 'NONE', #1960 ) ;
#8235 = AXIS2_PLACEMENT_3D ( 'NONE', #2457, #9528, #5255 ) ;
#8236 = ORIENTED_EDGE ( 'NONE', *, *, #12139, .F. ) ;
#8237 = LINE ( 'NONE', #4560, #3577 ) ;
#8238 = VERTEX_POINT ( 'NONE', #1824 ) ;
#8239 = DIRECTION ( 'NONE',  ( 0.000000000000000000, 0.000000000000000000, -1.000000000000000000 ) ) ;
#8240 = AXIS2_PLACEMENT_3D ( 'NONE', #11687, #6852, #9775 ) ;
#8241 = CARTESIAN_POINT ( 'NONE',  ( 44.92771285725257968, 9.799999999999998934, -3.000000000000003109 ) ) ;
#8242 = LINE ( 'NONE', #12107, #279 ) ;
#8243 = VERTEX_POINT ( 'NONE', #10748 ) ;
#8244 = ORIENTED_EDGE ( 'NONE', *, *, #12077, .T. ) ;
#8245 = CYLINDRICAL_SURFACE ( 'NONE', #5579, 0.9999999999999974465 ) ;
#8246 = CARTESIAN_POINT ( 'NONE',  ( 26.00000000000000000, 11.00000000000000000, -31.14999999999999858 ) ) ;
#8247 = ORIENTED_EDGE ( 'NONE', *, *, #11006, .T. ) ;
#8248 = AXIS2_PLACEMENT_3D ( 'NONE', #3624, #4639, #6454 ) ;
#8249 = EDGE_CURVE ( 'NONE', #9486, #4181, #4949, .T. ) ;
#8250 = ORIENTED_EDGE ( 'NONE', *, *, #7429, .F. ) ;
#8251 = LINE ( 'NONE', #2745, #5156 ) ;
#8252 = VECTOR ( 'NONE', #11168, 1000.000000000000000 ) ;
#8254 = ADVANCED_FACE ( 'NONE', ( #161 ), #4036, .F. ) ;
#8253 = FACE_OUTER_BOUND ( 'NONE', #4619, .T. ) ;
#8255 = DIRECTION ( 'NONE',  ( 0.000000000000000000, 0.000000000000000000, 1.000000000000000000 ) ) ;
#8256 = DIRECTION ( 'NONE',  ( -0.000000000000000000, -1.000000000000000000, -0.000000000000000000 ) ) ;
#8257 = ORIENTED_EDGE ( 'NONE', *, *, #7938, .F. ) ;
#8258 = DIRECTION ( 'NONE',  ( 0.000000000000000000, 1.000000000000000000, 0.000000000000000000 ) ) ;
#8259 = DIRECTION ( 'NONE',  ( -1.000000000000000000, 0.000000000000000000, -0.000000000000000000 ) ) ;
#8260 = EDGE_LOOP ( 'NONE', ( #7441, #8188, #1627, #8195 ) ) ;
#8261 = CIRCLE ( 'NONE', #5626, 0.9999999999999974465 ) ;
#8262 = ORIENTED_EDGE ( 'NONE', *, *, #7594, .F. ) ;
#8263 = ORIENTED_EDGE ( 'NONE', *, *, #11076, .F. ) ;
#8264 = FACE_OUTER_BOUND ( 'NONE', #8647, .T. ) ;
#8265 = FACE_OUTER_BOUND ( 'NONE', #9098, .T. ) ;
#8266 = ORIENTED_EDGE ( 'NONE', *, *, #6473, .T. ) ;
#8267 = ORIENTED_EDGE ( 'NONE', *, *, #3340, .F. ) ;
#8268 = DIRECTION ( 'NONE',  ( 0.000000000000000000, 0.000000000000000000, 1.000000000000000000 ) ) ;
#8269 = CIRCLE ( 'NONE', #1798, 3.000000000000023537 ) ;
#8270 = EDGE_CURVE ( 'NONE', #6720, #10838, #3912, .T. ) ;
#8271 = CARTESIAN_POINT ( 'NONE',  ( 62.52253967444165994, 11.00000000000000000, -48.32132034355966965 ) ) ;
#8272 = EDGE_LOOP ( 'NONE', ( #8072, #8178, #3747, #11256 ) ) ;
#8273 = CIRCLE ( 'NONE', #2615, 0.9999999999999974465 ) ;
#8274 = ADVANCED_FACE ( 'NONE', ( #2336 ), #5250, .T. ) ;
#8275 = CIRCLE ( 'NONE', #9883, 1.699999999999993072 ) ;
#8276 = CARTESIAN_POINT ( 'NONE',  ( 16.49999999999999289, 2.000000000000000000, -11.99999999999996625 ) ) ;
#8277 = VERTEX_POINT ( 'NONE', #5190 ) ;
#8278 = CARTESIAN_POINT ( 'NONE',  ( 62.07220293988400073, 11.00000000000000000, -3.000084202863473326 ) ) ;
#8279 = ORIENTED_EDGE ( 'NONE', *, *, #12443, .F. ) ;
#8280 = ORIENTED_EDGE ( 'NONE', *, *, #3856, .T. ) ;
#8281 = DIRECTION ( 'NONE',  ( 0.000000000000000000, 0.000000000000000000, 1.000000000000000000 ) ) ;
#8282 = AXIS2_PLACEMENT_3D ( 'NONE', #10103, #1497, #1434 ) ;
#8283 = CARTESIAN_POINT ( 'NONE',  ( 52.00000000000000000, 2.000000000000000000, -32.14999999999999858 ) ) ;
#8285 = EDGE_CURVE ( 'NONE', #7865, #5171, #11399, .T. ) ;
#8284 = DIRECTION ( 'NONE',  ( 0.000000000000000000, 1.000000000000000000, -0.000000000000000000 ) ) ;
#8286 = CARTESIAN_POINT ( 'NONE',  ( 67.99999999999990052, 2.000000000000000000, -37.99999999999995026 ) ) ;
#8287 = ADVANCED_FACE ( 'NONE', ( #10055 ), #9103, .F. ) ;
#8288 = CYLINDRICAL_SURFACE ( 'NONE', #8658, 0.9999999999999974465 ) ;
#8289 = CARTESIAN_POINT ( 'NONE',  ( 31.50000000000000711, 11.00000000000000000, -28.99999999999997513 ) ) ;
#8290 = ORIENTED_EDGE ( 'NONE', *, *, #9123, .F. ) ;
#8291 = EDGE_LOOP ( 'NONE', ( #4211, #9660, #5300, #1983 ) ) ;
#8292 = CARTESIAN_POINT ( 'NONE',  ( 31.50000000000000711, 11.00000000000000000, -20.99999999999997158 ) ) ;
#8293 = CARTESIAN_POINT ( 'NONE',  ( 34.85512985522209561, 2.000000000000000000, -6.500000000000002665 ) ) ;
#8294 = CARTESIAN_POINT ( 'NONE',  ( 72.49999999999997158, 11.00000000000000000, -16.49999999999999289 ) ) ;
#8295 = DIRECTION ( 'NONE',  ( -0.000000000000000000, -1.000000000000000000, -0.000000000000000000 ) ) ;
#8296 = DIRECTION ( 'NONE',  ( 0.000000000000000000, 0.000000000000000000, -1.000000000000000000 ) ) ;
#8297 = ORIENTED_EDGE ( 'NONE', *, *, #599, .T. ) ;
#8298 = EDGE_CURVE ( 'NONE', #10735, #1418, #8802, .T. ) ;
#8299 = EDGE_CURVE ( 'NONE', #1515, #10112, #10394, .T. ) ;
#8300 = EDGE_CURVE ( 'NONE', #2178, #4466, #2104, .T. ) ;
#8301 = FACE_BOUND ( 'NONE', #9639, .T. ) ;
#8302 = CARTESIAN_POINT ( 'NONE',  ( 35.49999999999999289, 11.00000000000000000, -7.499999999999963585 ) ) ;
#8303 = ORIENTED_EDGE ( 'NONE', *, *, #1720, .F. ) ;
#8304 = DIRECTION ( 'NONE',  ( 0.000000000000000000, 1.000000000000000000, 0.000000000000000000 ) ) ;
#8305 = CARTESIAN_POINT ( 'NONE',  ( 31.50000000000000711, 2.000000000000000000, -24.49999999999997513 ) ) ;
#8306 = VERTEX_POINT ( 'NONE', #7057 ) ;
#8307 = CARTESIAN_POINT ( 'NONE',  ( 28.52132034355956591, 9.799999999999998934, -41.32010101267765378 ) ) ;
#8308 = ORIENTED_EDGE ( 'NONE', *, *, #9697, .F. ) ;
#8309 = ORIENTED_EDGE ( 'NONE', *, *, #1338, .F. ) ;
#8310 = CYLINDRICAL_SURFACE ( 'NONE', #3145, 1.000000000000000888 ) ;
#8311 = CARTESIAN_POINT ( 'NONE',  ( 20.99999999999990052, 11.00000000000000000, -34.49999999999998579 ) ) ;
#8312 = ORIENTED_EDGE ( 'NONE', *, *, #5485, .T. ) ;
#8313 = ORIENTED_EDGE ( 'NONE', *, *, #7254, .T. ) ;
#8314 = DIRECTION ( 'NONE',  ( 0.000000000000000000, 1.000000000000000000, 0.000000000000000000 ) ) ;
#8315 = AXIS2_PLACEMENT_3D ( 'NONE', #5065, #8862, #11655 ) ;
#8316 = DIRECTION ( 'NONE',  ( 0.000000000000000000, 0.000000000000000000, 1.000000000000000000 ) ) ;
#8317 = DIRECTION ( 'NONE',  ( -0.7071067811865470176, 0.000000000000000000, -0.7071067811865480168 ) ) ;
#8318 = LINE ( 'NONE', #7353, #6492 ) ;
#8319 = ORIENTED_EDGE ( 'NONE', *, *, #12241, .T. ) ;
#8320 = DIRECTION ( 'NONE',  ( 0.000000000000000000, 0.000000000000000000, 1.000000000000000000 ) ) ;
#8321 = DIRECTION ( 'NONE',  ( 1.000000000000000000, 0.000000000000000000, 0.000000000000000000 ) ) ;
#8322 = ORIENTED_EDGE ( 'NONE', *, *, #8669, .F. ) ;
#8323 = ORIENTED_EDGE ( 'NONE', *, *, #8447, .F. ) ;
#8324 = EDGE_LOOP ( 'NONE', ( #4657, #11881 ) ) ;
#8325 = DIRECTION ( 'NONE',  ( -0.7071067811865474617, 0.000000000000000000, -0.7071067811865474617 ) ) ;
#8326 = CARTESIAN_POINT ( 'NONE',  ( 22.99939033455905601, 9.799999999999998934, 22.99939033455901694 ) ) ;
#8327 = EDGE_LOOP ( 'NONE', ( #542, #6890, #6049, #6541 ) ) ;
#8328 = CARTESIAN_POINT ( 'NONE',  ( 31.50000000000000711, 2.000000000000000000, -30.99999999999996803 ) ) ;
#8329 = DIRECTION ( 'NONE',  ( -0.000000000000000000, 1.000000000000000000, -0.000000000000000000 ) ) ;
#8330 = ORIENTED_EDGE ( 'NONE', *, *, #8531, .T. ) ;
#8331 = CARTESIAN_POINT ( 'NONE',  ( 5.200000000000024158, 9.799999999999998934, -3.000000000000007994 ) ) ;
#8332 = ORIENTED_EDGE ( 'NONE', *, *, #2006, .F. ) ;
#8333 = CIRCLE ( 'NONE', #6094, 0.9999999999999974465 ) ;
#8334 = LINE ( 'NONE', #3402, #10171 ) ;
#8335 = VERTEX_POINT ( 'NONE', #283 ) ;
#8336 = EDGE_LOOP ( 'NONE', ( #12526, #7058, #11675, #3511 ) ) ;
#8337 = LINE ( 'NONE', #10302, #8169 ) ;
#8338 = EDGE_CURVE ( 'NONE', #10919, #9068, #12009, .T. ) ;
#8339 = EDGE_CURVE ( 'NONE', #10510, #11356, #1724, .T. ) ;
#8340 = VERTEX_POINT ( 'NONE', #2265 ) ;
#8341 = AXIS2_PLACEMENT_3D ( 'NONE', #3368, #4177, #10079 ) ;
#8342 = CARTESIAN_POINT ( 'NONE',  ( 55.00000000000000000, -0.002000000000000265454, -9.819595949289343650 ) ) ;
#8343 = DIRECTION ( 'NONE',  ( 0.7071067811865467956, -0.000000000000000000, -0.7071067811865483499 ) ) ;
#8344 = DIRECTION ( 'NONE',  ( 1.000000000000000000, 0.000000000000000000, 0.000000000000000000 ) ) ;
#8345 = CARTESIAN_POINT ( 'NONE',  ( 11.99999999999992006, 2.000000000000000000, -38.99999999999992184 ) ) ;
#8346 = CIRCLE ( 'NONE', #1253, 0.9999999999999983347 ) ;
#8347 = EDGE_LOOP ( 'NONE', ( #3820, #2287 ) ) ;
#8348 = EDGE_LOOP ( 'NONE', ( #2656, #5170, #1851, #4101 ) ) ;
#8349 = CARTESIAN_POINT ( 'NONE',  ( 26.45857864376274549, 9.799999999999998934, -40.50000000000004263 ) ) ;
#8350 = AXIS2_PLACEMENT_3D ( 'NONE', #9226, #8141, #3335 ) ;
#8351 = DIRECTION ( 'NONE',  ( 0.000000000000000000, 0.000000000000000000, 1.000000000000000000 ) ) ;
#8352 = DIRECTION ( 'NONE',  ( 0.000000000000000000, 1.000000000000000000, 0.000000000000000000 ) ) ;
#8353 = EDGE_CURVE ( 'NONE', #7375, #555, #1077, .T. ) ;
#8354 = CARTESIAN_POINT ( 'NONE',  ( 28.00000000000000355, -0.002000000000000265454, -9.819595949289304571 ) ) ;
#8355 = VECTOR ( 'NONE', #2698, 1000.000000000000000 ) ;
#8356 = AXIS2_PLACEMENT_3D ( 'NONE', #10061, #7198, #611 ) ;
#8357 = CIRCLE ( 'NONE', #1892, 1.000000000000000888 ) ;
#8358 = FACE_BOUND ( 'NONE', #1619, .T. ) ;
#8359 = FACE_OUTER_BOUND ( 'NONE', #12287, .T. ) ;
#8360 = ORIENTED_EDGE ( 'NONE', *, *, #6263, .F. ) ;
#8361 = FACE_OUTER_BOUND ( 'NONE', #3032, .T. ) ;
#8362 = DIRECTION ( 'NONE',  ( 0.000000000000000000, 0.000000000000000000, 1.000000000000000000 ) ) ;
#8363 = ORIENTED_EDGE ( 'NONE', *, *, #11631, .T. ) ;
#8364 = AXIS2_PLACEMENT_3D ( 'NONE', #4318, #9207, #3446 ) ;
#8365 = CARTESIAN_POINT ( 'NONE',  ( 5.200000000000024158, 11.00000000000000000, -1.000000000000005995 ) ) ;
#8366 = EDGE_CURVE ( 'NONE', #12451, #12316, #7117, .T. ) ;
#8367 = ORIENTED_EDGE ( 'NONE', *, *, #8389, .T. ) ;
#8368 = LINE ( 'NONE', #10271, #8205 ) ;
#8370 = ADVANCED_FACE ( 'NONE', ( #1313 ), #2146, .T. ) ;
#8369 = AXIS2_PLACEMENT_3D ( 'NONE', #6459, #11345, #832 ) ;
#8371 = EDGE_CURVE ( 'NONE', #6111, #6584, #3712, .T. ) ;
#8372 = CARTESIAN_POINT ( 'NONE',  ( 72.49999999999990052, 11.00000000000000000, -35.49999999999999289 ) ) ;
#8373 = EDGE_CURVE ( 'NONE', #4084, #3738, #4522, .T. ) ;
#8374 = CIRCLE ( 'NONE', #5737, 0.9999999999999974465 ) ;
#8375 = ORIENTED_EDGE ( 'NONE', *, *, #9378, .T. ) ;
#8376 = CYLINDRICAL_SURFACE ( 'NONE', #8392, 1.000000000000000888 ) ;
#8377 = EDGE_CURVE ( 'NONE', #4603, #8042, #989, .T. ) ;
#8378 = DIRECTION ( 'NONE',  ( 0.000000000000000000, 0.000000000000000000, -1.000000000000000000 ) ) ;
#8379 = AXIS2_PLACEMENT_3D ( 'NONE', #1717, #9314, #6445 ) ;
#8380 = LINE ( 'NONE', #3500, #12283 ) ;
#8381 = DIRECTION ( 'NONE',  ( 0.000000000000000000, 1.000000000000000000, 0.000000000000000000 ) ) ;
#8382 = ORIENTED_EDGE ( 'NONE', *, *, #3022, .T. ) ;
#8383 = DIRECTION ( 'NONE',  ( 0.000000000000000000, 0.000000000000000000, 1.000000000000000000 ) ) ;
#8384 = FACE_OUTER_BOUND ( 'NONE', #4126, .T. ) ;
#8385 = VERTEX_POINT ( 'NONE', #11757 ) ;
#8386 = VERTEX_POINT ( 'NONE', #8778 ) ;
#8387 = FACE_OUTER_BOUND ( 'NONE', #5476, .T. ) ;
#8388 = VECTOR ( 'NONE', #4670, 1000.000000000000000 ) ;
#8389 = EDGE_CURVE ( 'NONE', #11744, #10295, #5676, .T. ) ;
#8390 = AXIS2_PLACEMENT_3D ( 'NONE', #10790, #10853, #9839 ) ;
#8391 = DIRECTION ( 'NONE',  ( -0.000000000000000000, -1.000000000000000000, -0.000000000000000000 ) ) ;
#8392 = AXIS2_PLACEMENT_3D ( 'NONE', #9382, #11148, #3622 ) ;
#8393 = CIRCLE ( 'NONE', #4540, 1.000000000000000888 ) ;
#8394 = FACE_OUTER_BOUND ( 'NONE', #3645, .T. ) ;
#8395 = CIRCLE ( 'NONE', #4557, 1.000000000000000888 ) ;
#8396 = CARTESIAN_POINT ( 'NONE',  ( 76.00000000000000000, 2.000000000000000000, -43.50000000000000000 ) ) ;
#8397 = ORIENTED_EDGE ( 'NONE', *, *, #7391, .T. ) ;
#8398 = AXIS2_PLACEMENT_3D ( 'NONE', #4539, #802, #10361 ) ;
#8399 = DIRECTION ( 'NONE',  ( -0.7071067811865437980, 0.000000000000000000, -0.7071067811865513475 ) ) ;
#8400 = ORIENTED_EDGE ( 'NONE', *, *, #10443, .T. ) ;
#8401 = AXIS2_PLACEMENT_3D ( 'NONE', #6803, #11701, #8654 ) ;
#8402 = FACE_OUTER_BOUND ( 'NONE', #437, .T. ) ;
#8403 = VERTEX_POINT ( 'NONE', #7882 ) ;
#8404 = ORIENTED_EDGE ( 'NONE', *, *, #3023, .T. ) ;
#8405 = DIRECTION ( 'NONE',  ( 0.000000000000000000, 1.000000000000000000, 0.000000000000000000 ) ) ;
#8406 = VECTOR ( 'NONE', #7296, 1000.000000000000000 ) ;
#8407 = AXIS2_PLACEMENT_3D ( 'NONE', #10602, #5790, #11618 ) ;
#8408 = CARTESIAN_POINT ( 'NONE',  ( 18.13488133238526245, 11.00000000000000000, -1.000000000000005551 ) ) ;
#8409 = DIRECTION ( 'NONE',  ( -0.000000000000000000, -1.000000000000000000, -0.000000000000000000 ) ) ;
#8410 = EDGE_CURVE ( 'NONE', #5266, #7724, #4853, .T. ) ;
#8411 = DIRECTION ( 'NONE',  ( 0.000000000000000000, 0.000000000000000000, 1.000000000000000000 ) ) ;
#8412 = AXIS2_PLACEMENT_3D ( 'NONE', #2740, #2852, #6696 ) ;
#8413 = ORIENTED_EDGE ( 'NONE', *, *, #10960, .T. ) ;
#8414 = EDGE_CURVE ( 'NONE', #6904, #11598, #1045, .T. ) ;
#8415 = ORIENTED_EDGE ( 'NONE', *, *, #4871, .F. ) ;
#8416 = CIRCLE ( 'NONE', #5592, 0.9999999999999974465 ) ;
#8417 = LINE ( 'NONE', #3417, #7749 ) ;
#8418 = CARTESIAN_POINT ( 'NONE',  ( 12.00000000000000355, 11.00000000000000000, -11.99999999999993427 ) ) ;
#8419 = VERTEX_POINT ( 'NONE', #6863 ) ;
#8420 = EDGE_CURVE ( 'NONE', #8184, #3265, #4916, .T. ) ;
#8421 = DIRECTION ( 'NONE',  ( -0.000000000000000000, -1.000000000000000000, -0.000000000000000000 ) ) ;
#8422 = CARTESIAN_POINT ( 'NONE',  ( 55.00000000000000000, 11.00000000000000000, -32.14999999999999858 ) ) ;
#8423 = VECTOR ( 'NONE', #1452, 1000.000000000000000 ) ;
#8424 = ORIENTED_EDGE ( 'NONE', *, *, #1215, .F. ) ;
#8425 = VECTOR ( 'NONE', #6886, 1000.000000000000000 ) ;
#8426 = EDGE_LOOP ( 'NONE', ( #9917, #6971, #1536, #11458 ) ) ;
#8427 = EDGE_CURVE ( 'NONE', #6540, #7065, #2936, .T. ) ;
#8428 = FACE_BOUND ( 'NONE', #4798, .T. ) ;
#8429 = CARTESIAN_POINT ( 'NONE',  ( 48.49999999999999289, 2.000000000000000000, -16.49999999999993250 ) ) ;
#8430 = ORIENTED_EDGE ( 'NONE', *, *, #3652, .F. ) ;
#8431 = EDGE_CURVE ( 'NONE', #3388, #1304, #8574, .T. ) ;
#8432 = CYLINDRICAL_SURFACE ( 'NONE', #2998, 0.9999999999999974465 ) ;
#8433 = DIRECTION ( 'NONE',  ( -1.000000000000000000, 0.000000000000000000, -3.352801296355066075E-17 ) ) ;
#8434 = VECTOR ( 'NONE', #10221, 1000.000000000000000 ) ;
#8435 = CYLINDRICAL_SURFACE ( 'NONE', #5545, 0.9999999999999974465 ) ;
#8436 = ORIENTED_EDGE ( 'NONE', *, *, #4722, .F. ) ;
#8437 = CIRCLE ( 'NONE', #7210, 1.000000000000000888 ) ;
#8438 = EDGE_CURVE ( 'NONE', #10490, #1402, #9374, .T. ) ;
#8439 = DIRECTION ( 'NONE',  ( 0.000000000000000000, 0.000000000000000000, 1.000000000000000000 ) ) ;
#8440 = LINE ( 'NONE', #951, #347 ) ;
#8441 = EDGE_CURVE ( 'NONE', #11059, #9381, #2711, .T. ) ;
#8442 = EDGE_CURVE ( 'NONE', #12479, #419, #8593, .T. ) ;
#8443 = VERTEX_POINT ( 'NONE', #9788 ) ;
#8444 = DIRECTION ( 'NONE',  ( -0.000000000000000000, -1.000000000000000000, -0.000000000000000000 ) ) ;
#8445 = VECTOR ( 'NONE', #10854, 1000.000000000000000 ) ;
#8446 = CARTESIAN_POINT ( 'NONE',  ( 29.34974746830583570, 11.00000000000000000, -7.479898987322322945 ) ) ;
#8447 = EDGE_CURVE ( 'NONE', #3361, #7737, #5916, .T. ) ;
#8448 = EDGE_CURVE ( 'NONE', #9705, #6463, #10012, .T. ) ;
#8449 = ADVANCED_FACE ( 'NONE', ( #4987 ), #8846, .T. ) ;
#8450 = PLANE ( 'NONE',  #9674 ) ;
#8451 = DIRECTION ( 'NONE',  ( 0.000000000000000000, 0.000000000000000000, 1.000000000000000000 ) ) ;
#8452 = VERTEX_POINT ( 'NONE', #856 ) ;
#8453 = CARTESIAN_POINT ( 'NONE',  ( 42.35613998199887931, 9.799999999999998934, -49.20000000000000284 ) ) ;
#8454 = LINE ( 'NONE', #5708, #11191 ) ;
#8455 = ORIENTED_EDGE ( 'NONE', *, *, #620, .F. ) ;
#8456 = ORIENTED_EDGE ( 'NONE', *, *, #7972, .T. ) ;
#8457 = ORIENTED_EDGE ( 'NONE', *, *, #1318, .T. ) ;
#8458 = CARTESIAN_POINT ( 'NONE',  ( 61.24380052431966703, 9.799999999999998934, -4.000059493681638045 ) ) ;
#8459 = DIRECTION ( 'NONE',  ( 1.000000000000000000, 0.000000000000000000, -0.000000000000000000 ) ) ;
#8460 = EDGE_CURVE ( 'NONE', #11736, #3773, #11643, .T. ) ;
#8461 = AXIS2_PLACEMENT_3D ( 'NONE', #6508, #10397, #10579 ) ;
#8462 = ORIENTED_EDGE ( 'NONE', *, *, #6122, .F. ) ;
#8463 = CYLINDRICAL_SURFACE ( 'NONE', #5145, 3.599999999999997424 ) ;
#8464 = EDGE_CURVE ( 'NONE', #4479, #2664, #4965, .T. ) ;
#8465 = DIRECTION ( 'NONE',  ( 0.7071067811865513475, 0.000000000000000000, 0.7071067811865435759 ) ) ;
#8466 = EDGE_CURVE ( 'NONE', #2789, #1418, #11639, .T. ) ;
#8467 = ORIENTED_EDGE ( 'NONE', *, *, #3478, .T. ) ;
#8468 = EDGE_CURVE ( 'NONE', #8243, #1333, #10685, .T. ) ;
#8469 = AXIS2_PLACEMENT_3D ( 'NONE', #4176, #7076, #6134 ) ;
#8470 = CARTESIAN_POINT ( 'NONE',  ( 50.65025253169416430, 9.799999999999998934, -7.479898987322322945 ) ) ;
#8471 = EDGE_LOOP ( 'NONE', ( #5527, #3438, #2380, #6083 ) ) ;
#8472 = FACE_OUTER_BOUND ( 'NONE', #5284, .T. ) ;
#8473 = DIRECTION ( 'NONE',  ( 0.000000000000000000, 1.000000000000000000, 0.000000000000000000 ) ) ;
#8474 = ORIENTED_EDGE ( 'NONE', *, *, #1028, .T. ) ;
#8475 = CARTESIAN_POINT ( 'NONE',  ( 28.52132034355965473, 9.799999999999998934, -5.479898987322321169 ) ) ;
#8476 = CIRCLE ( 'NONE', #3005, 1.000000000000000888 ) ;
#8477 = CARTESIAN_POINT ( 'NONE',  ( 16.49999999999996447, 11.00000000000000000, -21.99999999999996092 ) ) ;
#8478 = VECTOR ( 'NONE', #7280, 1000.000000000000000 ) ;
#8479 = CARTESIAN_POINT ( 'NONE',  ( 44.50000000000000000, 2.000000000000000000, -20.99999999999993960 ) ) ;
#8480 = PERSON_AND_ORGANIZATION_ROLE ( 'creator' ) ;
#8481 = CARTESIAN_POINT ( 'NONE',  ( 35.49999999999999289, 2.000000000000000000, -21.99999999999996092 ) ) ;
#8482 = VERTEX_POINT ( 'NONE', #2012 ) ;
#8483 = ORIENTED_EDGE ( 'NONE', *, *, #10222, .T. ) ;
#8484 = CARTESIAN_POINT ( 'NONE',  ( 20.99999999999995737, 11.00000000000000000, -19.99999999999999645 ) ) ;
#8485 = DIRECTION ( 'NONE',  ( -1.000000000000000000, 0.000000000000000000, -3.496519228280624712E-16 ) ) ;
#8486 = CARTESIAN_POINT ( 'NONE',  ( 67.99999999999998579, 11.00000000000000000, -11.99999999999996625 ) ) ;
#8487 = ORIENTED_EDGE ( 'NONE', *, *, #2413, .F. ) ;
#8488 = ORIENTED_EDGE ( 'NONE', *, *, #9527, .F. ) ;
#8489 = VERTEX_POINT ( 'NONE', #3840 ) ;
#8490 = FACE_BOUND ( 'NONE', #4087, .T. ) ;
#8491 = DIRECTION ( 'NONE',  ( -0.000000000000000000, -1.000000000000000000, 0.000000000000000000 ) ) ;
#8492 = VERTEX_POINT ( 'NONE', #7689 ) ;
#8493 = CARTESIAN_POINT ( 'NONE',  ( 53.54142135623729359, 9.799999999999998934, -43.30000000000000426 ) ) ;
#8494 = DIRECTION ( 'NONE',  ( 0.000000000000000000, 0.000000000000000000, -1.000000000000000000 ) ) ;
#8495 = ORIENTED_EDGE ( 'NONE', *, *, #3856, .F. ) ;
#8496 = CARTESIAN_POINT ( 'NONE',  ( 17.92779706011599927, 9.799999999999998934, -6.000084202863472882 ) ) ;
#8497 = VERTEX_POINT ( 'NONE', #5861 ) ;
#8498 = FACE_OUTER_BOUND ( 'NONE', #12438, .T. ) ;
#8499 = AXIS2_PLACEMENT_3D ( 'NONE', #9428, #4617, #2720 ) ;
#8500 = CARTESIAN_POINT ( 'NONE',  ( 7.499999999999930722, 11.00000000000000000, -39.99999999999988631 ) ) ;
#8501 = ADVANCED_FACE ( 'NONE', ( #10804 ), #271, .T. ) ;
#8502 = ADVANCED_FACE ( 'NONE', ( #208 ), #1430, .T. ) ;
#8503 = DIRECTION ( 'NONE',  ( 0.000000000000000000, 1.000000000000000000, 0.000000000000000000 ) ) ;
#8504 = CARTESIAN_POINT ( 'NONE',  ( 21.58517677218592468, 9.799999999999998934, 21.58517677218592468 ) ) ;
#8505 = EDGE_LOOP ( 'NONE', ( #2928, #1107 ) ) ;
#8506 = CYLINDRICAL_SURFACE ( 'NONE', #10274, 1.000000000000000888 ) ;
#8507 = CARTESIAN_POINT ( 'NONE',  ( 45.75613998199875709, 9.799999999999998934, -1.000000000000002665 ) ) ;
#8508 = VERTEX_POINT ( 'NONE', #8077 ) ;
#8509 = FACE_OUTER_BOUND ( 'NONE', #2207, .T. ) ;
#8510 = DIRECTION ( 'NONE',  ( -0.000000000000000000, -1.000000000000000000, -0.000000000000000000 ) ) ;
#8511 = VERTEX_POINT ( 'NONE', #11812 ) ;
#8512 = VERTEX_POINT ( 'NONE', #2321 ) ;
#8513 = EDGE_LOOP ( 'NONE', ( #3621, #5877 ) ) ;
#8514 = CARTESIAN_POINT ( 'NONE',  ( 61.85512985522206009, 2.000000000000000000, -6.500000000000003553 ) ) ;
#8515 = EDGE_CURVE ( 'NONE', #3980, #418, #1113, .T. ) ;
#8516 = CARTESIAN_POINT ( 'NONE',  ( 71.10000000000000853, 5.000000000000000000, -4.000000000000003553 ) ) ;
#8517 = ADVANCED_FACE ( 'NONE', ( #8134 ), #404, .F. ) ;
#8518 = PLANE ( 'NONE',  #9582 ) ;
#8519 = DIRECTION ( 'NONE',  ( -0.000000000000000000, -1.000000000000000000, -0.000000000000000000 ) ) ;
#8520 = ORIENTED_EDGE ( 'NONE', *, *, #289, .T. ) ;
#8521 = FACE_OUTER_BOUND ( 'NONE', #8786, .T. ) ;
#8522 = CARTESIAN_POINT ( 'NONE',  ( 49.48185900165483275, 2.000000000000000000, -38.81038749811947497 ) ) ;
#8523 = EDGE_LOOP ( 'NONE', ( #2470, #833, #6361, #2958 ) ) ;
#8524 = CARTESIAN_POINT ( 'NONE',  ( 22.18664863476204019, -21.88036781070453785, -39.08664863476204232 ) ) ;
#8525 = CARTESIAN_POINT ( 'NONE',  ( 44.50000000000000000, 11.00000000000000000, -26.49999999999993605 ) ) ;
#8526 = ORIENTED_EDGE ( 'NONE', *, *, #6263, .T. ) ;
#8527 = CARTESIAN_POINT ( 'NONE',  ( 16.49999999999992539, 2.000000000000000000, -33.49999999999995737 ) ) ;
#8528 = CARTESIAN_POINT ( 'NONE',  ( 48.49999999999999289, 2.000000000000000000, -33.49999999999992895 ) ) ;
#8529 = ADVANCED_FACE ( 'NONE', ( #7940, #1370, #6046, #339, #6166, #8901 ), #4209, .T. ) ;
#8530 = EDGE_CURVE ( 'NONE', #8696, #5818, #4332, .T. ) ;
#8531 = EDGE_CURVE ( 'NONE', #10192, #4529, #7106, .T. ) ;
#8532 = DIRECTION ( 'NONE',  ( 0.000000000000000000, 1.000000000000000000, -0.000000000000000000 ) ) ;
#8533 = ADVANCED_FACE ( 'NONE', ( #6989 ), #11941, .F. ) ;
#8534 = PLANE ( 'NONE',  #3942 ) ;
#8535 = DATE_AND_TIME ( #10363, #7018 ) ;
#8536 = PLANE ( 'NONE',  #1834 ) ;
#8537 = ORIENTED_EDGE ( 'NONE', *, *, #8339, .F. ) ;
#8538 = ORIENTED_EDGE ( 'NONE', *, *, #10962, .F. ) ;
#8539 = DIRECTION ( 'NONE',  ( 0.000000000000000000, 1.000000000000000000, -0.000000000000000000 ) ) ;
#8540 = CARTESIAN_POINT ( 'NONE',  ( 26.00000000000000000, 11.00000000000000000, -31.14999999999999858 ) ) ;
#8541 = ORIENTED_EDGE ( 'NONE', *, *, #2918, .T. ) ;
#8542 = CARTESIAN_POINT ( 'NONE',  ( 26.45857864376269930, 11.00000000000000000, -6.299999999999992717 ) ) ;
#8543 = ORIENTED_EDGE ( 'NONE', *, *, #2011, .T. ) ;
#8544 = EDGE_LOOP ( 'NONE', ( #5465, #6908, #5328, #12246 ) ) ;
#8545 = CIRCLE ( 'NONE', #6496, 1.000000000000000888 ) ;
#8546 = FACE_OUTER_BOUND ( 'NONE', #3506, .T. ) ;
#8547 = CARTESIAN_POINT ( 'NONE',  ( 72.49999999999998579, 11.00000000000000000, -11.99999999999999645 ) ) ;
#8548 = ORIENTED_EDGE ( 'NONE', *, *, #303, .T. ) ;
#8549 = CARTESIAN_POINT ( 'NONE',  ( 44.50000000000000000, 11.00000000000000000, -29.99999999999993960 ) ) ;
#8550 = CARTESIAN_POINT ( 'NONE',  ( 63.49999999999997158, 11.00000000000000000, -20.99999999999993250 ) ) ;
#8551 = DIRECTION ( 'NONE',  ( -0.000000000000000000, -1.000000000000000000, -0.000000000000000000 ) ) ;
#8552 = EDGE_LOOP ( 'NONE', ( #10380, #630, #2047, #11301 ) ) ;
#8553 = CARTESIAN_POINT ( 'NONE',  ( 67.99999999999992895, 2.000000000000000000, -30.99999999999995381 ) ) ;
#8554 = AXIS2_PLACEMENT_3D ( 'NONE', #6043, #147, #9909 ) ;
#8555 = CARTESIAN_POINT ( 'NONE',  ( 0.000000000000000000, 0.000000000000000000, 0.000000000000000000 ) ) ;
#8556 = VECTOR ( 'NONE', #10872, 1000.000000000000000 ) ;
#8557 = PLANE ( 'NONE',  #11009 ) ;
#8558 = DIRECTION ( 'NONE',  ( 0.000000000000000000, 1.000000000000000000, 0.000000000000000000 ) ) ;
#8559 = CIRCLE ( 'NONE', #7336, 0.9999999999999974465 ) ;
#8560 = ORIENTED_EDGE ( 'NONE', *, *, #9593, .T. ) ;
#8561 = EDGE_CURVE ( 'NONE', #12163, #9678, #7136, .T. ) ;
#8562 = DIRECTION ( 'NONE',  ( 0.000000000000000000, 0.000000000000000000, 1.000000000000000000 ) ) ;
#8563 = LINE ( 'NONE', #6650, #845 ) ;
#8564 = EDGE_LOOP ( 'NONE', ( #5680, #12182, #6533, #6597 ) ) ;
#8565 = AXIS2_PLACEMENT_3D ( 'NONE', #12177, #7292, #8259 ) ;
#8566 = CARTESIAN_POINT ( 'NONE',  ( 56.40832611206848668, 9.799999999999998934, -39.37867965644034740 ) ) ;
#8567 = CARTESIAN_POINT ( 'NONE',  ( 7.500000000000007105, 11.00000000000000000, -16.49999999999990408 ) ) ;
#8568 = ORIENTED_EDGE ( 'NONE', *, *, #9658, .F. ) ;
#8569 = ORIENTED_EDGE ( 'NONE', *, *, #8735, .T. ) ;
#8570 = EDGE_LOOP ( 'NONE', ( #6846, #12109 ) ) ;
#8571 = CARTESIAN_POINT ( 'NONE',  ( 48.49999999999999289, 11.00000000000000000, -15.49999999999993427 ) ) ;
#8572 = DIRECTION ( 'NONE',  ( -0.000000000000000000, -1.000000000000000000, -0.000000000000000000 ) ) ;
#8573 = CIRCLE ( 'NONE', #3909, 2.799999999999962075 ) ;
#8574 = CIRCLE ( 'NONE', #6163, 1.000000000000000888 ) ;
#8575 = AXIS2_PLACEMENT_3D ( 'NONE', #11853, #6707, #5838 ) ;
#8576 = EDGE_LOOP ( 'NONE', ( #4300, #10936, #1225, #11685 ) ) ;
#8577 = DIRECTION ( 'NONE',  ( 1.000000000000000000, 0.000000000000000000, -4.818676322157797621E-17 ) ) ;
#8578 = CYLINDRICAL_SURFACE ( 'NONE', #296, 0.9999999999999974465 ) ;
#8579 = ORIENTED_EDGE ( 'NONE', *, *, #5132, .F. ) ;
#8580 = DIRECTION ( 'NONE',  ( 0.000000000000000000, 1.000000000000000000, 0.000000000000000000 ) ) ;
#8581 = CARTESIAN_POINT ( 'NONE',  ( 24.99999999999999645, -0.002000000000000265454, -9.819595949289308123 ) ) ;
#8582 = CIRCLE ( 'NONE', #11402, 0.9999999999999974465 ) ;
#8583 = ORIENTED_EDGE ( 'NONE', *, *, #12428, .F. ) ;
#8584 = CIRCLE ( 'NONE', #7955, 0.9999999999999974465 ) ;
#8585 = CARTESIAN_POINT ( 'NONE',  ( 58.99999999999995737, 2.000000000000000000, -29.99999999999989342 ) ) ;
#8586 = CARTESIAN_POINT ( 'NONE',  ( 24.26776695296635467, 11.00000000000000000, -9.087362902255671671 ) ) ;
#8587 = EDGE_CURVE ( 'NONE', #2501, #8031, #9093, .T. ) ;
#8588 = ORIENTED_EDGE ( 'NONE', *, *, #9076, .F. ) ;
#8589 = VECTOR ( 'NONE', #3199, 1000.000000000000114 ) ;
#8590 = DIRECTION ( 'NONE',  ( -0.000000000000000000, -1.000000000000000000, -0.000000000000000000 ) ) ;
#8591 = CIRCLE ( 'NONE', #5157, 0.9999999999999974465 ) ;
#8592 = DIRECTION ( 'NONE',  ( 0.000000000000000000, 1.000000000000000000, 0.000000000000000000 ) ) ;
#8593 = LINE ( 'NONE', #6736, #11600 ) ;
#8595 = CIRCLE ( 'NONE', #10205, 3.000000000000023537 ) ;
#8594 = FACE_OUTER_BOUND ( 'NONE', #4701, .T. ) ;
#8596 = CARTESIAN_POINT ( 'NONE',  ( 62.07341919221814663, 11.00000000000000000, -3.000063337055368429 ) ) ;
#8597 = VERTEX_POINT ( 'NONE', #7176 ) ;
#8598 = EDGE_CURVE ( 'NONE', #4153, #7085, #10599, .T. ) ;
#8599 = EDGE_CURVE ( 'NONE', #61, #805, #9152, .T. ) ;
#8600 = VERTEX_POINT ( 'NONE', #467 ) ;
#8601 = AXIS2_PLACEMENT_3D ( 'NONE', #9461, #4832, #6777 ) ;
#8602 = CARTESIAN_POINT ( 'NONE',  ( 41.52771285725268768, 9.799999999999998934, -47.19999999999999574 ) ) ;
#8603 = CARTESIAN_POINT ( 'NONE',  ( 48.49999999999999289, 2.000000000000000000, -21.99999999999992539 ) ) ;
#8604 = AXIS2_PLACEMENT_3D ( 'NONE', #9238, #5124, #9989 ) ;
#8605 = CARTESIAN_POINT ( 'NONE',  ( 67.99999999999990052, 2.000000000000000000, -39.99999999999995026 ) ) ;
#8606 = EDGE_CURVE ( 'NONE', #1421, #4739, #6921, .T. ) ;
#8607 = VERTEX_POINT ( 'NONE', #5107 ) ;
#8608 = AXIS2_PLACEMENT_3D ( 'NONE', #10782, #7798, #2048 ) ;
#8609 = AXIS2_PLACEMENT_3D ( 'NONE', #11684, #3001, #972 ) ;
#8610 = FACE_OUTER_BOUND ( 'NONE', #5667, .T. ) ;
#8611 = LINE ( 'NONE', #6688, #9035 ) ;
#8612 = ORIENTED_EDGE ( 'NONE', *, *, #3321, .T. ) ;
#8613 = DIRECTION ( 'NONE',  ( -0.000000000000000000, 1.000000000000000000, -0.000000000000000000 ) ) ;
#8614 = CYLINDRICAL_SURFACE ( 'NONE', #7119, 0.9999999999999974465 ) ;
#8615 = CARTESIAN_POINT ( 'NONE',  ( 54.36984848098348522, 11.00000000000000000, -8.299999999999991829 ) ) ;
#8616 = CARTESIAN_POINT ( 'NONE',  ( 53.50000000000000000, 0.000000000000000000, -43.39999999999999858 ) ) ;
#8617 = CARTESIAN_POINT ( 'NONE',  ( 7.499999999999992895, 2.000000000000000000, -19.99999999999990408 ) ) ;
#8618 = VECTOR ( 'NONE', #11962, 1000.000000000000000 ) ;
#8619 = CARTESIAN_POINT ( 'NONE',  ( 72.49999999999991473, 2.000000000000000000, -29.99999999999998934 ) ) ;
#8620 = VECTOR ( 'NONE', #2242, 1000.000000000000000 ) ;
#8621 = PLANE ( 'NONE',  #8791 ) ;
#8622 = AXIS2_PLACEMENT_3D ( 'NONE', #9149, #5529, #8459 ) ;
#8623 = DIRECTION ( 'NONE',  ( 0.000000000000000000, 0.000000000000000000, 1.000000000000000000 ) ) ;
#8624 = ORIENTED_EDGE ( 'NONE', *, *, #9820, .T. ) ;
#8625 = LINE ( 'NONE', #12477, #353 ) ;
#8626 = AXIS2_PLACEMENT_3D ( 'NONE', #2228, #5012, #10950 ) ;
#8627 = CARTESIAN_POINT ( 'NONE',  ( 11.99999999999992006, 11.00000000000000000, -38.99999999999992184 ) ) ;
#8628 = VERTEX_POINT ( 'NONE', #7048 ) ;
#8629 = DIRECTION ( 'NONE',  ( -3.496519228280624712E-16, 0.000000000000000000, 1.000000000000000000 ) ) ;
#8630 = FACE_OUTER_BOUND ( 'NONE', #35, .T. ) ;
#8631 = ORIENTED_EDGE ( 'NONE', *, *, #9750, .F. ) ;
#8632 = ORIENTED_EDGE ( 'NONE', *, *, #1178, .F. ) ;
#8633 = VERTEX_POINT ( 'NONE', #1179 ) ;
#8634 = DIRECTION ( 'NONE',  ( 0.000000000000000000, 0.000000000000000000, -1.000000000000000000 ) ) ;
#8635 = CARTESIAN_POINT ( 'NONE',  ( 20.99999999999991473, 2.000000000000000000, -30.99999999999998579 ) ) ;
#8636 = ORIENTED_EDGE ( 'NONE', *, *, #3421, .T. ) ;
#8637 = AXIS2_PLACEMENT_3D ( 'NONE', #39, #8672, #12462 ) ;
#8638 = CARTESIAN_POINT ( 'NONE',  ( 12.00000000000003197, 11.00000000000000000, -7.499999999999936939 ) ) ;
#8639 = FACE_OUTER_BOUND ( 'NONE', #12281, .T. ) ;
#8640 = ORIENTED_EDGE ( 'NONE', *, *, #3633, .T. ) ;
#8641 = CARTESIAN_POINT ( 'NONE',  ( 48.49999999999999289, 11.00000000000000000, -21.99999999999992539 ) ) ;
#8642 = DIRECTION ( 'NONE',  ( 0.000000000000000000, 1.000000000000000000, 0.000000000000000000 ) ) ;
#8643 = DIRECTION ( 'NONE',  ( -0.000000000000000000, -1.000000000000000000, -0.000000000000000000 ) ) ;
#8644 = ORIENTED_EDGE ( 'NONE', *, *, #10110, .T. ) ;
#8645 = CARTESIAN_POINT ( 'NONE',  ( 35.49999999999999289, 11.00000000000000000, -20.99999999999996447 ) ) ;
#8646 = CARTESIAN_POINT ( 'NONE',  ( 1.697239245187564036E-13, 9.799999999999998934, -38.50000000000023448 ) ) ;
#8647 = EDGE_LOOP ( 'NONE', ( #7439, #2738, #5496, #6069 ) ) ;
#8648 = CIRCLE ( 'NONE', #7625, 0.9999999999999974465 ) ;
#8649 = DIRECTION ( 'NONE',  ( 1.000000000000000000, 0.000000000000000000, 0.000000000000000000 ) ) ;
#8650 = CARTESIAN_POINT ( 'NONE',  ( 27.00000000000000355, 2.000000000000000000, -32.14999999999999858 ) ) ;
#8651 = VECTOR ( 'NONE', #5830, 1000.000000000000000 ) ;
#8652 = CYLINDRICAL_SURFACE ( 'NONE', #2151, 1.000000000000000888 ) ;
#8653 = ADVANCED_FACE ( 'NONE', ( #10925 ), #2256, .T. ) ;
#8654 = DIRECTION ( 'NONE',  ( 0.000000000000000000, 0.000000000000000000, 1.000000000000000000 ) ) ;
#8655 = EDGE_CURVE ( 'NONE', #4831, #3317, #9383, .T. ) ;
#8656 = CIRCLE ( 'NONE', #5419, 2.200000000000028599 ) ;
#8657 = PLANE ( 'NONE',  #12033 ) ;
#8658 = AXIS2_PLACEMENT_3D ( 'NONE', #12200, #1512, #7381 ) ;
#8659 = AXIS2_PLACEMENT_3D ( 'NONE', #9880, #1204, #5072 ) ;
#8660 = CARTESIAN_POINT ( 'NONE',  ( 44.50000000000000000, 2.000000000000000000, -24.49999999999994316 ) ) ;
#8661 = VERTEX_POINT ( 'NONE', #6409 ) ;
#8662 = EDGE_LOOP ( 'NONE', ( #1311, #2052 ) ) ;
#8663 = DIRECTION ( 'NONE',  ( 0.000000000000000000, 1.000000000000000000, 0.000000000000000000 ) ) ;
#8664 = PLANE ( 'NONE',  #10624 ) ;
#8665 = CARTESIAN_POINT ( 'NONE',  ( 67.99999999999994316, 11.00000000000000000, -25.49999999999996092 ) ) ;
#8666 = ORIENTED_EDGE ( 'NONE', *, *, #8144, .T. ) ;
#8667 = ADVANCED_FACE ( 'NONE', ( #7488 ), #8518, .T. ) ;
#8668 = ORIENTED_EDGE ( 'NONE', *, *, #4929, .T. ) ;
#8669 = EDGE_CURVE ( 'NONE', #2822, #4846, #3725, .T. ) ;
#8670 = AXIS2_PLACEMENT_3D ( 'NONE', #1321, #6875, #9803 ) ;
#8671 = FACE_BOUND ( 'NONE', #11106, .T. ) ;
#8672 = DIRECTION ( 'NONE',  ( 0.000000000000000000, 1.000000000000000000, 0.000000000000000000 ) ) ;
#8673 = ORIENTED_EDGE ( 'NONE', *, *, #3947, .T. ) ;
#8674 = VECTOR ( 'NONE', #8165, 1000.000000000000000 ) ;
#8675 = DIRECTION ( 'NONE',  ( 0.000000000000000000, 0.000000000000000000, 1.000000000000000000 ) ) ;
#8676 = ADVANCED_FACE ( 'NONE', ( #6530 ), #10419, .T. ) ;
#8677 = DIRECTION ( 'NONE',  ( 0.000000000000000000, 0.000000000000000000, 1.000000000000000000 ) ) ;
#8678 = CARTESIAN_POINT ( 'NONE',  ( 72.49999999999998579, 11.00000000000000000, -11.00000000000000000 ) ) ;
#8679 = DIRECTION ( 'NONE',  ( 0.000000000000000000, 0.000000000000000000, 1.000000000000000000 ) ) ;
#8680 = FACE_OUTER_BOUND ( 'NONE', #8063, .T. ) ;
#8681 = ADVANCED_FACE ( 'NONE', ( #2509 ), #8463, .F. ) ;
#8682 = ORIENTED_EDGE ( 'NONE', *, *, #7432, .F. ) ;
#8683 = EDGE_CURVE ( 'NONE', #10677, #1637, #8975, .T. ) ;
#8684 = ORIENTED_EDGE ( 'NONE', *, *, #6655, .F. ) ;
#8685 = CARTESIAN_POINT ( 'NONE',  ( 20.99999999999998224, 2.000000000000000000, -11.00000000000000000 ) ) ;
#8686 = EDGE_CURVE ( 'NONE', #11152, #5393, #5356, .T. ) ;
#8687 = LINE ( 'NONE', #8812, #6182 ) ;
#8688 = VERTEX_POINT ( 'NONE', #8328 ) ;
#8689 = CARTESIAN_POINT ( 'NONE',  ( 80.00000000000000000, 11.00000000000000000, -2.999999999999992895 ) ) ;
#8690 = CARTESIAN_POINT ( 'NONE',  ( 40.00000000000000000, 2.000000000000000000, -9.749999999999953815 ) ) ;
#8691 = ORIENTED_EDGE ( 'NONE', *, *, #5740, .F. ) ;
#8692 = CARTESIAN_POINT ( 'NONE',  ( 38.99999999999999289, 2.000000000000000000, -41.23776336359135541 ) ) ;
#8693 = CARTESIAN_POINT ( 'NONE',  ( 7.499999999999992895, 11.00000000000000000, -19.99999999999990408 ) ) ;
#8694 = ORIENTED_EDGE ( 'NONE', *, *, #7612, .T. ) ;
#8695 = ORIENTED_EDGE ( 'NONE', *, *, #150, .T. ) ;
#8696 = VERTEX_POINT ( 'NONE', #5602 ) ;
#8697 = DIRECTION ( 'NONE',  ( 0.000000000000000000, 1.000000000000000000, 0.000000000000000000 ) ) ;
#8698 = DIRECTION ( 'NONE',  ( 0.000000000000000000, 1.000000000000000000, 0.000000000000000000 ) ) ;
#8699 = ORIENTED_EDGE ( 'NONE', *, *, #231, .T. ) ;
#8700 = CYLINDRICAL_SURFACE ( 'NONE', #2120, 0.9999999999999974465 ) ;
#8701 = DIRECTION ( 'NONE',  ( 0.000000000000000000, -0.000000000000000000, 1.000000000000000000 ) ) ;
#8702 = EDGE_LOOP ( 'NONE', ( #4471, #10552, #3640, #12522 ) ) ;
#8703 = CARTESIAN_POINT ( 'NONE',  ( 69.48997487421324593, 1.999999999999997780, -4.000000000000003553 ) ) ;
#8704 = LINE ( 'NONE', #1866, #2589 ) ;
#8705 = DIRECTION ( 'NONE',  ( 0.000000000000000000, 0.000000000000000000, 1.000000000000000000 ) ) ;
#8706 = ORIENTED_EDGE ( 'NONE', *, *, #4859, .F. ) ;
#8707 = DIRECTION ( 'NONE',  ( 0.000000000000000000, 1.000000000000000000, 0.000000000000000000 ) ) ;
#8708 = LINE ( 'NONE', #2949, #9571 ) ;
#8709 = VERTEX_POINT ( 'NONE', #2633 ) ;
#8710 = FACE_OUTER_BOUND ( 'NONE', #3263, .T. ) ;
#8711 = DIRECTION ( 'NONE',  ( 0.000000000000000000, 0.000000000000000000, 1.000000000000000000 ) ) ;
#8712 = CARTESIAN_POINT ( 'NONE',  ( 72.49999999999991473, 11.00000000000000000, -29.99999999999998934 ) ) ;
#8713 = DIRECTION ( 'NONE',  ( 0.000000000000000000, 1.000000000000000000, 0.000000000000000000 ) ) ;
#8714 = CARTESIAN_POINT ( 'NONE',  ( 58.99999999999999289, 11.00000000000000000, -20.99999999999990052 ) ) ;
#8715 = DIRECTION ( 'NONE',  ( -0.000000000000000000, -0.000000000000000000, 1.000000000000000000 ) ) ;
#8716 = VERTEX_POINT ( 'NONE', #535 ) ;
#8717 = ADVANCED_FACE ( 'NONE', ( #12311 ), #7366, .T. ) ;
#8718 = ORIENTED_EDGE ( 'NONE', *, *, #703, .T. ) ;
#8719 = CARTESIAN_POINT ( 'NONE',  ( 20.99999999999997158, 2.000000000000000000, -17.49999999999999289 ) ) ;
#8720 = EDGE_CURVE ( 'NONE', #12047, #4623, #6740, .T. ) ;
#8721 = UNCERTAINTY_MEASURE_WITH_UNIT (LENGTH_MEASURE( 1.000000000000000082E-05 ), #3468, 'distance_accuracy_value', 'NONE');
#8722 = CARTESIAN_POINT ( 'NONE',  ( 9.629881650612445016E-05, 9.799999999999998934, -1.005922452987852544 ) ) ;
#8723 = ADVANCED_FACE ( 'NONE', ( #8394 ), #4460, .T. ) ;
#8724 = DIRECTION ( 'NONE',  ( 0.000000000000000000, 0.000000000000000000, 1.000000000000000000 ) ) ;
#8725 = ORIENTED_EDGE ( 'NONE', *, *, #5644, .T. ) ;
#8726 = ORIENTED_EDGE ( 'NONE', *, *, #8299, .F. ) ;
#8727 = LINE ( 'NONE', #3914, #2251 ) ;
#8728 = CARTESIAN_POINT ( 'NONE',  ( 31.50000000000000711, 11.00000000000000000, -17.49999999999997158 ) ) ;
#8729 = AXIS2_PLACEMENT_3D ( 'NONE', #12326, #9484, #6678 ) ;
#8730 = ORIENTED_EDGE ( 'NONE', *, *, #5811, .F. ) ;
#8731 = EDGE_CURVE ( 'NONE', #1464, #4260, #1297, .T. ) ;
#8732 = DIRECTION ( 'NONE',  ( 0.000000000000000000, 1.000000000000000000, 0.000000000000000000 ) ) ;
#8733 = AXIS2_PLACEMENT_3D ( 'NONE', #5849, #7742, #78 ) ;
#8734 = DIRECTION ( 'NONE',  ( -0.000000000000000000, -1.000000000000000000, -0.000000000000000000 ) ) ;
#8735 = EDGE_CURVE ( 'NONE', #8111, #1919, #652, .T. ) ;
#8736 = CYLINDRICAL_SURFACE ( 'NONE', #7105, 3.000000000000002665 ) ;
#8737 = DIRECTION ( 'NONE',  ( -0.000000000000000000, 1.000000000000000000, -0.000000000000000000 ) ) ;
#8738 = CYLINDRICAL_SURFACE ( 'NONE', #11704, 0.9999999999999974465 ) ;
#8739 = VECTOR ( 'NONE', #1395, 1000.000000000000000 ) ;
#8740 = VECTOR ( 'NONE', #180, 1000.000000000000000 ) ;
#8741 = ORIENTED_EDGE ( 'NONE', *, *, #4971, .T. ) ;
#8742 = CARTESIAN_POINT ( 'NONE',  ( 58.99999999999997158, 2.000000000000000000, -25.49999999999989697 ) ) ;
#8743 = ORIENTED_EDGE ( 'NONE', *, *, #8249, .T. ) ;
#8744 = DIRECTION ( 'NONE',  ( 1.000000000000000000, 0.000000000000000000, -4.818676322157797621E-17 ) ) ;
#8745 = DIRECTION ( 'NONE',  ( -1.000000000000000000, -0.000000000000000000, -0.000000000000000000 ) ) ;
#8746 = VECTOR ( 'NONE', #2063, 1000.000000000000000 ) ;
#8747 = EDGE_CURVE ( 'NONE', #4612, #2934, #12252, .T. ) ;
#8748 = FACE_OUTER_BOUND ( 'NONE', #8922, .T. ) ;
#8749 = CARTESIAN_POINT ( 'NONE',  ( 7.499999999999944045, 2.000000000000000000, -35.49999999999989342 ) ) ;
#8750 = ADVANCED_FACE ( 'NONE', ( #11229 ), #11163, .F. ) ;
#8751 = EDGE_LOOP ( 'NONE', ( #7688, #5538 ) ) ;
#8752 = EDGE_LOOP ( 'NONE', ( #7993, #12201 ) ) ;
#8753 = ORIENTED_EDGE ( 'NONE', *, *, #12098, .T. ) ;
#8754 = CYLINDRICAL_SURFACE ( 'NONE', #8608, 0.9999999999999974465 ) ;
#8755 = AXIS2_PLACEMENT_3D ( 'NONE', #3769, #1810, #11429 ) ;
#8756 = PLANE ( 'NONE',  #5397 ) ;
#8757 = ORIENTED_EDGE ( 'NONE', *, *, #11303, .F. ) ;
#8758 = VERTEX_POINT ( 'NONE', #3578 ) ;
#8759 = DIRECTION ( 'NONE',  ( -0.000000000000000000, -1.000000000000000000, -0.000000000000000000 ) ) ;
#8760 = CARTESIAN_POINT ( 'NONE',  ( 44.50000000000000000, 11.00000000000000000, -20.99999999999993960 ) ) ;
#8761 = AXIS2_PLACEMENT_3D ( 'NONE', #2826, #2885, #2769 ) ;
#8762 = ORIENTED_EDGE ( 'NONE', *, *, #2429, .F. ) ;
#8763 = FACE_BOUND ( 'NONE', #9436, .T. ) ;
#8764 = EDGE_CURVE ( 'NONE', #3228, #8191, #9988, .T. ) ;
#8765 = DIRECTION ( 'NONE',  ( -0.000000000000000000, -1.000000000000000000, -0.000000000000000000 ) ) ;
#8766 = VERTEX_POINT ( 'NONE', #905 ) ;
#8767 = CARTESIAN_POINT ( 'NONE',  ( 20.99999999999995737, 11.00000000000000000, -20.99999999999999289 ) ) ;
#8768 = ORIENTED_EDGE ( 'NONE', *, *, #2416, .T. ) ;
#8769 = CARTESIAN_POINT ( 'NONE',  ( 31.50000000000000711, 11.00000000000000000, -24.49999999999997513 ) ) ;
#8770 = DIRECTION ( 'NONE',  ( -0.000000000000000000, -1.000000000000000000, -0.000000000000000000 ) ) ;
#8771 = ORIENTED_EDGE ( 'NONE', *, *, #1709, .T. ) ;
#8772 = CARTESIAN_POINT ( 'NONE',  ( 44.92771285725257258, 9.799999999999998934, -6.000000000000002665 ) ) ;
#8773 = AXIS2_PLACEMENT_3D ( 'NONE', #10065, #5259, #3997 ) ;
#8774 = LINE ( 'NONE', #11698, #4706 ) ;
#8775 = DIRECTION ( 'NONE',  ( 0.000000000000000000, 1.000000000000000000, -0.000000000000000000 ) ) ;
#8776 = VECTOR ( 'NONE', #1667, 1000.000000000000000 ) ;
#8777 = CIRCLE ( 'NONE', #2115, 0.9999999999999974465 ) ;
#8778 = CARTESIAN_POINT ( 'NONE',  ( 28.73223304703364178, 2.000000000000000000, -9.087362902255675223 ) ) ;
#8779 = VECTOR ( 'NONE', #4734, 1000.000000000000000 ) ;
#8780 = DIRECTION ( 'NONE',  ( 0.000000000000000000, 1.000000000000000000, -0.000000000000000000 ) ) ;
#8781 = CIRCLE ( 'NONE', #4728, 0.9999999999999974465 ) ;
#8782 = AXIS2_PLACEMENT_3D ( 'NONE', #9279, #9332, #727 ) ;
#8783 = CARTESIAN_POINT ( 'NONE',  ( 16.49999999999995381, 11.00000000000000000, -26.49999999999995737 ) ) ;
#8784 = ORIENTED_EDGE ( 'NONE', *, *, #1955, .F. ) ;
#8785 = AXIS2_PLACEMENT_3D ( 'NONE', #5827, #11725, #7778 ) ;
#8786 = EDGE_LOOP ( 'NONE', ( #9101, #6121, #6133, #11949 ) ) ;
#8787 = CARTESIAN_POINT ( 'NONE',  ( 44.50000000000000000, 11.00000000000000000, -10.99999999999994316 ) ) ;
#8788 = LINE ( 'NONE', #6682, #12423 ) ;
#8789 = AXIS2_PLACEMENT_3D ( 'NONE', #7558, #12439, #1939 ) ;
#8790 = DIRECTION ( 'NONE',  ( 0.000000000000000000, 0.000000000000000000, 1.000000000000000000 ) ) ;
#8791 = AXIS2_PLACEMENT_3D ( 'NONE', #3809, #12533, #3675 ) ;
#8792 = CIRCLE ( 'NONE', #7372, 0.9999999999999974465 ) ;
#8793 = EDGE_CURVE ( 'NONE', #8628, #2479, #2818, .T. ) ;
#8794 = ORIENTED_EDGE ( 'NONE', *, *, #10543, .F. ) ;
#8795 = DIRECTION ( 'NONE',  ( -0.000000000000000000, -1.000000000000000000, -0.000000000000000000 ) ) ;
#8796 = APPROVAL ( #924, 'UNSPECIFIED' ) ;
#8797 = DIRECTION ( 'NONE',  ( 0.000000000000000000, 0.000000000000000000, 1.000000000000000000 ) ) ;
#8798 = CARTESIAN_POINT ( 'NONE',  ( 44.50000000000000000, 11.00000000000000000, -7.499999999999941380 ) ) ;
#8799 = CIRCLE ( 'NONE', #12032, 2.499999999999999556 ) ;
#8800 = EDGE_LOOP ( 'NONE', ( #8682, #4431, #3453, #7663 ) ) ;
#8801 = CIRCLE ( 'NONE', #6364, 0.9999999999999940048 ) ;
#8802 = CIRCLE ( 'NONE', #7544, 0.9999999999999974465 ) ;
#8803 = DIRECTION ( 'NONE',  ( 0.000000000000000000, 1.000000000000000000, 0.000000000000000000 ) ) ;
#8804 = CARTESIAN_POINT ( 'NONE',  ( 6.500000000000005329, 11.00000000000000000, -4.000000000000000000 ) ) ;
#8805 = LINE ( 'NONE', #3091, #10040 ) ;
#8806 = DIRECTION ( 'NONE',  ( -0.000000000000000000, -1.000000000000000000, -0.000000000000000000 ) ) ;
#8807 = CIRCLE ( 'NONE', #1334, 2.999999999999996447 ) ;
#8808 = EDGE_CURVE ( 'NONE', #2680, #6667, #12489, .T. ) ;
#8809 = AXIS2_PLACEMENT_3D ( 'NONE', #6805, #10686, #10161 ) ;
#8810 = ORIENTED_EDGE ( 'NONE', *, *, #9671, .T. ) ;
#8811 = ADVANCED_FACE ( 'NONE', ( #5660 ), #3693, .F. ) ;
#8812 = CARTESIAN_POINT ( 'NONE',  ( 74.79999999999998295, 9.799999999999998934, -1.000000000000005995 ) ) ;
#8813 = ORIENTED_EDGE ( 'NONE', *, *, #6847, .T. ) ;
#8814 = FACE_OUTER_BOUND ( 'NONE', #3582, .T. ) ;
#8815 = DIRECTION ( 'NONE',  ( 0.000000000000000000, 1.000000000000000000, 0.000000000000000000 ) ) ;
#8816 = AXIS2_PLACEMENT_3D ( 'NONE', #6491, #8421, #11318 ) ;
#8817 = CARTESIAN_POINT ( 'NONE',  ( 63.49999999999994316, 11.00000000000000000, -30.99999999999992184 ) ) ;
#8818 = CARTESIAN_POINT ( 'NONE',  ( 39.00000000000000000, 11.00000000000000000, -15.00000000000000000 ) ) ;
#8819 = ORIENTED_EDGE ( 'NONE', *, *, #7050, .F. ) ;
#8820 = ORIENTED_EDGE ( 'NONE', *, *, #11963, .F. ) ;
#8821 = ORIENTED_EDGE ( 'NONE', *, *, #9652, .T. ) ;
#8822 = FACE_OUTER_BOUND ( 'NONE', #11113, .T. ) ;
#8823 = DIRECTION ( 'NONE',  ( 0.000000000000000000, 1.000000000000000000, 0.000000000000000000 ) ) ;
#8824 = ORIENTED_EDGE ( 'NONE', *, *, #1789, .F. ) ;
#8825 = ADVANCED_FACE ( 'NONE', ( #839 ), #10601, .T. ) ;
#8826 = VECTOR ( 'NONE', #11127, 1000.000000000000000 ) ;
#8827 = ADVANCED_FACE ( 'NONE', ( #9523 ), #4707, .T. ) ;
#8828 = CARTESIAN_POINT ( 'NONE',  ( 0.000000000000000000, 9.799999999999998934, -3.000000000000003109 ) ) ;
#8829 = EDGE_CURVE ( 'NONE', #130, #2348, #9791, .T. ) ;
#8830 = FACE_OUTER_BOUND ( 'NONE', #720, .T. ) ;
#8831 = ORIENTED_EDGE ( 'NONE', *, *, #3243, .T. ) ;
#8832 = CARTESIAN_POINT ( 'NONE',  ( 26.45857864376274549, 9.799999999999998934, -43.30000000000000426 ) ) ;
#8833 = FACE_OUTER_BOUND ( 'NONE', #2995, .T. ) ;
#8834 = CARTESIAN_POINT ( 'NONE',  ( 16.64903320081213778, 9.799999999999998934, -46.32132034355965544 ) ) ;
#8835 = EDGE_LOOP ( 'NONE', ( #11269, #5711 ) ) ;
#8836 = CARTESIAN_POINT ( 'NONE',  ( 16.49999999999999289, 11.00000000000000000, -11.99999999999996625 ) ) ;
#8837 = CARTESIAN_POINT ( 'NONE',  ( 27.36984848098341416, 11.00000000000000000, -41.30000000000000426 ) ) ;
#8838 = VERTEX_POINT ( 'NONE', #3763 ) ;
#8839 = ORIENTED_EDGE ( 'NONE', *, *, #6177, .F. ) ;
#8840 = AXIS2_PLACEMENT_3D ( 'NONE', #9277, #2442, #12306 ) ;
#8841 = LINE ( 'NONE', #9849, #11207 ) ;
#8842 = DIRECTION ( 'NONE',  ( 0.000000000000000000, -1.000000000000000000, 0.000000000000000000 ) ) ;
#8843 = LINE ( 'NONE', #7935, #7390 ) ;
#8844 = EDGE_CURVE ( 'NONE', #904, #10075, #11810, .T. ) ;
#8845 = ADVANCED_FACE ( 'NONE', ( #1926 ), #10541, .T. ) ;
#8846 = CYLINDRICAL_SURFACE ( 'NONE', #5340, 0.9999999999999974465 ) ;
#8847 = ADVANCED_FACE ( 'NONE', ( #4775 ), #4967, .T. ) ;
#8848 = CARTESIAN_POINT ( 'NONE',  ( 24.99999999999999645, 11.00000000000000000, -31.14999999999999858 ) ) ;
#8849 = AXIS2_PLACEMENT_3D ( 'NONE', #4781, #8642, #1164 ) ;
#8850 = FACE_OUTER_BOUND ( 'NONE', #10472, .T. ) ;
#8851 = ORIENTED_EDGE ( 'NONE', *, *, #7032, .F. ) ;
#8852 = FACE_OUTER_BOUND ( 'NONE', #9459, .T. ) ;
#8853 = EDGE_LOOP ( 'NONE', ( #5169, #7837, #8180, #3071 ) ) ;
#8854 = LINE ( 'NONE', #8083, #12014 ) ;
#8855 = CYLINDRICAL_SURFACE ( 'NONE', #12030, 0.9999999999999974465 ) ;
#8856 = CARTESIAN_POINT ( 'NONE',  ( 0.000000000000000000, 11.00000000000000000, 0.000000000000000000 ) ) ;
#8857 = CIRCLE ( 'NONE', #4607, 2.799999999999997158 ) ;
#8858 = VERTEX_POINT ( 'NONE', #10485 ) ;
#8859 = VECTOR ( 'NONE', #1013, 1000.000000000000000 ) ;
#8860 = DIRECTION ( 'NONE',  ( -0.000000000000000000, -1.000000000000000000, 0.000000000000000000 ) ) ;
#8861 = ORIENTED_EDGE ( 'NONE', *, *, #5874, .F. ) ;
#8862 = DIRECTION ( 'NONE',  ( -0.000000000000000000, 1.000000000000000000, -0.000000000000000000 ) ) ;
#8863 = CARTESIAN_POINT ( 'NONE',  ( 48.29461583732884122, 11.00000000000000000, -39.97868143219523773 ) ) ;
#8864 = EDGE_LOOP ( 'NONE', ( #1895, #1527, #10094, #5922 ) ) ;
#8865 = AXIS2_PLACEMENT_3D ( 'NONE', #12337, #8304, #6380 ) ;
#8866 = DIRECTION ( 'NONE',  ( 4.818676322157797621E-17, 0.000000000000000000, 1.000000000000000000 ) ) ;
#8867 = CARTESIAN_POINT ( 'NONE',  ( 16.49999999999992539, 11.00000000000000000, -33.49999999999995737 ) ) ;
#8868 = CARTESIAN_POINT ( 'NONE',  ( 58.99999999999997158, 11.00000000000000000, -25.49999999999989697 ) ) ;
#8869 = CARTESIAN_POINT ( 'NONE',  ( 63.49999999999997158, 2.000000000000000000, -20.99999999999993250 ) ) ;
#8870 = CIRCLE ( 'NONE', #12506, 0.9999999999999974465 ) ;
#8871 = DIRECTION ( 'NONE',  ( 0.7071067811865450192, 0.000000000000000000, 0.7071067811865500152 ) ) ;
#8872 = ORIENTED_EDGE ( 'NONE', *, *, #3945, .T. ) ;
#8873 = CARTESIAN_POINT ( 'NONE',  ( 16.49999999999993960, 11.00000000000000000, -29.99999999999995737 ) ) ;
#8874 = CARTESIAN_POINT ( 'NONE',  ( 24.99999999999999645, 11.00000000000000000, -32.14999999999999858 ) ) ;
#8875 = VERTEX_POINT ( 'NONE', #7674 ) ;
#8876 = ADVANCED_FACE ( 'NONE', ( #6848 ), #11616, .F. ) ;
#8877 = PLANE ( 'NONE',  #3512 ) ;
#8878 = ORIENTED_EDGE ( 'NONE', *, *, #4652, .T. ) ;
#8879 = VERTEX_POINT ( 'NONE', #7805 ) ;
#8880 = CARTESIAN_POINT ( 'NONE',  ( 53.50000000000000000, 11.00000000000000000, -1.700000000000003508 ) ) ;
#8881 = EDGE_CURVE ( 'NONE', #6463, #9705, #3920, .T. ) ;
#8882 = CARTESIAN_POINT ( 'NONE',  ( 55.00000000000000000, 2.000000000000000000, -10.85512985522207607 ) ) ;
#8883 = CARTESIAN_POINT ( 'NONE',  ( 63.50000000000002842, 11.00000000000000000, -8.499999999999934275 ) ) ;
#8884 = DIRECTION ( 'NONE',  ( 0.000000000000000000, 0.000000000000000000, -1.000000000000000000 ) ) ;
#8885 = VERTEX_POINT ( 'NONE', #7546 ) ;
#8886 = CARTESIAN_POINT ( 'NONE',  ( 16.49999999999992539, 2.000000000000000000, -34.49999999999996447 ) ) ;
#8887 = CARTESIAN_POINT ( 'NONE',  ( 44.50000000000000000, 2.000000000000000000, -38.99999999999994316 ) ) ;
#8888 = ORIENTED_EDGE ( 'NONE', *, *, #4682, .T. ) ;
#8889 = DIRECTION ( 'NONE',  ( 0.000000000000000000, 0.000000000000000000, -1.000000000000000000 ) ) ;
#8890 = ORIENTED_EDGE ( 'NONE', *, *, #8300, .F. ) ;
#8891 = ADVANCED_FACE ( 'NONE', ( #4836 ), #8700, .T. ) ;
#8892 = PLANE ( 'NONE',  #4107 ) ;
#8893 = FACE_OUTER_BOUND ( 'NONE', #12354, .T. ) ;
#8894 = ORIENTED_EDGE ( 'NONE', *, *, #9143, .F. ) ;
#8895 = ORIENTED_EDGE ( 'NONE', *, *, #1122, .T. ) ;
#8896 = DIRECTION ( 'NONE',  ( -0.000000000000000000, -1.000000000000000000, 0.000000000000000000 ) ) ;
#8897 = EDGE_CURVE ( 'NONE', #10032, #10372, #1806, .T. ) ;
#8898 = DIRECTION ( 'NONE',  ( 0.000000000000000000, 0.000000000000000000, 1.000000000000000000 ) ) ;
#8899 = EDGE_CURVE ( 'NONE', #11788, #6820, #4113, .T. ) ;
#8900 = LINE ( 'NONE', #5975, #2572 ) ;
#8901 = FACE_BOUND ( 'NONE', #6087, .T. ) ;
#8902 = FACE_OUTER_BOUND ( 'NONE', #11992, .T. ) ;
#8903 = ORIENTED_EDGE ( 'NONE', *, *, #6389, .T. ) ;
#8904 = DIRECTION ( 'NONE',  ( -0.000000000000000000, -1.000000000000000000, -0.000000000000000000 ) ) ;
#8905 = VERTEX_POINT ( 'NONE', #10089 ) ;
#8906 = EDGE_CURVE ( 'NONE', #6111, #6522, #1281, .T. ) ;
#8907 = DIRECTION ( 'NONE',  ( 0.000000000000000000, 1.000000000000000000, 0.000000000000000000 ) ) ;
#8908 = EDGE_LOOP ( 'NONE', ( #8794, #4531, #2294, #7469 ) ) ;
#8909 = CYLINDRICAL_SURFACE ( 'NONE', #3113, 0.9999999999999974465 ) ;
#8910 = ADVANCED_FACE ( 'NONE', ( #6972 ), #11795, .T. ) ;
#8911 = CARTESIAN_POINT ( 'NONE',  ( 16.49999999999993960, 11.00000000000000000, -29.99999999999995737 ) ) ;
#8912 = EDGE_CURVE ( 'NONE', #1426, #5266, #11921, .T. ) ;
#8913 = EDGE_CURVE ( 'NONE', #7383, #4863, #3305, .T. ) ;
#8914 = DIRECTION ( 'NONE',  ( 0.000000000000000000, 1.000000000000000000, 0.000000000000000000 ) ) ;
#8915 = VERTEX_POINT ( 'NONE', #11742 ) ;
#8916 = AXIS2_PLACEMENT_3D ( 'NONE', #6633, #10568, #6497 ) ;
#8917 = PLANE ( 'NONE',  #7564 ) ;
#8918 = CARTESIAN_POINT ( 'NONE',  ( 11.99999999999996270, 2.000000000000000000, -25.49999999999992895 ) ) ;
#8919 = CARTESIAN_POINT ( 'NONE',  ( 7.500000000000020428, 11.00000000000000000, -12.99999999999990052 ) ) ;
#8920 = DIRECTION ( 'NONE',  ( -0.000000000000000000, 1.000000000000000000, -0.000000000000000000 ) ) ;
#8921 = ORIENTED_EDGE ( 'NONE', *, *, #5921, .F. ) ;
#8922 = EDGE_LOOP ( 'NONE', ( #5448, #10505, #4389, #10825 ) ) ;
#8923 = EDGE_CURVE ( 'NONE', #3002, #10430, #6949, .T. ) ;
#8924 = CARTESIAN_POINT ( 'NONE',  ( 26.50000000000000000, 11.00000000000000000, -45.09999999999999432 ) ) ;
#8925 = CARTESIAN_POINT ( 'NONE',  ( 16.49999999999997868, 11.00000000000000000, -15.49999999999996803 ) ) ;
#8926 = CARTESIAN_POINT ( 'NONE',  ( 20.99999999999998224, 11.00000000000000000, -11.00000000000000000 ) ) ;
#8927 = CARTESIAN_POINT ( 'NONE',  ( 11.99999999999998934, 2.000000000000000000, -15.49999999999993427 ) ) ;
#8928 = DIRECTION ( 'NONE',  ( 0.9999999954177064554, 0.000000000000000000, 9.573184869153914683E-05 ) ) ;
#8929 = EDGE_LOOP ( 'NONE', ( #11607, #312, #12071, #2000 ) ) ;
#8930 = AXIS2_PLACEMENT_3D ( 'NONE', #4449, #8381, #9454 ) ;
#8931 = EDGE_CURVE ( 'NONE', #6257, #4767, #10907, .T. ) ;
#8932 = DIRECTION ( 'NONE',  ( 0.000000000000000000, 1.000000000000000000, 0.000000000000000000 ) ) ;
#8933 = DIRECTION ( 'NONE',  ( 0.000000000000000000, 1.000000000000000000, 0.000000000000000000 ) ) ;
#8934 = ORIENTED_EDGE ( 'NONE', *, *, #4032, .T. ) ;
#8935 = CARTESIAN_POINT ( 'NONE',  ( 72.49999999999990052, 11.00000000000000000, -34.49999999999998579 ) ) ;
#8936 = EDGE_LOOP ( 'NONE', ( #1345, #9522, #8002, #11774 ) ) ;
#8937 = ORIENTED_EDGE ( 'NONE', *, *, #4714, .F. ) ;
#8938 = ORIENTED_EDGE ( 'NONE', *, *, #6270, .F. ) ;
#8939 = CARTESIAN_POINT ( 'NONE',  ( 57.81335136523794915, 11.00000000000000000, -39.08664863476203521 ) ) ;
#8940 = LINE ( 'NONE', #10902, #9878 ) ;
#8941 = AXIS2_PLACEMENT_3D ( 'NONE', #5773, #2173, #6014 ) ;
#8942 = ORIENTED_EDGE ( 'NONE', *, *, #11233, .T. ) ;
#8943 = EDGE_CURVE ( 'NONE', #2190, #10813, #268, .T. ) ;
#8944 = CARTESIAN_POINT ( 'NONE',  ( 26.50000000000000000, 11.00000000000000000, -43.39999999999999858 ) ) ;
#8945 = DIRECTION ( 'NONE',  ( 0.000000000000000000, 0.000000000000000000, -1.000000000000000000 ) ) ;
#8946 = VECTOR ( 'NONE', #111, 1000.000000000000000 ) ;
#8947 = ORIENTED_EDGE ( 'NONE', *, *, #1231, .F. ) ;
#8948 = FACE_BOUND ( 'NONE', #3021, .T. ) ;
#8949 = CARTESIAN_POINT ( 'NONE',  ( 63.50000000000002842, 11.00000000000000000, -8.499999999999934275 ) ) ;
#8950 = DIRECTION ( 'NONE',  ( -0.000000000000000000, -1.000000000000000000, -0.000000000000000000 ) ) ;
#8951 = ORIENTED_EDGE ( 'NONE', *, *, #610, .T. ) ;
#8952 = VECTOR ( 'NONE', #3143, 1000.000000000000000 ) ;
#8953 = DIRECTION ( 'NONE',  ( 1.000000000000000000, 0.000000000000000000, 0.000000000000000000 ) ) ;
#8954 = LINE ( 'NONE', #6911, #7950 ) ;
#8955 = VERTEX_POINT ( 'NONE', #5223 ) ;
#8956 = CARTESIAN_POINT ( 'NONE',  ( 52.63015151901651478, 9.799999999999998934, -5.499999999999992895 ) ) ;
#8957 = LINE ( 'NONE', #5105, #11175 ) ;
#8958 = CARTESIAN_POINT ( 'NONE',  ( 26.50000000000000000, 11.00000000000000000, -41.70000000000000995 ) ) ;
#8959 = VECTOR ( 'NONE', #11435, 1000.000000000000000 ) ;
#8960 = AXIS2_PLACEMENT_3D ( 'NONE', #11154, #4387, #10975 ) ;
#8961 = CARTESIAN_POINT ( 'NONE',  ( 73.50000000000000000, 2.000000000000000000, -43.50000000000000000 ) ) ;
#8962 = CARTESIAN_POINT ( 'NONE',  ( 35.49999999999999289, 2.000000000000000000, -25.49999999999996092 ) ) ;
#8963 = ORIENTED_EDGE ( 'NONE', *, *, #2414, .F. ) ;
#8964 = ADVANCED_FACE ( 'NONE', ( #3049 ), #6901, .F. ) ;
#8965 = CARTESIAN_POINT ( 'NONE',  ( 72.49999999999988631, 11.00000000000000000, -38.99999999999998579 ) ) ;
#8966 = CIRCLE ( 'NONE', #4521, 0.9999999999999974465 ) ;
#8967 = ORIENTED_EDGE ( 'NONE', *, *, #7202, .F. ) ;
#8968 = DIRECTION ( 'NONE',  ( 0.000000000000000000, 1.000000000000000000, 0.000000000000000000 ) ) ;
#8969 = VERTEX_POINT ( 'NONE', #11863 ) ;
#8970 = DIRECTION ( 'NONE',  ( 0.000000000000000000, 1.000000000000000000, 0.000000000000000000 ) ) ;
#8971 = AXIS2_PLACEMENT_3D ( 'NONE', #3107, #6839, #6961 ) ;
#8972 = DIRECTION ( 'NONE',  ( 0.000000000000000000, 0.000000000000000000, 1.000000000000000000 ) ) ;
#8973 = AXIS2_PLACEMENT_3D ( 'NONE', #5707, #10338, #3627 ) ;
#8974 = ORIENTED_EDGE ( 'NONE', *, *, #10634, .T. ) ;
#8975 = CIRCLE ( 'NONE', #3116, 1.000000000000000888 ) ;
#8977 = CIRCLE ( 'NONE', #2520, 3.599999999999992095 ) ;
#8976 = CYLINDRICAL_SURFACE ( 'NONE', #885, 2.500000000000002220 ) ;
#8978 = DIRECTION ( 'NONE',  ( 0.000000000000000000, 0.000000000000000000, 1.000000000000000000 ) ) ;
#8979 = ADVANCED_FACE ( 'NONE', ( #389 ), #134, .T. ) ;
#8980 = DIRECTION ( 'NONE',  ( 1.000000000000000000, 0.000000000000000000, -0.000000000000000000 ) ) ;
#8981 = LINE ( 'NONE', #8030, #7002 ) ;
#8982 = EDGE_LOOP ( 'NONE', ( #10520, #2685, #1977, #9180 ) ) ;
#8983 = EDGE_CURVE ( 'NONE', #8104, #4187, #3180, .T. ) ;
#8984 = ORIENTED_EDGE ( 'NONE', *, *, #2630, .F. ) ;
#8985 = AXIS2_PLACEMENT_3D ( 'NONE', #6745, #3025, #6811 ) ;
#8986 = DIRECTION ( 'NONE',  ( 0.000000000000000000, 0.000000000000000000, 1.000000000000000000 ) ) ;
#8987 = CYLINDRICAL_SURFACE ( 'NONE', #3881, 0.9999999999999974465 ) ;
#8988 = AXIS2_PLACEMENT_3D ( 'NONE', #290, #3408, #10113 ) ;
#8989 = CARTESIAN_POINT ( 'NONE',  ( 29.34974746830583570, 9.799999999999998934, -7.479898987322322945 ) ) ;
#8990 = CIRCLE ( 'NONE', #6137, 0.9999999999999974465 ) ;
#8991 = CYLINDRICAL_SURFACE ( 'NONE', #5027, 1.000000000000000888 ) ;
#8992 = EDGE_CURVE ( 'NONE', #3902, #3372, #2374, .T. ) ;
#8993 = AXIS2_PLACEMENT_3D ( 'NONE', #6543, #10613, #1874 ) ;
#8994 = EDGE_CURVE ( 'NONE', #5998, #8875, #2734, .T. ) ;
#8995 = VECTOR ( 'NONE', #7565, 1000.000000000000000 ) ;
#8996 = PLANE ( 'NONE',  #1753 ) ;
#8997 = AXIS2_PLACEMENT_3D ( 'NONE', #8293, #615, #8351 ) ;
#8998 = ORIENTED_EDGE ( 'NONE', *, *, #5925, .T. ) ;
#8999 = DIRECTION ( 'NONE',  ( 0.000000000000000000, 0.000000000000000000, 1.000000000000000000 ) ) ;
#9000 = DIRECTION ( 'NONE',  ( -1.000000000000000000, 0.000000000000000000, 6.999854048275122104E-16 ) ) ;
#9001 = CARTESIAN_POINT ( 'NONE',  ( 48.49999999999999289, 11.00000000000000000, -20.99999999999992895 ) ) ;
#9002 = VERTEX_POINT ( 'NONE', #6147 ) ;
#9003 = VERTEX_POINT ( 'NONE', #1156 ) ;
#9004 = CARTESIAN_POINT ( 'NONE',  ( 35.49999999999999289, 11.00000000000000000, -26.49999999999995737 ) ) ;
#9005 = AXIS2_PLACEMENT_3D ( 'NONE', #10479, #7727, #8634 ) ;
#9006 = FACE_OUTER_BOUND ( 'NONE', #250, .T. ) ;
#9007 = AXIS2_PLACEMENT_3D ( 'NONE', #3139, #1236, #10928 ) ;
#9008 = VERTEX_POINT ( 'NONE', #9009 ) ;
#9009 = CARTESIAN_POINT ( 'NONE',  ( 6.500000000000000888, 11.00000000000000000, -46.00000000000000000 ) ) ;
#9010 = VECTOR ( 'NONE', #9375, 1000.000000000000000 ) ;
#9011 = CARTESIAN_POINT ( 'NONE',  ( 40.99999999999999289, 11.00000000000000000, -15.00000000000000000 ) ) ;
#9012 = FACE_BOUND ( 'NONE', #3401, .T. ) ;
#9013 = DIRECTION ( 'NONE',  ( 0.000000000000000000, 0.000000000000000000, 1.000000000000000000 ) ) ;
#9014 = VECTOR ( 'NONE', #12172, 1000.000000000000000 ) ;
#9015 = DIRECTION ( 'NONE',  ( 0.000000000000000000, 1.000000000000000000, 0.000000000000000000 ) ) ;
#9016 = ORIENTED_EDGE ( 'NONE', *, *, #6569, .F. ) ;
#9017 = CARTESIAN_POINT ( 'NONE',  ( 46.39939033455912920, 9.799999999999998934, -46.39939033455902262 ) ) ;
#9018 = DIRECTION ( 'NONE',  ( 0.000000000000000000, 1.000000000000000000, 0.000000000000000000 ) ) ;
#9019 = ORIENTED_EDGE ( 'NONE', *, *, #1720, .T. ) ;
#9020 = ORIENTED_EDGE ( 'NONE', *, *, #1126, .F. ) ;
#9021 = VERTEX_POINT ( 'NONE', #8883 ) ;
#9022 = DIRECTION ( 'NONE',  ( 0.000000000000000000, 0.000000000000000000, -1.000000000000000000 ) ) ;
#9023 = CARTESIAN_POINT ( 'NONE',  ( 24.26776695296635467, 2.000000000000000000, -9.087362902255671671 ) ) ;
#9024 = VECTOR ( 'NONE', #11906, 1000.000000000000000 ) ;
#9025 = VERTEX_POINT ( 'NONE', #4124 ) ;
#9026 = AXIS2_PLACEMENT_3D ( 'NONE', #3482, #624, #7398 ) ;
#9027 = CARTESIAN_POINT ( 'NONE',  ( -1.927470528863119049E-16, 11.00000000000000000, -4.000000000000000000 ) ) ;
#9028 = FACE_OUTER_BOUND ( 'NONE', #6441, .T. ) ;
#9029 = ORIENTED_EDGE ( 'NONE', *, *, #8300, .T. ) ;
#9030 = DIRECTION ( 'NONE',  ( 0.000000000000000000, -0.000000000000000000, 1.000000000000000000 ) ) ;
#9031 = CIRCLE ( 'NONE', #6830, 2.500000000000002220 ) ;
#9032 = EDGE_LOOP ( 'NONE', ( #5226, #10985, #9471, #7246, #9882, #5952, #9019, #1221, #3699, #6197, #4089, #6417, #177, #5202, #8543, #794, #8888, #8174, #7466, #6503, #6158, #10256, #5187, #6630, #6185, #4797, #11969, #2583, #3724, #6414, #9162, #11248, #10179, #2963, #8699, #7251, #470, #11830, #2568, #2549, #11555, #11291 ) ) ;
#9033 = DIRECTION ( 'NONE',  ( 0.000000000000000000, 0.000000000000000000, -1.000000000000000000 ) ) ;
#9034 = ORIENTED_EDGE ( 'NONE', *, *, #864, .F. ) ;
#9035 = VECTOR ( 'NONE', #1894, 1000.000000000000000 ) ;
#9036 = DIRECTION ( 'NONE',  ( 0.000000000000000000, 1.000000000000000000, -0.000000000000000000 ) ) ;
#9037 = EDGE_CURVE ( 'NONE', #5273, #2084, #1219, .T. ) ;
#9038 = DIRECTION ( 'NONE',  ( -0.000000000000000000, -1.000000000000000000, 0.000000000000000000 ) ) ;
#9039 = ADVANCED_FACE ( 'NONE', ( #10965 ), #190, .F. ) ;
#9040 = ADVANCED_FACE ( 'NONE', ( #7994 ), #8061, .T. ) ;
#9041 = VERTEX_POINT ( 'NONE', #2557 ) ;
#9042 = VECTOR ( 'NONE', #10029, 1000.000000000000000 ) ;
#9043 = CARTESIAN_POINT ( 'NONE',  ( 16.00553031655771363, 1.999999999999998224, -45.26776695296637598 ) ) ;
#9044 = DIRECTION ( 'NONE',  ( 0.000000000000000000, 0.000000000000000000, 1.000000000000000000 ) ) ;
#9045 = CARTESIAN_POINT ( 'NONE',  ( 35.49999999999999289, 11.00000000000000000, -34.49999999999996447 ) ) ;
#9046 = CARTESIAN_POINT ( 'NONE',  ( 63.49999999999992895, 11.00000000000000000, -35.49999999999992895 ) ) ;
#9047 = ORIENTED_EDGE ( 'NONE', *, *, #7851, .F. ) ;
#9048 = ORIENTED_EDGE ( 'NONE', *, *, #5357, .T. ) ;
#9049 = DIRECTION ( 'NONE',  ( 0.000000000000000000, 0.000000000000000000, -1.000000000000000000 ) ) ;
#9050 = EDGE_CURVE ( 'NONE', #9672, #9373, #3379, .T. ) ;
#9051 = CARTESIAN_POINT ( 'NONE',  ( 45.14487014477790439, 11.00000000000000000, -6.500000000000003553 ) ) ;
#9052 = DIRECTION ( 'NONE',  ( 0.000000000000000000, 1.000000000000000000, 0.000000000000000000 ) ) ;
#9053 = CIRCLE ( 'NONE', #10664, 4.200000000000036593 ) ;
#9054 = DIRECTION ( 'NONE',  ( 0.000000000000000000, -1.000000000000000000, 0.000000000000000000 ) ) ;
#9055 = ADVANCED_FACE ( 'NONE', ( #9133 ), #2676, .T. ) ;
#9056 = EDGE_CURVE ( 'NONE', #908, #8243, #2132, .T. ) ;
#9057 = DIRECTION ( 'NONE',  ( -0.000000000000000000, -1.000000000000000000, -0.000000000000000000 ) ) ;
#9058 = VERTEX_POINT ( 'NONE', #10275 ) ;
#9059 = EDGE_CURVE ( 'NONE', #898, #11790, #7226, .T. ) ;
#9060 = AXIS2_PLACEMENT_3D ( 'NONE', #3367, #6071, #8046 ) ;
#9061 = FACE_OUTER_BOUND ( 'NONE', #6173, .T. ) ;
#9062 = ORIENTED_EDGE ( 'NONE', *, *, #5466, .F. ) ;
#9063 = CARTESIAN_POINT ( 'NONE',  ( 67.99999999999997158, 11.00000000000000000, -16.49999999999996447 ) ) ;
#9064 = CIRCLE ( 'NONE', #6024, 0.9999999999999974465 ) ;
#9065 = CARTESIAN_POINT ( 'NONE',  ( 44.50000000000000000, 11.00000000000000000, -24.49999999999994316 ) ) ;
#9066 = LINE ( 'NONE', #11138, #5147 ) ;
#9067 = ADVANCED_FACE ( 'NONE', ( #4446 ), #8376, .T. ) ;
#9068 = VERTEX_POINT ( 'NONE', #5403 ) ;
#9069 = ORIENTED_EDGE ( 'NONE', *, *, #8133, .F. ) ;
#9070 = DIRECTION ( 'NONE',  ( 0.7071067811865500152, 0.000000000000000000, -0.7071067811865450192 ) ) ;
#9071 = EDGE_CURVE ( 'NONE', #3495, #7318, #1908, .T. ) ;
#9072 = PLANE ( 'NONE',  #771 ) ;
#9073 = AXIS2_PLACEMENT_3D ( 'NONE', #4242, #8932, #3168 ) ;
#9074 = CIRCLE ( 'NONE', #5243, 2.999999999999998668 ) ;
#9075 = DIRECTION ( 'NONE',  ( 0.000000000000000000, 0.000000000000000000, -1.000000000000000000 ) ) ;
#9076 = EDGE_CURVE ( 'NONE', #4512, #7915, #637, .T. ) ;
#9077 = CARTESIAN_POINT ( 'NONE',  ( 31.50000000000000711, 11.00000000000000000, -28.99999999999997513 ) ) ;
#9078 = VERTEX_POINT ( 'NONE', #1604 ) ;
#9080 = DIRECTION ( 'NONE',  ( 0.000000000000000000, 0.000000000000000000, 1.000000000000000000 ) ) ;
#9079 = ORGANIZATION ( 'UNSPECIFIED', 'UNSPECIFIED', '' ) ;
#9081 = ORIENTED_EDGE ( 'NONE', *, *, #1495, .F. ) ;
#9082 = CARTESIAN_POINT ( 'NONE',  ( 63.50000000000000000, 2.000000000000000000, -12.99999999999993250 ) ) ;
#9083 = ORIENTED_EDGE ( 'NONE', *, *, #1067, .T. ) ;
#9084 = CARTESIAN_POINT ( 'NONE',  ( 74.79999999999998295, 9.799999999999998934, -5.200000000000042810 ) ) ;
#9085 = CIRCLE ( 'NONE', #11723, 0.9999999999999974465 ) ;
#9086 = DIRECTION ( 'NONE',  ( 0.000000000000000000, 1.000000000000000000, 0.000000000000000000 ) ) ;
#9087 = ORIENTED_EDGE ( 'NONE', *, *, #9363, .F. ) ;
#9088 = VERTEX_POINT ( 'NONE', #7285 ) ;
#9089 = VERTEX_POINT ( 'NONE', #9264 ) ;
#9090 = CARTESIAN_POINT ( 'NONE',  ( 35.49999999999999289, 2.000000000000000000, -25.49999999999996092 ) ) ;
#9091 = EDGE_CURVE ( 'NONE', #1885, #4411, #4378, .T. ) ;
#9092 = CARTESIAN_POINT ( 'NONE',  ( 31.50000000000000711, 11.00000000000000000, -29.99999999999997158 ) ) ;
#9093 = LINE ( 'NONE', #12001, #2722 ) ;
#9094 = AXIS2_PLACEMENT_3D ( 'NONE', #8665, #6628, #1642 ) ;
#9095 = LINE ( 'NONE', #8136, #7785 ) ;
#9096 = ORIENTED_EDGE ( 'NONE', *, *, #4464, .T. ) ;
#9097 = DIRECTION ( 'NONE',  ( 0.000000000000000000, 1.000000000000000000, 0.000000000000000000 ) ) ;
#9098 = EDGE_LOOP ( 'NONE', ( #10104, #11410, #8226, #1664 ) ) ;
#9099 = CARTESIAN_POINT ( 'NONE',  ( 13.50000000000000000, 5.000000000000000000, -4.000000000000000888 ) ) ;
#9100 = ORIENTED_EDGE ( 'NONE', *, *, #7956, .F. ) ;
#9101 = ORIENTED_EDGE ( 'NONE', *, *, #1336, .F. ) ;
#9102 = FACE_OUTER_BOUND ( 'NONE', #401, .T. ) ;
#9103 = PLANE ( 'NONE',  #5564 ) ;
#9104 = DIRECTION ( 'NONE',  ( 0.7071067811865470176, 0.000000000000000000, -0.7071067811865481278 ) ) ;
#9105 = ADVANCED_FACE ( 'NONE', ( #7470 ), #7348, .F. ) ;
#9106 = FACE_OUTER_BOUND ( 'NONE', #10064, .T. ) ;
#9107 = CARTESIAN_POINT ( 'NONE',  ( 7.499999999999958256, 11.00000000000000000, -29.99999999999989342 ) ) ;
#9108 = LINE ( 'NONE', #1513, #2182 ) ;
#9109 = VERTEX_POINT ( 'NONE', #10143 ) ;
#9110 = VERTEX_POINT ( 'NONE', #6451 ) ;
#9111 = DIRECTION ( 'NONE',  ( 0.000000000000000000, 0.000000000000000000, 1.000000000000000000 ) ) ;
#9112 = CARTESIAN_POINT ( 'NONE',  ( 33.08736290225573384, -0.002000000000000265454, -4.732233047033623130 ) ) ;
#9113 = DIRECTION ( 'NONE',  ( 0.000000000000000000, 0.000000000000000000, 1.000000000000000000 ) ) ;
#9114 = ADVANCED_FACE ( 'NONE', ( #4507 ), #708, .T. ) ;
#9115 = DIRECTION ( 'NONE',  ( -0.000000000000000000, 1.000000000000000000, -0.000000000000000000 ) ) ;
#9116 = DIRECTION ( 'NONE',  ( 0.000000000000000000, 0.000000000000000000, 1.000000000000000000 ) ) ;
#9117 = AXIS2_PLACEMENT_3D ( 'NONE', #2790, #11390, #4743 ) ;
#9118 = ORIENTED_EDGE ( 'NONE', *, *, #4381, .T. ) ;
#9119 = EDGE_CURVE ( 'NONE', #6857, #4634, #4310, .T. ) ;
#9120 = DIRECTION ( 'NONE',  ( 0.000000000000000000, 0.000000000000000000, 1.000000000000000000 ) ) ;
#9121 = AXIS2_PLACEMENT_3D ( 'NONE', #11442, #5679, #6741 ) ;
#9122 = ORIENTED_EDGE ( 'NONE', *, *, #289, .F. ) ;
#9123 = EDGE_CURVE ( 'NONE', #4246, #3757, #12115, .T. ) ;
#9124 = FACE_OUTER_BOUND ( 'NONE', #2111, .T. ) ;
#9125 = DIRECTION ( 'NONE',  ( 0.000000000000000000, 0.000000000000000000, 1.000000000000000000 ) ) ;
#9126 = ORIENTED_EDGE ( 'NONE', *, *, #9379, .T. ) ;
#9127 = CARTESIAN_POINT ( 'NONE',  ( 44.50000000000000000, 2.000000000000000000, -34.49999999999994316 ) ) ;
#9128 = EDGE_LOOP ( 'NONE', ( #6867, #4008 ) ) ;
#9129 = ORIENTED_EDGE ( 'NONE', *, *, #9198, .T. ) ;
#9130 = LINE ( 'NONE', #12165, #11032 ) ;
#9131 = DIRECTION ( 'NONE',  ( -0.000000000000000000, -1.000000000000000000, -0.000000000000000000 ) ) ;
#9132 = EDGE_CURVE ( 'NONE', #6622, #9025, #10401, .T. ) ;
#9133 = FACE_OUTER_BOUND ( 'NONE', #9411, .T. ) ;
#9134 = CARTESIAN_POINT ( 'NONE',  ( 31.50000000000000711, 11.00000000000000000, -25.49999999999997513 ) ) ;
#9135 = EDGE_CURVE ( 'NONE', #10037, #3256, #6552, .T. ) ;
#9136 = EDGE_LOOP ( 'NONE', ( #2820, #11657, #4828, #10722 ) ) ;
#9137 = ADVANCED_FACE ( 'NONE', ( #1472 ), #10333, .T. ) ;
#9138 = CARTESIAN_POINT ( 'NONE',  ( 16.49999999999993960, 11.00000000000000000, -28.99999999999996092 ) ) ;
#9139 = CARTESIAN_POINT ( 'NONE',  ( 63.50000000000000000, 11.00000000000000000, -11.99999999999993427 ) ) ;
#9140 = ORIENTED_EDGE ( 'NONE', *, *, #2918, .F. ) ;
#9141 = CARTESIAN_POINT ( 'NONE',  ( 0.000000000000000000, 9.799999999999998934, -3.000000000000003109 ) ) ;
#9142 = CARTESIAN_POINT ( 'NONE',  ( 31.50000000000000711, 11.00000000000000000, -12.99999999999996980 ) ) ;
#9143 = EDGE_CURVE ( 'NONE', #11363, #5971, #8251, .T. ) ;
#9144 = CIRCLE ( 'NONE', #1865, 6.100000000000028955 ) ;
#9145 = ORIENTED_EDGE ( 'NONE', *, *, #8427, .T. ) ;
#9146 = VERTEX_POINT ( 'NONE', #9448 ) ;
#9147 = DIRECTION ( 'NONE',  ( 0.000000000000000000, 0.000000000000000000, 1.000000000000000000 ) ) ;
#9148 = AXIS2_PLACEMENT_3D ( 'NONE', #4692, #6455, #2563 ) ;
#9149 = CARTESIAN_POINT ( 'NONE',  ( 52.00000000000000000, 11.00000000000000000, -32.14999999999999858 ) ) ;
#9150 = ORIENTED_EDGE ( 'NONE', *, *, #2915, .F. ) ;
#9151 = AXIS2_PLACEMENT_3D ( 'NONE', #9877, #6829, #5879 ) ;
#9152 = LINE ( 'NONE', #10983, #8589 ) ;
#9153 = EDGE_LOOP ( 'NONE', ( #4403, #2482, #10758, #2019 ) ) ;
#9154 = CYLINDRICAL_SURFACE ( 'NONE', #5569, 0.9999999999999974465 ) ;
#9156 = EDGE_CURVE ( 'NONE', #6608, #5101, #12218, .T. ) ;
#9155 = CIRCLE ( 'NONE', #11367, 1.000000000000000888 ) ;
#9157 = EDGE_LOOP ( 'NONE', ( #445, #6714, #8263, #11542 ) ) ;
#9158 = CARTESIAN_POINT ( 'NONE',  ( 25.63015151901651478, 9.799999999999998934, -8.299999999999991829 ) ) ;
#9159 = ORIENTED_EDGE ( 'NONE', *, *, #6457, .F. ) ;
#9160 = DIRECTION ( 'NONE',  ( 0.000000000000000000, 0.000000000000000000, 1.000000000000000000 ) ) ;
#9161 = ORIENTED_EDGE ( 'NONE', *, *, #5559, .T. ) ;
#9162 = ORIENTED_EDGE ( 'NONE', *, *, #4026, .T. ) ;
#9163 = DIRECTION ( 'NONE',  ( 0.000000000000000000, 1.000000000000000000, 0.000000000000000000 ) ) ;
#9164 = VECTOR ( 'NONE', #11755, 1000.000000000000000 ) ;
#9165 = AXIS2_PLACEMENT_3D ( 'NONE', #10326, #1651, #5507 ) ;
#9166 = AXIS2_PLACEMENT_3D ( 'NONE', #9271, #12058, #8383 ) ;
#9167 = CARTESIAN_POINT ( 'NONE',  ( 5.443227718325019282, 9.799999999999998934, -44.75291287251024386 ) ) ;
#9168 = DIRECTION ( 'NONE',  ( 0.7071067811865483499, 0.000000000000000000, 0.7071067811865467956 ) ) ;
#9169 = DIRECTION ( 'NONE',  ( 0.000000000000000000, 0.000000000000000000, -1.000000000000000000 ) ) ;
#9170 = CARTESIAN_POINT ( 'NONE',  ( 57.81335136523794915, -21.88036781070453785, -39.08664863476203521 ) ) ;
#9171 = ORIENTED_EDGE ( 'NONE', *, *, #895, .T. ) ;
#9172 = AXIS2_PLACEMENT_3D ( 'NONE', #10610, #8473, #10429 ) ;
#9173 = ORIENTED_EDGE ( 'NONE', *, *, #11303, .T. ) ;
#9174 = DIRECTION ( 'NONE',  ( -0.000000000000000000, -1.000000000000000000, -0.000000000000000000 ) ) ;
#9175 = PLANE ( 'NONE',  #11829 ) ;
#9176 = DIRECTION ( 'NONE',  ( 0.000000000000000000, 1.000000000000000000, 0.000000000000000000 ) ) ;
#9177 = CARTESIAN_POINT ( 'NONE',  ( 7.499999999999971578, 11.00000000000000000, -25.49999999999989697 ) ) ;
#9178 = EDGE_CURVE ( 'NONE', #3198, #8335, #9506, .T. ) ;
#9179 = DIRECTION ( 'NONE',  ( 1.000000000000000000, 0.000000000000000000, 0.000000000000000000 ) ) ;
#9180 = ORIENTED_EDGE ( 'NONE', *, *, #1380, .T. ) ;
#9181 = AXIS2_PLACEMENT_3D ( 'NONE', #9984, #8147, #6931 ) ;
#9182 = AXIS2_PLACEMENT_3D ( 'NONE', #12481, #10474, #1732 ) ;
#9183 = EDGE_LOOP ( 'NONE', ( #10223, #2642, #8330, #6730 ) ) ;
#9184 = DIRECTION ( 'NONE',  ( 0.000000000000000000, 0.000000000000000000, 1.000000000000000000 ) ) ;
#9185 = CIRCLE ( 'NONE', #2119, 2.999999999999998668 ) ;
#9186 = VERTEX_POINT ( 'NONE', #6698 ) ;
#9187 = DIRECTION ( 'NONE',  ( 0.000000000000000000, 1.000000000000000000, 0.000000000000000000 ) ) ;
#9189 = CARTESIAN_POINT ( 'NONE',  ( 63.50000000000002842, 11.00000000000000000, -6.499999999999938716 ) ) ;
#9188 = AXIS2_PLACEMENT_3D ( 'NONE', #4651, #9220, #3395 ) ;
#9190 = EDGE_LOOP ( 'NONE', ( #7009, #8068, #2804, #9543 ) ) ;
#9191 = CARTESIAN_POINT ( 'NONE',  ( 26.50000000000000000, 0.000000000000000000, -5.099999999999995204 ) ) ;
#9192 = VERTEX_POINT ( 'NONE', #8685 ) ;
#9193 = ORIENTED_EDGE ( 'NONE', *, *, #5354, .T. ) ;
#9194 = FACE_OUTER_BOUND ( 'NONE', #8291, .T. ) ;
#9195 = ADVANCED_FACE ( 'NONE', ( #825 ), #6645, .T. ) ;
#9196 = CARTESIAN_POINT ( 'NONE',  ( 67.99999999999998579, 11.00000000000000000, -10.99999999999996803 ) ) ;
#9197 = AXIS2_PLACEMENT_3D ( 'NONE', #8074, #2316, #10038 ) ;
#9198 = EDGE_CURVE ( 'NONE', #7920, #12124, #6144, .T. ) ;
#9199 = AXIS2_PLACEMENT_3D ( 'NONE', #1329, #12026, #3159 ) ;
#9200 = ORIENTED_EDGE ( 'NONE', *, *, #10512, .T. ) ;
#9201 = CARTESIAN_POINT ( 'NONE',  ( 11.99999999999997513, 11.00000000000000000, -19.99999999999993605 ) ) ;
#9202 = CARTESIAN_POINT ( 'NONE',  ( -1.927470528863119049E-16, 2.000000000000000000, -4.000000000000000000 ) ) ;
#9203 = DIRECTION ( 'NONE',  ( -0.000000000000000000, 1.000000000000000000, -0.000000000000000000 ) ) ;
#9204 = DIRECTION ( 'NONE',  ( 0.000000000000000000, 0.000000000000000000, 1.000000000000000000 ) ) ;
#9205 = CIRCLE ( 'NONE', #9413, 1.000000000000000888 ) ;
#9206 = VERTEX_POINT ( 'NONE', #4819 ) ;
#9207 = DIRECTION ( 'NONE',  ( 0.000000000000000000, -1.000000000000000000, 0.000000000000000000 ) ) ;
#9208 = CARTESIAN_POINT ( 'NONE',  ( 7.500000000000020428, 2.000000000000000000, -11.99999999999990230 ) ) ;
#9209 = ORIENTED_EDGE ( 'NONE', *, *, #4085, .T. ) ;
#9210 = CIRCLE ( 'NONE', #1931, 0.9999999999999974465 ) ;
#9211 = CARTESIAN_POINT ( 'NONE',  ( 28.00000000000000355, 2.000000000000000000, -10.85512985522205121 ) ) ;
#9212 = EDGE_CURVE ( 'NONE', #5998, #418, #10466, .T. ) ;
#9213 = CARTESIAN_POINT ( 'NONE',  ( 26.50000000000000000, 0.000000000000000000, -1.700000000000005285 ) ) ;
#9214 = EDGE_CURVE ( 'NONE', #3403, #4257, #6347, .T. ) ;
#9215 = ADVANCED_FACE ( 'NONE', ( #1845 ), #8917, .T. ) ;
#9216 = ORIENTED_EDGE ( 'NONE', *, *, #12503, .T. ) ;
#9217 = EDGE_LOOP ( 'NONE', ( #4111, #756, #10459, #4408 ) ) ;
#9218 = CIRCLE ( 'NONE', #2358, 0.9999999999999974465 ) ;
#9219 = VERTEX_POINT ( 'NONE', #7529 ) ;
#9220 = DIRECTION ( 'NONE',  ( -0.000000000000000000, -1.000000000000000000, -0.000000000000000000 ) ) ;
#9221 = AXIS2_PLACEMENT_3D ( 'NONE', #469, #10102, #12002 ) ;
#9222 = CARTESIAN_POINT ( 'NONE',  ( 71.48517677218623589, 9.799999999999998934, 8.514823227813852924 ) ) ;
#9223 = ORIENTED_EDGE ( 'NONE', *, *, #11438, .T. ) ;
#9224 = PLANE ( 'NONE',  #5802 ) ;
#9225 = ORIENTED_EDGE ( 'NONE', *, *, #9613, .F. ) ;
#9226 = CARTESIAN_POINT ( 'NONE',  ( 35.49999999999999289, 11.00000000000000000, -7.499999999999963585 ) ) ;
#9227 = EDGE_LOOP ( 'NONE', ( #3755, #4331, #9335, #3060 ) ) ;
#9228 = ORIENTED_EDGE ( 'NONE', *, *, #5075, .F. ) ;
#9229 = AXIS2_PLACEMENT_3D ( 'NONE', #2660, #5857, #3894 ) ;
#9230 = FACE_OUTER_BOUND ( 'NONE', #9350, .T. ) ;
#9231 = VECTOR ( 'NONE', #6866, 1000.000000000000000 ) ;
#9232 = ADVANCED_FACE ( 'NONE', ( #9868 ), #8557, .F. ) ;
#9233 = AXIS2_PLACEMENT_3D ( 'NONE', #12427, #3950, #6849 ) ;
#9234 = ADVANCED_FACE ( 'NONE', ( #6938 ), #7958, .T. ) ;
#9235 = EDGE_CURVE ( 'NONE', #4767, #4291, #12422, .T. ) ;
#9236 = DIRECTION ( 'NONE',  ( -0.7071067811865500152, 0.000000000000000000, -0.7071067811865450192 ) ) ;
#9237 = VECTOR ( 'NONE', #5290, 1000.000000000000000 ) ;
#9238 = CARTESIAN_POINT ( 'NONE',  ( 7.499999999999992895, 2.000000000000000000, -20.99999999999990052 ) ) ;
#9239 = DIRECTION ( 'NONE',  ( 0.000000000000000000, 1.000000000000000000, -0.000000000000000000 ) ) ;
#9240 = DIRECTION ( 'NONE',  ( -0.000000000000000000, -0.000000000000000000, -1.000000000000000000 ) ) ;
#9241 = CARTESIAN_POINT ( 'NONE',  ( 35.49999999999999289, 11.00000000000000000, -11.99999999999996270 ) ) ;
#9242 = VERTEX_POINT ( 'NONE', #12345 ) ;
#9243 = ORIENTED_EDGE ( 'NONE', *, *, #7202, .T. ) ;
#9244 = CARTESIAN_POINT ( 'NONE',  ( 5.200000000000024158, 9.799999999999998934, -1.000000000000005995 ) ) ;
#9245 = DIRECTION ( 'NONE',  ( -0.000000000000000000, -1.000000000000000000, -0.000000000000000000 ) ) ;
#9246 = DIRECTION ( 'NONE',  ( -0.000000000000000000, 1.000000000000000000, -0.000000000000000000 ) ) ;
#9247 = LINE ( 'NONE', #3420, #8826 ) ;
#9248 = CYLINDRICAL_SURFACE ( 'NONE', #5014, 1.000000000000000888 ) ;
#9249 = EDGE_LOOP ( 'NONE', ( #7422, #982, #10233, #11708 ) ) ;
#9250 = CIRCLE ( 'NONE', #2779, 2.500000000000002220 ) ;
#9251 = VERTEX_POINT ( 'NONE', #7003 ) ;
#9252 = FACE_BOUND ( 'NONE', #7453, .T. ) ;
#9253 = DIRECTION ( 'NONE',  ( -0.000000000000000000, -1.000000000000000000, -0.000000000000000000 ) ) ;
#9254 = EDGE_LOOP ( 'NONE', ( #11332, #2592, #12129, #4377 ) ) ;
#9255 = DIRECTION ( 'NONE',  ( -0.000000000000000000, -1.000000000000000000, -0.000000000000000000 ) ) ;
#9256 = CARTESIAN_POINT ( 'NONE',  ( 72.49999999999991473, 11.00000000000000000, -30.99999999999998579 ) ) ;
#9257 = ORIENTED_EDGE ( 'NONE', *, *, #987, .T. ) ;
#9258 = CARTESIAN_POINT ( 'NONE',  ( 35.49999999999999289, 11.00000000000000000, -34.49999999999996447 ) ) ;
#9259 = ORIENTED_EDGE ( 'NONE', *, *, #7567, .F. ) ;
#9260 = CARTESIAN_POINT ( 'NONE',  ( 35.49999999999999289, 2.000000000000000000, -11.99999999999996270 ) ) ;
#9261 = DIRECTION ( 'NONE',  ( 0.000000000000000000, 0.000000000000000000, 1.000000000000000000 ) ) ;
#9262 = VECTOR ( 'NONE', #1076, 1000.000000000000000 ) ;
#9263 = ORIENTED_EDGE ( 'NONE', *, *, #8414, .T. ) ;
#9264 = CARTESIAN_POINT ( 'NONE',  ( 35.49999999999999289, 2.000000000000000000, -35.49999999999996447 ) ) ;
#9265 = AXIS2_PLACEMENT_3D ( 'NONE', #11075, #11253, #8296 ) ;
#9266 = CARTESIAN_POINT ( 'NONE',  ( 16.49999999999989697, 2.000000000000000000, -38.99999999999995026 ) ) ;
#9267 = ADVANCED_FACE ( 'NONE', ( #1786 ), #8621, .T. ) ;
#9268 = DIRECTION ( 'NONE',  ( 0.7071067811865480168, 0.000000000000000000, -0.7071067811865470176 ) ) ;
#9269 = DIRECTION ( 'NONE',  ( 0.000000000000000000, 1.000000000000000000, 0.000000000000000000 ) ) ;
#9270 = EDGE_LOOP ( 'NONE', ( #3325, #628 ) ) ;
#9271 = CARTESIAN_POINT ( 'NONE',  ( 35.49999999999999289, 2.000000000000000000, -16.49999999999996092 ) ) ;
#9272 = DIRECTION ( 'NONE',  ( 0.000000000000000000, 0.000000000000000000, 1.000000000000000000 ) ) ;
#9273 = EDGE_CURVE ( 'NONE', #2205, #1464, #2152, .T. ) ;
#9274 = ORIENTED_EDGE ( 'NONE', *, *, #2704, .T. ) ;
#9275 = AXIS2_PLACEMENT_3D ( 'NONE', #6012, #4112, #4053 ) ;
#9276 = CARTESIAN_POINT ( 'NONE',  ( 44.13664863476203948, 1.999999999999998224, -44.13664863476203948 ) ) ;
#9277 = CARTESIAN_POINT ( 'NONE',  ( 16.49999999999993960, 2.000000000000000000, -29.99999999999995737 ) ) ;
#9278 = ORIENTED_EDGE ( 'NONE', *, *, #7802, .F. ) ;
#9279 = CARTESIAN_POINT ( 'NONE',  ( 26.45857864376269930, 11.00000000000000000, -3.499999999999993339 ) ) ;
#9280 =( GEOMETRIC_REPRESENTATION_CONTEXT ( 3 ) GLOBAL_UNCERTAINTY_ASSIGNED_CONTEXT ( ( #8721 ) ) GLOBAL_UNIT_ASSIGNED_CONTEXT ( ( #3468, #1633, #7313 ) ) REPRESENTATION_CONTEXT ( 'NONE', 'WORKASPACE' ) );
#9281 = FACE_OUTER_BOUND ( 'NONE', #5228, .T. ) ;
#9282 = EDGE_CURVE ( 'NONE', #7737, #7187, #1306, .T. ) ;
#9283 = DIRECTION ( 'NONE',  ( 0.000000000000000000, 1.000000000000000000, 0.000000000000000000 ) ) ;
#9284 = ORIENTED_EDGE ( 'NONE', *, *, #6579, .T. ) ;
#9285 = DIRECTION ( 'NONE',  ( 0.000000000000000000, 1.000000000000000000, 0.000000000000000000 ) ) ;
#9286 = EDGE_CURVE ( 'NONE', #11696, #3, #696, .T. ) ;
#9287 = ORIENTED_EDGE ( 'NONE', *, *, #11512, .T. ) ;
#9288 = VERTEX_POINT ( 'NONE', #11768 ) ;
#9289 = DIRECTION ( 'NONE',  ( 0.000000000000000000, 1.000000000000000000, 0.000000000000000000 ) ) ;
#9290 = AXIS2_PLACEMENT_3D ( 'NONE', #5536, #843, #3698 ) ;
#9291 = FACE_OUTER_BOUND ( 'NONE', #1844, .T. ) ;
#9292 = CARTESIAN_POINT ( 'NONE',  ( 40.00000000000000000, 2.000000000000000000, -8.749999999999955591 ) ) ;
#9293 = CARTESIAN_POINT ( 'NONE',  ( 72.50000000000000000, 2.000000000000000000, -7.500000000000000000 ) ) ;
#9294 = EDGE_CURVE ( 'NONE', #10112, #2667, #10582, .T. ) ;
#9295 = FACE_OUTER_BOUND ( 'NONE', #5083, .T. ) ;
#9296 = ORIENTED_EDGE ( 'NONE', *, *, #5499, .F. ) ;
#9297 = ADVANCED_FACE ( 'NONE', ( #8027 ), #8976, .F. ) ;
#9298 = EDGE_CURVE ( 'NONE', #1648, #1659, #10204, .T. ) ;
#9299 = ORIENTED_EDGE ( 'NONE', *, *, #8983, .F. ) ;
#9300 = CARTESIAN_POINT ( 'NONE',  ( 26.45857864376284496, 11.00000000000000000, -40.50000000000000711 ) ) ;
#9301 = DIRECTION ( 'NONE',  ( 0.000000000000000000, 0.000000000000000000, 1.000000000000000000 ) ) ;
#9302 = ADVANCED_FACE ( 'NONE', ( #1509 ), #5305, .T. ) ;
#9303 = CARTESIAN_POINT ( 'NONE',  ( 68.00000000000000000, 11.00000000000000000, -6.499999999999969802 ) ) ;
#9304 = DIRECTION ( 'NONE',  ( 0.000000000000000000, 0.000000000000000000, 1.000000000000000000 ) ) ;
#9305 = AXIS2_PLACEMENT_3D ( 'NONE', #11576, #12387, #5627 ) ;
#9306 = VERTEX_POINT ( 'NONE', #10173 ) ;
#9307 = FACE_BOUND ( 'NONE', #12161, .T. ) ;
#9308 = DIRECTION ( 'NONE',  ( 0.000000000000000000, 1.000000000000000000, 0.000000000000000000 ) ) ;
#9309 = ORIENTED_EDGE ( 'NONE', *, *, #12322, .F. ) ;
#9310 = EDGE_CURVE ( 'NONE', #1998, #1002, #5376, .T. ) ;
#9311 = CYLINDRICAL_SURFACE ( 'NONE', #6424, 0.9999999999999974465 ) ;
#9312 = CARTESIAN_POINT ( 'NONE',  ( 44.50000000000000000, 11.00000000000000000, -34.49999999999994316 ) ) ;
#9313 = VECTOR ( 'NONE', #7767, 1000.000000000000000 ) ;
#9314 = DIRECTION ( 'NONE',  ( 0.000000000000000000, 1.000000000000000000, 0.000000000000000000 ) ) ;
#9315 = VERTEX_POINT ( 'NONE', #1441 ) ;
#9316 = CARTESIAN_POINT ( 'NONE',  ( 35.49999999999999289, 11.00000000000000000, -16.49999999999996092 ) ) ;
#9317 = DIRECTION ( 'NONE',  ( 0.000000000000000000, 0.000000000000000000, 1.000000000000000000 ) ) ;
#9318 = CARTESIAN_POINT ( 'NONE',  ( 26.50000000000000000, 11.00000000000000000, -43.39999999999999858 ) ) ;
#9319 = CIRCLE ( 'NONE', #6676, 0.9999999999999974465 ) ;
#9320 = VECTOR ( 'NONE', #6687, 1000.000000000000000 ) ;
#9321 = CARTESIAN_POINT ( 'NONE',  ( 61.86511866761473755, 11.00000000000000000, -1.000000000000005551 ) ) ;
#9322 = CARTESIAN_POINT ( 'NONE',  ( 35.49999999999999289, 11.00000000000000000, -25.49999999999996092 ) ) ;
#9323 = CARTESIAN_POINT ( 'NONE',  ( 65.47228714274751837, 9.799999999999998934, -44.19999999999999574 ) ) ;
#9324 = EDGE_LOOP ( 'NONE', ( #12003, #6751, #6527, #8706 ) ) ;
#9325 = CARTESIAN_POINT ( 'NONE',  ( 6.500000000000005329, 2.000000000000000000, -6.500000000000000888 ) ) ;
#9326 = FACE_OUTER_BOUND ( 'NONE', #5274, .T. ) ;
#9327 = ORIENTED_EDGE ( 'NONE', *, *, #12236, .F. ) ;
#9328 = ORIENTED_EDGE ( 'NONE', *, *, #1723, .F. ) ;
#9329 = CYLINDRICAL_SURFACE ( 'NONE', #1325, 0.9999999999999974465 ) ;
#9330 = CYLINDRICAL_SURFACE ( 'NONE', #3163, 0.9999999999999974465 ) ;
#9331 = EDGE_CURVE ( 'NONE', #12497, #4268, #4964, .T. ) ;
#9332 = DIRECTION ( 'NONE',  ( -0.000000000000000000, -1.000000000000000000, -0.000000000000000000 ) ) ;
#9333 = EDGE_CURVE ( 'NONE', #10896, #9444, #1315, .T. ) ;
#9334 = DIRECTION ( 'NONE',  ( 0.7071067811865463515, 0.000000000000000000, 0.7071067811865487940 ) ) ;
#9335 = ORIENTED_EDGE ( 'NONE', *, *, #6655, .T. ) ;
#9336 = DIRECTION ( 'NONE',  ( 0.000000000000000000, 1.000000000000000000, 0.000000000000000000 ) ) ;
#9337 = EDGE_LOOP ( 'NONE', ( #10368, #2045 ) ) ;
#9338 = FACE_OUTER_BOUND ( 'NONE', #9183, .T. ) ;
#9339 = VERTEX_POINT ( 'NONE', #3270 ) ;
#9340 = ORIENTED_EDGE ( 'NONE', *, *, #4935, .F. ) ;
#9341 = CARTESIAN_POINT ( 'NONE',  ( 11.99999999999997513, 11.00000000000000000, -20.99999999999993250 ) ) ;
#9342 = EDGE_CURVE ( 'NONE', #12316, #1531, #1529, .T. ) ;
#9343 = AXIS2_PLACEMENT_3D ( 'NONE', #12338, #4681, #765 ) ;
#9344 = DIRECTION ( 'NONE',  ( 0.000000000000000000, 1.000000000000000000, 0.000000000000000000 ) ) ;
#9345 = ADVANCED_FACE ( 'NONE', ( #6115 ), #2401, .T. ) ;
#9346 = PLANE ( 'NONE',  #9405 ) ;
#9347 = DIRECTION ( 'NONE',  ( 0.000000000000000000, 1.000000000000000000, 0.000000000000000000 ) ) ;
#9348 = CARTESIAN_POINT ( 'NONE',  ( 23.65025253169419983, 9.799999999999998934, -7.479898987322330051 ) ) ;
#9349 = CIRCLE ( 'NONE', #2491, 0.9999999999999974465 ) ;
#9350 = EDGE_LOOP ( 'NONE', ( #7216, #11935 ) ) ;
#9351 = EDGE_LOOP ( 'NONE', ( #5000, #11635 ) ) ;
#9352 = CARTESIAN_POINT ( 'NONE',  ( 35.07228714274742032, 9.799999999999998934, -3.000000000000003109 ) ) ;
#9353 = VECTOR ( 'NONE', #10932, 1000.000000000000000 ) ;
#9354 = PLANE ( 'NONE',  #11632 ) ;
#9355 = ORIENTED_EDGE ( 'NONE', *, *, #7050, .T. ) ;
#9356 = DIRECTION ( 'NONE',  ( 0.000000000000000000, 0.000000000000000000, 1.000000000000000000 ) ) ;
#9357 = ADVANCED_FACE ( 'NONE', ( #2454 ), #4350, .F. ) ;
#9358 = EDGE_CURVE ( 'NONE', #2623, #11156, #6970, .T. ) ;
#9359 = CARTESIAN_POINT ( 'NONE',  ( 72.49999999999994316, 11.00000000000000000, -24.49999999999999289 ) ) ;
#9360 = AXIS2_PLACEMENT_3D ( 'NONE', #11990, #6340, #8320 ) ;
#9361 = EDGE_CURVE ( 'NONE', #9842, #3228, #1319, .T. ) ;
#9362 = ORIENTED_EDGE ( 'NONE', *, *, #10979, .F. ) ;
#9363 = EDGE_CURVE ( 'NONE', #6432, #680, #10060, .T. ) ;
#9364 = CIRCLE ( 'NONE', #466, 0.9999999999999940048 ) ;
#9365 = ADVANCED_FACE ( 'NONE', ( #3467 ), #10878, .T. ) ;
#9366 = FACE_BOUND ( 'NONE', #8751, .T. ) ;
#9367 = DIRECTION ( 'NONE',  ( -0.000000000000000000, -1.000000000000000000, 0.000000000000000000 ) ) ;
#9368 = EDGE_LOOP ( 'NONE', ( #7589, #6748, #6817, #11358 ) ) ;
#9369 = CARTESIAN_POINT ( 'NONE',  ( 72.49999999999994316, 2.000000000000000000, -26.49999999999998934 ) ) ;
#9370 = LINE ( 'NONE', #7462, #2693 ) ;
#9371 = CIRCLE ( 'NONE', #11807, 0.9999999999999974465 ) ;
#9372 = DIRECTION ( 'NONE',  ( 0.000000000000000000, 1.000000000000000000, 0.000000000000000000 ) ) ;
#9373 = VERTEX_POINT ( 'NONE', #9043 ) ;
#9374 = CIRCLE ( 'NONE', #8401, 0.9999999999999983347 ) ;
#9375 = DIRECTION ( 'NONE',  ( -0.000000000000000000, -1.000000000000000000, -0.000000000000000000 ) ) ;
#9376 = EDGE_CURVE ( 'NONE', #8875, #3980, #358, .T. ) ;
#9377 = DIRECTION ( 'NONE',  ( 0.000000000000000000, 0.000000000000000000, 1.000000000000000000 ) ) ;
#9378 = EDGE_CURVE ( 'NONE', #3480, #5273, #8801, .T. ) ;
#9379 = EDGE_CURVE ( 'NONE', #1603, #4698, #5252, .T. ) ;
#9380 = AXIS2_PLACEMENT_3D ( 'NONE', #11950, #4035, #412 ) ;
#9381 = VERTEX_POINT ( 'NONE', #414 ) ;
#9382 = CARTESIAN_POINT ( 'NONE',  ( 11.99999999999992006, 11.00000000000000000, -38.99999999999992184 ) ) ;
#9383 = CIRCLE ( 'NONE', #7759, 0.9999999999999974465 ) ;
#9384 = LINE ( 'NONE', #638, #728 ) ;
#9385 = VECTOR ( 'NONE', #7130, 1000.000000000000000 ) ;
#9386 = DIRECTION ( 'NONE',  ( -0.000000000000000000, -1.000000000000000000, -0.000000000000000000 ) ) ;
#9387 = DIRECTION ( 'NONE',  ( 0.000000000000000000, 0.000000000000000000, 1.000000000000000000 ) ) ;
#9388 = ORIENTED_EDGE ( 'NONE', *, *, #8897, .F. ) ;
#9389 = FACE_OUTER_BOUND ( 'NONE', #3136, .T. ) ;
#9390 = CYLINDRICAL_SURFACE ( 'NONE', #6939, 2.500000000000000444 ) ;
#9391 = EDGE_LOOP ( 'NONE', ( #7147, #4362, #316, #1032 ) ) ;
#9392 = EDGE_LOOP ( 'NONE', ( #7149, #10299 ) ) ;
#9393 = ORIENTED_EDGE ( 'NONE', *, *, #11823, .F. ) ;
#9394 = DIRECTION ( 'NONE',  ( 0.000000000000000000, 0.000000000000000000, -1.000000000000000000 ) ) ;
#9395 = AXIS2_PLACEMENT_3D ( 'NONE', #8772, #3704, #5672 ) ;
#9396 = AXIS2_PLACEMENT_3D ( 'NONE', #5723, #9715, #4779 ) ;
#9397 = CARTESIAN_POINT ( 'NONE',  ( 53.45857864376280588, 11.00000000000000000, -43.30000000000000426 ) ) ;
#9398 = AXIS2_PLACEMENT_3D ( 'NONE', #7031, #7086, #10787 ) ;
#9399 = VECTOR ( 'NONE', #4735, 1000.000000000000000 ) ;
#9400 = ORIENTED_EDGE ( 'NONE', *, *, #5546, .F. ) ;
#9401 = DIRECTION ( 'NONE',  ( 0.000000000000000000, -0.000000000000000000, 1.000000000000000000 ) ) ;
#9402 = AXIS2_PLACEMENT_3D ( 'NONE', #10356, #7376, #3522 ) ;
#9403 = DIRECTION ( 'NONE',  ( -0.000000000000000000, -1.000000000000000000, -0.000000000000000000 ) ) ;
#9404 = VERTEX_POINT ( 'NONE', #10436 ) ;
#9405 = AXIS2_PLACEMENT_3D ( 'NONE', #1819, #10308, #10500 ) ;
#9406 = FACE_OUTER_BOUND ( 'NONE', #3934, .T. ) ;
#9407 = ORIENTED_EDGE ( 'NONE', *, *, #3189, .F. ) ;
#9408 = AXIS2_PLACEMENT_3D ( 'NONE', #5178, #4140, #11879 ) ;
#9409 = CARTESIAN_POINT ( 'NONE',  ( 31.50000000000000711, 11.00000000000000000, -25.49999999999997513 ) ) ;
#9410 = CYLINDRICAL_SURFACE ( 'NONE', #8761, 0.9999999999999974465 ) ;
#9411 = EDGE_LOOP ( 'NONE', ( #4453, #8400, #4569, #4588 ) ) ;
#9412 = CARTESIAN_POINT ( 'NONE',  ( 72.49999999999988631, 2.000000000000000000, -39.99999999999998579 ) ) ;
#9413 = AXIS2_PLACEMENT_3D ( 'NONE', #11608, #10594, #3821 ) ;
#9414 = AXIS2_PLACEMENT_3D ( 'NONE', #8962, #2444, #6232 ) ;
#9415 = DIRECTION ( 'NONE',  ( -0.7013957320894141922, 0.000000000000000000, -0.7127720722690772392 ) ) ;
#9416 = CARTESIAN_POINT ( 'NONE',  ( 32.12253967444160452, 11.00000000000000000, -1.878679656440361612 ) ) ;
#9417 = DATE_AND_TIME ( #992, #2018 ) ;
#9418 = DIRECTION ( 'NONE',  ( -0.000000000000000000, 1.000000000000000000, -0.000000000000000000 ) ) ;
#9419 = VECTOR ( 'NONE', #10847, 1000.000000000000000 ) ;
#9420 = ORIENTED_EDGE ( 'NONE', *, *, #2224, .F. ) ;
#9421 = EDGE_CURVE ( 'NONE', #8234, #8511, #286, .T. ) ;
#9422 = ORIENTED_EDGE ( 'NONE', *, *, #11230, .T. ) ;
#9423 = AXIS2_PLACEMENT_3D ( 'NONE', #6902, #3766, #10788 ) ;
#9424 = DIRECTION ( 'NONE',  ( -0.000000000000000000, -1.000000000000000000, -0.000000000000000000 ) ) ;
#9425 = FACE_OUTER_BOUND ( 'NONE', #8005, .T. ) ;
#9426 = EDGE_CURVE ( 'NONE', #9058, #6292, #11428, .T. ) ;
#9427 = CARTESIAN_POINT ( 'NONE',  ( 26.50000000000000000, 0.000000000000000000, -3.400000000000000355 ) ) ;
#9428 = CARTESIAN_POINT ( 'NONE',  ( 48.49999999999999289, 2.000000000000000000, -20.99999999999992895 ) ) ;
#9429 = ORIENTED_EDGE ( 'NONE', *, *, #11716, .T. ) ;
#9430 = CIRCLE ( 'NONE', #4986, 0.9999999999999974465 ) ;
#9431 = ORIENTED_EDGE ( 'NONE', *, *, #2097, .F. ) ;
#9432 = AXIS2_PLACEMENT_3D ( 'NONE', #7138, #5212, #7849 ) ;
#9433 = ORIENTED_EDGE ( 'NONE', *, *, #5479, .F. ) ;
#9434 = FACE_BOUND ( 'NONE', #3667, .T. ) ;
#9435 = CARTESIAN_POINT ( 'NONE',  ( 20.04911740367562700, 11.00000000000000000, -3.878763859303819395 ) ) ;
#9436 = EDGE_LOOP ( 'NONE', ( #12413, #4769 ) ) ;
#9437 = CARTESIAN_POINT ( 'NONE',  ( 11.99999999999992006, 11.00000000000000000, -39.99999999999992184 ) ) ;
#9438 = DIRECTION ( 'NONE',  ( 1.000000000000000000, 0.000000000000000000, -2.168404344971008868E-16 ) ) ;
#9439 = EDGE_LOOP ( 'NONE', ( #354, #10235, #9965, #1027 ) ) ;
#9440 = VECTOR ( 'NONE', #11809, 1000.000000000000000 ) ;
#9441 = EDGE_CURVE ( 'NONE', #5150, #2209, #5482, .T. ) ;
#9442 = DIRECTION ( 'NONE',  ( 0.000000000000000000, 1.000000000000000000, 0.000000000000000000 ) ) ;
#9443 = EDGE_CURVE ( 'NONE', #4354, #9455, #5551, .T. ) ;
#9444 = VERTEX_POINT ( 'NONE', #857 ) ;
#9445 = AXIS2_PLACEMENT_3D ( 'NONE', #10488, #5665, #1743 ) ;
#9446 = DIRECTION ( 'NONE',  ( 1.239088197126290817E-16, 0.000000000000000000, 1.000000000000000000 ) ) ;
#9447 = DIRECTION ( 'NONE',  ( -1.000000000000000000, 0.000000000000000000, 6.999854048275122104E-16 ) ) ;
#9448 = CARTESIAN_POINT ( 'NONE',  ( 12.00000000000003197, 2.000000000000000000, -6.499999999999938716 ) ) ;
#9449 = VECTOR ( 'NONE', #4067, 1000.000000000000000 ) ;
#9450 = DIRECTION ( 'NONE',  ( -0.000000000000000000, -0.000000000000000000, 1.000000000000000000 ) ) ;
#9451 = ORIENTED_EDGE ( 'NONE', *, *, #7022, .F. ) ;
#9452 = ADVANCED_FACE ( 'NONE', ( #8594 ), #5616, .T. ) ;
#9453 = DIRECTION ( 'NONE',  ( 0.000000000000000000, 1.000000000000000000, 0.000000000000000000 ) ) ;
#9454 = DIRECTION ( 'NONE',  ( 0.000000000000000000, 0.000000000000000000, 1.000000000000000000 ) ) ;
#9455 = VERTEX_POINT ( 'NONE', #3711 ) ;
#9456 = CARTESIAN_POINT ( 'NONE',  ( 67.50000000000000000, 5.000000000000000000, -4.000000000000003553 ) ) ;
#9457 = DIRECTION ( 'NONE',  ( 1.000000000000000000, 0.000000000000000000, 0.000000000000000000 ) ) ;
#9458 = EDGE_CURVE ( 'NONE', #5854, #2269, #2533, .T. ) ;
#9459 = EDGE_LOOP ( 'NONE', ( #8058, #10050, #4838, #9355 ) ) ;
#9460 = EDGE_LOOP ( 'NONE', ( #9614, #6680, #8483, #1049 ) ) ;
#9461 = CARTESIAN_POINT ( 'NONE',  ( 17.92779706011599927, 9.799999999999998934, -6.000084202863472882 ) ) ;
#9462 = ADVANCED_FACE ( 'NONE', ( #2707 ), #741, .T. ) ;
#9463 = DIRECTION ( 'NONE',  ( 0.000000000000000000, 1.000000000000000000, 0.000000000000000000 ) ) ;
#9464 = AXIS2_PLACEMENT_3D ( 'NONE', #5405, #11341, #11408 ) ;
#9465 = CARTESIAN_POINT ( 'NONE',  ( 0.000000000000000000, 9.799999999999998934, -40.50000000000000711 ) ) ;
#9466 = CARTESIAN_POINT ( 'NONE',  ( 48.49999999999999289, 2.000000000000000000, -17.49999999999992895 ) ) ;
#9467 = ORIENTED_EDGE ( 'NONE', *, *, #546, .T. ) ;
#9469 = DIRECTION ( 'NONE',  ( 0.000000000000000000, 1.000000000000000000, 0.000000000000000000 ) ) ;
#9468 = AXIS2_PLACEMENT_3D ( 'NONE', #6479, #3466, #9236 ) ;
#9470 = PLANE ( 'NONE',  #10713 ) ;
#9471 = ORIENTED_EDGE ( 'NONE', *, *, #10626, .T. ) ;
#9472 = ADVANCED_FACE ( 'NONE', ( #2778 ), #9346, .T. ) ;
#9473 = CARTESIAN_POINT ( 'NONE',  ( 35.49999999999999289, 2.000000000000000000, -10.99999999999996447 ) ) ;
#9474 = DIRECTION ( 'NONE',  ( 0.7071067811865475727, 0.000000000000000000, 0.7071067811865475727 ) ) ;
#9475 = ORIENTED_EDGE ( 'NONE', *, *, #7509, .F. ) ;
#9476 = CARTESIAN_POINT ( 'NONE',  ( 34.24386001800125001, 9.799999999999998934, -1.000000000000002665 ) ) ;
#9477 = CARTESIAN_POINT ( 'NONE',  ( 72.49999999999994316, 11.00000000000000000, -26.49999999999998934 ) ) ;
#9478 = ORIENTED_EDGE ( 'NONE', *, *, #7391, .F. ) ;
#9479 = CIRCLE ( 'NONE', #12313, 1.000000000000000888 ) ;
#9480 = ORIENTED_EDGE ( 'NONE', *, *, #8764, .F. ) ;
#9481 = LINE ( 'NONE', #8283, #4220 ) ;
#9482 = CIRCLE ( 'NONE', #6039, 0.9999999999999974465 ) ;
#9483 = CARTESIAN_POINT ( 'NONE',  ( 26.54142135623730780, 9.799999999999998934, -3.499999999999993339 ) ) ;
#9484 = DIRECTION ( 'NONE',  ( 0.000000000000000000, -1.000000000000000000, 0.000000000000000000 ) ) ;
#9485 = ORIENTED_EDGE ( 'NONE', *, *, #12089, .F. ) ;
#9486 = VERTEX_POINT ( 'NONE', #4476 ) ;
#9487 = LINE ( 'NONE', #10694, #4324 ) ;
#9488 = CARTESIAN_POINT ( 'NONE',  ( 44.98517677218605115, 9.799999999999998934, -44.98517677218592326 ) ) ;
#9489 = VERTEX_POINT ( 'NONE', #9416 ) ;
#9490 = CARTESIAN_POINT ( 'NONE',  ( 40.99999999999999289, 2.000000000000000000, -41.23776336359135541 ) ) ;
#9491 = EDGE_LOOP ( 'NONE', ( #3205, #5020, #10977, #2060 ) ) ;
#9492 = ADVANCED_FACE ( 'NONE', ( #1632 ), #670, .T. ) ;
#9493 = EDGE_LOOP ( 'NONE', ( #10477, #6582, #3178, #12080 ) ) ;
#9494 = APPROVAL ( #10558, 'UNSPECIFIED' ) ;
#9495 = DIRECTION ( 'NONE',  ( 1.000000000000000000, -0.000000000000000000, 0.000000000000000000 ) ) ;
#9496 = CARTESIAN_POINT ( 'NONE',  ( 63.49999999999992895, 11.00000000000000000, -34.49999999999992895 ) ) ;
#9497 = ORIENTED_EDGE ( 'NONE', *, *, #5641, .T. ) ;
#9498 = CARTESIAN_POINT ( 'NONE',  ( 7.499999999999930722, 11.00000000000000000, -38.99999999999988631 ) ) ;
#9499 = CARTESIAN_POINT ( 'NONE',  ( 20.99999999999990052, 2.000000000000000000, -34.49999999999998579 ) ) ;
#9500 = LINE ( 'NONE', #10269, #6951 ) ;
#9501 = ORIENTED_EDGE ( 'NONE', *, *, #12168, .T. ) ;
#9502 = DIRECTION ( 'NONE',  ( 0.000000000000000000, 0.000000000000000000, 1.000000000000000000 ) ) ;
#9503 = DIRECTION ( 'NONE',  ( -0.000000000000000000, -1.000000000000000000, -0.000000000000000000 ) ) ;
#9504 = EDGE_CURVE ( 'NONE', #8306, #6657, #2525, .T. ) ;
#9505 = ORIENTED_EDGE ( 'NONE', *, *, #3133, .F. ) ;
#9506 = LINE ( 'NONE', #6586, #11419 ) ;
#9507 = EDGE_CURVE ( 'NONE', #6720, #10018, #4664, .T. ) ;
#9508 = CARTESIAN_POINT ( 'NONE',  ( 48.49999999999999289, 11.00000000000000000, -19.99999999999993250 ) ) ;
#9509 = ORIENTED_EDGE ( 'NONE', *, *, #1406, .F. ) ;
#9510 = PLANE ( 'NONE',  #6818 ) ;
#9511 = DIRECTION ( 'NONE',  ( 0.000000000000000000, -1.000000000000000000, -0.000000000000000000 ) ) ;
#9512 = EDGE_LOOP ( 'NONE', ( #6399, #8495 ) ) ;
#9513 = FACE_OUTER_BOUND ( 'NONE', #11531, .T. ) ;
#9514 = FACE_OUTER_BOUND ( 'NONE', #8471, .T. ) ;
#9515 = VERTEX_POINT ( 'NONE', #9292 ) ;
#9516 = ORIENTED_EDGE ( 'NONE', *, *, #7120, .F. ) ;
#9517 = ORIENTED_EDGE ( 'NONE', *, *, #3406, .F. ) ;
#9518 = CARTESIAN_POINT ( 'NONE',  ( 11.99999999999994849, 11.00000000000000000, -29.99999999999992539 ) ) ;
#9519 = LINE ( 'NONE', #1026, #7403 ) ;
#9520 = AXIS2_PLACEMENT_3D ( 'NONE', #10876, #6816, #1962 ) ;
#9521 = ADVANCED_FACE ( 'NONE', ( #4608 ), #8534, .T. ) ;
#9522 = ORIENTED_EDGE ( 'NONE', *, *, #5581, .F. ) ;
#9523 = FACE_OUTER_BOUND ( 'NONE', #6113, .T. ) ;
#9524 = EDGE_CURVE ( 'NONE', #9807, #908, #6427, .T. ) ;
#9525 = CARTESIAN_POINT ( 'NONE',  ( 53.50000000000000000, 11.00000000000000000, -43.39999999999999858 ) ) ;
#9526 = ORIENTED_EDGE ( 'NONE', *, *, #9342, .T. ) ;
#9527 = EDGE_CURVE ( 'NONE', #12316, #6278, #3594, .T. ) ;
#9528 = DIRECTION ( 'NONE',  ( -0.000000000000000000, -1.000000000000000000, 0.000000000000000000 ) ) ;
#9529 = CARTESIAN_POINT ( 'NONE',  ( 3.000000000000002665, 11.00000000000000000, 0.000000000000000000 ) ) ;
#9530 = ORIENTED_EDGE ( 'NONE', *, *, #5183, .F. ) ;
#9531 = CARTESIAN_POINT ( 'NONE',  ( 16.49999999999996447, 2.000000000000000000, -19.99999999999996447 ) ) ;
#9532 = DIRECTION ( 'NONE',  ( 0.000000000000000000, 0.000000000000000000, 1.000000000000000000 ) ) ;
#9533 = EDGE_LOOP ( 'NONE', ( #3873, #11690 ) ) ;
#9534 = EDGE_LOOP ( 'NONE', ( #9648, #1598, #8810, #4045 ) ) ;
#9535 = DIRECTION ( 'NONE',  ( -0.000000000000000000, -1.000000000000000000, 0.000000000000000000 ) ) ;
#9536 = CARTESIAN_POINT ( 'NONE',  ( 11.99999999999992006, 11.00000000000000000, -37.99999999999992184 ) ) ;
#9537 = CARTESIAN_POINT ( 'NONE',  ( 26.50000000000000000, 11.00000000000000000, -1.700000000000005285 ) ) ;
#9538 = DIRECTION ( 'NONE',  ( 0.000000000000000000, 1.000000000000000000, 0.000000000000000000 ) ) ;
#9539 = AXIS2_PLACEMENT_3D ( 'NONE', #1097, #7872, #11801 ) ;
#9540 = PERSON_AND_ORGANIZATION ( #2043, #9079 ) ;
#9541 = CYLINDRICAL_SURFACE ( 'NONE', #11740, 0.9999999999999974465 ) ;
#9542 = EDGE_LOOP ( 'NONE', ( #11718, #5729 ) ) ;
#9543 = ORIENTED_EDGE ( 'NONE', *, *, #5269, .F. ) ;
#9544 = PLANE ( 'NONE',  #4121 ) ;
#9545 = DIRECTION ( 'NONE',  ( -0.000000000000000000, 1.000000000000000000, -0.000000000000000000 ) ) ;
#9546 = CIRCLE ( 'NONE', #10952, 0.9999999999999974465 ) ;
#9547 = CARTESIAN_POINT ( 'NONE',  ( 55.00000000000000000, 11.00000000000000000, -10.85512985522207607 ) ) ;
#9548 = ORIENTED_EDGE ( 'NONE', *, *, #10346, .T. ) ;
#9549 = ORIENTED_EDGE ( 'NONE', *, *, #2497, .T. ) ;
#9550 = EDGE_LOOP ( 'NONE', ( #227, #4611, #5675, #988 ) ) ;
#9551 = FACE_BOUND ( 'NONE', #4442, .T. ) ;
#9552 = CARTESIAN_POINT ( 'NONE',  ( 80.00000000000000000, 11.00000000000000000, 0.000000000000000000 ) ) ;
#9553 = ORIENTED_EDGE ( 'NONE', *, *, #5271, .T. ) ;
#9554 = VECTOR ( 'NONE', #1979, 1000.000000000000000 ) ;
#9555 = CARTESIAN_POINT ( 'NONE',  ( 67.99999999999990052, 11.00000000000000000, -37.99999999999995026 ) ) ;
#9556 = CARTESIAN_POINT ( 'NONE',  ( 63.49999999999997158, 11.00000000000000000, -21.99999999999992895 ) ) ;
#9557 = EDGE_CURVE ( 'NONE', #9705, #4161, #12198, .T. ) ;
#9558 = CARTESIAN_POINT ( 'NONE',  ( 17.92658080778186047, 11.00000000000000000, -3.000063337055368873 ) ) ;
#9559 = ORIENTED_EDGE ( 'NONE', *, *, #12216, .F. ) ;
#9560 = CARTESIAN_POINT ( 'NONE',  ( 59.00000000000001421, 11.00000000000000000, -11.99999999999990230 ) ) ;
#9561 = EDGE_CURVE ( 'NONE', #9444, #12520, #3529, .T. ) ;
#9562 = VECTOR ( 'NONE', #3475, 1000.000000000000000 ) ;
#9563 = CARTESIAN_POINT ( 'NONE',  ( 58.99999999999999289, 11.00000000000000000, -20.99999999999990052 ) ) ;
#9564 = DIRECTION ( 'NONE',  ( 0.000000000000000000, 0.000000000000000000, -1.000000000000000000 ) ) ;
#9565 = DIRECTION ( 'NONE',  ( 0.000000000000000000, 0.000000000000000000, 1.000000000000000000 ) ) ;
#9566 = CIRCLE ( 'NONE', #8364, 2.500000000000000444 ) ;
#9567 = ORIENTED_EDGE ( 'NONE', *, *, #9282, .F. ) ;
#9568 = LINE ( 'NONE', #890, #3797 ) ;
#9569 = DIRECTION ( 'NONE',  ( -0.000000000000000000, 1.000000000000000000, -0.000000000000000000 ) ) ;
#9570 = ORIENTED_EDGE ( 'NONE', *, *, #11894, .T. ) ;
#9571 = VECTOR ( 'NONE', #20, 1000.000000000000000 ) ;
#9572 = EDGE_CURVE ( 'NONE', #6657, #6608, #1111, .T. ) ;
#9573 = CARTESIAN_POINT ( 'NONE',  ( 35.49999999999999289, 11.00000000000000000, -11.99999999999996270 ) ) ;
#9574 = CARTESIAN_POINT ( 'NONE',  ( 35.49999999999999289, 11.00000000000000000, -21.99999999999996092 ) ) ;
#9575 = ORIENTED_EDGE ( 'NONE', *, *, #2311, .T. ) ;
#9576 = VERTEX_POINT ( 'NONE', #4917 ) ;
#9577 = EDGE_CURVE ( 'NONE', #2934, #10560, #6757, .T. ) ;
#9578 = CARTESIAN_POINT ( 'NONE',  ( 65.76223663640863037, 11.00000000000000000, -43.50000000000000711 ) ) ;
#9579 = ADVANCED_FACE ( 'NONE', ( #7827 ), #2070, .F. ) ;
#9580 = CARTESIAN_POINT ( 'NONE',  ( 36.49999999999999289, 1.999999999999998224, -41.23776336359135541 ) ) ;
#9581 = VECTOR ( 'NONE', #5203, 1000.000000000000000 ) ;
#9582 = AXIS2_PLACEMENT_3D ( 'NONE', #12130, #5468, #6352 ) ;
#9583 = CIRCLE ( 'NONE', #3715, 0.9999999999999974465 ) ;
#9584 = DIRECTION ( 'NONE',  ( -0.000000000000000000, -1.000000000000000000, -0.000000000000000000 ) ) ;
#9585 = DIRECTION ( 'NONE',  ( 0.000000000000000000, 1.000000000000000000, 0.000000000000000000 ) ) ;
#9586 = ORIENTED_EDGE ( 'NONE', *, *, #5664, .T. ) ;
#9587 = CARTESIAN_POINT ( 'NONE',  ( 43.50000000000000000, 11.00000000000000000, -41.23776336359134831 ) ) ;
#9588 = CARTESIAN_POINT ( 'NONE',  ( -17.63664863476197908, 11.00000000000000000, 9.363351365237997825 ) ) ;
#9589 = DIRECTION ( 'NONE',  ( -0.7071067811865513475, 0.000000000000000000, 0.7071067811865437980 ) ) ;
#9590 = AXIS2_PLACEMENT_3D ( 'NONE', #5189, #8970, #1379 ) ;
#9591 = VERTEX_POINT ( 'NONE', #3068 ) ;
#9592 = VECTOR ( 'NONE', #28, 1000.000000000000000 ) ;
#9593 = EDGE_CURVE ( 'NONE', #2460, #6686, #5917, .T. ) ;
#9594 = DIRECTION ( 'NONE',  ( 0.000000000000000000, 0.000000000000000000, 1.000000000000000000 ) ) ;
#9595 = CARTESIAN_POINT ( 'NONE',  ( 57.81335136523794915, 1.999999999999998224, -39.08664863476203521 ) ) ;
#9596 = ORIENTED_EDGE ( 'NONE', *, *, #11556, .F. ) ;
#9597 = AXIS2_PLACEMENT_3D ( 'NONE', #584, #1660, #12293 ) ;
#9598 = FACE_OUTER_BOUND ( 'NONE', #10148, .T. ) ;
#9600 = EDGE_CURVE ( 'NONE', #5615, #11014, #1880, .T. ) ;
#9599 = VECTOR ( 'NONE', #3280, 1000.000000000000000 ) ;
#9601 = DIRECTION ( 'NONE',  ( 0.000000000000000000, -0.000000000000000000, 1.000000000000000000 ) ) ;
#9602 = ADVANCED_FACE ( 'NONE', ( #92 ), #2960, .F. ) ;
#9603 = EDGE_CURVE ( 'NONE', #591, #5770, #5979, .T. ) ;
#9604 = CIRCLE ( 'NONE', #3924, 3.599999999999992095 ) ;
#9605 = DIRECTION ( 'NONE',  ( -0.000000000000000000, -1.000000000000000000, -0.000000000000000000 ) ) ;
#9606 = VERTEX_POINT ( 'NONE', #8848 ) ;
#9607 = VECTOR ( 'NONE', #12324, 1000.000000000000000 ) ;
#9609 = AXIS2_PLACEMENT_3D ( 'NONE', #750, #2658, #6434 ) ;
#9608 = CARTESIAN_POINT ( 'NONE',  ( 64.64386001800130543, 9.799999999999998934, -49.20000000000000995 ) ) ;
#9610 = PERSON_AND_ORGANIZATION_ROLE ( 'design_supplier' ) ;
#9611 = CYLINDRICAL_SURFACE ( 'NONE', #3236, 3.000000000000023537 ) ;
#9612 = VERTEX_POINT ( 'NONE', #9608 ) ;
#9613 = EDGE_CURVE ( 'NONE', #12135, #171, #10623, .T. ) ;
#9614 = ORIENTED_EDGE ( 'NONE', *, *, #2726, .F. ) ;
#9615 = DIRECTION ( 'NONE',  ( 0.000000000000000000, 0.000000000000000000, 1.000000000000000000 ) ) ;
#9616 = EDGE_CURVE ( 'NONE', #8766, #5363, #153, .T. ) ;
#9617 = FACE_OUTER_BOUND ( 'NONE', #7549, .T. ) ;
#9618 = ADVANCED_FACE ( 'NONE', ( #8902 ), #11642, .T. ) ;
#9619 = LINE ( 'NONE', #9359, #4643 ) ;
#9620 = EDGE_LOOP ( 'NONE', ( #12333, #1707, #10337, #5473 ) ) ;
#9621 = EDGE_LOOP ( 'NONE', ( #4756, #8382 ) ) ;
#9622 = VECTOR ( 'NONE', #5136, 1000.000000000000000 ) ;
#9623 = AXIS2_PLACEMENT_3D ( 'NONE', #1605, #5341, #12235 ) ;
#9624 = FACE_BOUND ( 'NONE', #809, .T. ) ;
#9625 = DIRECTION ( 'NONE',  ( 0.000000000000000000, 1.000000000000000000, 0.000000000000000000 ) ) ;
#9626 = EDGE_LOOP ( 'NONE', ( #6708, #3819 ) ) ;
#9627 = CYLINDRICAL_SURFACE ( 'NONE', #6627, 2.499999999999999556 ) ;
#9628 = CARTESIAN_POINT ( 'NONE',  ( 20.99999999999997158, 11.00000000000000000, -16.49999999999999289 ) ) ;
#9629 = CARTESIAN_POINT ( 'NONE',  ( 44.50000000000000000, 11.00000000000000000, -11.99999999999994138 ) ) ;
#9630 = CARTESIAN_POINT ( 'NONE',  ( 30.51814099834517080, 2.000000000000000000, -38.81038749811947497 ) ) ;
#9631 = CARTESIAN_POINT ( 'NONE',  ( 14.52771285725250294, 11.00000000000000000, -47.19999999999998863 ) ) ;
#9632 = CIRCLE ( 'NONE', #7193, 2.999999999999995559 ) ;
#9633 = CARTESIAN_POINT ( 'NONE',  ( 7.499999999999971578, 11.00000000000000000, -26.49999999999989342 ) ) ;
#9634 = AXIS2_PLACEMENT_3D ( 'NONE', #6512, #4637, #12346 ) ;
#9635 = EDGE_LOOP ( 'NONE', ( #1292, #10833 ) ) ;
#9636 = CARTESIAN_POINT ( 'NONE',  ( 26.50000000000000000, 11.00000000000000000, -3.400000000000000355 ) ) ;
#9637 = AXIS2_PLACEMENT_3D ( 'NONE', #10039, #6096, #3196 ) ;
#9638 = LINE ( 'NONE', #6765, #2775 ) ;
#9639 = EDGE_LOOP ( 'NONE', ( #11433, #2218 ) ) ;
#9640 = DIRECTION ( 'NONE',  ( 0.000000000000000000, 1.000000000000000000, -0.000000000000000000 ) ) ;
#9641 = AXIS2_PLACEMENT_3D ( 'NONE', #1787, #8558, #12408 ) ;
#9642 = CARTESIAN_POINT ( 'NONE',  ( 61.86511866761473755, 9.799999999999998934, -1.000000000000005551 ) ) ;
#9643 = ORIENTED_EDGE ( 'NONE', *, *, #5646, .T. ) ;
#9644 = DIRECTION ( 'NONE',  ( 0.000000000000000000, -0.000000000000000000, 1.000000000000000000 ) ) ;
#9645 = LINE ( 'NONE', #6772, #2714 ) ;
#9646 = ORIENTED_EDGE ( 'NONE', *, *, #482, .T. ) ;
#9647 = ORIENTED_EDGE ( 'NONE', *, *, #4568, .T. ) ;
#9648 = ORIENTED_EDGE ( 'NONE', *, *, #5319, .F. ) ;
#9649 = CARTESIAN_POINT ( 'NONE',  ( 63.49999999999992895, 2.000000000000000000, -33.49999999999992895 ) ) ;
#9650 = FACE_OUTER_BOUND ( 'NONE', #9620, .T. ) ;
#9651 = AXIS2_PLACEMENT_3D ( 'NONE', #5324, #1647, #4366 ) ;
#9652 = EDGE_CURVE ( 'NONE', #8238, #8492, #7575, .T. ) ;
#9653 = DIRECTION ( 'NONE',  ( -0.000000000000000000, -1.000000000000000000, -0.000000000000000000 ) ) ;
#9655 = ADVANCED_FACE ( 'NONE', ( #5807 ), #8657, .T. ) ;
#9654 = CARTESIAN_POINT ( 'NONE',  ( 7.500000000000020428, 11.00000000000000000, -11.99999999999990230 ) ) ;
#9656 = ORIENTED_EDGE ( 'NONE', *, *, #10511, .T. ) ;
#9657 = PLANE ( 'NONE',  #8390 ) ;
#9658 = EDGE_CURVE ( 'NONE', #11748, #3515, #27, .T. ) ;
#9659 = DIRECTION ( 'NONE',  ( 0.000000000000000000, 1.000000000000000000, 0.000000000000000000 ) ) ;
#9660 = ORIENTED_EDGE ( 'NONE', *, *, #4935, .T. ) ;
#9661 = DIRECTION ( 'NONE',  ( -0.000000000000000000, -1.000000000000000000, 0.000000000000000000 ) ) ;
#9662 = VERTEX_POINT ( 'NONE', #3841 ) ;
#9663 = DIRECTION ( 'NONE',  ( 0.000000000000000000, 0.000000000000000000, 1.000000000000000000 ) ) ;
#9664 = CARTESIAN_POINT ( 'NONE',  ( 35.49999999999999289, 2.000000000000000000, -29.99999999999996447 ) ) ;
#9665 = VERTEX_POINT ( 'NONE', #4029 ) ;
#9666 = VECTOR ( 'NONE', #3829, 1000.000000000000000 ) ;
#9667 = ADVANCED_FACE ( 'NONE', ( #11703 ), #7883, .F. ) ;
#9668 = DIRECTION ( 'NONE',  ( 0.9999999954177064554, 0.000000000000000000, 9.573184869153914683E-05 ) ) ;
#9669 = DIRECTION ( 'NONE',  ( -0.7071067811865486830, 0.000000000000000000, -0.7071067811865464625 ) ) ;
#9670 = DIRECTION ( 'NONE',  ( 0.000000000000000000, 1.000000000000000000, 0.000000000000000000 ) ) ;
#9671 = EDGE_CURVE ( 'NONE', #8879, #8277, #9210, .T. ) ;
#9672 = VERTEX_POINT ( 'NONE', #991 ) ;
#9673 = CARTESIAN_POINT ( 'NONE',  ( 20.87751981923999267, 9.799999999999998934, -1.878739150121992108 ) ) ;
#9674 = AXIS2_PLACEMENT_3D ( 'NONE', #12296, #9453, #1662 ) ;
#9675 = DIRECTION ( 'NONE',  ( -0.000000000000000000, 1.000000000000000000, -0.000000000000000000 ) ) ;
#9676 = EDGE_CURVE ( 'NONE', #3372, #2930, #12046, .T. ) ;
#9677 = CARTESIAN_POINT ( 'NONE',  ( 31.50000000000000711, 11.00000000000000000, -21.99999999999996803 ) ) ;
#9678 = VERTEX_POINT ( 'NONE', #6099 ) ;
#9679 = EDGE_LOOP ( 'NONE', ( #4280, #10700, #12088, #5850 ) ) ;
#9680 = CARTESIAN_POINT ( 'NONE',  ( 55.00000000000000000, 11.00000000000000000, -31.14999999999999858 ) ) ;
#9681 = CARTESIAN_POINT ( 'NONE',  ( 48.49999999999999289, 11.00000000000000000, -34.49999999999992895 ) ) ;
#9682 = LINE ( 'NONE', #2022, #11545 ) ;
#9683 = VERTEX_POINT ( 'NONE', #4082 ) ;
#9684 = ADVANCED_FACE ( 'NONE', ( #6291 ), #405, .T. ) ;
#9685 = ADVANCED_FACE ( 'NONE', ( #9028 ), #9914, .T. ) ;
#9686 = LOCAL_TIME ( 14, 54, 53.00000000000000000, #6481 ) ;
#9687 = FACE_BOUND ( 'NONE', #5407, .T. ) ;
#9688 = DIRECTION ( 'NONE',  ( 0.000000000000000000, 0.000000000000000000, 1.000000000000000000 ) ) ;
#9689 = ORIENTED_EDGE ( 'NONE', *, *, #5580, .F. ) ;
#9690 = CIRCLE ( 'NONE', #11910, 1.000000000000000888 ) ;
#9691 = ADVANCED_FACE ( 'NONE', ( #3201 ), #3260, .T. ) ;
#9692 = CARTESIAN_POINT ( 'NONE',  ( 72.49999999999988631, 11.00000000000000000, -39.99999999999998579 ) ) ;
#9693 = CARTESIAN_POINT ( 'NONE',  ( 40.00000000000000000, 2.000000000000000000, -10.74999999999995026 ) ) ;
#9694 = CYLINDRICAL_SURFACE ( 'NONE', #1053, 0.9999999999999974465 ) ;
#9695 = DIRECTION ( 'NONE',  ( -0.000000000000000000, -1.000000000000000000, 0.000000000000000000 ) ) ;
#9696 = DIRECTION ( 'NONE',  ( 0.000000000000000000, 0.000000000000000000, 1.000000000000000000 ) ) ;
#9697 = EDGE_CURVE ( 'NONE', #12256, #5122, #11437, .T. ) ;
#9698 = ORIENTED_EDGE ( 'NONE', *, *, #7824, .F. ) ;
#9699 = DIRECTION ( 'NONE',  ( 0.000000000000000000, 1.000000000000000000, 0.000000000000000000 ) ) ;
#9700 = ORIENTED_EDGE ( 'NONE', *, *, #1300, .T. ) ;
#9701 = DIRECTION ( 'NONE',  ( -0.000000000000000000, -1.000000000000000000, -0.000000000000000000 ) ) ;
#9702 = DIRECTION ( 'NONE',  ( 0.000000000000000000, 1.000000000000000000, 0.000000000000000000 ) ) ;
#9703 = CARTESIAN_POINT ( 'NONE',  ( 63.35096679918786577, 9.799999999999998934, -46.32132034355965544 ) ) ;
#9704 = DIRECTION ( 'NONE',  ( 0.000000000000000000, 1.000000000000000000, 0.000000000000000000 ) ) ;
#9705 = VERTEX_POINT ( 'NONE', #2204 ) ;
#9706 = ORIENTED_EDGE ( 'NONE', *, *, #934, .T. ) ;
#9707 = EDGE_LOOP ( 'NONE', ( #6139, #3935, #10898, #12304 ) ) ;
#9708 = CARTESIAN_POINT ( 'NONE',  ( 12.00000000000003197, 11.00000000000000000, -8.499999999999934275 ) ) ;
#9709 = DIRECTION ( 'NONE',  ( -0.000000000000000000, -0.000000000000000000, 1.000000000000000000 ) ) ;
#9710 = ORIENTED_EDGE ( 'NONE', *, *, #1789, .T. ) ;
#9711 = EDGE_CURVE ( 'NONE', #6264, #12434, #3148, .T. ) ;
#9712 = CARTESIAN_POINT ( 'NONE',  ( 53.50000000000000000, 11.00000000000000000, -3.400000000000000355 ) ) ;
#9713 = CARTESIAN_POINT ( 'NONE',  ( 44.50000000000000000, 11.00000000000000000, -25.49999999999993960 ) ) ;
#9714 = ORIENTED_EDGE ( 'NONE', *, *, #11998, .T. ) ;
#9715 = DIRECTION ( 'NONE',  ( 0.000000000000000000, 1.000000000000000000, -0.000000000000000000 ) ) ;
#9716 = DIRECTION ( 'NONE',  ( 0.000000000000000000, 1.000000000000000000, 0.000000000000000000 ) ) ;
#9717 = DIRECTION ( 'NONE',  ( 0.000000000000000000, 1.000000000000000000, 0.000000000000000000 ) ) ;
#9718 = ORIENTED_EDGE ( 'NONE', *, *, #7937, .F. ) ;
#9719 = PLANE ( 'NONE',  #1070 ) ;
#9720 = DIRECTION ( 'NONE',  ( 0.000000000000000000, 1.000000000000000000, 0.000000000000000000 ) ) ;
#9721 = VERTEX_POINT ( 'NONE', #3397 ) ;
#9722 = ORIENTED_EDGE ( 'NONE', *, *, #7594, .T. ) ;
#9723 = DIRECTION ( 'NONE',  ( 0.000000000000000000, 0.000000000000000000, 1.000000000000000000 ) ) ;
#9724 = EDGE_CURVE ( 'NONE', #1284, #6620, #3756, .T. ) ;
#9725 = CIRCLE ( 'NONE', #11329, 2.500000000000000444 ) ;
#9726 = CARTESIAN_POINT ( 'NONE',  ( 46.91263709774426616, -0.002000000000000265454, -4.732233047033626683 ) ) ;
#9727 = DIRECTION ( 'NONE',  ( -0.000000000000000000, 1.000000000000000000, -0.000000000000000000 ) ) ;
#9728 = CARTESIAN_POINT ( 'NONE',  ( 31.50000000000000711, 11.00000000000000000, -11.99999999999997335 ) ) ;
#9729 = VECTOR ( 'NONE', #1820, 1000.000000000000000 ) ;
#9730 = DIRECTION ( 'NONE',  ( 0.000000000000000000, 0.000000000000000000, 1.000000000000000000 ) ) ;
#9731 = CARTESIAN_POINT ( 'NONE',  ( 31.50000000000000711, 2.000000000000000000, -21.99999999999996803 ) ) ;
#9732 = EDGE_LOOP ( 'NONE', ( #11172, #10781, #10593, #12364 ) ) ;
#9733 = ORIENTED_EDGE ( 'NONE', *, *, #6885, .T. ) ;
#9734 = CARTESIAN_POINT ( 'NONE',  ( 44.50000000000000000, 11.00000000000000000, -25.49999999999993960 ) ) ;
#9735 = EDGE_CURVE ( 'NONE', #4257, #12488, #2258, .T. ) ;
#9736 = CARTESIAN_POINT ( 'NONE',  ( 41.52771285725263084, 11.00000000000000000, -44.19999999999999574 ) ) ;
#9737 = EDGE_CURVE ( 'NONE', #5149, #9683, #340, .T. ) ;
#9738 = DIRECTION ( 'NONE',  ( 0.000000000000000000, 0.000000000000000000, 1.000000000000000000 ) ) ;
#9739 = ORIENTED_EDGE ( 'NONE', *, *, #6254, .T. ) ;
#9740 = DIRECTION ( 'NONE',  ( -0.000000000000000000, 1.000000000000000000, 0.000000000000000000 ) ) ;
#9741 = CYLINDRICAL_SURFACE ( 'NONE', #10738, 1.000000000000000888 ) ;
#9742 = DIRECTION ( 'NONE',  ( -0.000000000000000000, -1.000000000000000000, -0.000000000000000000 ) ) ;
#9743 = ORIENTED_EDGE ( 'NONE', *, *, #6249, .F. ) ;
#9744 = AXIS2_PLACEMENT_3D ( 'NONE', #4511, #829, #1791 ) ;
#9745 = ADVANCED_FACE ( 'NONE', ( #5294 ), #7942, .T. ) ;
#9746 = DIRECTION ( 'NONE',  ( -0.000000000000000000, 1.000000000000000000, -0.000000000000000000 ) ) ;
#9747 = DIRECTION ( 'NONE',  ( -0.000000000000000000, -1.000000000000000000, -0.000000000000000000 ) ) ;
#9748 = PLANE ( 'NONE',  #10839 ) ;
#9749 = EDGE_CURVE ( 'NONE', #9987, #9109, #2543, .T. ) ;
#9750 = EDGE_CURVE ( 'NONE', #1609, #5860, #3954, .T. ) ;
#9751 = CARTESIAN_POINT ( 'NONE',  ( 72.49999999999998579, 11.00000000000000000, -11.99999999999999645 ) ) ;
#9752 = VECTOR ( 'NONE', #1010, 1000.000000000000000 ) ;
#9753 = AXIS2_PLACEMENT_3D ( 'NONE', #1461, #2420, #242 ) ;
#9754 = DIRECTION ( 'NONE',  ( 0.000000000000000000, -0.000000000000000000, 1.000000000000000000 ) ) ;
#9755 = ORIENTED_EDGE ( 'NONE', *, *, #5947, .T. ) ;
#9756 = CARTESIAN_POINT ( 'NONE',  ( 36.49999999999999289, -21.88036781070453785, -43.73776336359135541 ) ) ;
#9757 = DIRECTION ( 'NONE',  ( -0.000000000000000000, -1.000000000000000000, -0.000000000000000000 ) ) ;
#9758 = CARTESIAN_POINT ( 'NONE',  ( 35.49999999999999289, 2.000000000000000000, -20.99999999999996447 ) ) ;
#9759 = DIRECTION ( 'NONE',  ( -0.000000000000000000, -1.000000000000000000, -0.000000000000000000 ) ) ;
#9760 = EDGE_CURVE ( 'NONE', #10455, #2174, #274, .T. ) ;
#9761 = ORIENTED_EDGE ( 'NONE', *, *, #3269, .T. ) ;
#9762 = ORIENTED_EDGE ( 'NONE', *, *, #2110, .T. ) ;
#9763 = VERTEX_POINT ( 'NONE', #7049 ) ;
#9764 = CARTESIAN_POINT ( 'NONE',  ( 16.49999999999997868, 2.000000000000000000, -15.49999999999996803 ) ) ;
#9766 = ADVANCED_FACE ( 'NONE', ( #5181 ), #8078, .T. ) ;
#9765 = AXIS2_PLACEMENT_3D ( 'NONE', #11460, #6320, #2607 ) ;
#9767 = EDGE_CURVE ( 'NONE', #450, #9987, #10984, .T. ) ;
#9768 = LINE ( 'NONE', #129, #10688 ) ;
#9769 = ORIENTED_EDGE ( 'NONE', *, *, #6932, .T. ) ;
#9770 = CARTESIAN_POINT ( 'NONE',  ( 20.99999999999995737, 11.00000000000000000, -20.99999999999999289 ) ) ;
#9771 = DIRECTION ( 'NONE',  ( 0.000000000000000000, 0.000000000000000000, 1.000000000000000000 ) ) ;
#9772 = AXIS2_PLACEMENT_3D ( 'NONE', #11872, #4073, #9780 ) ;
#9773 = ORIENTED_EDGE ( 'NONE', *, *, #4872, .T. ) ;
#9774 = LINE ( 'NONE', #4012, #5296 ) ;
#9775 = DIRECTION ( 'NONE',  ( -0.7071067811865525687, 0.000000000000000000, 0.7071067811865425767 ) ) ;
#9776 = ORIENTED_EDGE ( 'NONE', *, *, #5883, .T. ) ;
#9777 = DIRECTION ( 'NONE',  ( 0.000000000000000000, 0.000000000000000000, 1.000000000000000000 ) ) ;
#9778 = VERTEX_POINT ( 'NONE', #5242 ) ;
#9779 = DIRECTION ( 'NONE',  ( -0.000000000000000000, 1.000000000000000000, -0.000000000000000000 ) ) ;
#9780 = DIRECTION ( 'NONE',  ( 0.000000000000000000, -0.000000000000000000, 1.000000000000000000 ) ) ;
#9781 = EDGE_LOOP ( 'NONE', ( #10052, #4561 ) ) ;
#9782 = DIRECTION ( 'NONE',  ( -0.000000000000000000, -1.000000000000000000, -0.000000000000000000 ) ) ;
#9783 = VECTOR ( 'NONE', #7386, 1000.000000000000000 ) ;
#9784 = DIRECTION ( 'NONE',  ( 0.000000000000000000, -0.000000000000000000, 1.000000000000000000 ) ) ;
#9785 = CARTESIAN_POINT ( 'NONE',  ( 17.92779706011599927, 9.799999999999998934, -3.000084202863473326 ) ) ;
#9786 = AXIS2_PLACEMENT_3D ( 'NONE', #1110, #8713, #12507 ) ;
#9787 = VECTOR ( 'NONE', #1, 1000.000000000000000 ) ;
#9788 = CARTESIAN_POINT ( 'NONE',  ( 59.00000000000001421, 11.00000000000000000, -12.99999999999990052 ) ) ;
#9789 = VECTOR ( 'NONE', #5814, 1000.000000000000000 ) ;
#9790 = DIRECTION ( 'NONE',  ( 0.7071067811865467956, 0.000000000000000000, -0.7071067811865483499 ) ) ;
#9791 = CIRCLE ( 'NONE', #2912, 0.9999999999999974465 ) ;
#9792 = DIRECTION ( 'NONE',  ( -0.7071067811865526798, 0.000000000000000000, 0.7071067811865424657 ) ) ;
#9793 = ORIENTED_EDGE ( 'NONE', *, *, #2846, .F. ) ;
#9794 = CIRCLE ( 'NONE', #10196, 2.500000000000002220 ) ;
#9795 = ORIENTED_EDGE ( 'NONE', *, *, #7247, .T. ) ;
#9796 = DIRECTION ( 'NONE',  ( -0.000000000000000000, 1.000000000000000000, -0.000000000000000000 ) ) ;
#9797 = CARTESIAN_POINT ( 'NONE',  ( 20.99999999999988631, 11.00000000000000000, -38.99999999999998579 ) ) ;
#9798 = AXIS2_PLACEMENT_3D ( 'NONE', #10431, #11364, #7748 ) ;
#9799 = DIRECTION ( 'NONE',  ( -0.000000000000000000, -1.000000000000000000, -0.000000000000000000 ) ) ;
#9800 = VECTOR ( 'NONE', #8116, 1000.000000000000000 ) ;
#9801 = CIRCLE ( 'NONE', #2330, 2.799999999999996270 ) ;
#9802 = EDGE_CURVE ( 'NONE', #2845, #12258, #9095, .T. ) ;
#9803 = DIRECTION ( 'NONE',  ( 0.000000000000000000, 0.000000000000000000, 1.000000000000000000 ) ) ;
#9804 = CARTESIAN_POINT ( 'NONE',  ( 53.45857864376269220, 11.00000000000000000, -6.299999999999992717 ) ) ;
#9805 = CARTESIAN_POINT ( 'NONE',  ( 35.49999999999999289, 11.00000000000000000, -24.49999999999996447 ) ) ;
#9806 = ADVANCED_FACE ( 'NONE', ( #1432 ), #9154, .T. ) ;
#9807 = VERTEX_POINT ( 'NONE', #12254 ) ;
#9808 = EDGE_CURVE ( 'NONE', #8709, #4772, #11353, .T. ) ;
#9809 = AXIS2_PLACEMENT_3D ( 'NONE', #7061, #11953, #6178 ) ;
#9810 = DIRECTION ( 'NONE',  ( 0.000000000000000000, 0.000000000000000000, 1.000000000000000000 ) ) ;
#9811 = FACE_OUTER_BOUND ( 'NONE', #10772, .T. ) ;
#9812 = CARTESIAN_POINT ( 'NONE',  ( 0.000000000000000000, 9.799999999999998934, -49.20000000000000284 ) ) ;
#9813 = DIRECTION ( 'NONE',  ( 0.000000000000000000, 0.000000000000000000, 1.000000000000000000 ) ) ;
#9814 = CIRCLE ( 'NONE', #10224, 0.9999999999999974465 ) ;
#9815 = VECTOR ( 'NONE', #3455, 1000.000000000000000 ) ;
#9816 = ORIENTED_EDGE ( 'NONE', *, *, #434, .T. ) ;
#9817 = CARTESIAN_POINT ( 'NONE',  ( 7.100609665440774876, 9.799999999999998934, 7.100609665440824614 ) ) ;
#9818 = ADVANCED_FACE ( 'NONE', ( #11165 ), #4653, .T. ) ;
#9819 = ORIENTED_EDGE ( 'NONE', *, *, #1942, .T. ) ;
#9820 = EDGE_CURVE ( 'NONE', #4584, #8125, #2763, .T. ) ;
#9821 = CARTESIAN_POINT ( 'NONE',  ( 48.49999999999999289, 11.00000000000000000, -24.49999999999993250 ) ) ;
#9822 = DIRECTION ( 'NONE',  ( -0.000000000000000000, -1.000000000000000000, -0.000000000000000000 ) ) ;
#9823 = VECTOR ( 'NONE', #4286, 1000.000000000000000 ) ;
#9824 = DIRECTION ( 'NONE',  ( -9.251858538542962756E-15, 0.000000000000000000, 1.000000000000000000 ) ) ;
#9825 = CYLINDRICAL_SURFACE ( 'NONE', #1505, 1.000000000000000888 ) ;
#9826 = ORIENTED_EDGE ( 'NONE', *, *, #9557, .T. ) ;
#9827 = VERTEX_POINT ( 'NONE', #12314 ) ;
#9828 = CIRCLE ( 'NONE', #3764, 1.000000000000000888 ) ;
#9829 = EDGE_LOOP ( 'NONE', ( #2322, #9216, #8784, #7519 ) ) ;
#9830 = DIRECTION ( 'NONE',  ( 2.168404344971008868E-16, 0.000000000000000000, 1.000000000000000000 ) ) ;
#9831 = CARTESIAN_POINT ( 'NONE',  ( 62.07341920279139202, 9.799999999999998934, -3.000042224706366500 ) ) ;
#9832 = AXIS2_PLACEMENT_3D ( 'NONE', #7102, #8075, #5106 ) ;
#9833 = DIRECTION ( 'NONE',  ( -1.315205372940911737E-16, 0.000000000000000000, 1.000000000000000000 ) ) ;
#9834 = EDGE_CURVE ( 'NONE', #11789, #500, #2510, .T. ) ;
#9835 = CIRCLE ( 'NONE', #8626, 3.000000000000009770 ) ;
#9836 = DIRECTION ( 'NONE',  ( 0.000000000000000000, -0.000000000000000000, 1.000000000000000000 ) ) ;
#9837 = EDGE_CURVE ( 'NONE', #6053, #7114, #10348, .T. ) ;
#9838 = EDGE_LOOP ( 'NONE', ( #7290, #396 ) ) ;
#9839 = DIRECTION ( 'NONE',  ( 0.000000000000000000, -0.000000000000000000, 1.000000000000000000 ) ) ;
#9840 = EDGE_CURVE ( 'NONE', #7741, #3198, #5180, .T. ) ;
#9841 = DIRECTION ( 'NONE',  ( 0.000000000000000000, 0.000000000000000000, 1.000000000000000000 ) ) ;
#9842 = VERTEX_POINT ( 'NONE', #653 ) ;
#9843 = FACE_OUTER_BOUND ( 'NONE', #12390, .T. ) ;
#9844 = ORIENTED_EDGE ( 'NONE', *, *, #12458, .T. ) ;
#9845 = CARTESIAN_POINT ( 'NONE',  ( 13.50000000000000000, 5.000000000000000000, 0.000000000000000000 ) ) ;
#9846 = CARTESIAN_POINT ( 'NONE',  ( 43.64903320081233318, 11.00000000000000000, -46.32132034355964123 ) ) ;
#9847 = ORIENTED_EDGE ( 'NONE', *, *, #6624, .F. ) ;
#9848 = ORIENTED_EDGE ( 'NONE', *, *, #557, .F. ) ;
#9849 = CARTESIAN_POINT ( 'NONE',  ( 11.99999999999994849, 11.00000000000000000, -28.99999999999992895 ) ) ;
#9850 = DIRECTION ( 'NONE',  ( 0.000000000000000000, 0.000000000000000000, 1.000000000000000000 ) ) ;
#9851 = DIRECTION ( 'NONE',  ( -0.000000000000000000, 1.000000000000000000, -0.000000000000000000 ) ) ;
#9852 = AXIS2_PLACEMENT_3D ( 'NONE', #9496, #4744, #11391 ) ;
#9853 = DIRECTION ( 'NONE',  ( -0.000000000000000000, 1.000000000000000000, -0.000000000000000000 ) ) ;
#9854 = CARTESIAN_POINT ( 'NONE',  ( 26.50000000000000000, 11.00000000000000000, -3.400000000000000355 ) ) ;
#9855 = EDGE_CURVE ( 'NONE', #1792, #5818, #2944, .T. ) ;
#9856 = LINE ( 'NONE', #9677, #5166 ) ;
#9857 = ORIENTED_EDGE ( 'NONE', *, *, #534, .T. ) ;
#9858 = VECTOR ( 'NONE', #4687, 1000.000000000000000 ) ;
#9859 = LINE ( 'NONE', #11522, #5721 ) ;
#9860 = EDGE_LOOP ( 'NONE', ( #6231, #6023, #2102, #5709 ) ) ;
#9861 = DIRECTION ( 'NONE',  ( 0.000000000000000000, 1.000000000000000000, 0.000000000000000000 ) ) ;
#9862 = CARTESIAN_POINT ( 'NONE',  ( 11.99999999999993427, 11.00000000000000000, -34.49999999999992895 ) ) ;
#9863 = DIRECTION ( 'NONE',  ( 0.000000000000000000, 1.000000000000000000, -0.000000000000000000 ) ) ;
#9864 = AXIS2_PLACEMENT_3D ( 'NONE', #1978, #1912, #8562 ) ;
#9865 = VECTOR ( 'NONE', #3412, 1000.000000000000000 ) ;
#9866 = ORIENTED_EDGE ( 'NONE', *, *, #5471, .F. ) ;
#9867 = AXIS2_PLACEMENT_3D ( 'NONE', #7248, #12187, #7302 ) ;
#9868 = FACE_OUTER_BOUND ( 'NONE', #54, .T. ) ;
#9869 = DIRECTION ( 'NONE',  ( 0.000000000000000000, 1.000000000000000000, 0.000000000000000000 ) ) ;
#9870 = ORIENTED_EDGE ( 'NONE', *, *, #3012, .F. ) ;
#9871 = PLANE ( 'NONE',  #2069 ) ;
#9872 = FACE_OUTER_BOUND ( 'NONE', #6934, .T. ) ;
#9873 = ORIENTED_EDGE ( 'NONE', *, *, #664, .T. ) ;
#9874 = AXIS2_PLACEMENT_3D ( 'NONE', #1532, #7333, #4439 ) ;
#9875 = ORIENTED_EDGE ( 'NONE', *, *, #2542, .F. ) ;
#9876 = CARTESIAN_POINT ( 'NONE',  ( 35.49999999999999289, 2.000000000000000000, -37.99999999999996447 ) ) ;
#9877 = CARTESIAN_POINT ( 'NONE',  ( 20.99999999999991473, 11.00000000000000000, -29.99999999999998934 ) ) ;
#9878 = VECTOR ( 'NONE', #6020, 1000.000000000000000 ) ;
#9879 = DIRECTION ( 'NONE',  ( 0.000000000000000000, 1.000000000000000000, -0.000000000000000000 ) ) ;
#9880 = CARTESIAN_POINT ( 'NONE',  ( 48.49999999999999289, 11.00000000000000000, -29.99999999999992895 ) ) ;
#9881 = AXIS2_PLACEMENT_3D ( 'NONE', #5197, #1127, #9044 ) ;
#9882 = ORIENTED_EDGE ( 'NONE', *, *, #7581, .F. ) ;
#9883 = AXIS2_PLACEMENT_3D ( 'NONE', #1538, #5402, #9261 ) ;
#9884 = DIRECTION ( 'NONE',  ( 0.000000000000000000, 0.000000000000000000, -1.000000000000000000 ) ) ;
#9885 = ORIENTED_EDGE ( 'NONE', *, *, #7705, .F. ) ;
#9886 = LINE ( 'NONE', #1207, #3807 ) ;
#9887 = CARTESIAN_POINT ( 'NONE',  ( 11.99999999999994849, 11.00000000000000000, -29.99999999999992539 ) ) ;
#9888 = DIRECTION ( 'NONE',  ( 0.000000000000000000, 0.000000000000000000, 1.000000000000000000 ) ) ;
#9889 = VERTEX_POINT ( 'NONE', #8271 ) ;
#9890 = ORIENTED_EDGE ( 'NONE', *, *, #11746, .T. ) ;
#9891 = ORIENTED_EDGE ( 'NONE', *, *, #3067, .T. ) ;
#9892 = DIRECTION ( 'NONE',  ( 0.000000000000000000, 1.000000000000000000, 0.000000000000000000 ) ) ;
#9893 = ADVANCED_FACE ( 'NONE', ( #5469 ), #3580, .T. ) ;
#9894 = FACE_OUTER_BOUND ( 'NONE', #8348, .T. ) ;
#9895 = ADVANCED_FACE ( 'NONE', ( #3694 ), #1678, .T. ) ;
#9896 = VERTEX_POINT ( 'NONE', #10229 ) ;
#9897 = CARTESIAN_POINT ( 'NONE',  ( 68.00000000000000000, 11.00000000000000000, -8.499999999999966249 ) ) ;
#9898 = CYLINDRICAL_SURFACE ( 'NONE', #2562, 0.9999999999999974465 ) ;
#9899 = ORIENTED_EDGE ( 'NONE', *, *, #4253, .T. ) ;
#9900 = FACE_BOUND ( 'NONE', #6057, .T. ) ;
#9901 = CARTESIAN_POINT ( 'NONE',  ( 0.000000000000000000, 11.00000000000000000, -3.000000000000003109 ) ) ;
#9902 = ORIENTED_EDGE ( 'NONE', *, *, #5471, .T. ) ;
#9903 = CARTESIAN_POINT ( 'NONE',  ( 72.49999999999988631, 11.00000000000000000, -38.99999999999998579 ) ) ;
#9904 = VERTEX_POINT ( 'NONE', #3639 ) ;
#9905 = CARTESIAN_POINT ( 'NONE',  ( 0.000000000000000000, 9.799999999999998934, -6.299999999999992717 ) ) ;
#9906 = CARTESIAN_POINT ( 'NONE',  ( 55.52132034355960144, 9.799999999999998934, -41.32010101267766089 ) ) ;
#9907 = ORIENTED_EDGE ( 'NONE', *, *, #11129, .T. ) ;
#9908 = DIRECTION ( 'NONE',  ( -0.7127720722690795707, -0.000000000000000000, -0.7013957320894119718 ) ) ;
#9909 = DIRECTION ( 'NONE',  ( 0.000000000000000000, 0.000000000000000000, -1.000000000000000000 ) ) ;
#9910 = CARTESIAN_POINT ( 'NONE',  ( 63.35096679918786577, 9.799999999999998934, -46.32132034355965544 ) ) ;
#9911 = ADVANCED_FACE ( 'NONE', ( #789 ), #11295, .F. ) ;
#9912 = EDGE_CURVE ( 'NONE', #7794, #12385, #5534, .T. ) ;
#9913 = DIRECTION ( 'NONE',  ( 0.000000000000000000, 0.000000000000000000, 1.000000000000000000 ) ) ;
#9914 = CYLINDRICAL_SURFACE ( 'NONE', #2349, 1.000000000000000888 ) ;
#9915 = ORIENTED_EDGE ( 'NONE', *, *, #3968, .F. ) ;
#9916 = LINE ( 'NONE', #10744, #9592 ) ;
#9917 = ORIENTED_EDGE ( 'NONE', *, *, #2577, .F. ) ;
#9918 = LINE ( 'NONE', #4748, #6110 ) ;
#9919 = VERTEX_POINT ( 'NONE', #1621 ) ;
#9920 = CYLINDRICAL_SURFACE ( 'NONE', #12405, 1.699999999999994849 ) ;
#9921 = DIRECTION ( 'NONE',  ( 0.000000000000000000, 1.000000000000000000, 0.000000000000000000 ) ) ;
#9922 = EDGE_CURVE ( 'NONE', #9778, #9206, #2578, .T. ) ;
#9923 = CIRCLE ( 'NONE', #9121, 1.000000000000000888 ) ;
#9924 = AXIS2_PLACEMENT_3D ( 'NONE', #3149, #8914, #7000 ) ;
#9925 = EDGE_LOOP ( 'NONE', ( #9915, #12308, #3817, #2057 ) ) ;
#9926 = CARTESIAN_POINT ( 'NONE',  ( 22.99939033455905601, 11.00000000000000000, 22.99939033455901694 ) ) ;
#9927 = DIRECTION ( 'NONE',  ( 0.000000000000000000, 1.000000000000000000, 0.000000000000000000 ) ) ;
#9928 = CYLINDRICAL_SURFACE ( 'NONE', #8315, 2.999999999999999112 ) ;
#9929 = DIRECTION ( 'NONE',  ( 0.000000000000000000, 0.000000000000000000, 1.000000000000000000 ) ) ;
#9930 = VERTEX_POINT ( 'NONE', #9466 ) ;
#9931 = VERTEX_POINT ( 'NONE', #2635 ) ;
#9932 = CARTESIAN_POINT ( 'NONE',  ( 37.64386001800119175, 11.00000000000000000, -46.19999999999999574 ) ) ;
#9933 = CARTESIAN_POINT ( 'NONE',  ( 79.00000000000000000, 11.00000000000000000, -44.89029455227312582 ) ) ;
#9934 = CARTESIAN_POINT ( 'NONE',  ( 44.50000000000000000, 2.000000000000000000, -35.49999999999993605 ) ) ;
#9935 = DIRECTION ( 'NONE',  ( 0.000000000000000000, 0.000000000000000000, -1.000000000000000000 ) ) ;
#9936 = CARTESIAN_POINT ( 'NONE',  ( 55.00000000000000000, 11.00000000000000000, -31.14999999999999858 ) ) ;
#9937 = EDGE_LOOP ( 'NONE', ( #3202, #782, #6112, #4276 ) ) ;
#9938 = AXIS2_PLACEMENT_3D ( 'NONE', #8767, #8950, #258 ) ;
#9939 = PLANE ( 'NONE',  #9060 ) ;
#9940 = DIRECTION ( 'NONE',  ( 0.000000000000000000, 1.000000000000000000, 0.000000000000000000 ) ) ;
#9941 = EDGE_LOOP ( 'NONE', ( #11500, #11546 ) ) ;
#9942 = DIRECTION ( 'NONE',  ( 0.000000000000000000, 0.000000000000000000, 1.000000000000000000 ) ) ;
#9943 = ORIENTED_EDGE ( 'NONE', *, *, #545, .F. ) ;
#9944 = VERTEX_POINT ( 'NONE', #10294 ) ;
#9945 = VERTEX_POINT ( 'NONE', #4398 ) ;
#9946 = DIRECTION ( 'NONE',  ( 0.000000000000000000, 0.000000000000000000, -1.000000000000000000 ) ) ;
#9947 = CIRCLE ( 'NONE', #10357, 0.9999999999999974465 ) ;
#9948 = CARTESIAN_POINT ( 'NONE',  ( 31.50000000000000711, 11.00000000000000000, -10.99999999999997513 ) ) ;
#9949 = VECTOR ( 'NONE', #3431, 1000.000000000000000 ) ;
#9950 = VERTEX_POINT ( 'NONE', #5417 ) ;
#9951 = CARTESIAN_POINT ( 'NONE',  ( 53.45857864376269220, 9.799999999999998934, -6.299999999999992717 ) ) ;
#9952 = CARTESIAN_POINT ( 'NONE',  ( 53.54142135623729359, 9.799999999999998934, -43.30000000000000426 ) ) ;
#9953 = AXIS2_PLACEMENT_3D ( 'NONE', #12149, #10433, #5385 ) ;
#9954 = ORIENTED_EDGE ( 'NONE', *, *, #4968, .F. ) ;
#9955 = FACE_BOUND ( 'NONE', #126, .T. ) ;
#9956 = ADVANCED_FACE ( 'NONE', ( #9281 ), #597, .T. ) ;
#9957 = DIRECTION ( 'NONE',  ( 0.000000000000000000, 0.000000000000000000, 1.000000000000000000 ) ) ;
#9958 = CARTESIAN_POINT ( 'NONE',  ( 31.50000000000000711, 11.00000000000000000, -19.99999999999997158 ) ) ;
#9959 = CIRCLE ( 'NONE', #8755, 0.9999999999999974465 ) ;
#9960 = EDGE_LOOP ( 'NONE', ( #6631, #1004, #8227, #10410, #1193, #8456, #6874, #12250, #11750, #9761, #5710, #12369, #4958, #7858, #6900, #1762, #1149, #827, #6516, #8824, #9870, #2367, #10136, #9016, #4880, #2193, #11722, #4992, #11694, #5556, #7571, #4198, #1229, #12395, #8247, #1454, #4131, #4203, #12074, #860, #6925, #1864 ) ) ;
#9961 = VECTOR ( 'NONE', #6728, 1000.000000000000000 ) ;
#9962 = DIRECTION ( 'NONE',  ( 0.7071067811865474617, 0.000000000000000000, 0.7071067811865474617 ) ) ;
#9963 = CARTESIAN_POINT ( 'NONE',  ( 77.00000000000000000, 11.00000000000000000, -0.000000000000000000 ) ) ;
#9964 = EDGE_CURVE ( 'NONE', #365, #5301, #1031, .T. ) ;
#9965 = ORIENTED_EDGE ( 'NONE', *, *, #5497, .T. ) ;
#9966 = ORIENTED_EDGE ( 'NONE', *, *, #9076, .T. ) ;
#9967 = ORIENTED_EDGE ( 'NONE', *, *, #8442, .F. ) ;
#9968 = DIRECTION ( 'NONE',  ( 0.000000000000000000, 1.000000000000000000, 0.000000000000000000 ) ) ;
#9969 = DIRECTION ( 'NONE',  ( -0.7071067811865464625, 0.000000000000000000, 0.7071067811865486830 ) ) ;
#9970 = AXIS2_PLACEMENT_3D ( 'NONE', #1875, #3706, #9601 ) ;
#9971 = ORIENTED_EDGE ( 'NONE', *, *, #2710, .F. ) ;
#9972 = CARTESIAN_POINT ( 'NONE',  ( 48.49999999999999289, 11.00000000000000000, -29.99999999999992895 ) ) ;
#9973 = DIRECTION ( 'NONE',  ( 0.000000000000000000, 1.000000000000000000, 0.000000000000000000 ) ) ;
#9974 = ORIENTED_EDGE ( 'NONE', *, *, #11615, .F. ) ;
#9975 = ADVANCED_FACE ( 'NONE', ( #6663 ), #1927, .T. ) ;
#9976 = DIRECTION ( 'NONE',  ( -0.000000000000000000, -1.000000000000000000, -0.000000000000000000 ) ) ;
#9977 = AXIS2_PLACEMENT_3D ( 'NONE', #9017, #4199, #8003 ) ;
#9978 = ORIENTED_EDGE ( 'NONE', *, *, #55, .T. ) ;
#9979 = CARTESIAN_POINT ( 'NONE',  ( 20.99999999999995737, 11.00000000000000000, -19.99999999999999645 ) ) ;
#9980 = EDGE_CURVE ( 'NONE', #2667, #11132, #1120, .T. ) ;
#9981 = EDGE_LOOP ( 'NONE', ( #1146, #4841, #7926, #3908 ) ) ;
#9982 = VECTOR ( 'NONE', #9605, 1000.000000000000000 ) ;
#9983 = CARTESIAN_POINT ( 'NONE',  ( 31.50000000000000711, 11.00000000000000000, -15.49999999999997513 ) ) ;
#9984 = CARTESIAN_POINT ( 'NONE',  ( 35.49999999999999289, 2.000000000000000000, -11.99999999999996270 ) ) ;
#9985 = ADVANCED_FACE ( 'NONE', ( #4708 ), #5720, .T. ) ;
#9986 = CIRCLE ( 'NONE', #4110, 0.9999999999999974465 ) ;
#9987 = VERTEX_POINT ( 'NONE', #4897 ) ;
#9988 = CIRCLE ( 'NONE', #10186, 2.500000000000002220 ) ;
#9989 = DIRECTION ( 'NONE',  ( 0.000000000000000000, 0.000000000000000000, 1.000000000000000000 ) ) ;
#9990 = DIRECTION ( 'NONE',  ( 0.000000000000000000, 1.000000000000000000, 0.000000000000000000 ) ) ;
#9991 = EDGE_CURVE ( 'NONE', #9021, #1760, #4356, .T. ) ;
#9992 = DIRECTION ( 'NONE',  ( -0.000000000000000000, -1.000000000000000000, -0.000000000000000000 ) ) ;
#9993 = DIRECTION ( 'NONE',  ( 0.000000000000000000, 0.000000000000000000, 1.000000000000000000 ) ) ;
#9994 = ORIENTED_EDGE ( 'NONE', *, *, #9123, .T. ) ;
#9995 = ADVANCED_FACE ( 'NONE', ( #8830 ), #10726, .F. ) ;
#9996 = ORIENTED_EDGE ( 'NONE', *, *, #6122, .T. ) ;
#9997 = CIRCLE ( 'NONE', #9590, 0.9999999999999974465 ) ;
#9998 = LINE ( 'NONE', #6250, #9385 ) ;
#9999 = EDGE_CURVE ( 'NONE', #199, #11040, #5964, .T. ) ;
#10000 = AXIS2_PLACEMENT_3D ( 'NONE', #3883, #11620, #2942 ) ;
#10001 = CARTESIAN_POINT ( 'NONE',  ( 72.49999999999997158, 11.00000000000000000, -16.49999999999999289 ) ) ;
#10002 = CARTESIAN_POINT ( 'NONE',  ( 73.50000000000000000, 2.000000000000000000, -4.000000000000003553 ) ) ;
#10003 = ORIENTED_EDGE ( 'NONE', *, *, #12351, .T. ) ;
#10004 = VECTOR ( 'NONE', #1519, 1000.000000000000000 ) ;
#10005 = CARTESIAN_POINT ( 'NONE',  ( 42.35613998199887931, 11.00000000000000000, -49.20000000000000284 ) ) ;
#10006 = VERTEX_POINT ( 'NONE', #6718 ) ;
#10007 = AXIS2_PLACEMENT_3D ( 'NONE', #3892, #9535, #10679 ) ;
#10008 = VERTEX_POINT ( 'NONE', #135 ) ;
#10009 = AXIS2_PLACEMENT_3D ( 'NONE', #3204, #6050, #2961 ) ;
#10010 = VECTOR ( 'NONE', #11566, 1000.000000000000000 ) ;
#10011 = CARTESIAN_POINT ( 'NONE',  ( 48.49999999999999289, 2.000000000000000000, -29.99999999999992895 ) ) ;
#10012 = CIRCLE ( 'NONE', #4311, 0.9999999999999974465 ) ;
#10013 = ORIENTED_EDGE ( 'NONE', *, *, #11944, .F. ) ;
#10014 = ADVANCED_FACE ( 'NONE', ( #11488 ), #8578, .T. ) ;
#10015 = PLANE ( 'NONE',  #9073 ) ;
#10016 = DIRECTION ( 'NONE',  ( 0.000000000000000000, 0.000000000000000000, 1.000000000000000000 ) ) ;
#10017 = CARTESIAN_POINT ( 'NONE',  ( 18.75648667122642976, 11.00000000000000000, -1.000059507428522121 ) ) ;
#10018 = VERTEX_POINT ( 'NONE', #2051 ) ;
#10019 = ORIENTED_EDGE ( 'NONE', *, *, #6196, .T. ) ;
#10020 = EDGE_LOOP ( 'NONE', ( #1993, #5625, #9943, #9193 ) ) ;
#10021 = DIRECTION ( 'NONE',  ( 0.000000000000000000, 0.000000000000000000, -1.000000000000000000 ) ) ;
#10022 = CIRCLE ( 'NONE', #11835, 0.9999999999999974465 ) ;
#10023 = DIRECTION ( 'NONE',  ( 0.000000000000000000, 0.000000000000000000, -1.000000000000000000 ) ) ;
#10024 = VECTOR ( 'NONE', #6604, 1000.000000000000000 ) ;
#10025 = CARTESIAN_POINT ( 'NONE',  ( 20.99999999999994316, 11.00000000000000000, -25.49999999999999289 ) ) ;
#10026 = AXIS2_PLACEMENT_3D ( 'NONE', #9812, #7780, #6003 ) ;
#10027 = DIRECTION ( 'NONE',  ( -0.000000000000000000, 0.000000000000000000, -1.000000000000000000 ) ) ;
#10028 = FACE_BOUND ( 'NONE', #7660, .T. ) ;
#10029 = DIRECTION ( 'NONE',  ( -0.000000000000000000, -1.000000000000000000, -0.000000000000000000 ) ) ;
#10030 = VECTOR ( 'NONE', #1354, 1000.000000000000000 ) ;
#10031 = FACE_OUTER_BOUND ( 'NONE', #7618, .T. ) ;
#10032 = VERTEX_POINT ( 'NONE', #10542 ) ;
#10033 = CYLINDRICAL_SURFACE ( 'NONE', #3092, 0.9999999999999974465 ) ;
#10034 = FACE_OUTER_BOUND ( 'NONE', #10906, .T. ) ;
#10035 = ORIENTED_EDGE ( 'NONE', *, *, #6095, .T. ) ;
#10036 = EDGE_LOOP ( 'NONE', ( #1614, #5783 ) ) ;
#10037 = VERTEX_POINT ( 'NONE', #12 ) ;
#10038 = DIRECTION ( 'NONE',  ( 0.000000000000000000, 0.000000000000000000, -1.000000000000000000 ) ) ;
#10039 = CARTESIAN_POINT ( 'NONE',  ( 14.52771285725248873, 11.00000000000000000, -44.19999999999999574 ) ) ;
#10040 = VECTOR ( 'NONE', #112, 1000.000000000000000 ) ;
#10041 = EDGE_CURVE ( 'NONE', #10809, #4175, #2147, .T. ) ;
#10042 = ORIENTED_EDGE ( 'NONE', *, *, #6876, .T. ) ;
#10043 = AXIS2_PLACEMENT_3D ( 'NONE', #11133, #569, #3608 ) ;
#10044 = EDGE_CURVE ( 'NONE', #4011, #5854, #6977, .T. ) ;
#10045 = DIRECTION ( 'NONE',  ( 0.000000000000000000, 0.000000000000000000, -1.000000000000000000 ) ) ;
#10046 = EDGE_CURVE ( 'NONE', #8142, #9944, #11223, .T. ) ;
#10047 = DIRECTION ( 'NONE',  ( 0.000000000000000000, 0.000000000000000000, -1.000000000000000000 ) ) ;
#10048 = CARTESIAN_POINT ( 'NONE',  ( 72.49999999999995737, 11.00000000000000000, -19.99999999999999645 ) ) ;
#10049 = VECTOR ( 'NONE', #9969, 999.9999999999998863 ) ;
#10050 = ORIENTED_EDGE ( 'NONE', *, *, #10070, .F. ) ;
#10051 = FACE_OUTER_BOUND ( 'NONE', #10531, .T. ) ;
#10052 = ORIENTED_EDGE ( 'NONE', *, *, #1961, .F. ) ;
#10053 = AXIS2_PLACEMENT_3D ( 'NONE', #10941, #3217, #229 ) ;
#10054 = DIRECTION ( 'NONE',  ( 0.000000000000000000, 1.000000000000000000, 0.000000000000000000 ) ) ;
#10055 = FACE_OUTER_BOUND ( 'NONE', #1848, .T. ) ;
#10056 = EDGE_CURVE ( 'NONE', #7724, #6766, #305, .T. ) ;
#10057 = ORIENTED_EDGE ( 'NONE', *, *, #10303, .T. ) ;
#10058 = EDGE_CURVE ( 'NONE', #1934, #9721, #1548, .T. ) ;
#10059 = VECTOR ( 'NONE', #9469, 1000.000000000000000 ) ;
#10060 = LINE ( 'NONE', #5196, #10218 ) ;
#10061 = CARTESIAN_POINT ( 'NONE',  ( 11.99999999999997513, 11.00000000000000000, -20.99999999999993250 ) ) ;
#10062 = CYLINDRICAL_SURFACE ( 'NONE', #342, 1.000000000000000888 ) ;
#10063 = ORIENTED_EDGE ( 'NONE', *, *, #4422, .F. ) ;
#10064 = EDGE_LOOP ( 'NONE', ( #850, #11606, #12062, #5951 ) ) ;
#10065 = CARTESIAN_POINT ( 'NONE',  ( 31.50000000000000711, 11.00000000000000000, -34.49999999999997158 ) ) ;
#10066 = DIRECTION ( 'NONE',  ( 0.000000000000000000, 1.000000000000000000, -0.000000000000000000 ) ) ;
#10067 = PLANE ( 'NONE',  #2275 ) ;
#10068 = CARTESIAN_POINT ( 'NONE',  ( 58.99999999999999289, 11.00000000000000000, -19.99999999999990408 ) ) ;
#10069 = CARTESIAN_POINT ( 'NONE',  ( 16.49999999999997868, 11.00000000000000000, -16.49999999999996447 ) ) ;
#10070 = EDGE_CURVE ( 'NONE', #3845, #6520, #8219, .T. ) ;
#10071 = ORIENTED_EDGE ( 'NONE', *, *, #10084, .F. ) ;
#10072 = EDGE_CURVE ( 'NONE', #1304, #3388, #4574, .T. ) ;
#10073 = CIRCLE ( 'NONE', #975, 0.9999999999999974465 ) ;
#10074 = DIRECTION ( 'NONE',  ( 0.000000000000000000, 0.000000000000000000, 1.000000000000000000 ) ) ;
#10075 = VERTEX_POINT ( 'NONE', #12490 ) ;
#10076 = CIRCLE ( 'NONE', #11486, 3.599999999999990319 ) ;
#10077 = DIRECTION ( 'NONE',  ( 0.000000000000000000, 1.000000000000000000, -0.000000000000000000 ) ) ;
#10078 = ADVANCED_FACE ( 'NONE', ( #8639 ), #3825, .T. ) ;
#10079 = DIRECTION ( 'NONE',  ( 0.000000000000000000, 0.000000000000000000, 1.000000000000000000 ) ) ;
#10080 = CARTESIAN_POINT ( 'NONE',  ( 54.36984848098349232, 9.799999999999998934, -5.499999999999992895 ) ) ;
#10081 = EDGE_LOOP ( 'NONE', ( #8903, #12191, #1364, #3936 ) ) ;
#10082 = ORIENTED_EDGE ( 'NONE', *, *, #6956, .F. ) ;
#10083 = DIRECTION ( 'NONE',  ( -0.000000000000000000, -1.000000000000000000, -0.000000000000000000 ) ) ;
#10084 = EDGE_CURVE ( 'NONE', #6982, #8019, #6376, .T. ) ;
#10085 = CARTESIAN_POINT ( 'NONE',  ( 40.99999999999999289, 11.00000000000000000, -46.00000000000000000 ) ) ;
#10086 = AXIS2_PLACEMENT_3D ( 'NONE', #11832, #225, #4097 ) ;
#10087 = ORIENTED_EDGE ( 'NONE', *, *, #7978, .F. ) ;
#10088 = AXIS2_PLACEMENT_3D ( 'NONE', #578, #2553, #6388 ) ;
#10089 = CARTESIAN_POINT ( 'NONE',  ( 11.99999999999992006, 11.00000000000000000, -39.99999999999992184 ) ) ;
#10090 = DIRECTION ( 'NONE',  ( -0.000000000000000000, -1.000000000000000000, -0.000000000000000000 ) ) ;
#10091 = ORIENTED_EDGE ( 'NONE', *, *, #4472, .T. ) ;
#10092 = DIRECTION ( 'NONE',  ( 0.000000000000000000, -1.000000000000000000, 0.000000000000000000 ) ) ;
#10093 = CARTESIAN_POINT ( 'NONE',  ( 72.49999999999994316, 2.000000000000000000, -25.49999999999999289 ) ) ;
#10094 = ORIENTED_EDGE ( 'NONE', *, *, #4026, .F. ) ;
#10095 = CYLINDRICAL_SURFACE ( 'NONE', #2291, 0.9999999999999974465 ) ;
#10096 = CARTESIAN_POINT ( 'NONE',  ( 35.49999999999999289, 11.00000000000000000, -35.49999999999996447 ) ) ;
#10097 = VERTEX_POINT ( 'NONE', #390 ) ;
#10098 = CARTESIAN_POINT ( 'NONE',  ( 72.49999999999990052, 11.00000000000000000, -34.49999999999998579 ) ) ;
#10099 = DIRECTION ( 'NONE',  ( -0.000000000000000000, -1.000000000000000000, -0.000000000000000000 ) ) ;
#10100 = EDGE_LOOP ( 'NONE', ( #3830, #10699, #9816, #11535 ) ) ;
#10101 = DIRECTION ( 'NONE',  ( 1.000000000000000000, 0.000000000000000000, -4.818676322157797621E-17 ) ) ;
#10102 = DIRECTION ( 'NONE',  ( -0.000000000000000000, -1.000000000000000000, -0.000000000000000000 ) ) ;
#10103 = CARTESIAN_POINT ( 'NONE',  ( 12.00000000000003197, 11.00000000000000000, -7.499999999999936939 ) ) ;
#10104 = ORIENTED_EDGE ( 'NONE', *, *, #12216, .T. ) ;
#10105 = DIRECTION ( 'NONE',  ( 1.000000000000000000, 0.000000000000000000, 0.000000000000000000 ) ) ;
#10106 = ORIENTED_EDGE ( 'NONE', *, *, #10979, .T. ) ;
#10107 = EDGE_LOOP ( 'NONE', ( #12410, #5306, #11965, #12067 ) ) ;
#10108 = CARTESIAN_POINT ( 'NONE',  ( 72.49999999999991473, 2.000000000000000000, -28.99999999999998934 ) ) ;
#10109 = EDGE_CURVE ( 'NONE', #1153, #6647, #11865, .T. ) ;
#10110 = EDGE_CURVE ( 'NONE', #1186, #2046, #5225, .T. ) ;
#10111 = EDGE_LOOP ( 'NONE', ( #7188, #10262, #2839, #7096 ) ) ;
#10112 = VERTEX_POINT ( 'NONE', #191 ) ;
#10113 = DIRECTION ( 'NONE',  ( 0.000000000000000000, -0.000000000000000000, 1.000000000000000000 ) ) ;
#10114 = PLANE ( 'NONE',  #6841 ) ;
#10115 = DIRECTION ( 'NONE',  ( 0.000000000000000000, 1.000000000000000000, 0.000000000000000000 ) ) ;
#10116 = DIRECTION ( 'NONE',  ( 0.000000000000000000, -1.000000000000000000, 0.000000000000000000 ) ) ;
#10117 = ORIENTED_EDGE ( 'NONE', *, *, #5371, .F. ) ;
#10118 = ORIENTED_EDGE ( 'NONE', *, *, #5992, .T. ) ;
#10119 = EDGE_CURVE ( 'NONE', #11122, #8013, #5280, .T. ) ;
#10120 = FACE_OUTER_BOUND ( 'NONE', #943, .T. ) ;
#10121 = PLANE ( 'NONE',  #11011 ) ;
#10122 = ADVANCED_FACE ( 'NONE', ( #7922 ), #5159, .F. ) ;
#10123 = DIRECTION ( 'NONE',  ( -0.7071067811865517916, 0.000000000000000000, 0.7071067811865432429 ) ) ;
#10124 = LINE ( 'NONE', #10183, #3971 ) ;
#10125 = CARTESIAN_POINT ( 'NONE',  ( 68.00000000000000000, 11.00000000000000000, -6.499999999999969802 ) ) ;
#10126 = ORIENTED_EDGE ( 'NONE', *, *, #7718, .T. ) ;
#10127 = DIRECTION ( 'NONE',  ( 0.000000000000000000, 1.000000000000000000, 0.000000000000000000 ) ) ;
#10128 = EDGE_LOOP ( 'NONE', ( #7890, #2987, #8831, #11343 ) ) ;
#10129 = ADVANCED_FACE ( 'NONE', ( #5088 ), #4064, .T. ) ;
#10130 = CARTESIAN_POINT ( 'NONE',  ( 64.64386001800130543, 9.799999999999998934, -49.20000000000000995 ) ) ;
#10131 = CARTESIAN_POINT ( 'NONE',  ( 44.47746032555851770, 11.00000000000000000, -48.32132034355964123 ) ) ;
#10132 = VERTEX_POINT ( 'NONE', #1417 ) ;
#10133 = CARTESIAN_POINT ( 'NONE',  ( 31.50000000000000711, 11.00000000000000000, -11.99999999999997335 ) ) ;
#10134 = ADVANCED_FACE ( 'NONE', ( #3307 ), #9898, .T. ) ;
#10135 = ORIENTED_EDGE ( 'NONE', *, *, #3301, .T. ) ;
#10136 = ORIENTED_EDGE ( 'NONE', *, *, #11811, .T. ) ;
#10137 = ORIENTED_EDGE ( 'NONE', *, *, #1959, .T. ) ;
#10138 = CARTESIAN_POINT ( 'NONE',  ( 45.75613998199875709, 11.00000000000000000, -1.000000000000002665 ) ) ;
#10139 = ADVANCED_FACE ( 'NONE', ( #10852 ), #11796, .F. ) ;
#10140 = CARTESIAN_POINT ( 'NONE',  ( 56.34974746830580017, 11.00000000000000000, -7.479898987322330051 ) ) ;
#10141 = VECTOR ( 'NONE', #4730, 1000.000000000000000 ) ;
#10142 = ORIENTED_EDGE ( 'NONE', *, *, #6547, .T. ) ;
#10143 = CARTESIAN_POINT ( 'NONE',  ( 52.63015151901650768, 11.00000000000000000, -8.299999999999991829 ) ) ;
#10144 = CYLINDRICAL_SURFACE ( 'NONE', #12054, 0.9999999999999974465 ) ;
#10145 = ADVANCED_FACE ( 'NONE', ( #2185 ), #6028, .T. ) ;
#10146 = DIRECTION ( 'NONE',  ( 0.000000000000000000, 0.000000000000000000, 1.000000000000000000 ) ) ;
#10147 = DIRECTION ( 'NONE',  ( 0.000000000000000000, 1.000000000000000000, 0.000000000000000000 ) ) ;
#10148 = EDGE_LOOP ( 'NONE', ( #5081, #6228 ) ) ;
#10149 = DIRECTION ( 'NONE',  ( 0.000000000000000000, 0.000000000000000000, -1.000000000000000000 ) ) ;
#10150 = DIRECTION ( 'NONE',  ( 0.000000000000000000, 0.000000000000000000, 1.000000000000000000 ) ) ;
#10151 = EDGE_CURVE ( 'NONE', #6306, #1554, #8118, .T. ) ;
#10152 = ORIENTED_EDGE ( 'NONE', *, *, #8587, .F. ) ;
#10153 = VERTEX_POINT ( 'NONE', #9011 ) ;
#10154 = ORIENTED_EDGE ( 'NONE', *, *, #6801, .T. ) ;
#10155 = DIRECTION ( 'NONE',  ( 0.000000000000000000, 1.000000000000000000, 0.000000000000000000 ) ) ;
#10156 = AXIS2_PLACEMENT_3D ( 'NONE', #2946, #4129, #11553 ) ;
#10157 = DIRECTION ( 'NONE',  ( 0.000000000000000000, 0.000000000000000000, 1.000000000000000000 ) ) ;
#10158 = CIRCLE ( 'NONE', #12183, 1.000000000000000888 ) ;
#10159 = DIRECTION ( 'NONE',  ( 0.000000000000000000, 0.000000000000000000, 1.000000000000000000 ) ) ;
#10160 = ORIENTED_EDGE ( 'NONE', *, *, #392, .F. ) ;
#10161 = DIRECTION ( 'NONE',  ( 0.000000000000000000, 0.000000000000000000, 1.000000000000000000 ) ) ;
#10162 = AXIS2_PLACEMENT_3D ( 'NONE', #5888, #3867, #7720 ) ;
#10163 = ORIENTED_EDGE ( 'NONE', *, *, #11389, .F. ) ;
#10164 = CYLINDRICAL_SURFACE ( 'NONE', #8282, 0.9999999999999974465 ) ;
#10165 = EDGE_LOOP ( 'NONE', ( #1856, #12292, #748, #5201 ) ) ;
#10166 = DIRECTION ( 'NONE',  ( 0.000000000000000000, 1.000000000000000000, 0.000000000000000000 ) ) ;
#10167 = ORIENTED_EDGE ( 'NONE', *, *, #10399, .F. ) ;
#10168 = ORIENTED_EDGE ( 'NONE', *, *, #9837, .T. ) ;
#10169 = CARTESIAN_POINT ( 'NONE',  ( 35.49999999999999289, 11.00000000000000000, -21.99999999999996092 ) ) ;
#10170 = AXIS2_PLACEMENT_3D ( 'NONE', #1232, #3962, #9784 ) ;
#10171 = VECTOR ( 'NONE', #475, 1000.000000000000000 ) ;
#10172 = ORIENTED_EDGE ( 'NONE', *, *, #11449, .T. ) ;
#10173 = CARTESIAN_POINT ( 'NONE',  ( 7.499999999999971578, 11.00000000000000000, -26.49999999999989342 ) ) ;
#10174 = CARTESIAN_POINT ( 'NONE',  ( 33.60060966544087080, 9.799999999999998934, -46.39939033455902262 ) ) ;
#10175 = CYLINDRICAL_SURFACE ( 'NONE', #11923, 3.000000000000002665 ) ;
#10176 = DIRECTION ( 'NONE',  ( -0.000000000000000000, -1.000000000000000000, -0.000000000000000000 ) ) ;
#10177 = ORIENTED_EDGE ( 'NONE', *, *, #6652, .F. ) ;
#10178 = AXIS2_PLACEMENT_3D ( 'NONE', #11220, #2382, #6221 ) ;
#10179 = ORIENTED_EDGE ( 'NONE', *, *, #11845, .F. ) ;
#10180 = DIRECTION ( 'NONE',  ( 0.000000000000000000, 0.000000000000000000, 1.000000000000000000 ) ) ;
#10181 = FACE_OUTER_BOUND ( 'NONE', #10107, .T. ) ;
#10182 = CARTESIAN_POINT ( 'NONE',  ( 74.55677228167498072, 9.799999999999998934, -49.20000000000000284 ) ) ;
#10183 = CARTESIAN_POINT ( 'NONE',  ( 16.49999999999995381, 11.00000000000000000, -26.49999999999995737 ) ) ;
#10184 = CIRCLE ( 'NONE', #1498, 0.9999999999999974465 ) ;
#10185 = CARTESIAN_POINT ( 'NONE',  ( 48.49999999999999289, 11.00000000000000000, -35.49999999999992895 ) ) ;
#10186 = AXIS2_PLACEMENT_3D ( 'NONE', #7428, #9584, #2938 ) ;
#10187 = EDGE_CURVE ( 'NONE', #9612, #4340, #12050, .T. ) ;
#10188 = ADVANCED_FACE ( 'NONE', ( #4312 ), #6214, .F. ) ;
#10189 = ADVANCED_FACE ( 'NONE', ( #7996 ), #7227, .T. ) ;
#10190 = DIRECTION ( 'NONE',  ( 0.000000000000000000, 1.000000000000000000, 0.000000000000000000 ) ) ;
#10191 = AXIS2_PLACEMENT_3D ( 'NONE', #2075, #31, #1886 ) ;
#10192 = VERTEX_POINT ( 'NONE', #10966 ) ;
#10193 = CARTESIAN_POINT ( 'NONE',  ( 35.49999999999999289, 11.00000000000000000, -37.99999999999996447 ) ) ;
#10195 = DIRECTION ( 'NONE',  ( -0.000000000000000000, -1.000000000000000000, -0.000000000000000000 ) ) ;
#10194 = AXIS2_PLACEMENT_3D ( 'NONE', #11048, #3258, #2389 ) ;
#10196 = AXIS2_PLACEMENT_3D ( 'NONE', #7338, #6384, #2550 ) ;
#10197 = CARTESIAN_POINT ( 'NONE',  ( 50.59167388793158437, 9.799999999999998934, -39.37867965644036872 ) ) ;
#10198 = EDGE_LOOP ( 'NONE', ( #11837, #3404, #185, #2840 ) ) ;
#10199 = CARTESIAN_POINT ( 'NONE',  ( 39.99999999999999289, 2.000000000000000000, -15.00000000000000000 ) ) ;
#10200 = DIRECTION ( 'NONE',  ( 0.000000000000000000, 1.000000000000000000, 0.000000000000000000 ) ) ;
#10201 = EDGE_LOOP ( 'NONE', ( #6233, #11373 ) ) ;
#10202 = CIRCLE ( 'NONE', #11004, 1.000000000000000888 ) ;
#10203 = ADVANCED_FACE ( 'NONE', ( #11984 ), #11033, .T. ) ;
#10204 = CIRCLE ( 'NONE', #7969, 0.9999999999999974465 ) ;
#10206 = EDGE_CURVE ( 'NONE', #4268, #12497, #9828, .T. ) ;
#10205 = AXIS2_PLACEMENT_3D ( 'NONE', #9932, #1258, #8986 ) ;
#10207 = ORIENTED_EDGE ( 'NONE', *, *, #8339, .T. ) ;
#10208 = CARTESIAN_POINT ( 'NONE',  ( 1.000000000000000888, 9.799999999999998934, -44.89029455227312582 ) ) ;
#10209 = EDGE_CURVE ( 'NONE', #6206, #1491, #1128, .T. ) ;
#10210 = DIRECTION ( 'NONE',  ( 0.000000000000000000, 1.000000000000000000, 0.000000000000000000 ) ) ;
#10211 = PLANE ( 'NONE',  #4202 ) ;
#10212 = DIRECTION ( 'NONE',  ( 0.000000000000000000, 0.000000000000000000, 1.000000000000000000 ) ) ;
#10213 = VECTOR ( 'NONE', #3111, 1000.000000000000000 ) ;
#10214 = ORIENTED_EDGE ( 'NONE', *, *, #7825, .F. ) ;
#10215 = DIRECTION ( 'NONE',  ( -1.000000000000000000, 0.000000000000000000, 0.000000000000000000 ) ) ;
#10216 = DIRECTION ( 'NONE',  ( 0.000000000000000000, 1.000000000000000000, 0.000000000000000000 ) ) ;
#10217 = ORIENTED_EDGE ( 'NONE', *, *, #3225, .F. ) ;
#10218 = VECTOR ( 'NONE', #12140, 1000.000000000000000 ) ;
#10219 = ORIENTED_EDGE ( 'NONE', *, *, #7550, .T. ) ;
#10220 = DIRECTION ( 'NONE',  ( -0.000000000000000000, -1.000000000000000000, -0.000000000000000000 ) ) ;
#10221 = DIRECTION ( 'NONE',  ( -0.000000000000000000, 1.000000000000000000, -0.000000000000000000 ) ) ;
#10222 = EDGE_CURVE ( 'NONE', #7460, #1932, #11212, .T. ) ;
#10223 = ORIENTED_EDGE ( 'NONE', *, *, #8218, .F. ) ;
#10224 = AXIS2_PLACEMENT_3D ( 'NONE', #9560, #5764, #9502 ) ;
#10225 = EDGE_CURVE ( 'NONE', #10132, #143, #7385, .T. ) ;
#10226 = DIRECTION ( 'NONE',  ( 0.000000000000000000, 1.000000000000000000, 0.000000000000000000 ) ) ;
#10227 = EDGE_CURVE ( 'NONE', #4433, #143, #2431, .T. ) ;
#10228 = VECTOR ( 'NONE', #8465, 1000.000000000000114 ) ;
#10229 = CARTESIAN_POINT ( 'NONE',  ( 74.79999999999998295, 11.00000000000000000, -3.000000000000007994 ) ) ;
#10230 = EDGE_LOOP ( 'NONE', ( #8757, #9485, #12128, #8054 ) ) ;
#10231 = EDGE_CURVE ( 'NONE', #6040, #4612, #1661, .T. ) ;
#10232 = DIRECTION ( 'NONE',  ( -0.000000000000000000, 1.000000000000000000, -0.000000000000000000 ) ) ;
#10233 = ORIENTED_EDGE ( 'NONE', *, *, #2011, .F. ) ;
#10234 = DIRECTION ( 'NONE',  ( -1.000000000000000000, 0.000000000000000000, 0.000000000000000000 ) ) ;
#10235 = ORIENTED_EDGE ( 'NONE', *, *, #11375, .T. ) ;
#10236 = ORIENTED_EDGE ( 'NONE', *, *, #6967, .F. ) ;
#10237 = EDGE_CURVE ( 'NONE', #6810, #11155, #5191, .T. ) ;
#10238 = AXIS2_PLACEMENT_3D ( 'NONE', #9177, #10252, #2534 ) ;
#10239 = DIRECTION ( 'NONE',  ( 0.000000000000000000, 1.000000000000000000, 0.000000000000000000 ) ) ;
#10240 = VECTOR ( 'NONE', #6974, 1000.000000000000000 ) ;
#10241 = EDGE_LOOP ( 'NONE', ( #8308, #2813 ) ) ;
#10242 = EDGE_CURVE ( 'NONE', #9807, #7114, #1726, .T. ) ;
#10243 = CARTESIAN_POINT ( 'NONE',  ( 26.45857864376269930, 9.799999999999998934, -3.499999999999993339 ) ) ;
#10244 = VECTOR ( 'NONE', #9709, 1000.000000000000000 ) ;
#10245 = DIRECTION ( 'NONE',  ( -0.7071067811865463515, -0.000000000000000000, -0.7071067811865487940 ) ) ;
#10246 = AXIS2_PLACEMENT_3D ( 'NONE', #1339, #1264, #5073 ) ;
#10247 = CYLINDRICAL_SURFACE ( 'NONE', #3799, 0.9999999999999974465 ) ;
#10248 = VERTEX_POINT ( 'NONE', #5516 ) ;
#10249 = ORIENTED_EDGE ( 'NONE', *, *, #9376, .F. ) ;
#10250 = DIRECTION ( 'NONE',  ( -1.000000000000000000, -0.000000000000000000, -0.000000000000000000 ) ) ;
#10251 = CARTESIAN_POINT ( 'NONE',  ( 0.000000000000000000, 11.00000000000000000, -8.299999999999991829 ) ) ;
#10252 = DIRECTION ( 'NONE',  ( -0.000000000000000000, -1.000000000000000000, -0.000000000000000000 ) ) ;
#10253 = EDGE_CURVE ( 'NONE', #7450, #12258, #9384, .T. ) ;
#10254 = CARTESIAN_POINT ( 'NONE',  ( 67.99999999999998579, 2.000000000000000000, -12.99999999999996270 ) ) ;
#10255 = VERTEX_POINT ( 'NONE', #5589 ) ;
#10256 = ORIENTED_EDGE ( 'NONE', *, *, #5179, .F. ) ;
#10257 = VECTOR ( 'NONE', #1197, 1000.000000000000000 ) ;
#10258 = ORIENTED_EDGE ( 'NONE', *, *, #12222, .T. ) ;
#10259 = ORIENTED_EDGE ( 'NONE', *, *, #6007, .T. ) ;
#10260 = FACE_BOUND ( 'NONE', #2870, .T. ) ;
#10261 = DIRECTION ( 'NONE',  ( 0.000000000000000000, 1.000000000000000000, 0.000000000000000000 ) ) ;
#10262 = ORIENTED_EDGE ( 'NONE', *, *, #1126, .T. ) ;
#10263 = DIRECTION ( 'NONE',  ( 0.000000000000000000, 0.000000000000000000, 1.000000000000000000 ) ) ;
#10264 = CIRCLE ( 'NONE', #11262, 0.9999999999999974465 ) ;
#10265 = CYLINDRICAL_SURFACE ( 'NONE', #10972, 0.9999999999999940048 ) ;
#10266 = ORIENTED_EDGE ( 'NONE', *, *, #8100, .T. ) ;
#10267 = EDGE_CURVE ( 'NONE', #7746, #9515, #6581, .T. ) ;
#10268 = AXIS2_PLACEMENT_3D ( 'NONE', #822, #2853, #12289 ) ;
#10269 = CARTESIAN_POINT ( 'NONE',  ( 7.500000000000007105, 11.00000000000000000, -15.49999999999990585 ) ) ;
#10270 = DIRECTION ( 'NONE',  ( 0.000000000000000000, 0.000000000000000000, 1.000000000000000000 ) ) ;
#10271 = CARTESIAN_POINT ( 'NONE',  ( 24.99999999999999645, 11.00000000000000000, -9.819595949289308123 ) ) ;
#10272 = LINE ( 'NONE', #1600, #10290 ) ;
#10273 = ORIENTED_EDGE ( 'NONE', *, *, #4562, .T. ) ;
#10274 = AXIS2_PLACEMENT_3D ( 'NONE', #4510, #1790, #5647 ) ;
#10275 = CARTESIAN_POINT ( 'NONE',  ( 44.50000000000000000, 2.000000000000000000, -21.99999999999993605 ) ) ;
#10276 = DIRECTION ( 'NONE',  ( 0.7071067811865474617, 0.000000000000000000, -0.7071067811865474617 ) ) ;
#10277 = DIRECTION ( 'NONE',  ( -0.000000000000000000, -1.000000000000000000, -0.000000000000000000 ) ) ;
#10278 = FACE_OUTER_BOUND ( 'NONE', #4633, .T. ) ;
#10279 = ORIENTED_EDGE ( 'NONE', *, *, #10058, .F. ) ;
#10280 = ADVANCED_FACE ( 'NONE', ( #8253 ), #10144, .T. ) ;
#10281 = DIRECTION ( 'NONE',  ( 0.000000000000000000, -1.000000000000000000, 0.000000000000000000 ) ) ;
#10282 = PLANE ( 'NONE',  #4732 ) ;
#10283 = ORIENTED_EDGE ( 'NONE', *, *, #7784, .F. ) ;
#10284 = AXIS2_PLACEMENT_3D ( 'NONE', #5573, #3668, #5394 ) ;
#10285 = ORIENTED_EDGE ( 'NONE', *, *, #11230, .F. ) ;
#10286 = EDGE_LOOP ( 'NONE', ( #3855, #815 ) ) ;
#10287 = CARTESIAN_POINT ( 'NONE',  ( 24.99999999999999645, 11.00000000000000000, -32.14999999999999858 ) ) ;
#10288 = EDGE_CURVE ( 'NONE', #7943, #913, #4365, .T. ) ;
#10289 = CARTESIAN_POINT ( 'NONE',  ( 7.499999999999958256, 11.00000000000000000, -28.99999999999989697 ) ) ;
#10290 = VECTOR ( 'NONE', #9317, 1000.000000000000000 ) ;
#10291 = VERTEX_POINT ( 'NONE', #10403 ) ;
#10292 = DIRECTION ( 'NONE',  ( 0.000000000000000000, 0.000000000000000000, 1.000000000000000000 ) ) ;
#10293 = VECTOR ( 'NONE', #10755, 1000.000000000000000 ) ;
#10294 = CARTESIAN_POINT ( 'NONE',  ( 44.50000000000000000, 11.00000000000000000, -8.499999999999939604 ) ) ;
#10295 = VERTEX_POINT ( 'NONE', #8446 ) ;
#10296 = CARTESIAN_POINT ( 'NONE',  ( 31.50000000000000711, 2.000000000000000000, -20.99999999999997158 ) ) ;
#10297 = ORIENTED_EDGE ( 'NONE', *, *, #8442, .T. ) ;
#10298 = CARTESIAN_POINT ( 'NONE',  ( 48.49999999999999289, 2.000000000000000000, -10.99999999999993427 ) ) ;
#10299 = ORIENTED_EDGE ( 'NONE', *, *, #1382, .T. ) ;
#10300 = ORIENTED_EDGE ( 'NONE', *, *, #10578, .T. ) ;
#10301 = ORIENTED_EDGE ( 'NONE', *, *, #368, .T. ) ;
#10302 = CARTESIAN_POINT ( 'NONE',  ( 7.499999999999992895, 11.00000000000000000, -21.99999999999989697 ) ) ;
#10303 = EDGE_CURVE ( 'NONE', #11946, #8969, #11856, .T. ) ;
#10304 = EDGE_CURVE ( 'NONE', #9665, #3333, #3442, .T. ) ;
#10305 = APPROVAL_PERSON_ORGANIZATION ( #6675, #9494, #11505 ) ;
#10306 = VERTEX_POINT ( 'NONE', #7471 ) ;
#10307 = DIRECTION ( 'NONE',  ( 0.000000000000000000, 0.000000000000000000, 1.000000000000000000 ) ) ;
#10308 = DIRECTION ( 'NONE',  ( -0.7071067811865436870, 0.000000000000000000, -0.7071067811865514585 ) ) ;
#10309 = DIRECTION ( 'NONE',  ( -0.000000000000000000, 1.000000000000000000, -0.000000000000000000 ) ) ;
#10310 = DIRECTION ( 'NONE',  ( -0.000000000000000000, 1.000000000000000000, -0.000000000000000000 ) ) ;
#10311 = EDGE_CURVE ( 'NONE', #11761, #1268, #7796, .T. ) ;
#10312 = ORIENTED_EDGE ( 'NONE', *, *, #9421, .T. ) ;
#10313 = EDGE_CURVE ( 'NONE', #5818, #7915, #7287, .T. ) ;
#10314 = ORIENTED_EDGE ( 'NONE', *, *, #1613, .T. ) ;
#10315 = CYLINDRICAL_SURFACE ( 'NONE', #5142, 0.9999999999999974465 ) ;
#10316 = ADVANCED_FACE ( 'NONE', ( #11149 ), #2490, .T. ) ;
#10317 = LINE ( 'NONE', #6559, #10004 ) ;
#10318 = LINE ( 'NONE', #9785, #11443 ) ;
#10319 = CARTESIAN_POINT ( 'NONE',  ( 12.00000000000003197, 11.00000000000000000, -7.499999999999936939 ) ) ;
#10320 = EDGE_LOOP ( 'NONE', ( #2757, #11494, #11462, #3024 ) ) ;
#10321 = ORIENTED_EDGE ( 'NONE', *, *, #1014, .T. ) ;
#10322 = FACE_BOUND ( 'NONE', #4074, .T. ) ;
#10323 = CARTESIAN_POINT ( 'NONE',  ( 12.00000000000003197, 11.00000000000000000, -7.499999999999936939 ) ) ;
#10324 = EDGE_LOOP ( 'NONE', ( #1954, #67 ) ) ;
#10325 = DIRECTION ( 'NONE',  ( -0.000000000000000000, 1.000000000000000000, -0.000000000000000000 ) ) ;
#10326 = CARTESIAN_POINT ( 'NONE',  ( 63.49999999999995737, 11.00000000000000000, -25.49999999999992895 ) ) ;
#10327 = CARTESIAN_POINT ( 'NONE',  ( 24.99999999999999289, 11.00000000000000000, -10.85512985522205476 ) ) ;
#10328 = ORIENTED_EDGE ( 'NONE', *, *, #6047, .F. ) ;
#10329 = DIRECTION ( 'NONE',  ( 0.000000000000000000, 0.000000000000000000, 1.000000000000000000 ) ) ;
#10330 = DIRECTION ( 'NONE',  ( 0.000000000000000000, 1.000000000000000000, 0.000000000000000000 ) ) ;
#10331 = VERTEX_POINT ( 'NONE', #5453 ) ;
#10332 = EDGE_LOOP ( 'NONE', ( #7259, #8457, #6238, #8092 ) ) ;
#10333 = CYLINDRICAL_SURFACE ( 'NONE', #5751, 2.200000000000028599 ) ;
#10334 = CARTESIAN_POINT ( 'NONE',  ( 37.64386001800112069, 9.799999999999998934, -49.20000000000000284 ) ) ;
#10335 = DIRECTION ( 'NONE',  ( 0.000000000000000000, 0.000000000000000000, -1.000000000000000000 ) ) ;
#10336 = CARTESIAN_POINT ( 'NONE',  ( 44.50000000000000000, 2.000000000000000000, -37.99999999999995026 ) ) ;
#10337 = ORIENTED_EDGE ( 'NONE', *, *, #6564, .T. ) ;
#10338 = DIRECTION ( 'NONE',  ( -0.000000000000000000, -1.000000000000000000, -0.000000000000000000 ) ) ;
#10339 = CARTESIAN_POINT ( 'NONE',  ( 59.12248018076000733, 9.799999999999998934, -1.878739150121992108 ) ) ;
#10340 = ORIENTED_EDGE ( 'NONE', *, *, #8414, .F. ) ;
#10341 = ORIENTED_EDGE ( 'NONE', *, *, #3103, .T. ) ;
#10342 = VERTEX_POINT ( 'NONE', #9321 ) ;
#10343 = CARTESIAN_POINT ( 'NONE',  ( 67.99999999999998579, 11.00000000000000000, -11.99999999999996625 ) ) ;
#10344 = CARTESIAN_POINT ( 'NONE',  ( 17.47746032555834361, 9.799999999999998934, -48.32132034355966965 ) ) ;
#10345 = ORIENTED_EDGE ( 'NONE', *, *, #3780, .T. ) ;
#10346 = EDGE_CURVE ( 'NONE', #2263, #5100, #2619, .T. ) ;
#10347 = CARTESIAN_POINT ( 'NONE',  ( 8.514823227813758777, 11.00000000000000000, 8.514823227813852924 ) ) ;
#10348 = LINE ( 'NONE', #10421, #2554 ) ;
#10349 = EDGE_CURVE ( 'NONE', #8955, #5310, #3556, .T. ) ;
#10350 = DIRECTION ( 'NONE',  ( 0.000000000000000000, 1.000000000000000000, 0.000000000000000000 ) ) ;
#10351 = ORIENTED_EDGE ( 'NONE', *, *, #1080, .F. ) ;
#10352 = AXIS2_PLACEMENT_3D ( 'NONE', #3246, #10147, #2306 ) ;
#10353 = FACE_OUTER_BOUND ( 'NONE', #3631, .T. ) ;
#10354 = EDGE_LOOP ( 'NONE', ( #2929, #7230, #9826, #6076 ) ) ;
#10355 = ORIENTED_EDGE ( 'NONE', *, *, #2630, .T. ) ;
#10356 = CARTESIAN_POINT ( 'NONE',  ( 38.47228714274736916, 11.00000000000000000, -44.19999999999999574 ) ) ;
#10357 = AXIS2_PLACEMENT_3D ( 'NONE', #10710, #4751, #5936 ) ;
#10358 = VECTOR ( 'NONE', #1342, 1000.000000000000000 ) ;
#10359 = EDGE_CURVE ( 'NONE', #8126, #12056, #11231, .T. ) ;
#10360 = DIRECTION ( 'NONE',  ( -0.000000000000000000, 1.000000000000000000, -0.000000000000000000 ) ) ;
#10362 = EDGE_CURVE ( 'NONE', #1299, #3814, #8416, .T. ) ;
#10361 = DIRECTION ( 'NONE',  ( 0.000000000000000000, 0.000000000000000000, -1.000000000000000000 ) ) ;
#10363 = CALENDAR_DATE ( 2022, 15, 2 ) ;
#10364 = EDGE_CURVE ( 'NONE', #4299, #4565, #5985, .T. ) ;
#10365 = CARTESIAN_POINT ( 'NONE',  ( 53.54142135623729359, 11.00000000000000000, -43.30000000000000426 ) ) ;
#10366 = AXIS2_PLACEMENT_3D ( 'NONE', #4658, #8707, #7744 ) ;
#10367 = ORIENTED_EDGE ( 'NONE', *, *, #5323, .T. ) ;
#10368 = ORIENTED_EDGE ( 'NONE', *, *, #2640, .T. ) ;
#10369 = LINE ( 'NONE', #9244, #3710 ) ;
#10370 = AXIS2_PLACEMENT_3D ( 'NONE', #4602, #11361, #12257 ) ;
#10371 = DIRECTION ( 'NONE',  ( 0.000000000000000000, -0.000000000000000000, 1.000000000000000000 ) ) ;
#10372 = VERTEX_POINT ( 'NONE', #12475 ) ;
#10373 = DIRECTION ( 'NONE',  ( 0.000000000000000000, 0.000000000000000000, 1.000000000000000000 ) ) ;
#10374 = EDGE_CURVE ( 'NONE', #2396, #7059, #52, .T. ) ;
#10375 = FACE_OUTER_BOUND ( 'NONE', #2880, .T. ) ;
#10376 = VERTEX_POINT ( 'NONE', #7715 ) ;
#10377 = CIRCLE ( 'NONE', #11996, 2.800000000000002931 ) ;
#10378 = ORIENTED_EDGE ( 'NONE', *, *, #346, .T. ) ;
#10379 = EDGE_CURVE ( 'NONE', #10871, #5572, #5769, .T. ) ;
#10380 = ORIENTED_EDGE ( 'NONE', *, *, #1293, .F. ) ;
#10382 = ADVANCED_FACE ( 'NONE', ( #11596 ), #5833, .F. ) ;
#10381 = AXIS2_PLACEMENT_3D ( 'NONE', #7875, #9720, #3959 ) ;
#10383 = ADVANCED_FACE ( 'NONE', ( #10649 ), #11530, .T. ) ;
#10384 = FACE_BOUND ( 'NONE', #12119, .T. ) ;
#10385 = CARTESIAN_POINT ( 'NONE',  ( 6.500000000000000888, 2.000000000000000000, -43.50000000000000000 ) ) ;
#10386 = ORIENTED_EDGE ( 'NONE', *, *, #11672, .F. ) ;
#10387 = DIRECTION ( 'NONE',  ( 0.000000000000000000, 0.000000000000000000, 1.000000000000000000 ) ) ;
#10388 = FACE_OUTER_BOUND ( 'NONE', #4957, .T. ) ;
#10389 = ORIENTED_EDGE ( 'NONE', *, *, #1058, .F. ) ;
#10390 = AXIS2_PLACEMENT_3D ( 'NONE', #6838, #5889, #11959 ) ;
#10391 = CARTESIAN_POINT ( 'NONE',  ( 11.99999999999994849, 11.00000000000000000, -29.99999999999992539 ) ) ;
#10392 = ORIENTED_EDGE ( 'NONE', *, *, #1636, .T. ) ;
#10393 = ADVANCED_FACE ( 'NONE', ( #2038 ), #3864, .T. ) ;
#10394 = CIRCLE ( 'NONE', #6128, 0.9999999999999974465 ) ;
#10395 = CARTESIAN_POINT ( 'NONE',  ( 16.50000000000000711, 11.00000000000000000, -6.499999999999969802 ) ) ;
#10396 = AXIS2_PLACEMENT_3D ( 'NONE', #10656, #9704, #4884 ) ;
#10397 = DIRECTION ( 'NONE',  ( -0.000000000000000000, -1.000000000000000000, -0.000000000000000000 ) ) ;
#10398 = AXIS2_PLACEMENT_3D ( 'NONE', #11821, #218, #6998 ) ;
#10399 = EDGE_CURVE ( 'NONE', #5705, #8955, #9638, .T. ) ;
#10400 = ORIENTED_EDGE ( 'NONE', *, *, #6270, .T. ) ;
#10401 = LINE ( 'NONE', #5452, #2920 ) ;
#10402 = AXIS2_PLACEMENT_3D ( 'NONE', #4249, #11983, #7863 ) ;
#10403 = CARTESIAN_POINT ( 'NONE',  ( 73.50000000000000000, 2.000000000000000000, -46.00000000000000000 ) ) ;
#10404 = CIRCLE ( 'NONE', #12018, 3.000000000000002665 ) ;
#10405 = LINE ( 'NONE', #2748, #11272 ) ;
#10406 = CARTESIAN_POINT ( 'NONE',  ( 44.50000000000000000, 11.00000000000000000, -15.49999999999994493 ) ) ;
#10407 = ORIENTED_EDGE ( 'NONE', *, *, #11909, .F. ) ;
#10408 = CARTESIAN_POINT ( 'NONE',  ( 0.9999999999999870104, 11.00000000000000000, -2.762250190341694227E-14 ) ) ;
#10409 = CARTESIAN_POINT ( 'NONE',  ( 63.49999999999992895, 2.000000000000000000, -34.49999999999992895 ) ) ;
#10410 = ORIENTED_EDGE ( 'NONE', *, *, #2158, .F. ) ;
#10411 = ORIENTED_EDGE ( 'NONE', *, *, #9056, .F. ) ;
#10412 = ORIENTED_EDGE ( 'NONE', *, *, #5466, .T. ) ;
#10413 = CYLINDRICAL_SURFACE ( 'NONE', #8601, 2.999999999999999112 ) ;
#10414 = CIRCLE ( 'NONE', #5756, 0.9999999999999974465 ) ;
#10415 = DIRECTION ( 'NONE',  ( 0.000000000000000000, 1.000000000000000000, 0.000000000000000000 ) ) ;
#10416 = VECTOR ( 'NONE', #2489, 1000.000000000000000 ) ;
#10417 = AXIS2_PLACEMENT_3D ( 'NONE', #8540, #2595, #2785 ) ;
#10418 = VERTEX_POINT ( 'NONE', #1016 ) ;
#10419 = CYLINDRICAL_SURFACE ( 'NONE', #9188, 1.000000000000000888 ) ;
#10420 = VECTOR ( 'NONE', #6523, 1000.000000000000000 ) ;
#10421 = CARTESIAN_POINT ( 'NONE',  ( 55.00000000000000000, 2.000000000000000000, -9.819595949289343650 ) ) ;
#10422 = ORIENTED_EDGE ( 'NONE', *, *, #5565, .F. ) ;
#10423 = DIRECTION ( 'NONE',  ( 0.000000000000000000, 0.000000000000000000, -1.000000000000000000 ) ) ;
#10424 = AXIS2_PLACEMENT_3D ( 'NONE', #8714, #10743, #4792 ) ;
#10425 = CARTESIAN_POINT ( 'NONE',  ( 25.63015151901658228, 11.00000000000000000, -41.30000000000000426 ) ) ;
#10426 = EDGE_LOOP ( 'NONE', ( #3521, #5867 ) ) ;
#10427 = AXIS2_PLACEMENT_3D ( 'NONE', #9862, #1188, #5059 ) ;
#10428 = DIRECTION ( 'NONE',  ( 1.000000000000000000, -0.000000000000000000, 0.000000000000000000 ) ) ;
#10429 = DIRECTION ( 'NONE',  ( 0.000000000000000000, 0.000000000000000000, 1.000000000000000000 ) ) ;
#10430 = VERTEX_POINT ( 'NONE', #6834 ) ;
#10431 = CARTESIAN_POINT ( 'NONE',  ( 48.49999999999999289, 11.00000000000000000, -25.49999999999992895 ) ) ;
#10432 = EDGE_CURVE ( 'NONE', #5543, #2235, #3777, .T. ) ;
#10433 = DIRECTION ( 'NONE',  ( 0.000000000000000000, 1.000000000000000000, -0.000000000000000000 ) ) ;
#10434 = AXIS2_PLACEMENT_3D ( 'NONE', #881, #4630, #8439 ) ;
#10435 = PLANE ( 'NONE',  #11294 ) ;
#10436 = CARTESIAN_POINT ( 'NONE',  ( 48.49999999999999289, 2.000000000000000000, -24.49999999999993250 ) ) ;
#10437 = DIRECTION ( 'NONE',  ( 0.000000000000000000, 0.000000000000000000, 1.000000000000000000 ) ) ;
#10438 = VECTOR ( 'NONE', #2281, 1000.000000000000000 ) ;
#10439 = ORIENTED_EDGE ( 'NONE', *, *, #12075, .T. ) ;
#10440 = ORIENTED_EDGE ( 'NONE', *, *, #6284, .F. ) ;
#10441 = VECTOR ( 'NONE', #2677, 1000.000000000000000 ) ;
#10442 = DIRECTION ( 'NONE',  ( 0.000000000000000000, 0.000000000000000000, -1.000000000000000000 ) ) ;
#10443 = EDGE_CURVE ( 'NONE', #6271, #2181, #6700, .T. ) ;
#10444 = DIRECTION ( 'NONE',  ( -0.7071067811865486830, 0.000000000000000000, 0.7071067811865464625 ) ) ;
#10445 = ORIENTED_EDGE ( 'NONE', *, *, #12366, .F. ) ;
#10446 = EDGE_CURVE ( 'NONE', #3688, #2776, #2986, .T. ) ;
#10447 = CARTESIAN_POINT ( 'NONE',  ( 74.55677228167498072, 9.799999999999998934, -49.20000000000000284 ) ) ;
#10448 = EDGE_LOOP ( 'NONE', ( #5033, #7679 ) ) ;
#10449 = CIRCLE ( 'NONE', #10849, 1.000000000000000888 ) ;
#10450 = ORIENTED_EDGE ( 'NONE', *, *, #10072, .F. ) ;
#10451 = AXIS2_PLACEMENT_3D ( 'NONE', #12101, #10190, #7459 ) ;
#10452 = EDGE_LOOP ( 'NONE', ( #10219, #9145 ) ) ;
#10453 = DIRECTION ( 'NONE',  ( 0.000000000000000000, 1.000000000000000000, 0.000000000000000000 ) ) ;
#10454 = DIRECTION ( 'NONE',  ( -0.000000000000000000, -1.000000000000000000, -0.000000000000000000 ) ) ;
#10455 = VERTEX_POINT ( 'NONE', #3746 ) ;
#10456 = DIRECTION ( 'NONE',  ( 1.706285386206687401E-15, 0.000000000000000000, 1.000000000000000000 ) ) ;
#10457 = PLANE ( 'NONE',  #9765 ) ;
#10458 = DIRECTION ( 'NONE',  ( 0.000000000000000000, 0.000000000000000000, 1.000000000000000000 ) ) ;
#10459 = ORIENTED_EDGE ( 'NONE', *, *, #9855, .F. ) ;
#10460 = AXIS2_PLACEMENT_3D ( 'NONE', #4678, #8491, #7649 ) ;
#10461 = CARTESIAN_POINT ( 'NONE',  ( 22.99939033455905601, 9.799999999999998934, 22.99939033455901694 ) ) ;
#10462 = EDGE_CURVE ( 'NONE', #1289, #2556, #2855, .T. ) ;
#10463 = EDGE_CURVE ( 'NONE', #7681, #1815, #8687, .T. ) ;
#10464 = CARTESIAN_POINT ( 'NONE',  ( 31.50000000000000711, 2.000000000000000000, -16.49999999999997158 ) ) ;
#10465 = ADVANCED_FACE ( 'NONE', ( #2746 ), #6588, .T. ) ;
#10466 = LINE ( 'NONE', #4096, #11815 ) ;
#10467 = VECTOR ( 'NONE', #8765, 1000.000000000000000 ) ;
#10468 = DIRECTION ( 'NONE',  ( 0.000000000000000000, -0.000000000000000000, 1.000000000000000000 ) ) ;
#10469 = ORIENTED_EDGE ( 'NONE', *, *, #12447, .T. ) ;
#10470 = CYLINDRICAL_SURFACE ( 'NONE', #1986, 2.500000000000000444 ) ;
#10471 = DIRECTION ( 'NONE',  ( 0.000000000000000000, 0.000000000000000000, 1.000000000000000000 ) ) ;
#10472 = EDGE_LOOP ( 'NONE', ( #7039, #8612, #7095, #8413 ) ) ;
#10473 = CARTESIAN_POINT ( 'NONE',  ( 20.99999999999990052, 11.00000000000000000, -34.49999999999998579 ) ) ;
#10474 = DIRECTION ( 'NONE',  ( 0.000000000000000000, 1.000000000000000000, 0.000000000000000000 ) ) ;
#10475 = VERTEX_POINT ( 'NONE', #7599 ) ;
#10476 = EDGE_LOOP ( 'NONE', ( #3602, #10258, #4804, #11676 ) ) ;
#10477 = ORIENTED_EDGE ( 'NONE', *, *, #7701, .F. ) ;
#10478 = AXIS2_PLACEMENT_3D ( 'NONE', #600, #12132, #3400 ) ;
#10479 = CARTESIAN_POINT ( 'NONE',  ( 35.49999999999999289, 11.00000000000000000, -20.99999999999996447 ) ) ;
#10480 = ADVANCED_FACE ( 'NONE', ( #11471 ), #3099, .F. ) ;
#10481 = DIRECTION ( 'NONE',  ( 0.000000000000000000, 0.000000000000000000, -1.000000000000000000 ) ) ;
#10482 = AXIS2_PLACEMENT_3D ( 'NONE', #10913, #2244, #9957 ) ;
#10483 = AXIS2_PLACEMENT_3D ( 'NONE', #8345, #12020, #488 ) ;
#10484 = AXIS2_PLACEMENT_3D ( 'NONE', #5583, #10522, #769 ) ;
#10485 = CARTESIAN_POINT ( 'NONE',  ( 63.49999999999997158, 2.000000000000000000, -21.99999999999992895 ) ) ;
#10486 = CARTESIAN_POINT ( 'NONE',  ( 72.49999999999998579, 11.00000000000000000, -11.99999999999999645 ) ) ;
#10487 = ORIENTED_EDGE ( 'NONE', *, *, #9507, .F. ) ;
#10488 = CARTESIAN_POINT ( 'NONE',  ( 58.99999999999997158, 11.00000000000000000, -25.49999999999989697 ) ) ;
#10489 = CARTESIAN_POINT ( 'NONE',  ( 20.99999999999990052, 11.00000000000000000, -34.49999999999998579 ) ) ;
#10490 = VERTEX_POINT ( 'NONE', #2100 ) ;
#10491 = CARTESIAN_POINT ( 'NONE',  ( 28.52132034355965473, 11.00000000000000000, -5.479898987322321169 ) ) ;
#10492 = DIRECTION ( 'NONE',  ( 1.000000000000000000, 0.000000000000000000, 4.408413623863775552E-15 ) ) ;
#10493 = ORIENTED_EDGE ( 'NONE', *, *, #6685, .T. ) ;
#10494 = ORIENTED_EDGE ( 'NONE', *, *, #9426, .F. ) ;
#10495 = CARTESIAN_POINT ( 'NONE',  ( 5.200000000000024158, 11.00000000000000000, -5.200000000000043698 ) ) ;
#10496 = DIRECTION ( 'NONE',  ( -0.000000000000000000, -1.000000000000000000, -0.000000000000000000 ) ) ;
#10497 = CIRCLE ( 'NONE', #9881, 0.9999999999999974465 ) ;
#10498 = DIRECTION ( 'NONE',  ( 0.000000000000000000, 0.000000000000000000, 1.000000000000000000 ) ) ;
#10499 = CIRCLE ( 'NONE', #166, 1.000000000000000888 ) ;
#10500 = DIRECTION ( 'NONE',  ( -0.7071067811865513475, 0.000000000000000000, 0.7071067811865435759 ) ) ;
#10501 = EDGE_CURVE ( 'NONE', #1919, #419, #9835, .T. ) ;
#10502 = DIRECTION ( 'NONE',  ( 0.000000000000000000, -0.000000000000000000, 1.000000000000000000 ) ) ;
#10503 = EDGE_CURVE ( 'NONE', #7298, #6161, #11016, .T. ) ;
#10504 = ORIENTED_EDGE ( 'NONE', *, *, #8441, .T. ) ;
#10505 = ORIENTED_EDGE ( 'NONE', *, *, #9376, .T. ) ;
#10506 = DIRECTION ( 'NONE',  ( -0.000000000000000000, -1.000000000000000000, -0.000000000000000000 ) ) ;
#10507 = DIRECTION ( 'NONE',  ( 0.000000000000000000, 0.000000000000000000, -1.000000000000000000 ) ) ;
#10508 = AXIS2_PLACEMENT_3D ( 'NONE', #11053, #2392, #6101 ) ;
#10509 = CARTESIAN_POINT ( 'NONE',  ( 67.99999999999997158, 2.000000000000000000, -17.49999999999996447 ) ) ;
#10510 = VERTEX_POINT ( 'NONE', #3166 ) ;
#10511 = EDGE_CURVE ( 'NONE', #12041, #1629, #7020, .T. ) ;
#10512 = EDGE_CURVE ( 'NONE', #3471, #4298, #2165, .T. ) ;
#10513 = FACE_BOUND ( 'NONE', #9635, .T. ) ;
#10514 = CYLINDRICAL_SURFACE ( 'NONE', #9852, 1.000000000000000888 ) ;
#10515 = ORIENTED_EDGE ( 'NONE', *, *, #889, .T. ) ;
#10516 = EDGE_CURVE ( 'NONE', #11067, #10475, #3974, .T. ) ;
#10517 = CARTESIAN_POINT ( 'NONE',  ( 73.50000000000000000, 2.000000000000000000, -43.50000000000000000 ) ) ;
#10518 = LINE ( 'NONE', #3206, #6920 ) ;
#10519 = DIRECTION ( 'NONE',  ( 0.000000000000000000, 0.000000000000000000, 1.000000000000000000 ) ) ;
#10520 = ORIENTED_EDGE ( 'NONE', *, *, #10151, .F. ) ;
#10521 = FACE_OUTER_BOUND ( 'NONE', #8016, .T. ) ;
#10522 = DIRECTION ( 'NONE',  ( 0.000000000000000000, -1.000000000000000000, 0.000000000000000000 ) ) ;
#10523 = ADVANCED_FACE ( 'NONE', ( #9061 ), #4239, .T. ) ;
#10524 = CARTESIAN_POINT ( 'NONE',  ( 31.91482322781366676, 9.799999999999998934, -31.91482322781412506 ) ) ;
#10525 = CARTESIAN_POINT ( 'NONE',  ( 63.49999999999995737, 11.00000000000000000, -25.49999999999992895 ) ) ;
#10526 = EDGE_CURVE ( 'NONE', #2329, #5021, #939, .T. ) ;
#10527 = EDGE_LOOP ( 'NONE', ( #5067, #1376, #3767, #1499 ) ) ;
#10528 = ADVANCED_FACE ( 'NONE', ( #2360 ), #8996, .T. ) ;
#10529 = CARTESIAN_POINT ( 'NONE',  ( 59.00000000000001421, 2.000000000000000000, -12.99999999999990052 ) ) ;
#10530 = CYLINDRICAL_SURFACE ( 'NONE', #6899, 3.000000000000002665 ) ;
#10531 = EDGE_LOOP ( 'NONE', ( #4503, #4549, #3109, #281 ) ) ;
#10532 = DIRECTION ( 'NONE',  ( 0.000000000000000000, 0.000000000000000000, 1.000000000000000000 ) ) ;
#10533 = CARTESIAN_POINT ( 'NONE',  ( 26.50000000000000000, 11.00000000000000000, -5.099999999999993427 ) ) ;
#10534 = EDGE_CURVE ( 'NONE', #4469, #1333, #7073, .T. ) ;
#10535 = EDGE_LOOP ( 'NONE', ( #6091, #4134, #7898, #2233 ) ) ;
#10536 = EDGE_LOOP ( 'NONE', ( #3079, #9400, #2812, #10439 ) ) ;
#10537 = ORIENTED_EDGE ( 'NONE', *, *, #4169, .F. ) ;
#10538 = FACE_OUTER_BOUND ( 'NONE', #6331, .T. ) ;
#10539 = CARTESIAN_POINT ( 'NONE',  ( 7.499999999999992895, 11.00000000000000000, -21.99999999999989697 ) ) ;
#10540 = AXIS2_PLACEMENT_3D ( 'NONE', #34, #165, #3077 ) ;
#10541 = CYLINDRICAL_SURFACE ( 'NONE', #4729, 0.9999999999999974465 ) ;
#10542 = CARTESIAN_POINT ( 'NONE',  ( 51.26776695296635467, 11.00000000000000000, -9.087362902255675223 ) ) ;
#10543 = EDGE_CURVE ( 'NONE', #5685, #10018, #2574, .T. ) ;
#10544 = VERTEX_POINT ( 'NONE', #5265 ) ;
#10545 = ADVANCED_FACE ( 'NONE', ( #3992 ), #176, .T. ) ;
#10546 = DIRECTION ( 'NONE',  ( -0.000000000000000000, 1.000000000000000000, -0.000000000000000000 ) ) ;
#10547 = DIRECTION ( 'NONE',  ( 0.000000000000000000, 1.000000000000000000, 0.000000000000000000 ) ) ;
#10548 = VERTEX_POINT ( 'NONE', #4109 ) ;
#10549 = CARTESIAN_POINT ( 'NONE',  ( 7.500000000000007105, 11.00000000000000000, -17.49999999999990052 ) ) ;
#10550 = LINE ( 'NONE', #847, #1276 ) ;
#10551 = ORIENTED_EDGE ( 'NONE', *, *, #7509, .T. ) ;
#10552 = ORIENTED_EDGE ( 'NONE', *, *, #6107, .T. ) ;
#10553 = DIRECTION ( 'NONE',  ( 0.000000000000000000, 0.000000000000000000, 1.000000000000000000 ) ) ;
#10554 = DIRECTION ( 'NONE',  ( 0.000000000000000000, 1.000000000000000000, 0.000000000000000000 ) ) ;
#10555 = DIRECTION ( 'NONE',  ( -0.000000000000000000, -1.000000000000000000, -0.000000000000000000 ) ) ;
#10556 = DIRECTION ( 'NONE',  ( 0.000000000000000000, 0.000000000000000000, 1.000000000000000000 ) ) ;
#10557 = VECTOR ( 'NONE', #8256, 1000.000000000000000 ) ;
#10558 = APPROVAL_STATUS ( 'not_yet_approved' ) ;
#10559 = DIRECTION ( 'NONE',  ( 0.000000000000000000, 1.000000000000000000, 0.000000000000000000 ) ) ;
#10560 = VERTEX_POINT ( 'NONE', #307 ) ;
#10561 = ORIENTED_EDGE ( 'NONE', *, *, #1459, .F. ) ;
#10562 = DIRECTION ( 'NONE',  ( -0.000000000000000000, -1.000000000000000000, -0.000000000000000000 ) ) ;
#10563 = CARTESIAN_POINT ( 'NONE',  ( 71.48517677218623589, 11.00000000000000000, 8.514823227813852924 ) ) ;
#10564 = AXIS2_PLACEMENT_3D ( 'NONE', #2478, #6072, #11972 ) ;
#10565 = CARTESIAN_POINT ( 'NONE',  ( 63.99446968344227571, 11.00000000000000000, -45.26776695296638309 ) ) ;
#10566 = AXIS2_PLACEMENT_3D ( 'NONE', #11072, #2280, #11840 ) ;
#10567 = ORIENTED_EDGE ( 'NONE', *, *, #1180, .T. ) ;
#10568 = DIRECTION ( 'NONE',  ( -0.000000000000000000, -1.000000000000000000, -0.000000000000000000 ) ) ;
#10569 = CYLINDRICAL_SURFACE ( 'NONE', #1965, 0.9999999999999974465 ) ;
#10570 = ORIENTED_EDGE ( 'NONE', *, *, #214, .F. ) ;
#10571 = VECTOR ( 'NONE', #7250, 1000.000000000000000 ) ;
#10572 = DIRECTION ( 'NONE',  ( 0.000000000000000000, 1.000000000000000000, 0.000000000000000000 ) ) ;
#10573 = DIRECTION ( 'NONE',  ( 0.000000000000000000, 1.000000000000000000, 0.000000000000000000 ) ) ;
#10574 = CARTESIAN_POINT ( 'NONE',  ( 53.50000000000000000, 11.00000000000000000, -5.099999999999996980 ) ) ;
#10575 = CARTESIAN_POINT ( 'NONE',  ( 72.49999999999990052, 11.00000000000000000, -34.49999999999998579 ) ) ;
#10576 = DIRECTION ( 'NONE',  ( 0.000000000000000000, 0.000000000000000000, 1.000000000000000000 ) ) ;
#10577 = CIRCLE ( 'NONE', #6507, 0.9999999999999974465 ) ;
#10578 = EDGE_CURVE ( 'NONE', #2263, #1531, #11730, .T. ) ;
#10579 = DIRECTION ( 'NONE',  ( 0.000000000000000000, 0.000000000000000000, -1.000000000000000000 ) ) ;
#10580 = AXIS2_PLACEMENT_3D ( 'NONE', #4020, #1228, #1168 ) ;
#10581 = EDGE_CURVE ( 'NONE', #12417, #6029, #4171, .T. ) ;
#10582 = LINE ( 'NONE', #5993, #7154 ) ;
#10583 = CARTESIAN_POINT ( 'NONE',  ( 67.99999999999992895, 11.00000000000000000, -30.99999999999995381 ) ) ;
#10584 = ORIENTED_EDGE ( 'NONE', *, *, #10811, .F. ) ;
#10585 = CARTESIAN_POINT ( 'NONE',  ( 53.45857864376280588, 9.799999999999998934, -43.30000000000000426 ) ) ;
#10586 = DIRECTION ( 'NONE',  ( -1.315205372940911737E-16, 0.000000000000000000, 1.000000000000000000 ) ) ;
#10587 = ORIENTED_EDGE ( 'NONE', *, *, #5120, .T. ) ;
#10588 = CIRCLE ( 'NONE', #8575, 0.9999999999999974465 ) ;
#10589 = CARTESIAN_POINT ( 'NONE',  ( 40.99999999999999289, 11.00000000000000000, -46.00000000000000000 ) ) ;
#10590 = CARTESIAN_POINT ( 'NONE',  ( -3.352801296355077785E-17, 9.799999999999998934, -1.000000000000003553 ) ) ;
#10591 = ORIENTED_EDGE ( 'NONE', *, *, #11375, .F. ) ;
#10592 = EDGE_LOOP ( 'NONE', ( #11354, #1265 ) ) ;
#10593 = ORIENTED_EDGE ( 'NONE', *, *, #10749, .T. ) ;
#10594 = DIRECTION ( 'NONE',  ( 0.000000000000000000, 1.000000000000000000, 0.000000000000000000 ) ) ;
#10595 = ADVANCED_FACE ( 'NONE', ( #6068 ), #7909, .T. ) ;
#10596 = PLANE ( 'NONE',  #11243 ) ;
#10597 = EDGE_CURVE ( 'NONE', #10813, #7405, #1205, .T. ) ;
#10598 = ORIENTED_EDGE ( 'NONE', *, *, #7545, .F. ) ;
#10599 = CIRCLE ( 'NONE', #10194, 0.9999999999999974465 ) ;
#10600 = AXIS2_PLACEMENT_3D ( 'NONE', #3613, #878, #11330 ) ;
#10601 = CYLINDRICAL_SURFACE ( 'NONE', #484, 1.000000000000000888 ) ;
#10602 = CARTESIAN_POINT ( 'NONE',  ( 63.49999999999994316, 2.000000000000000000, -29.99999999999992539 ) ) ;
#10603 = EDGE_LOOP ( 'NONE', ( #8636, #11169, #1150, #7079 ) ) ;
#10604 = DIRECTION ( 'NONE',  ( 0.000000000000000000, 1.000000000000000000, 0.000000000000000000 ) ) ;
#10605 = LINE ( 'NONE', #4840, #3392 ) ;
#10606 = CARTESIAN_POINT ( 'NONE',  ( 20.99999999999994316, 2.000000000000000000, -25.49999999999999289 ) ) ;
#10607 = VECTOR ( 'NONE', #3146, 1000.000000000000000 ) ;
#10608 = VERTEX_POINT ( 'NONE', #8044 ) ;
#10609 = FACE_OUTER_BOUND ( 'NONE', #11857, .T. ) ;
#10610 = CARTESIAN_POINT ( 'NONE',  ( 20.99999999999998224, 11.00000000000000000, -11.99999999999999645 ) ) ;
#10611 = ORIENTED_EDGE ( 'NONE', *, *, #3012, .T. ) ;
#10612 = AXIS2_PLACEMENT_3D ( 'NONE', #2183, #4009, #5158 ) ;
#10613 = DIRECTION ( 'NONE',  ( -0.000000000000000000, -1.000000000000000000, -0.000000000000000000 ) ) ;
#10614 = AXIS2_PLACEMENT_3D ( 'NONE', #1405, #6138, #5270 ) ;
#10615 = CYLINDRICAL_SURFACE ( 'NONE', #11580, 0.9999999999999974465 ) ;
#10616 = EDGE_CURVE ( 'NONE', #1828, #6355, #7602, .T. ) ;
#10617 = DIRECTION ( 'NONE',  ( 0.000000000000000000, 1.000000000000000000, 0.000000000000000000 ) ) ;
#10618 = ADVANCED_FACE ( 'NONE', ( #8359 ), #2417, .T. ) ;
#10619 = EDGE_CURVE ( 'NONE', #6686, #3346, #11046, .T. ) ;
#10620 = CIRCLE ( 'NONE', #12419, 2.800000000000002043 ) ;
#10621 = DIRECTION ( 'NONE',  ( 0.000000000000000000, 0.000000000000000000, 1.000000000000000000 ) ) ;
#10622 = AXIS2_PLACEMENT_3D ( 'NONE', #923, #8780, #5738 ) ;
#10624 = AXIS2_PLACEMENT_3D ( 'NONE', #9797, #3786, #933 ) ;
#10623 = LINE ( 'NONE', #7635, #11641 ) ;
#10625 = APPROVAL_ROLE ( '' ) ;
#10626 = EDGE_CURVE ( 'NONE', #5810, #7794, #1530, .T. ) ;
#10627 = DIRECTION ( 'NONE',  ( -0.000000000000000000, -1.000000000000000000, -0.000000000000000000 ) ) ;
#10628 = ORIENTED_EDGE ( 'NONE', *, *, #9119, .T. ) ;
#10629 = ORIENTED_EDGE ( 'NONE', *, *, #11116, .T. ) ;
#10630 = AXIS2_PLACEMENT_3D ( 'NONE', #11993, #7359, #527 ) ;
#10631 = CARTESIAN_POINT ( 'NONE',  ( 16.49999999999997868, 2.000000000000000000, -16.49999999999996447 ) ) ;
#10632 = DIRECTION ( 'NONE',  ( 0.000000000000000000, 0.000000000000000000, 1.000000000000000000 ) ) ;
#10633 = AXIS2_PLACEMENT_3D ( 'NONE', #10486, #4462, #4596 ) ;
#10634 = EDGE_CURVE ( 'NONE', #9662, #10192, #12457, .T. ) ;
#10635 = CARTESIAN_POINT ( 'NONE',  ( 65.76223663640863037, -21.88036781070453785, -43.50000000000000711 ) ) ;
#10636 = ORIENTED_EDGE ( 'NONE', *, *, #9711, .F. ) ;
#10637 = CIRCLE ( 'NONE', #11227, 2.799999999999969180 ) ;
#10638 = AXIS2_PLACEMENT_3D ( 'NONE', #9952, #3381, #3240 ) ;
#10639 = CARTESIAN_POINT ( 'NONE',  ( 48.49999999999999289, 2.000000000000000000, -29.99999999999992895 ) ) ;
#10640 = DIRECTION ( 'NONE',  ( -0.000000000000000000, -1.000000000000000000, -0.000000000000000000 ) ) ;
#10641 = EDGE_LOOP ( 'NONE', ( #10873, #10412, #4555, #8086 ) ) ;
#10642 = LINE ( 'NONE', #5826, #2398 ) ;
#10643 = CARTESIAN_POINT ( 'NONE',  ( 27.36984848098341416, 9.799999999999998934, -38.50000000000000711 ) ) ;
#10644 = DIRECTION ( 'NONE',  ( -0.000000000000000000, -1.000000000000000000, -0.000000000000000000 ) ) ;
#10645 = CARTESIAN_POINT ( 'NONE',  ( 72.50000000000000000, 11.00000000000000000, -7.500000000000000000 ) ) ;
#10646 = FACE_OUTER_BOUND ( 'NONE', #6776, .T. ) ;
#10647 = AXIS2_PLACEMENT_3D ( 'NONE', #504, #12034, #11193 ) ;
#10648 = CIRCLE ( 'NONE', #530, 1.000000000000000888 ) ;
#10649 = FACE_OUTER_BOUND ( 'NONE', #6505, .T. ) ;
#10650 = EDGE_LOOP ( 'NONE', ( #5177, #6912, #11161, #1017 ) ) ;
#10651 = EDGE_CURVE ( 'NONE', #9315, #11731, #7806, .T. ) ;
#10652 = CYLINDRICAL_SURFACE ( 'NONE', #6616, 0.9999999999999974465 ) ;
#10653 = AXIS2_PLACEMENT_3D ( 'NONE', #8798, #10823, #6061 ) ;
#10654 = CARTESIAN_POINT ( 'NONE',  ( 67.99999999999997158, 11.00000000000000000, -16.49999999999996447 ) ) ;
#10655 = CARTESIAN_POINT ( 'NONE',  ( 35.49999999999999289, 11.00000000000000000, -7.499999999999963585 ) ) ;
#10656 = CARTESIAN_POINT ( 'NONE',  ( 26.50000000000000000, -21.88036781070453785, -43.39999999999999858 ) ) ;
#10657 = ADVANCED_FACE ( 'NONE', ( #2545 ), #429, .T. ) ;
#10658 = EDGE_LOOP ( 'NONE', ( #11800, #3586, #9467, #12303 ) ) ;
#10659 = ORIENTED_EDGE ( 'NONE', *, *, #4686, .F. ) ;
#10660 = ORIENTED_EDGE ( 'NONE', *, *, #1610, .F. ) ;
#10661 = DIRECTION ( 'NONE',  ( -0.000000000000000000, -1.000000000000000000, -0.000000000000000000 ) ) ;
#10662 = FACE_OUTER_BOUND ( 'NONE', #606, .T. ) ;
#10663 = ORIENTED_EDGE ( 'NONE', *, *, #1524, .F. ) ;
#10664 = AXIS2_PLACEMENT_3D ( 'NONE', #11035, #452, #10146 ) ;
#10665 = DIRECTION ( 'NONE',  ( -0.000000000000000000, -1.000000000000000000, -0.000000000000000000 ) ) ;
#10666 = DIRECTION ( 'NONE',  ( 0.000000000000000000, -0.000000000000000000, 1.000000000000000000 ) ) ;
#10667 = VERTEX_POINT ( 'NONE', #7330 ) ;
#10668 = CARTESIAN_POINT ( 'NONE',  ( 11.99999999999997513, 2.000000000000000000, -19.99999999999993605 ) ) ;
#10669 = ADVANCED_FACE ( 'NONE', ( #6316 ), #6256, .T. ) ;
#10670 = DIRECTION ( 'NONE',  ( 0.000000000000000000, 1.000000000000000000, 0.000000000000000000 ) ) ;
#10671 = ORIENTED_EDGE ( 'NONE', *, *, #9711, .T. ) ;
#10672 = FACE_OUTER_BOUND ( 'NONE', #11579, .T. ) ;
#10673 = ORIENTED_EDGE ( 'NONE', *, *, #3377, .F. ) ;
#10674 = CARTESIAN_POINT ( 'NONE',  ( 72.49999999999988631, 11.00000000000000000, -38.99999999999998579 ) ) ;
#10675 = CARTESIAN_POINT ( 'NONE',  ( 35.49999999999999289, 2.000000000000000000, -34.49999999999996447 ) ) ;
#10676 = EDGE_CURVE ( 'NONE', #9404, #761, #4994, .T. ) ;
#10677 = VERTEX_POINT ( 'NONE', #4490 ) ;
#10678 = CIRCLE ( 'NONE', #968, 0.9999999999999974465 ) ;
#10679 = DIRECTION ( 'NONE',  ( 0.000000000000000000, 0.000000000000000000, 1.000000000000000000 ) ) ;
#10680 = CIRCLE ( 'NONE', #11729, 2.799999999999990052 ) ;
#10681 = FACE_BOUND ( 'NONE', #377, .T. ) ;
#10682 = AXIS2_PLACEMENT_3D ( 'NONE', #10888, #7071, #11843 ) ;
#10683 = CARTESIAN_POINT ( 'NONE',  ( 72.49999999999988631, 11.00000000000000000, -38.99999999999998579 ) ) ;
#10684 = EDGE_LOOP ( 'NONE', ( #11827, #8984, #2229, #4618 ) ) ;
#10685 = LINE ( 'NONE', #1879, #1316 ) ;
#10686 = DIRECTION ( 'NONE',  ( 0.000000000000000000, 1.000000000000000000, 0.000000000000000000 ) ) ;
#10687 = EDGE_CURVE ( 'NONE', #5133, #9930, #12068, .T. ) ;
#10688 = VECTOR ( 'NONE', #4005, 1000.000000000000000 ) ;
#10689 = CARTESIAN_POINT ( 'NONE',  ( 35.49999999999999289, 11.00000000000000000, -15.49999999999996447 ) ) ;
#10690 = ORIENTED_EDGE ( 'NONE', *, *, #8460, .T. ) ;
#10691 = EDGE_CURVE ( 'NONE', #5258, #555, #11259, .T. ) ;
#10692 = EDGE_CURVE ( 'NONE', #2046, #8386, #1957, .T. ) ;
#10693 = ORIENTED_EDGE ( 'NONE', *, *, #8530, .F. ) ;
#10694 = CARTESIAN_POINT ( 'NONE',  ( 12.00000000000000355, 11.00000000000000000, -12.99999999999993250 ) ) ;
#10695 = CARTESIAN_POINT ( 'NONE',  ( 20.87751981923999267, 9.799999999999998934, -1.878739150121992108 ) ) ;
#10696 = EDGE_CURVE ( 'NONE', #2421, #2882, #2604, .T. ) ;
#10697 = AXIS2_PLACEMENT_3D ( 'NONE', #10517, #7586, #8675 ) ;
#10698 = DIRECTION ( 'NONE',  ( 0.000000000000000000, 1.000000000000000000, 0.000000000000000000 ) ) ;
#10699 = ORIENTED_EDGE ( 'NONE', *, *, #10432, .F. ) ;
#10700 = ORIENTED_EDGE ( 'NONE', *, *, #9059, .F. ) ;
#10701 = PLANE ( 'NONE',  #4829 ) ;
#10702 = EDGE_CURVE ( 'NONE', #11055, #3233, #5198, .T. ) ;
#10703 = AXIS2_PLACEMENT_3D ( 'NONE', #8918, #5001, #291 ) ;
#10704 = CARTESIAN_POINT ( 'NONE',  ( 63.50000000000000000, 2.000000000000000000, -11.99999999999993427 ) ) ;
#10705 = DIRECTION ( 'NONE',  ( -0.000000000000000000, 1.000000000000000000, -0.000000000000000000 ) ) ;
#10706 = EDGE_LOOP ( 'NONE', ( #9020, #977, #4713, #12061 ) ) ;
#10707 = EDGE_CURVE ( 'NONE', #6979, #9807, #7613, .T. ) ;
#10708 = EDGE_CURVE ( 'NONE', #5693, #119, #3380, .T. ) ;
#10709 = DIRECTION ( 'NONE',  ( 0.000000000000000000, 0.000000000000000000, 1.000000000000000000 ) ) ;
#10710 = CARTESIAN_POINT ( 'NONE',  ( 31.50000000000000711, 2.000000000000000000, -29.99999999999997158 ) ) ;
#10711 = LINE ( 'NONE', #8926, #4571 ) ;
#10712 = CARTESIAN_POINT ( 'NONE',  ( 16.00553031655771719, 2.000000000000000000, -45.26776695296636888 ) ) ;
#10713 = AXIS2_PLACEMENT_3D ( 'NONE', #8581, #8399, #9589 ) ;
#10714 = DIRECTION ( 'NONE',  ( 0.000000000000000000, 0.000000000000000000, 1.000000000000000000 ) ) ;
#10715 = ORIENTED_EDGE ( 'NONE', *, *, #5261, .F. ) ;
#10716 = DIRECTION ( 'NONE',  ( 0.000000000000000000, 1.000000000000000000, 0.000000000000000000 ) ) ;
#10717 = DIRECTION ( 'NONE',  ( 0.000000000000000000, 1.000000000000000000, 0.000000000000000000 ) ) ;
#10718 = CARTESIAN_POINT ( 'NONE',  ( 35.49999999999999289, 11.00000000000000000, -34.49999999999996447 ) ) ;
#10719 = CARTESIAN_POINT ( 'NONE',  ( 20.99999999999994316, 11.00000000000000000, -25.49999999999999289 ) ) ;
#10720 = ORIENTED_EDGE ( 'NONE', *, *, #4333, .F. ) ;
#10721 = ORIENTED_EDGE ( 'NONE', *, *, #7941, .F. ) ;
#10722 = ORIENTED_EDGE ( 'NONE', *, *, #10960, .F. ) ;
#10723 = DIRECTION ( 'NONE',  ( 1.000000000000000000, 0.000000000000000000, 0.000000000000000000 ) ) ;
#10724 = CARTESIAN_POINT ( 'NONE',  ( 49.49939033455935800, 11.00000000000000000, -30.50060966544101149 ) ) ;
#10725 = CARTESIAN_POINT ( 'NONE',  ( 53.50000000000000000, 11.00000000000000000, -43.39999999999999858 ) ) ;
#10726 = CYLINDRICAL_SURFACE ( 'NONE', #7582, 1.700000000000000178 ) ;
#10727 = ORIENTED_EDGE ( 'NONE', *, *, #4168, .T. ) ;
#10728 = FACE_OUTER_BOUND ( 'NONE', #7914, .T. ) ;
#10729 = CARTESIAN_POINT ( 'NONE',  ( 20.99999999999998224, 2.000000000000000000, -11.99999999999999645 ) ) ;
#10730 = ORIENTED_EDGE ( 'NONE', *, *, #2081, .T. ) ;
#10731 = CARTESIAN_POINT ( 'NONE',  ( 48.49999999999999289, 11.00000000000000000, -20.99999999999992895 ) ) ;
#10732 = ORIENTED_EDGE ( 'NONE', *, *, #2573, .F. ) ;
#10733 = DIRECTION ( 'NONE',  ( 1.000000000000000000, -0.000000000000000000, 0.000000000000000000 ) ) ;
#10734 = CARTESIAN_POINT ( 'NONE',  ( 44.50000000000000000, 2.000000000000000000, -38.99999999999994316 ) ) ;
#10735 = VERTEX_POINT ( 'NONE', #2666 ) ;
#10736 = CYLINDRICAL_SURFACE ( 'NONE', #10816, 0.9999999999999974465 ) ;
#10737 = LINE ( 'NONE', #266, #9164 ) ;
#10738 = AXIS2_PLACEMENT_3D ( 'NONE', #107, #3983, #7839 ) ;
#10739 = CARTESIAN_POINT ( 'NONE',  ( 63.49999999999997158, 11.00000000000000000, -21.99999999999992895 ) ) ;
#10740 = EDGE_CURVE ( 'NONE', #573, #8340, #8237, .T. ) ;
#10741 = CARTESIAN_POINT ( 'NONE',  ( 20.99999999999995737, 11.00000000000000000, -20.99999999999999289 ) ) ;
#10742 = EDGE_CURVE ( 'NONE', #9078, #1414, #9250, .T. ) ;
#10743 = DIRECTION ( 'NONE',  ( -0.000000000000000000, -1.000000000000000000, -0.000000000000000000 ) ) ;
#10744 = CARTESIAN_POINT ( 'NONE',  ( 45.26776695296636888, -21.88036781070453785, -43.00553031655771719 ) ) ;
#10745 = ORIENTED_EDGE ( 'NONE', *, *, #10070, .T. ) ;
#10746 = EDGE_LOOP ( 'NONE', ( #2792, #10933 ) ) ;
#10747 = CARTESIAN_POINT ( 'NONE',  ( 72.50000000000000000, 2.000000000000000000, -7.500000000000000000 ) ) ;
#10748 = CARTESIAN_POINT ( 'NONE',  ( 55.00000000000000000, 11.00000000000000000, -10.85512985522207607 ) ) ;
#10749 = EDGE_CURVE ( 'NONE', #3434, #10896, #4292, .T. ) ;
#10750 = FACE_OUTER_BOUND ( 'NONE', #10684, .T. ) ;
#10751 = EDGE_CURVE ( 'NONE', #441, #9612, #337, .T. ) ;
#10752 = ORIENTED_EDGE ( 'NONE', *, *, #10687, .F. ) ;
#10753 = EDGE_CURVE ( 'NONE', #1426, #3167, #7406, .T. ) ;
#10754 = VECTOR ( 'NONE', #4842, 1000.000000000000000 ) ;
#10755 = DIRECTION ( 'NONE',  ( -0.000000000000000000, 1.000000000000000000, -0.000000000000000000 ) ) ;
#10756 = CARTESIAN_POINT ( 'NONE',  ( 35.49999999999999289, 11.00000000000000000, -35.49999999999996447 ) ) ;
#10757 = CARTESIAN_POINT ( 'NONE',  ( 18.75619947568033652, 11.00000000000000000, -4.000059493681638045 ) ) ;
#10758 = ORIENTED_EDGE ( 'NONE', *, *, #9652, .F. ) ;
#10759 = EDGE_CURVE ( 'NONE', #11763, #11096, #5210, .T. ) ;
#10760 = ADVANCED_FACE ( 'NONE', ( #1772 ), #2844, .T. ) ;
#10761 = CIRCLE ( 'NONE', #12365, 2.800000000000002043 ) ;
#10762 = DIRECTION ( 'NONE',  ( 1.000000000000000000, 0.000000000000000000, -4.818676322157797621E-17 ) ) ;
#10763 = CARTESIAN_POINT ( 'NONE',  ( 9.900000000000009237, 5.000000000000000888, 1.114428587224088704E-15 ) ) ;
#10764 = CARTESIAN_POINT ( 'NONE',  ( 7.499999999999958256, 11.00000000000000000, -30.99999999999989342 ) ) ;
#10765 = ADVANCED_FACE ( 'NONE', ( #5824 ), #4868, .T. ) ;
#10766 = CARTESIAN_POINT ( 'NONE',  ( 31.50000000000000711, 2.000000000000000000, -33.49999999999996447 ) ) ;
#10767 = VECTOR ( 'NONE', #4048, 1000.000000000000000 ) ;
#10768 = ADVANCED_FACE ( 'NONE', ( #4622 ), #2791, .T. ) ;
#10769 = AXIS2_PLACEMENT_3D ( 'NONE', #9499, #697, #8362 ) ;
#10770 = EDGE_CURVE ( 'NONE', #11528, #4830, #2906, .T. ) ;
#10771 = CARTESIAN_POINT ( 'NONE',  ( 44.50000000000000000, 2.000000000000000000, -7.499999999999941380 ) ) ;
#10772 = EDGE_LOOP ( 'NONE', ( #8762, #1346, #963, #9509 ) ) ;
#10773 = DIRECTION ( 'NONE',  ( 0.000000000000000000, 0.000000000000000000, 1.000000000000000000 ) ) ;
#10774 = DIRECTION ( 'NONE',  ( 0.000000000000000000, 0.000000000000000000, 1.000000000000000000 ) ) ;
#10775 = ORIENTED_EDGE ( 'NONE', *, *, #12320, .T. ) ;
#10776 = AXIS2_PLACEMENT_3D ( 'NONE', #6790, #5727, #9594 ) ;
#10777 = FACE_OUTER_BOUND ( 'NONE', #10230, .T. ) ;
#10778 = CARTESIAN_POINT ( 'NONE',  ( 35.49999999999999289, 2.000000000000000000, -12.99999999999995914 ) ) ;
#10779 = ORIENTED_EDGE ( 'NONE', *, *, #9178, .T. ) ;
#10780 = ORIENTED_EDGE ( 'NONE', *, *, #9964, .F. ) ;
#10781 = ORIENTED_EDGE ( 'NONE', *, *, #5114, .F. ) ;
#10782 = CARTESIAN_POINT ( 'NONE',  ( 35.49999999999999289, 11.00000000000000000, -25.49999999999996092 ) ) ;
#10783 = CIRCLE ( 'NONE', #1064, 3.599999999999997424 ) ;
#10784 = DIRECTION ( 'NONE',  ( 0.000000000000000000, 1.000000000000000000, 0.000000000000000000 ) ) ;
#10785 = ADVANCED_FACE ( 'NONE', ( #11518 ), #6634, .T. ) ;
#10786 = ORIENTED_EDGE ( 'NONE', *, *, #10811, .T. ) ;
#10787 = DIRECTION ( 'NONE',  ( 0.000000000000000000, 0.000000000000000000, 1.000000000000000000 ) ) ;
#10788 = DIRECTION ( 'NONE',  ( 0.000000000000000000, 0.000000000000000000, 1.000000000000000000 ) ) ;
#10789 = AXIS2_PLACEMENT_3D ( 'NONE', #3585, #12368, #7683 ) ;
#10790 = CARTESIAN_POINT ( 'NONE',  ( 72.49999999999990052, 11.00000000000000000, -34.49999999999998579 ) ) ;
#10791 = CARTESIAN_POINT ( 'NONE',  ( 72.49999999999995737, 11.00000000000000000, -20.99999999999999289 ) ) ;
#10792 = ORIENTED_EDGE ( 'NONE', *, *, #5336, .T. ) ;
#10793 = CARTESIAN_POINT ( 'NONE',  ( 65.47228714274750416, 11.00000000000000000, -47.19999999999998863 ) ) ;
#10794 = ORIENTED_EDGE ( 'NONE', *, *, #8102, .F. ) ;
#10795 = DIRECTION ( 'NONE',  ( 0.000000000000000000, 0.000000000000000000, 1.000000000000000000 ) ) ;
#10796 = PLANE ( 'NONE',  #8960 ) ;
#10797 = ORIENTED_EDGE ( 'NONE', *, *, #202, .F. ) ;
#10798 = DIRECTION ( 'NONE',  ( -0.000000000000000000, -1.000000000000000000, -0.000000000000000000 ) ) ;
#10799 = CARTESIAN_POINT ( 'NONE',  ( 52.00000000000000000, 11.00000000000000000, -10.85512985522205121 ) ) ;
#10800 = EDGE_CURVE ( 'NONE', #7187, #7737, #7413, .T. ) ;
#10801 = DIRECTION ( 'NONE',  ( -0.000000000000000000, -1.000000000000000000, -0.000000000000000000 ) ) ;
#10802 = VECTOR ( 'NONE', #2830, 1000.000000000000000 ) ;
#10803 = AXIS2_PLACEMENT_3D ( 'NONE', #5949, #9759, #2175 ) ;
#10804 = FACE_OUTER_BOUND ( 'NONE', #4115, .T. ) ;
#10805 = CIRCLE ( 'NONE', #1089, 0.9999999999999974465 ) ;
#10806 = CARTESIAN_POINT ( 'NONE',  ( 48.49999999999999289, 11.00000000000000000, -10.99999999999993427 ) ) ;
#10807 = AXIS2_PLACEMENT_3D ( 'NONE', #71, #3824, #3948 ) ;
#10808 = CYLINDRICAL_SURFACE ( 'NONE', #10009, 1.000000000000000888 ) ;
#10809 = VERTEX_POINT ( 'NONE', #9435 ) ;
#10810 = CIRCLE ( 'NONE', #8379, 0.9999999999999974465 ) ;
#10811 = EDGE_CURVE ( 'NONE', #11736, #259, #8611, .T. ) ;
#10812 = CARTESIAN_POINT ( 'NONE',  ( 20.99999999999994316, 11.00000000000000000, -26.49999999999998934 ) ) ;
#10813 = VERTEX_POINT ( 'NONE', #3854 ) ;
#10814 = CARTESIAN_POINT ( 'NONE',  ( 16.49999999999995381, 2.000000000000000000, -26.49999999999995737 ) ) ;
#10815 = CARTESIAN_POINT ( 'NONE',  ( 46.39939033455912920, 9.799999999999998934, -46.39939033455902262 ) ) ;
#10816 = AXIS2_PLACEMENT_3D ( 'NONE', #2061, #265, #9022 ) ;
#10817 = CARTESIAN_POINT ( 'NONE',  ( 9.363351365238019142, 11.00000000000000000, 9.363351365237997825 ) ) ;
#10818 = AXIS2_PLACEMENT_3D ( 'NONE', #11713, #4800, #2837 ) ;
#10819 = ORIENTED_EDGE ( 'NONE', *, *, #7705, .T. ) ;
#10820 = DIRECTION ( 'NONE',  ( 0.000000000000000000, 1.000000000000000000, 0.000000000000000000 ) ) ;
#10821 = PLANE ( 'NONE',  #163 ) ;
#10822 = FACE_OUTER_BOUND ( 'NONE', #11157, .T. ) ;
#10823 = DIRECTION ( 'NONE',  ( -0.000000000000000000, -1.000000000000000000, -0.000000000000000000 ) ) ;
#10824 = AXIS2_PLACEMENT_3D ( 'NONE', #2570, #7172, #1487 ) ;
#10825 = ORIENTED_EDGE ( 'NONE', *, *, #9212, .F. ) ;
#10826 = ORIENTED_EDGE ( 'NONE', *, *, #8201, .F. ) ;
#10827 = CARTESIAN_POINT ( 'NONE',  ( 16.49999999999992539, 11.00000000000000000, -35.49999999999996447 ) ) ;
#10828 = ADVANCED_FACE ( 'NONE', ( #1006 ), #11457, .T. ) ;
#10829 = DIRECTION ( 'NONE',  ( 0.000000000000000000, 0.000000000000000000, 1.000000000000000000 ) ) ;
#10830 = DIRECTION ( 'NONE',  ( 1.000000000000000000, 0.000000000000000000, -2.011680777452959771E-16 ) ) ;
#10831 = CARTESIAN_POINT ( 'NONE',  ( 7.499999999999958256, 11.00000000000000000, -28.99999999999989697 ) ) ;
#10832 = AXIS2_PLACEMENT_3D ( 'NONE', #3552, #386, #11026 ) ;
#10833 = ORIENTED_EDGE ( 'NONE', *, *, #4348, .F. ) ;
#10834 = CARTESIAN_POINT ( 'NONE',  ( 59.00000000000001421, 11.00000000000000000, -11.99999999999990230 ) ) ;
#10835 = ORIENTED_EDGE ( 'NONE', *, *, #397, .F. ) ;
#10836 = FACE_OUTER_BOUND ( 'NONE', #4866, .T. ) ;
#10837 = FACE_OUTER_BOUND ( 'NONE', #6092, .T. ) ;
#10838 = VERTEX_POINT ( 'NONE', #3666 ) ;
#10839 = AXIS2_PLACEMENT_3D ( 'NONE', #10887, #2223, #10830 ) ;
#10840 = ADVANCED_FACE ( 'NONE', ( #7703 ), #10514, .T. ) ;
#10841 = DIRECTION ( 'NONE',  ( 0.000000000000000000, 0.000000000000000000, 1.000000000000000000 ) ) ;
#10842 = ADVANCED_FACE ( 'NONE', ( #2729 ), #10569, .T. ) ;
#10843 = ORIENTED_EDGE ( 'NONE', *, *, #5111, .T. ) ;
#10844 = ORIENTED_EDGE ( 'NONE', *, *, #6457, .T. ) ;
#10845 = AXIS2_PLACEMENT_3D ( 'NONE', #2560, #12116, #6393 ) ;
#10846 = ORIENTED_EDGE ( 'NONE', *, *, #10770, .F. ) ;
#10847 = DIRECTION ( 'NONE',  ( 0.7071067811865500152, 0.000000000000000000, -0.7071067811865450192 ) ) ;
#10848 = DIRECTION ( 'NONE',  ( 0.000000000000000000, 0.000000000000000000, 1.000000000000000000 ) ) ;
#10849 = AXIS2_PLACEMENT_3D ( 'NONE', #6404, #2631, #8202 ) ;
#10850 = DIRECTION ( 'NONE',  ( 0.000000000000000000, 1.000000000000000000, 0.000000000000000000 ) ) ;
#10851 = AXIS2_PLACEMENT_3D ( 'NONE', #1141, #11911, #6131 ) ;
#10852 = FACE_OUTER_BOUND ( 'NONE', #1702, .T. ) ;
#10853 = DIRECTION ( 'NONE',  ( 0.000000000000000000, 1.000000000000000000, 0.000000000000000000 ) ) ;
#10854 = DIRECTION ( 'NONE',  ( -0.000000000000000000, -1.000000000000000000, -0.000000000000000000 ) ) ;
#10855 = DIRECTION ( 'NONE',  ( 0.000000000000000000, 0.000000000000000000, 1.000000000000000000 ) ) ;
#10856 = ORIENTED_EDGE ( 'NONE', *, *, #775, .T. ) ;
#10857 = ADVANCED_FACE ( 'NONE', ( #1831 ), #5687, .F. ) ;
#10858 = CARTESIAN_POINT ( 'NONE',  ( 25.63015151901667465, 11.00000000000000000, -38.50000000000000711 ) ) ;
#10859 = DIRECTION ( 'NONE',  ( -0.000000000000000000, 1.000000000000000000, -0.000000000000000000 ) ) ;
#10860 = ORIENTED_EDGE ( 'NONE', *, *, #6885, .F. ) ;
#10861 = EDGE_LOOP ( 'NONE', ( #11043, #6793 ) ) ;
#10862 = ORIENTED_EDGE ( 'NONE', *, *, #8515, .F. ) ;
#10863 = DIRECTION ( 'NONE',  ( -0.000000000000000000, -1.000000000000000000, -0.000000000000000000 ) ) ;
#10864 = DIRECTION ( 'NONE',  ( 0.000000000000000000, 0.000000000000000000, 1.000000000000000000 ) ) ;
#10865 = DIRECTION ( 'NONE',  ( -0.000000000000000000, 1.000000000000000000, -0.000000000000000000 ) ) ;
#10866 = AXIS2_PLACEMENT_3D ( 'NONE', #11000, #2156, #9929 ) ;
#10867 = DIRECTION ( 'NONE',  ( -1.000000000000000000, 0.000000000000000000, 0.000000000000000000 ) ) ;
#10868 = CARTESIAN_POINT ( 'NONE',  ( 63.49999999999991473, 11.00000000000000000, -38.99999999999992184 ) ) ;
#10869 = AXIS2_PLACEMENT_3D ( 'NONE', #3309, #10092, #7999 ) ;
#10870 = CARTESIAN_POINT ( 'NONE',  ( 16.50000000000000711, 2.000000000000000000, -7.499999999999968914 ) ) ;
#10871 = VERTEX_POINT ( 'NONE', #4808 ) ;
#10872 = DIRECTION ( 'NONE',  ( 1.000000000000000000, -0.000000000000000000, 0.000000000000000000 ) ) ;
#10873 = ORIENTED_EDGE ( 'NONE', *, *, #8923, .F. ) ;
#10874 = DIRECTION ( 'NONE',  ( 0.000000000000000000, 0.000000000000000000, 1.000000000000000000 ) ) ;
#10875 = CARTESIAN_POINT ( 'NONE',  ( 0.000000000000000000, 9.799999999999998934, -47.19999999999999574 ) ) ;
#10876 = CARTESIAN_POINT ( 'NONE',  ( 63.49999999999992895, 11.00000000000000000, -34.49999999999992895 ) ) ;
#10877 = CIRCLE ( 'NONE', #3399, 0.9999999999999974465 ) ;
#10878 = CYLINDRICAL_SURFACE ( 'NONE', #5759, 0.9999999999999940048 ) ;
#10879 = CARTESIAN_POINT ( 'NONE',  ( 67.99999999999990052, 11.00000000000000000, -38.99999999999995026 ) ) ;
#10880 = CYLINDRICAL_SURFACE ( 'NONE', #644, 0.9999999999999974465 ) ;
#10881 = DIRECTION ( 'NONE',  ( 0.000000000000000000, 0.000000000000000000, -1.000000000000000000 ) ) ;
#10882 = ORIENTED_EDGE ( 'NONE', *, *, #5812, .T. ) ;
#10883 = CIRCLE ( 'NONE', #5026, 2.500000000000000444 ) ;
#10884 = ORIENTED_EDGE ( 'NONE', *, *, #9616, .T. ) ;
#10885 = CARTESIAN_POINT ( 'NONE',  ( 7.500000000000007105, 11.00000000000000000, -16.49999999999990408 ) ) ;
#10886 = CARTESIAN_POINT ( 'NONE',  ( 17.47746032555834361, 9.799999999999998934, -48.32132034355966965 ) ) ;
#10887 = CARTESIAN_POINT ( 'NONE',  ( -6.035042332358864028E-16, 9.799999999999998934, -2.999999999999992895 ) ) ;
#10888 = CARTESIAN_POINT ( 'NONE',  ( 16.49999999999992539, 11.00000000000000000, -34.49999999999996447 ) ) ;
#10889 = EDGE_CURVE ( 'NONE', #5424, #9904, #121, .T. ) ;
#10890 = AXIS2_PLACEMENT_3D ( 'NONE', #7501, #801, #3709 ) ;
#10891 = EDGE_CURVE ( 'NONE', #1938, #11552, #1570, .T. ) ;
#10892 = DIRECTION ( 'NONE',  ( 1.000000000000000000, 0.000000000000000000, -0.000000000000000000 ) ) ;
#10893 = VERTEX_POINT ( 'NONE', #293 ) ;
#10894 = DIRECTION ( 'NONE',  ( 0.000000000000000000, 0.000000000000000000, 1.000000000000000000 ) ) ;
#10895 = CARTESIAN_POINT ( 'NONE',  ( 52.63015151901650768, 9.799999999999998934, -8.299999999999991829 ) ) ;
#10896 = VERTEX_POINT ( 'NONE', #2274 ) ;
#10897 = DIRECTION ( 'NONE',  ( -0.000000000000000000, -0.000000000000000000, -1.000000000000000000 ) ) ;
#10898 = ORIENTED_EDGE ( 'NONE', *, *, #11926, .T. ) ;
#10899 = ORIENTED_EDGE ( 'NONE', *, *, #7351, .F. ) ;
#10900 = VERTEX_POINT ( 'NONE', #11834 ) ;
#10901 = DIRECTION ( 'NONE',  ( 0.000000000000000000, -0.000000000000000000, 1.000000000000000000 ) ) ;
#10902 = CARTESIAN_POINT ( 'NONE',  ( -3.352801296355077785E-17, 11.00000000000000000, -1.000000000000003553 ) ) ;
#10903 = EDGE_LOOP ( 'NONE', ( #7717, #3903, #2718, #3157 ) ) ;
#10904 = CIRCLE ( 'NONE', #9867, 0.9999999999999974465 ) ;
#10905 = VECTOR ( 'NONE', #3641, 1000.000000000000000 ) ;
#10906 = EDGE_LOOP ( 'NONE', ( #12203, #1123, #8462, #8541 ) ) ;
#10907 = LINE ( 'NONE', #8828, #5741 ) ;
#10908 = ADVANCED_FACE ( 'NONE', ( #3086 ), #3156, .T. ) ;
#10909 = DIRECTION ( 'NONE',  ( 2.011680777452959771E-16, 0.000000000000000000, -1.000000000000000000 ) ) ;
#10910 = ORIENTED_EDGE ( 'NONE', *, *, #6648, .F. ) ;
#10911 = FACE_BOUND ( 'NONE', #11480, .T. ) ;
#10912 = AXIS2_PLACEMENT_3D ( 'NONE', #12332, #935, #5566 ) ;
#10913 = CARTESIAN_POINT ( 'NONE',  ( 67.99999999999995737, 11.00000000000000000, -20.99999999999996447 ) ) ;
#10914 = CARTESIAN_POINT ( 'NONE',  ( 18.14487014477789728, 11.00000000000000000, -4.000000000000000888 ) ) ;
#10915 = EDGE_LOOP ( 'NONE', ( #8244, #8967, #4057, #6635 ) ) ;
#10916 = FACE_OUTER_BOUND ( 'NONE', #189, .T. ) ;
#10917 = DIRECTION ( 'NONE',  ( 0.000000000000000000, 1.000000000000000000, 0.000000000000000000 ) ) ;
#10918 = ORIENTED_EDGE ( 'NONE', *, *, #4794, .F. ) ;
#10919 = VERTEX_POINT ( 'NONE', #7900 ) ;
#10920 = EDGE_LOOP ( 'NONE', ( #4208, #10400 ) ) ;
#10921 = FACE_OUTER_BOUND ( 'NONE', #11767, .T. ) ;
#10922 = FACE_BOUND ( 'NONE', #8570, .T. ) ;
#10923 = DIRECTION ( 'NONE',  ( 0.000000000000000000, 0.000000000000000000, 1.000000000000000000 ) ) ;
#10924 = ADVANCED_FACE ( 'NONE', ( #5997 ), #7962, .T. ) ;
#10925 = FACE_OUTER_BOUND ( 'NONE', #3792, .T. ) ;
#10926 = ADVANCED_FACE ( 'NONE', ( #9872 ), #4160, .T. ) ;
#10927 = ORIENTED_EDGE ( 'NONE', *, *, #10399, .T. ) ;
#10928 = DIRECTION ( 'NONE',  ( 0.000000000000000000, 0.000000000000000000, 1.000000000000000000 ) ) ;
#10929 = EDGE_CURVE ( 'NONE', #8633, #4565, #8981, .T. ) ;
#10930 = FACE_OUTER_BOUND ( 'NONE', #11236, .T. ) ;
#10931 = ORIENTED_EDGE ( 'NONE', *, *, #5740, .T. ) ;
#10932 = DIRECTION ( 'NONE',  ( -0.000000000000000000, 1.000000000000000000, -0.000000000000000000 ) ) ;
#10933 = ORIENTED_EDGE ( 'NONE', *, *, #4421, .T. ) ;
#10934 = DIRECTION ( 'NONE',  ( -0.000000000000000000, -1.000000000000000000, -0.000000000000000000 ) ) ;
#10935 = CARTESIAN_POINT ( 'NONE',  ( 58.99999999999994316, 11.00000000000000000, -34.49999999999989342 ) ) ;
#10936 = ORIENTED_EDGE ( 'NONE', *, *, #3097, .F. ) ;
#10937 = ORIENTED_EDGE ( 'NONE', *, *, #8464, .T. ) ;
#10938 = CARTESIAN_POINT ( 'NONE',  ( 11.99999999999997513, 11.00000000000000000, -20.99999999999993250 ) ) ;
#10939 = CARTESIAN_POINT ( 'NONE',  ( 74.79999999999998295, 9.799999999999998934, -5.200000000000042810 ) ) ;
#10940 = CARTESIAN_POINT ( 'NONE',  ( 32.12253967444160452, 9.799999999999998934, -1.878679656440361612 ) ) ;
#10941 = CARTESIAN_POINT ( 'NONE',  ( 67.99999999999990052, 11.00000000000000000, -38.99999999999995026 ) ) ;
#10942 = ORIENTED_EDGE ( 'NONE', *, *, #1643, .F. ) ;
#10943 = ORIENTED_EDGE ( 'NONE', *, *, #7121, .F. ) ;
#10944 = DIRECTION ( 'NONE',  ( 0.000000000000000000, 0.000000000000000000, 1.000000000000000000 ) ) ;
#10945 = DIRECTION ( 'NONE',  ( 0.000000000000000000, 1.000000000000000000, 0.000000000000000000 ) ) ;
#10946 = CARTESIAN_POINT ( 'NONE',  ( 47.04903320081221807, 9.799999999999998934, -3.878679656440370493 ) ) ;
#10947 = CIRCLE ( 'NONE', #5481, 2.799999999999969180 ) ;
#10948 = DIRECTION ( 'NONE',  ( -0.000000000000000000, -1.000000000000000000, -0.000000000000000000 ) ) ;
#10949 = ORIENTED_EDGE ( 'NONE', *, *, #1842, .F. ) ;
#10950 = DIRECTION ( 'NONE',  ( -2.312964634635735167E-15, 0.000000000000000000, 1.000000000000000000 ) ) ;
#10951 = EDGE_LOOP ( 'NONE', ( #6075, #5019, #874, #2270 ) ) ;
#10952 = AXIS2_PLACEMENT_3D ( 'NONE', #7813, #3055, #8705 ) ;
#10953 = CARTESIAN_POINT ( 'NONE',  ( 74.79999999999998295, 11.00000000000000000, -5.200000000000043698 ) ) ;
#10954 = FACE_OUTER_BOUND ( 'NONE', #4330, .T. ) ;
#10955 = DIRECTION ( 'NONE',  ( 0.000000000000000000, 1.000000000000000000, 0.000000000000000000 ) ) ;
#10956 = ORIENTED_EDGE ( 'NONE', *, *, #6722, .T. ) ;
#10957 = EDGE_LOOP ( 'NONE', ( #7946, #2385, #183, #6339 ) ) ;
#10958 = ORIENTED_EDGE ( 'NONE', *, *, #10267, .T. ) ;
#10959 = CYLINDRICAL_SURFACE ( 'NONE', #11424, 0.9999999999999974465 ) ;
#10960 = EDGE_CURVE ( 'NONE', #5577, #12106, #11721, .T. ) ;
#10961 = VECTOR ( 'NONE', #6124, 1000.000000000000000 ) ;
#10962 = EDGE_CURVE ( 'NONE', #10306, #6572, #7823, .T. ) ;
#10963 = CARTESIAN_POINT ( 'NONE',  ( 20.99999999999995737, 11.00000000000000000, -20.99999999999999289 ) ) ;
#10964 = VECTOR ( 'NONE', #10586, 1000.000000000000000 ) ;
#10965 = FACE_OUTER_BOUND ( 'NONE', #8336, .T. ) ;
#10966 = CARTESIAN_POINT ( 'NONE',  ( 35.49999999999999289, 11.00000000000000000, -8.499999999999960920 ) ) ;
#10967 = ORIENTED_EDGE ( 'NONE', *, *, #7268, .F. ) ;
#10968 = FACE_BOUND ( 'NONE', #2507, .T. ) ;
#10969 = DIRECTION ( 'NONE',  ( -0.000000000000000000, -1.000000000000000000, -0.000000000000000000 ) ) ;
#10970 = DIRECTION ( 'NONE',  ( 0.000000000000000000, 1.000000000000000000, 0.000000000000000000 ) ) ;
#10971 = ORIENTED_EDGE ( 'NONE', *, *, #7851, .T. ) ;
#10972 = AXIS2_PLACEMENT_3D ( 'NONE', #9312, #10195, #8494 ) ;
#10973 = ADVANCED_FACE ( 'NONE', ( #7125 ), #11773, .T. ) ;
#10974 = CARTESIAN_POINT ( 'NONE',  ( 12.00000000000000355, 2.000000000000000000, -12.99999999999993250 ) ) ;
#10975 = DIRECTION ( 'NONE',  ( 0.000000000000000000, -0.000000000000000000, 1.000000000000000000 ) ) ;
#10976 = EDGE_LOOP ( 'NONE', ( #10013, #1854, #5944, #6868 ) ) ;
#10977 = ORIENTED_EDGE ( 'NONE', *, *, #12383, .F. ) ;
#10978 = DIRECTION ( 'NONE',  ( 0.000000000000000000, 1.000000000000000000, 0.000000000000000000 ) ) ;
#10979 = EDGE_CURVE ( 'NONE', #4739, #10153, #8437, .T. ) ;
#10980 = CARTESIAN_POINT ( 'NONE',  ( 19.91263709774426260, -0.002000000000000265454, -4.732233047033622242 ) ) ;
#10981 = VECTOR ( 'NONE', #7291, 1000.000000000000000 ) ;
#10982 = CIRCLE ( 'NONE', #6326, 0.9999999999999974465 ) ;
#10983 = CARTESIAN_POINT ( 'NONE',  ( 31.70538416267119786, 2.000000000000000000, -39.97868143219528747 ) ) ;
#10984 = LINE ( 'NONE', #2324, #4141 ) ;
#10985 = ORIENTED_EDGE ( 'NONE', *, *, #2710, .T. ) ;
#10986 = LINE ( 'NONE', #2328, #3833 ) ;
#10987 = VERTEX_POINT ( 'NONE', #2217 ) ;
#10988 = FACE_OUTER_BOUND ( 'NONE', #576, .T. ) ;
#10989 = ORIENTED_EDGE ( 'NONE', *, *, #3803, .T. ) ;
#10990 = DIRECTION ( 'NONE',  ( 0.000000000000000000, 0.000000000000000000, 1.000000000000000000 ) ) ;
#10991 = VECTOR ( 'NONE', #509, 1000.000000000000000 ) ;
#10992 = DIRECTION ( 'NONE',  ( 0.000000000000000000, 0.000000000000000000, 1.000000000000000000 ) ) ;
#10993 = ADVANCED_FACE ( 'NONE', ( #7064 ), #5128, .T. ) ;
#10994 = CIRCLE ( 'NONE', #5537, 0.9999999999999974465 ) ;
#10995 = AXIS2_PLACEMENT_3D ( 'NONE', #1493, #4595, #11292 ) ;
#10997 = AXIS2_PLACEMENT_3D ( 'NONE', #10133, #5216, #4244 ) ;
#10996 = DIRECTION ( 'NONE',  ( 0.000000000000000000, 1.000000000000000000, 0.000000000000000000 ) ) ;
#10998 = CARTESIAN_POINT ( 'NONE',  ( 43.64903320081233318, 9.799999999999998934, -46.32132034355964123 ) ) ;
#10999 = CARTESIAN_POINT ( 'NONE',  ( 35.49999999999999289, 2.000000000000000000, -6.499999999999965361 ) ) ;
#11000 = CARTESIAN_POINT ( 'NONE',  ( 44.50000000000000000, 2.000000000000000000, -16.49999999999994316 ) ) ;
#11001 = ORIENTED_EDGE ( 'NONE', *, *, #4501, .T. ) ;
#11002 = EDGE_CURVE ( 'NONE', #8600, #1637, #5932, .T. ) ;
#11003 = VERTEX_POINT ( 'NONE', #9046 ) ;
#11004 = AXIS2_PLACEMENT_3D ( 'NONE', #11875, #9968, #5236 ) ;
#11005 = CARTESIAN_POINT ( 'NONE',  ( 44.50000000000000000, 11.00000000000000000, -29.99999999999993960 ) ) ;
#11006 = EDGE_CURVE ( 'NONE', #3265, #7450, #4594, .T. ) ;
#11007 = CARTESIAN_POINT ( 'NONE',  ( 16.49999999999995381, 11.00000000000000000, -24.49999999999996447 ) ) ;
#11008 = LINE ( 'NONE', #1451, #1876 ) ;
#11009 = AXIS2_PLACEMENT_3D ( 'NONE', #7597, #5768, #9564 ) ;
#11010 = CARTESIAN_POINT ( 'NONE',  ( 32.12253967444160452, 9.799999999999998934, -1.878679656440361612 ) ) ;
#11011 = AXIS2_PLACEMENT_3D ( 'NONE', #8230, #12093, #3418 ) ;
#11012 = DIRECTION ( 'NONE',  ( -0.000000000000000000, -1.000000000000000000, -0.000000000000000000 ) ) ;
#11013 = AXIS2_PLACEMENT_3D ( 'NONE', #8458, #12485, #5656 ) ;
#11014 = VERTEX_POINT ( 'NONE', #11956 ) ;
#11015 = VECTOR ( 'NONE', #10245, 999.9999999999998863 ) ;
#11016 = LINE ( 'NONE', #11782, #12261 ) ;
#11017 = AXIS2_PLACEMENT_3D ( 'NONE', #2202, #10867, #9913 ) ;
#11018 = ORIENTED_EDGE ( 'NONE', *, *, #6406, .F. ) ;
#11019 = CARTESIAN_POINT ( 'NONE',  ( 20.99999999999991473, 11.00000000000000000, -30.99999999999998579 ) ) ;
#11020 = CARTESIAN_POINT ( 'NONE',  ( 58.99999999999999289, 11.00000000000000000, -20.99999999999990052 ) ) ;
#11021 = ORIENTED_EDGE ( 'NONE', *, *, #5793, .F. ) ;
#11022 = DIRECTION ( 'NONE',  ( 0.000000000000000000, 1.000000000000000000, 0.000000000000000000 ) ) ;
#11023 = ORIENTED_EDGE ( 'NONE', *, *, #1055, .F. ) ;
#11024 = ORIENTED_EDGE ( 'NONE', *, *, #864, .T. ) ;
#11025 = VERTEX_POINT ( 'NONE', #5200 ) ;
#11026 = DIRECTION ( 'NONE',  ( -0.9999999954177064554, 0.000000000000000000, 9.573184869153913328E-05 ) ) ;
#11027 = VECTOR ( 'NONE', #11286, 1000.000000000000000 ) ;
#11028 = DIRECTION ( 'NONE',  ( 4.818676322157797621E-17, 0.000000000000000000, 1.000000000000000000 ) ) ;
#11029 = EDGE_CURVE ( 'NONE', #5291, #4731, #11255, .T. ) ;
#11030 = EDGE_LOOP ( 'NONE', ( #11080, #2334, #2285, #5 ) ) ;
#11031 = DIRECTION ( 'NONE',  ( -0.000000000000000000, -1.000000000000000000, -0.000000000000000000 ) ) ;
#11032 = VECTOR ( 'NONE', #4374, 1000.000000000000000 ) ;
#11033 = PLANE ( 'NONE',  #2762 ) ;
#11034 = EDGE_CURVE ( 'NONE', #9251, #5860, #2088, .T. ) ;
#11035 = CARTESIAN_POINT ( 'NONE',  ( 74.79999999999998295, 11.00000000000000000, -5.200000000000042810 ) ) ;
#11036 = LINE ( 'NONE', #1479, #3268 ) ;
#11037 = EDGE_LOOP ( 'NONE', ( #2747, #1928 ) ) ;
#11038 = DIRECTION ( 'NONE',  ( 0.000000000000000000, 0.000000000000000000, -1.000000000000000000 ) ) ;
#11039 = DIRECTION ( 'NONE',  ( -0.000000000000000000, -1.000000000000000000, -0.000000000000000000 ) ) ;
#11040 = VERTEX_POINT ( 'NONE', #5003 ) ;
#11041 = ORIENTED_EDGE ( 'NONE', *, *, #1338, .T. ) ;
#11042 = ORIENTED_EDGE ( 'NONE', *, *, #4150, .T. ) ;
#11043 = ORIENTED_EDGE ( 'NONE', *, *, #11838, .F. ) ;
#11044 = DIRECTION ( 'NONE',  ( 0.000000000000000000, 0.000000000000000000, -1.000000000000000000 ) ) ;
#11045 = DIRECTION ( 'NONE',  ( 0.000000000000000000, 0.000000000000000000, 1.000000000000000000 ) ) ;
#11046 = CIRCLE ( 'NONE', #4582, 0.9999999999999974465 ) ;
#11047 = EDGE_CURVE ( 'NONE', #11055, #9146, #170, .T. ) ;
#11048 = CARTESIAN_POINT ( 'NONE',  ( 44.50000000000000000, 11.00000000000000000, -29.99999999999993960 ) ) ;
#11049 = VERTEX_POINT ( 'NONE', #1388 ) ;
#11050 = DIRECTION ( 'NONE',  ( 2.478176394252579760E-15, 0.000000000000000000, 1.000000000000000000 ) ) ;
#11051 = VERTEX_POINT ( 'NONE', #3350 ) ;
#11052 = EDGE_CURVE ( 'NONE', #2391, #1142, #7199, .T. ) ;
#11053 = CARTESIAN_POINT ( 'NONE',  ( 20.99999999999998224, 11.00000000000000000, -11.99999999999999645 ) ) ;
#11054 = CIRCLE ( 'NONE', #9832, 2.799999999999999822 ) ;
#11055 = VERTEX_POINT ( 'NONE', #7258 ) ;
#11056 = CARTESIAN_POINT ( 'NONE',  ( 56.40832611206848668, 9.799999999999998934, -39.37867965644034740 ) ) ;
#11057 = ORIENTED_EDGE ( 'NONE', *, *, #5114, .T. ) ;
#11058 = AXIS2_PLACEMENT_3D ( 'NONE', #6304, #8580, #5379 ) ;
#11059 = VERTEX_POINT ( 'NONE', #4419 ) ;
#11060 = CARTESIAN_POINT ( 'NONE',  ( 11.99999999999998934, 11.00000000000000000, -16.49999999999993250 ) ) ;
#11061 = ADVANCED_FACE ( 'NONE', ( #489 ), #1445, .T. ) ;
#11062 = DIRECTION ( 'NONE',  ( -0.000000000000000000, -1.000000000000000000, -0.000000000000000000 ) ) ;
#11063 = PERSON_AND_ORGANIZATION_ROLE ( 'design_owner' ) ;
#11064 = EDGE_CURVE ( 'NONE', #3999, #2460, #3981, .T. ) ;
#11065 = DIRECTION ( 'NONE',  ( 0.000000000000000000, 1.000000000000000000, 0.000000000000000000 ) ) ;
#11066 = CARTESIAN_POINT ( 'NONE',  ( 26.50000000000000000, 11.00000000000000000, -43.39999999999999858 ) ) ;
#11067 = VERTEX_POINT ( 'NONE', #8155 ) ;
#11068 = EDGE_LOOP ( 'NONE', ( #10745, #2249 ) ) ;
#11069 = CIRCLE ( 'NONE', #1371, 0.9999999999999974465 ) ;
#11070 = DIRECTION ( 'NONE',  ( 0.000000000000000000, 0.000000000000000000, 1.000000000000000000 ) ) ;
#11071 = CARTESIAN_POINT ( 'NONE',  ( 18.14487014477789728, 2.000000000000000000, -4.000000000000000888 ) ) ;
#11072 = CARTESIAN_POINT ( 'NONE',  ( 7.499999999999944045, 2.000000000000000000, -34.49999999999989342 ) ) ;
#11073 = AXIS2_PLACEMENT_3D ( 'NONE', #4691, #6888, #2858 ) ;
#11074 = CARTESIAN_POINT ( 'NONE',  ( 18.13488133238526245, 9.799999999999998934, -1.000000000000005551 ) ) ;
#11075 = CARTESIAN_POINT ( 'NONE',  ( 26.50000000000000000, 0.000000000000000000, -43.39999999999999858 ) ) ;
#11076 = EDGE_CURVE ( 'NONE', #411, #1186, #1144, .T. ) ;
#11077 = EDGE_CURVE ( 'NONE', #5258, #4627, #5991, .T. ) ;
#11078 = CIRCLE ( 'NONE', #6021, 0.9999999999999974465 ) ;
#11079 = DIRECTION ( 'NONE',  ( 0.000000000000000000, 0.000000000000000000, 1.000000000000000000 ) ) ;
#11080 = ORIENTED_EDGE ( 'NONE', *, *, #4500, .F. ) ;
#11081 = AXIS2_PLACEMENT_3D ( 'NONE', #1261, #175, #5138 ) ;
#11082 = CARTESIAN_POINT ( 'NONE',  ( 44.50000000000000000, 2.000000000000000000, -12.99999999999993783 ) ) ;
#11083 = CARTESIAN_POINT ( 'NONE',  ( 4.000000000000005329, 2.000000000000000000, -6.500000000000000888 ) ) ;
#11084 = DIRECTION ( 'NONE',  ( 0.000000000000000000, 0.000000000000000000, 1.000000000000000000 ) ) ;
#11085 = ORIENTED_EDGE ( 'NONE', *, *, #7046, .T. ) ;
#11086 = ORIENTED_EDGE ( 'NONE', *, *, #4325, .T. ) ;
#11087 = CARTESIAN_POINT ( 'NONE',  ( 55.52132034355962276, 9.799999999999998934, -5.479898987322335380 ) ) ;
#11088 = CARTESIAN_POINT ( 'NONE',  ( 48.49999999999999289, 11.00000000000000000, -19.99999999999993250 ) ) ;
#11089 = AXIS2_PLACEMENT_3D ( 'NONE', #3526, #8532, #4474 ) ;
#11090 = VECTOR ( 'NONE', #704, 1000.000000000000000 ) ;
#11091 = ORIENTED_EDGE ( 'NONE', *, *, #8176, .F. ) ;
#11092 = CARTESIAN_POINT ( 'NONE',  ( 17.13664863476204303, 1.999999999999998224, -44.13664863476203948 ) ) ;
#11093 = DIRECTION ( 'NONE',  ( 0.000000000000000000, -1.000000000000000000, -0.000000000000000000 ) ) ;
#11094 = LINE ( 'NONE', #8949, #8445 ) ;
#11095 = DIRECTION ( 'NONE',  ( -0.000000000000000000, -1.000000000000000000, -0.000000000000000000 ) ) ;
#11096 = VERTEX_POINT ( 'NONE', #842 ) ;
#11097 = FACE_OUTER_BOUND ( 'NONE', #11326, .T. ) ;
#11098 = DIRECTION ( 'NONE',  ( 4.818676322157797621E-17, 0.000000000000000000, 1.000000000000000000 ) ) ;
#11099 = ORIENTED_EDGE ( 'NONE', *, *, #595, .F. ) ;
#11100 = ORIENTED_EDGE ( 'NONE', *, *, #8468, .F. ) ;
#11101 = ORIENTED_EDGE ( 'NONE', *, *, #202, .T. ) ;
#11102 = ORIENTED_EDGE ( 'NONE', *, *, #775, .F. ) ;
#11103 = DIRECTION ( 'NONE',  ( -0.000000000000000000, -1.000000000000000000, -0.000000000000000000 ) ) ;
#11104 = AXIS2_PLACEMENT_3D ( 'NONE', #7370, #10232, #8139 ) ;
#11105 = LINE ( 'NONE', #1557, #7208 ) ;
#11106 = EDGE_LOOP ( 'NONE', ( #5594, #3171 ) ) ;
#11107 = CARTESIAN_POINT ( 'NONE',  ( 7.500000000000020428, 11.00000000000000000, -11.99999999999990230 ) ) ;
#11108 = DIRECTION ( 'NONE',  ( 0.000000000000000000, 0.000000000000000000, 1.000000000000000000 ) ) ;
#11109 = ORIENTED_EDGE ( 'NONE', *, *, #10929, .F. ) ;
#11110 = DIRECTION ( 'NONE',  ( 0.000000000000000000, 0.000000000000000000, 1.000000000000000000 ) ) ;
#11111 = ORIENTED_EDGE ( 'NONE', *, *, #10616, .T. ) ;
#11112 = DIRECTION ( 'NONE',  ( 0.000000000000000000, 1.000000000000000000, 0.000000000000000000 ) ) ;
#11113 = EDGE_LOOP ( 'NONE', ( #6711, #9259, #9795, #11317 ) ) ;
#11114 = ORIENTED_EDGE ( 'NONE', *, *, #9767, .F. ) ;
#11115 = DIRECTION ( 'NONE',  ( -0.000000000000000000, -1.000000000000000000, -0.000000000000000000 ) ) ;
#11116 = EDGE_CURVE ( 'NONE', #3773, #8497, #9108, .T. ) ;
#11117 = ADVANCED_FACE ( 'NONE', ( #8521 ), #7315, .T. ) ;
#11118 = DIRECTION ( 'NONE',  ( -1.063339831563103695E-15, 0.000000000000000000, 1.000000000000000000 ) ) ;
#11119 = LINE ( 'NONE', #10998, #6431 ) ;
#11120 = DIRECTION ( 'NONE',  ( 0.000000000000000000, 0.000000000000000000, 1.000000000000000000 ) ) ;
#11121 = CARTESIAN_POINT ( 'NONE',  ( 12.00000000000003197, 11.00000000000000000, -6.499999999999938716 ) ) ;
#11122 = VERTEX_POINT ( 'NONE', #8289 ) ;
#11123 = EDGE_LOOP ( 'NONE', ( #9516, #1084, #5622, #8520 ) ) ;
#11124 = DIRECTION ( 'NONE',  ( 0.000000000000000000, 0.000000000000000000, 1.000000000000000000 ) ) ;
#11125 = CYLINDRICAL_SURFACE ( 'NONE', #1309, 0.9999999999999940048 ) ;
#11126 = DIRECTION ( 'NONE',  ( -1.000000000000000000, -0.000000000000000000, -0.000000000000000000 ) ) ;
#11127 = DIRECTION ( 'NONE',  ( 0.000000000000000000, 1.000000000000000000, 0.000000000000000000 ) ) ;
#11128 = EDGE_CURVE ( 'NONE', #6720, #2269, #12144, .T. ) ;
#11129 = EDGE_CURVE ( 'NONE', #4512, #12267, #5611, .T. ) ;
#11130 = CARTESIAN_POINT ( 'NONE',  ( 26.50000000000000000, 11.00000000000000000, -43.39999999999999858 ) ) ;
#11131 = EDGE_LOOP ( 'NONE', ( #11100, #2807, #5331, #5910 ) ) ;
#11132 = VERTEX_POINT ( 'NONE', #2344 ) ;
#11133 = CARTESIAN_POINT ( 'NONE',  ( 44.50000000000000000, 11.00000000000000000, -16.49999999999994316 ) ) ;
#11134 = ORIENTED_EDGE ( 'NONE', *, *, #1785, .F. ) ;
#11135 = CYLINDRICAL_SURFACE ( 'NONE', #5429, 2.799999999999990052 ) ;
#11136 = LINE ( 'NONE', #11850, #2278 ) ;
#11137 = ORIENTED_EDGE ( 'NONE', *, *, #11714, .T. ) ;
#11138 = CARTESIAN_POINT ( 'NONE',  ( 20.99999999999990052, 11.00000000000000000, -33.49999999999998579 ) ) ;
#11139 = ADVANCED_FACE ( 'NONE', ( #8225 ), #3413, .T. ) ;
#11140 = ORIENTED_EDGE ( 'NONE', *, *, #11128, .T. ) ;
#11141 = CARTESIAN_POINT ( 'NONE',  ( 67.99999999999995737, 11.00000000000000000, -20.99999999999996447 ) ) ;
#11142 = EDGE_CURVE ( 'NONE', #5460, #6979, #553, .T. ) ;
#11143 = DIRECTION ( 'NONE',  ( 0.000000000000000000, 0.000000000000000000, -1.000000000000000000 ) ) ;
#11144 = ORIENTED_EDGE ( 'NONE', *, *, #5858, .F. ) ;
#11145 = EDGE_CURVE ( 'NONE', #3256, #10037, #6612, .T. ) ;
#11146 = AXIS2_PLACEMENT_3D ( 'NONE', #8193, #7229, #9204 ) ;
#11147 = ORIENTED_EDGE ( 'NONE', *, *, #1842, .T. ) ;
#11148 = DIRECTION ( 'NONE',  ( -0.000000000000000000, -1.000000000000000000, -0.000000000000000000 ) ) ;
#11149 = FACE_OUTER_BOUND ( 'NONE', #3007, .T. ) ;
#11150 = DIRECTION ( 'NONE',  ( 1.000000000000000000, 0.000000000000000000, -0.000000000000000000 ) ) ;
#11151 = CARTESIAN_POINT ( 'NONE',  ( 72.49999999999997158, 2.000000000000000000, -16.49999999999999289 ) ) ;
#11152 = VERTEX_POINT ( 'NONE', #6184 ) ;
#11153 = CARTESIAN_POINT ( 'NONE',  ( 16.49999999999995381, 2.000000000000000000, -24.49999999999996447 ) ) ;
#11154 = CARTESIAN_POINT ( 'NONE',  ( 35.49999999999999289, 11.00000000000000000, -20.99999999999996447 ) ) ;
#11155 = VERTEX_POINT ( 'NONE', #2695 ) ;
#11156 = VERTEX_POINT ( 'NONE', #2765 ) ;
#11157 = EDGE_LOOP ( 'NONE', ( #1103, #3188 ) ) ;
#11158 = DIRECTION ( 'NONE',  ( 0.000000000000000000, 0.000000000000000000, -1.000000000000000000 ) ) ;
#11159 = CIRCLE ( 'NONE', #11781, 2.999999999999995559 ) ;
#11160 = CARTESIAN_POINT ( 'NONE',  ( 45.75613998199875709, 11.00000000000000000, -4.000000000000002665 ) ) ;
#11161 = ORIENTED_EDGE ( 'NONE', *, *, #11845, .T. ) ;
#11162 = AXIS2_PLACEMENT_3D ( 'NONE', #7654, #11525, #5763 ) ;
#11163 = CYLINDRICAL_SURFACE ( 'NONE', #686, 2.999999999999998668 ) ;
#11164 = VERTEX_POINT ( 'NONE', #7551 ) ;
#11165 = FACE_OUTER_BOUND ( 'NONE', #6446, .T. ) ;
#11166 = CIRCLE ( 'NONE', #7108, 0.9999999999999974465 ) ;
#11167 = EDGE_LOOP ( 'NONE', ( #8467, #10126 ) ) ;
#11168 = DIRECTION ( 'NONE',  ( -0.000000000000000000, -1.000000000000000000, -0.000000000000000000 ) ) ;
#11169 = ORIENTED_EDGE ( 'NONE', *, *, #4472, .F. ) ;
#11170 = LINE ( 'NONE', #6172, #7321 ) ;
#11171 = ADVANCED_FACE ( 'NONE', ( #6534 ), #10062, .T. ) ;
#11172 = ORIENTED_EDGE ( 'NONE', *, *, #7876, .F. ) ;
#11173 = ORIENTED_EDGE ( 'NONE', *, *, #9050, .F. ) ;
#11174 = LINE ( 'NONE', #7253, #2719 ) ;
#11175 = VECTOR ( 'NONE', #4136, 1000.000000000000000 ) ;
#11176 = CIRCLE ( 'NONE', #1877, 4.445296095962649296 ) ;
#11177 = PLANE ( 'NONE',  #9468 ) ;
#11178 = DIRECTION ( 'NONE',  ( 0.000000000000000000, 0.000000000000000000, 1.000000000000000000 ) ) ;
#11179 = CARTESIAN_POINT ( 'NONE',  ( 67.99999999999995737, 11.00000000000000000, -19.99999999999996447 ) ) ;
#11180 = DIRECTION ( 'NONE',  ( 0.000000000000000000, 0.000000000000000000, 1.000000000000000000 ) ) ;
#11181 = ORIENTED_EDGE ( 'NONE', *, *, #4722, .T. ) ;
#11182 = AXIS2_PLACEMENT_3D ( 'NONE', #2002, #5098, #3127 ) ;
#11183 = ORIENTED_EDGE ( 'NONE', *, *, #7811, .F. ) ;
#11184 = DIRECTION ( 'NONE',  ( -0.000000000000000000, -1.000000000000000000, 0.000000000000000000 ) ) ;
#11185 = CARTESIAN_POINT ( 'NONE',  ( 31.50000000000000711, 2.000000000000000000, -28.99999999999997513 ) ) ;
#11186 = LINE ( 'NONE', #5263, #6578 ) ;
#11187 = AXIS2_PLACEMENT_3D ( 'NONE', #6771, #11603, #9111 ) ;
#11188 = DIRECTION ( 'NONE',  ( 0.000000000000000000, 1.000000000000000000, 0.000000000000000000 ) ) ;
#11189 = ORIENTED_EDGE ( 'NONE', *, *, #9527, .T. ) ;
#11190 = AXIS2_PLACEMENT_3D ( 'NONE', #6081, #10850, #7156 ) ;
#11191 = VECTOR ( 'NONE', #4697, 1000.000000000000000 ) ;
#11192 = FACE_BOUND ( 'NONE', #973, .T. ) ;
#11193 = DIRECTION ( 'NONE',  ( 0.000000000000000000, 0.000000000000000000, 1.000000000000000000 ) ) ;
#11194 = CIRCLE ( 'NONE', #2323, 0.9999999999999974465 ) ;
#11195 = ORIENTED_EDGE ( 'NONE', *, *, #3183, .F. ) ;
#11196 = ADVANCED_FACE ( 'NONE', ( #792 ), #6606, .T. ) ;
#11197 = CARTESIAN_POINT ( 'NONE',  ( 43.64903320081233318, 9.799999999999998934, -46.32132034355964123 ) ) ;
#11199 = DIRECTION ( 'NONE',  ( -2.168404344971008868E-16, 0.000000000000000000, -1.000000000000000000 ) ) ;
#11198 = AXIS2_PLACEMENT_3D ( 'NONE', #5031, #2240, #6026 ) ;
#11200 = ORIENTED_EDGE ( 'NONE', *, *, #4085, .F. ) ;
#11201 = CIRCLE ( 'NONE', #486, 0.9999999999999940048 ) ;
#11202 = CARTESIAN_POINT ( 'NONE',  ( 35.01482322781394885, 9.799999999999998934, -44.98517677218592326 ) ) ;
#11203 = DIRECTION ( 'NONE',  ( -0.000000000000000000, 1.000000000000000000, -0.000000000000000000 ) ) ;
#11204 = LINE ( 'NONE', #7279, #3553 ) ;
#11205 = DIRECTION ( 'NONE',  ( 0.000000000000000000, 0.000000000000000000, 1.000000000000000000 ) ) ;
#11206 = ORIENTED_EDGE ( 'NONE', *, *, #5336, .F. ) ;
#11207 = VECTOR ( 'NONE', #10798, 1000.000000000000000 ) ;
#11208 = AXIS2_PLACEMENT_3D ( 'NONE', #9483, #11441, #11178 ) ;
#11209 = AXIS2_PLACEMENT_3D ( 'NONE', #9736, #998, #5924 ) ;
#11210 = ORIENTED_EDGE ( 'NONE', *, *, #9212, .T. ) ;
#11211 = DIRECTION ( 'NONE',  ( -0.000000000000000000, 1.000000000000000000, -0.000000000000000000 ) ) ;
#11212 = LINE ( 'NONE', #4447, #8010 ) ;
#11213 = EDGE_CURVE ( 'NONE', #5995, #6102, #12082, .T. ) ;
#11214 = EDGE_CURVE ( 'NONE', #3174, #9763, #548, .T. ) ;
#11215 = DIRECTION ( 'NONE',  ( 0.000000000000000000, 1.000000000000000000, -0.000000000000000000 ) ) ;
#11216 = LINE ( 'NONE', #10406, #7512 ) ;
#11217 = AXIS2_PLACEMENT_3D ( 'NONE', #8055, #6077, #7082 ) ;
#11218 = ORIENTED_EDGE ( 'NONE', *, *, #11047, .T. ) ;
#11219 = FACE_OUTER_BOUND ( 'NONE', #9860, .T. ) ;
#11220 = CARTESIAN_POINT ( 'NONE',  ( 24.99999999999999645, 11.00000000000000000, -32.14999999999999858 ) ) ;
#11221 = EDGE_CURVE ( 'NONE', #4479, #10455, #195, .T. ) ;
#11222 = EDGE_LOOP ( 'NONE', ( #8045, #5841, #4904, #3261 ) ) ;
#11223 = CIRCLE ( 'NONE', #5782, 0.9999999999999983347 ) ;
#11224 = DIRECTION ( 'NONE',  ( -0.000000000000000000, -1.000000000000000000, -0.000000000000000000 ) ) ;
#11225 = LINE ( 'NONE', #3391, #3774 ) ;
#11226 = EDGE_CURVE ( 'NONE', #4646, #11059, #10605, .T. ) ;
#11227 = AXIS2_PLACEMENT_3D ( 'NONE', #7846, #9879, #5008 ) ;
#11228 = AXIS2_PLACEMENT_3D ( 'NONE', #5112, #2072, #5864 ) ;
#11229 = FACE_OUTER_BOUND ( 'NONE', #2495, .T. ) ;
#11230 = EDGE_CURVE ( 'NONE', #11049, #8758, #11491, .T. ) ;
#11231 = CIRCLE ( 'NONE', #6775, 1.000000000000000888 ) ;
#11232 = DIRECTION ( 'NONE',  ( 0.000000000000000000, -1.000000000000000000, 0.000000000000000000 ) ) ;
#11233 = EDGE_CURVE ( 'NONE', #365, #203, #8648, .T. ) ;
#11234 = ORIENTED_EDGE ( 'NONE', *, *, #7464, .T. ) ;
#11235 = PLANE ( 'NONE',  #10508 ) ;
#11236 = EDGE_LOOP ( 'NONE', ( #465, #4281, #288, #5415 ) ) ;
#11237 = DIRECTION ( 'NONE',  ( -0.000000000000000000, 0.000000000000000000, -1.000000000000000000 ) ) ;
#11238 = ORIENTED_EDGE ( 'NONE', *, *, #8182, .T. ) ;
#11239 = ORIENTED_EDGE ( 'NONE', *, *, #11926, .F. ) ;
#11240 = AXIS2_PLACEMENT_3D ( 'NONE', #9427, #4616, #4913 ) ;
#11241 = DIRECTION ( 'NONE',  ( 0.000000000000000000, -0.000000000000000000, 1.000000000000000000 ) ) ;
#11242 = DIRECTION ( 'NONE',  ( -0.000000000000000000, -1.000000000000000000, -0.000000000000000000 ) ) ;
#11243 = AXIS2_PLACEMENT_3D ( 'NONE', #2816, #1802, #5658 ) ;
#11244 = DIRECTION ( 'NONE',  ( -0.000000000000000000, 1.000000000000000000, -0.000000000000000000 ) ) ;
#11245 = LINE ( 'NONE', #12199, #6032 ) ;
#11246 = VECTOR ( 'NONE', #4173, 1000.000000000000000 ) ;
#11247 = FACE_OUTER_BOUND ( 'NONE', #9925, .T. ) ;
#11248 = ORIENTED_EDGE ( 'NONE', *, *, #4686, .T. ) ;
#11249 = VERTEX_POINT ( 'NONE', #12494 ) ;
#11250 = CARTESIAN_POINT ( 'NONE',  ( 37.64386001800119175, 9.799999999999998934, -46.19999999999999574 ) ) ;
#11251 = LINE ( 'NONE', #10251, #2736 ) ;
#11252 = CARTESIAN_POINT ( 'NONE',  ( 16.49999999999999289, 11.00000000000000000, -11.99999999999996625 ) ) ;
#11253 = DIRECTION ( 'NONE',  ( 0.000000000000000000, -1.000000000000000000, 0.000000000000000000 ) ) ;
#11254 = EDGE_LOOP ( 'NONE', ( #9069, #645, #9844, #4495 ) ) ;
#11255 = CIRCLE ( 'NONE', #12079, 1.000000000000000888 ) ;
#11256 = ORIENTED_EDGE ( 'NONE', *, *, #378, .T. ) ;
#11257 = ORIENTED_EDGE ( 'NONE', *, *, #2577, .T. ) ;
#11258 = FACE_BOUND ( 'NONE', #8513, .T. ) ;
#11259 = LINE ( 'NONE', #5392, #11455 ) ;
#11260 = ORIENTED_EDGE ( 'NONE', *, *, #7497, .F. ) ;
#11261 = CARTESIAN_POINT ( 'NONE',  ( 26.00000000000000000, 11.00000000000000000, -32.14999999999999858 ) ) ;
#11262 = AXIS2_PLACEMENT_3D ( 'NONE', #3953, #5724, #2879 ) ;
#11263 = DIRECTION ( 'NONE',  ( 0.000000000000000000, 0.000000000000000000, 1.000000000000000000 ) ) ;
#11264 = DIRECTION ( 'NONE',  ( 0.000000000000000000, 0.000000000000000000, -1.000000000000000000 ) ) ;
#11265 = CARTESIAN_POINT ( 'NONE',  ( 72.49999999999997158, 11.00000000000000000, -15.49999999999999645 ) ) ;
#11266 = DIRECTION ( 'NONE',  ( -0.000000000000000000, -1.000000000000000000, -0.000000000000000000 ) ) ;
#11267 = EDGE_CURVE ( 'NONE', #7318, #2623, #6906, .T. ) ;
#11268 = LINE ( 'NONE', #9196, #11090 ) ;
#11269 = ORIENTED_EDGE ( 'NONE', *, *, #7184, .T. ) ;
#11270 = EDGE_CURVE ( 'NONE', #1932, #9192, #7014, .T. ) ;
#11271 = EDGE_CURVE ( 'NONE', #1629, #1462, #1577, .T. ) ;
#11272 = VECTOR ( 'NONE', #12348, 1000.000000000000000 ) ;
#11273 = ORIENTED_EDGE ( 'NONE', *, *, #43, .T. ) ;
#11274 = DIRECTION ( 'NONE',  ( 0.000000000000000000, 0.000000000000000000, -1.000000000000000000 ) ) ;
#11275 = CIRCLE ( 'NONE', #2802, 0.9999999999999974465 ) ;
#11276 = DIRECTION ( 'NONE',  ( -0.000000000000000000, -1.000000000000000000, -0.000000000000000000 ) ) ;
#11277 = DIRECTION ( 'NONE',  ( 0.000000000000000000, 0.000000000000000000, 1.000000000000000000 ) ) ;
#11278 = CARTESIAN_POINT ( 'NONE',  ( 38.99999999999999289, -21.88036781070453785, -41.23776336359135541 ) ) ;
#11279 = ORIENTED_EDGE ( 'NONE', *, *, #11556, .T. ) ;
#11280 = DIRECTION ( 'NONE',  ( 0.000000000000000000, 1.000000000000000000, 0.000000000000000000 ) ) ;
#11281 = DIRECTION ( 'NONE',  ( -0.000000000000000000, -1.000000000000000000, -0.000000000000000000 ) ) ;
#11282 = ORIENTED_EDGE ( 'NONE', *, *, #7, .T. ) ;
#11283 = AXIS2_PLACEMENT_3D ( 'NONE', #12037, #5214, #5144 ) ;
#11284 = ORIENTED_EDGE ( 'NONE', *, *, #5479, .T. ) ;
#11285 = ORIENTED_EDGE ( 'NONE', *, *, #2573, .T. ) ;
#11286 = DIRECTION ( 'NONE',  ( 1.000000000000000000, 0.000000000000000000, -1.527636139592262070E-15 ) ) ;
#11287 = CARTESIAN_POINT ( 'NONE',  ( 7.499999999999944045, 11.00000000000000000, -33.49999999999989342 ) ) ;
#11288 = AXIS2_PLACEMENT_3D ( 'NONE', #5472, #9336, #4527 ) ;
#11289 = EDGE_CURVE ( 'NONE', #10331, #119, #8704, .T. ) ;
#11290 = ADVANCED_FACE ( 'NONE', ( #8833 ), #1997, .T. ) ;
#11291 = ORIENTED_EDGE ( 'NONE', *, *, #7580, .F. ) ;
#11292 = DIRECTION ( 'NONE',  ( 0.000000000000000000, -0.000000000000000000, 1.000000000000000000 ) ) ;
#11293 = EDGE_CURVE ( 'NONE', #10430, #12256, #15, .T. ) ;
#11294 = AXIS2_PLACEMENT_3D ( 'NONE', #5614, #2777, #6615 ) ;
#11295 = PLANE ( 'NONE',  #1328 ) ;
#11296 = ORIENTED_EDGE ( 'NONE', *, *, #116, .F. ) ;
#11297 = DIRECTION ( 'NONE',  ( 0.000000000000000000, 0.000000000000000000, -1.000000000000000000 ) ) ;
#11298 = ORIENTED_EDGE ( 'NONE', *, *, #11214, .F. ) ;
#11299 = PLANE ( 'NONE',  #11989 ) ;
#11300 = ORIENTED_EDGE ( 'NONE', *, *, #8447, .T. ) ;
#11301 = ORIENTED_EDGE ( 'NONE', *, *, #9286, .T. ) ;
#11302 = DIRECTION ( 'NONE',  ( 0.000000000000000000, 0.000000000000000000, -1.000000000000000000 ) ) ;
#11303 = EDGE_CURVE ( 'NONE', #4153, #12424, #4975, .T. ) ;
#11304 = EDGE_CURVE ( 'NONE', #3916, #4739, #3988, .T. ) ;
#11305 = ORIENTED_EDGE ( 'NONE', *, *, #3849, .T. ) ;
#11306 = CARTESIAN_POINT ( 'NONE',  ( 52.71299423149123697, 9.799999999999998934, -38.50000000000000711 ) ) ;
#11307 = EDGE_CURVE ( 'NONE', #1462, #1629, #7214, .T. ) ;
#11308 = ORIENTED_EDGE ( 'NONE', *, *, #1705, .T. ) ;
#11309 = DIRECTION ( 'NONE',  ( -0.000000000000000000, -1.000000000000000000, -0.000000000000000000 ) ) ;
#11310 = CALENDAR_DATE ( 2022, 15, 2 ) ;
#11311 = CARTESIAN_POINT ( 'NONE',  ( 14.52771285725250294, 9.799999999999998934, -47.19999999999998863 ) ) ;
#11312 = ORIENTED_EDGE ( 'NONE', *, *, #12168, .F. ) ;
#11313 = CIRCLE ( 'NONE', #8499, 0.9999999999999974465 ) ;
#11314 = ORIENTED_EDGE ( 'NONE', *, *, #9378, .F. ) ;
#11315 = DIRECTION ( 'NONE',  ( -0.000000000000000000, 1.000000000000000000, -0.000000000000000000 ) ) ;
#11316 = DIRECTION ( 'NONE',  ( 0.000000000000000000, 1.000000000000000000, 0.000000000000000000 ) ) ;
#11317 = ORIENTED_EDGE ( 'NONE', *, *, #1190, .T. ) ;
#11318 = DIRECTION ( 'NONE',  ( 0.000000000000000000, 0.000000000000000000, -1.000000000000000000 ) ) ;
#11319 = EDGE_CURVE ( 'NONE', #805, #8212, #4901, .T. ) ;
#11320 = CARTESIAN_POINT ( 'NONE',  ( 79.00000000000001421, 11.00000000000000000, -2.762250190341694227E-14 ) ) ;
#11321 = ORIENTED_EDGE ( 'NONE', *, *, #7084, .F. ) ;
#11322 = ORIENTED_EDGE ( 'NONE', *, *, #2, .T. ) ;
#11323 = ORIENTED_EDGE ( 'NONE', *, *, #6685, .F. ) ;
#11324 = DIRECTION ( 'NONE',  ( 0.000000000000000000, 0.000000000000000000, 1.000000000000000000 ) ) ;
#11325 = DIRECTION ( 'NONE',  ( 0.000000000000000000, 1.000000000000000000, 0.000000000000000000 ) ) ;
#11326 = EDGE_LOOP ( 'NONE', ( #10172, #5584, #6456, #3389 ) ) ;
#11327 = DIRECTION ( 'NONE',  ( -0.7071067811865470176, 0.000000000000000000, -0.7071067811865481278 ) ) ;
#11328 = CARTESIAN_POINT ( 'NONE',  ( 35.49999999999999289, 11.00000000000000000, -26.49999999999995737 ) ) ;
#11329 = AXIS2_PLACEMENT_3D ( 'NONE', #5988, #9863, #6786 ) ;
#11330 = DIRECTION ( 'NONE',  ( 0.000000000000000000, 0.000000000000000000, 1.000000000000000000 ) ) ;
#11331 = CIRCLE ( 'NONE', #7487, 1.000000000000000888 ) ;
#11332 = ORIENTED_EDGE ( 'NONE', *, *, #11034, .F. ) ;
#11333 = CARTESIAN_POINT ( 'NONE',  ( 31.50000000000000711, 2.000000000000000000, -10.99999999999997513 ) ) ;
#11334 = VECTOR ( 'NONE', #8643, 1000.000000000000000 ) ;
#11335 = FACE_OUTER_BOUND ( 'NONE', #8864, .T. ) ;
#11336 = VERTEX_POINT ( 'NONE', #5036 ) ;
#11337 = VERTEX_POINT ( 'NONE', #11551 ) ;
#11338 = CARTESIAN_POINT ( 'NONE',  ( 53.50000000000000000, -21.88036781070453785, -43.39999999999999858 ) ) ;
#11339 = CARTESIAN_POINT ( 'NONE',  ( 12.00000000000000355, 2.000000000000000000, -11.99999999999993427 ) ) ;
#11340 = EDGE_CURVE ( 'NONE', #5153, #3316, #10264, .T. ) ;
#11341 = DIRECTION ( 'NONE',  ( 0.000000000000000000, 1.000000000000000000, 0.000000000000000000 ) ) ;
#11342 = DIRECTION ( 'NONE',  ( 1.000000000000000000, 0.000000000000000000, -0.000000000000000000 ) ) ;
#11343 = ORIENTED_EDGE ( 'NONE', *, *, #8102, .T. ) ;
#11344 = DIRECTION ( 'NONE',  ( 0.000000000000000000, 0.000000000000000000, 1.000000000000000000 ) ) ;
#11345 = DIRECTION ( 'NONE',  ( -0.000000000000000000, -1.000000000000000000, -0.000000000000000000 ) ) ;
#11346 = ADVANCED_FACE ( 'NONE', ( #6723 ), #7810, .F. ) ;
#11347 = ORIENTED_EDGE ( 'NONE', *, *, #9037, .T. ) ;
#11348 = ORIENTED_EDGE ( 'NONE', *, *, #11226, .T. ) ;
#11349 = ORIENTED_EDGE ( 'NONE', *, *, #2863, .T. ) ;
#11350 = FACE_OUTER_BOUND ( 'NONE', #8260, .T. ) ;
#11351 = CARTESIAN_POINT ( 'NONE',  ( 35.49999999999999289, 11.00000000000000000, -17.49999999999996092 ) ) ;
#11352 = CARTESIAN_POINT ( 'NONE',  ( 72.49999999999997158, 2.000000000000000000, -16.49999999999999289 ) ) ;
#11353 = LINE ( 'NONE', #6353, #9815 ) ;
#11354 = ORIENTED_EDGE ( 'NONE', *, *, #12202, .F. ) ;
#11355 = ADVANCED_FACE ( 'NONE', ( #1096 ), #6276, .F. ) ;
#11356 = VERTEX_POINT ( 'NONE', #11928 ) ;
#11357 = LINE ( 'NONE', #9529, #2599 ) ;
#11358 = ORIENTED_EDGE ( 'NONE', *, *, #9557, .F. ) ;
#11359 = VECTOR ( 'NONE', #11475, 1000.000000000000000 ) ;
#11360 = LINE ( 'NONE', #8524, #8146 ) ;
#11361 = DIRECTION ( 'NONE',  ( 0.000000000000000000, 1.000000000000000000, 0.000000000000000000 ) ) ;
#11362 = EDGE_CURVE ( 'NONE', #8628, #9008, #755, .T. ) ;
#11363 = VERTEX_POINT ( 'NONE', #8066 ) ;
#11364 = DIRECTION ( 'NONE',  ( 0.000000000000000000, 1.000000000000000000, 0.000000000000000000 ) ) ;
#11365 = LINE ( 'NONE', #5673, #2897 ) ;
#11366 = EDGE_LOOP ( 'NONE', ( #6207, #11855, #6658, #10135 ) ) ;
#11367 = AXIS2_PLACEMENT_3D ( 'NONE', #4440, #7522, #1716 ) ;
#11368 = LINE ( 'NONE', #1754, #11908 ) ;
#11369 = CARTESIAN_POINT ( 'NONE',  ( 16.49999999999989697, 11.00000000000000000, -38.99999999999995026 ) ) ;
#11370 = SECURITY_CLASSIFICATION_LEVEL ( 'unclassified' ) ;
#11371 = DIRECTION ( 'NONE',  ( -0.000000000000000000, -1.000000000000000000, -0.000000000000000000 ) ) ;
#11372 = AXIS2_PLACEMENT_3D ( 'NONE', #9409, #12317, #3889 ) ;
#11373 = ORIENTED_EDGE ( 'NONE', *, *, #7103, .F. ) ;
#11374 = EDGE_CURVE ( 'NONE', #6408, #9025, #1975, .T. ) ;
#11375 = EDGE_CURVE ( 'NONE', #3432, #2434, #325, .T. ) ;
#11376 = ORIENTED_EDGE ( 'NONE', *, *, #9282, .T. ) ;
#11377 = CARTESIAN_POINT ( 'NONE',  ( 53.50000000000000000, 11.00000000000000000, -1.700000000000007061 ) ) ;
#11378 = AXIS2_PLACEMENT_3D ( 'NONE', #409, #5299, #6359 ) ;
#11379 = DIRECTION ( 'NONE',  ( -0.000000000000000000, 1.000000000000000000, -0.000000000000000000 ) ) ;
#11380 = EDGE_LOOP ( 'NONE', ( #3461, #5568 ) ) ;
#11381 = EDGE_CURVE ( 'NONE', #10248, #4512, #5343, .T. ) ;
#11382 = DIRECTION ( 'NONE',  ( -0.000000000000000000, -1.000000000000000000, -0.000000000000000000 ) ) ;
#11383 = ORIENTED_EDGE ( 'NONE', *, *, #773, .T. ) ;
#11384 = EDGE_CURVE ( 'NONE', #3247, #7539, #2378, .T. ) ;
#11385 = CIRCLE ( 'NONE', #2095, 6.100000000000028955 ) ;
#11386 = ORIENTED_EDGE ( 'NONE', *, *, #5387, .F. ) ;
#11387 = AXIS2_PLACEMENT_3D ( 'NONE', #9208, #10216, #4319 ) ;
#11388 = ORIENTED_EDGE ( 'NONE', *, *, #4505, .F. ) ;
#11389 = EDGE_CURVE ( 'NONE', #7695, #896, #4189, .T. ) ;
#11390 = DIRECTION ( 'NONE',  ( -0.000000000000000000, 1.000000000000000000, -0.000000000000000000 ) ) ;
#11391 = DIRECTION ( 'NONE',  ( 0.000000000000000000, 0.000000000000000000, -1.000000000000000000 ) ) ;
#11392 = VERTEX_POINT ( 'NONE', #4128 ) ;
#11393 = EDGE_CURVE ( 'NONE', #5122, #12256, #11882, .T. ) ;
#11394 = CARTESIAN_POINT ( 'NONE',  ( 7.499999999999992895, 2.000000000000000000, -20.99999999999990052 ) ) ;
#11395 = DIRECTION ( 'NONE',  ( 0.000000000000000000, -1.000000000000000000, 0.000000000000000000 ) ) ;
#11396 = CIRCLE ( 'NONE', #682, 3.000000000000023537 ) ;
#11397 = CARTESIAN_POINT ( 'NONE',  ( 53.00000000000000000, 11.00000000000000000, -32.14999999999999858 ) ) ;
#11398 = ORIENTED_EDGE ( 'NONE', *, *, #1239, .F. ) ;
#11399 = CIRCLE ( 'NONE', #3306, 1.000000000000000888 ) ;
#11400 = DIRECTION ( 'NONE',  ( 0.000000000000000000, 0.000000000000000000, 1.000000000000000000 ) ) ;
#11401 = CYLINDRICAL_SURFACE ( 'NONE', #10484, 1.000000000000000888 ) ;
#11402 = AXIS2_PLACEMENT_3D ( 'NONE', #2836, #5746, #9615 ) ;
#11403 = DIRECTION ( 'NONE',  ( 0.000000000000000000, 0.000000000000000000, 1.000000000000000000 ) ) ;
#11404 = AXIS2_PLACEMENT_3D ( 'NONE', #8638, #9653, #7732 ) ;
#11405 = DIRECTION ( 'NONE',  ( 0.000000000000000000, 1.000000000000000000, 0.000000000000000000 ) ) ;
#11406 = AXIS2_PLACEMENT_3D ( 'NONE', #5878, #6881, #10709 ) ;
#11407 = ORIENTED_EDGE ( 'NONE', *, *, #8764, .T. ) ;
#11408 = DIRECTION ( 'NONE',  ( 0.000000000000000000, 0.000000000000000000, 1.000000000000000000 ) ) ;
#11409 = DIRECTION ( 'NONE',  ( 0.000000000000000000, 0.000000000000000000, 1.000000000000000000 ) ) ;
#11410 = ORIENTED_EDGE ( 'NONE', *, *, #7657, .T. ) ;
#11411 = DIRECTION ( 'NONE',  ( 0.000000000000000000, 1.000000000000000000, 0.000000000000000000 ) ) ;
#11412 = CARTESIAN_POINT ( 'NONE',  ( 51.47867965644046961, 11.00000000000000000, -41.32010101267767510 ) ) ;
#11413 = ORIENTED_EDGE ( 'NONE', *, *, #9071, .T. ) ;
#11414 = ORIENTED_EDGE ( 'NONE', *, *, #6195, .T. ) ;
#11415 = VERTEX_POINT ( 'NONE', #2305 ) ;
#11416 = DIRECTION ( 'NONE',  ( -0.000000000000000000, -1.000000000000000000, -0.000000000000000000 ) ) ;
#11417 = VECTOR ( 'NONE', #6795, 1000.000000000000000 ) ;
#11418 = DIRECTION ( 'NONE',  ( 0.000000000000000000, 1.000000000000000000, 0.000000000000000000 ) ) ;
#11419 = VECTOR ( 'NONE', #7895, 1000.000000000000000 ) ;
#11420 = VECTOR ( 'NONE', #11379, 1000.000000000000000 ) ;
#11421 = EDGE_CURVE ( 'NONE', #9021, #1402, #11094, .T. ) ;
#11422 = ADVANCED_FACE ( 'NONE', ( #8120 ), #5093, .T. ) ;
#11423 = CARTESIAN_POINT ( 'NONE',  ( 67.99999999999991473, 11.00000000000000000, -34.49999999999996447 ) ) ;
#11424 = AXIS2_PLACEMENT_3D ( 'NONE', #2996, #5152, #9946 ) ;
#11425 = DIRECTION ( 'NONE',  ( -0.000000000000000000, -1.000000000000000000, -0.000000000000000000 ) ) ;
#11426 = ORIENTED_EDGE ( 'NONE', *, *, #11034, .T. ) ;
#11427 = DIRECTION ( 'NONE',  ( -0.000000000000000000, 1.000000000000000000, -0.000000000000000000 ) ) ;
#11428 = CIRCLE ( 'NONE', #6160, 0.9999999999999974465 ) ;
#11429 = DIRECTION ( 'NONE',  ( 0.000000000000000000, 0.000000000000000000, 1.000000000000000000 ) ) ;
#11430 = VERTEX_POINT ( 'NONE', #4195 ) ;
#11431 = DIRECTION ( 'NONE',  ( 0.000000000000000000, 1.000000000000000000, 0.000000000000000000 ) ) ;
#11432 = DIRECTION ( 'NONE',  ( 0.000000000000000000, 1.000000000000000000, 0.000000000000000000 ) ) ;
#11433 = ORIENTED_EDGE ( 'NONE', *, *, #4346, .F. ) ;
#11434 = DIRECTION ( 'NONE',  ( 0.000000000000000000, 0.000000000000000000, 1.000000000000000000 ) ) ;
#11435 = DIRECTION ( 'NONE',  ( -0.000000000000000000, 1.000000000000000000, -0.000000000000000000 ) ) ;
#11436 = ADVANCED_FACE ( 'NONE', ( #2432 ), #393, .T. ) ;
#11438 = EDGE_CURVE ( 'NONE', #10510, #6820, #8192, .T. ) ;
#11437 = CIRCLE ( 'NONE', #11650, 0.9999999999999974465 ) ;
#11439 = PLANE ( 'NONE',  #3210 ) ;
#11440 = EDGE_CURVE ( 'NONE', #213, #4260, #2188, .T. ) ;
#11441 = DIRECTION ( 'NONE',  ( -0.000000000000000000, 1.000000000000000000, -0.000000000000000000 ) ) ;
#11442 = CARTESIAN_POINT ( 'NONE',  ( 54.00000000000000000, 11.00000000000000000, -31.14999999999999858 ) ) ;
#11443 = VECTOR ( 'NONE', #6861, 1000.000000000000000 ) ;
#11444 = ORIENTED_EDGE ( 'NONE', *, *, #9749, .T. ) ;
#11445 = ORIENTED_EDGE ( 'NONE', *, *, #2956, .F. ) ;
#11446 = VECTOR ( 'NONE', #4125, 1000.000000000000000 ) ;
#11447 = CARTESIAN_POINT ( 'NONE',  ( 52.00000000000000000, 11.00000000000000000, -31.14999999999999858 ) ) ;
#11448 = DIRECTION ( 'NONE',  ( 0.7071067811865464625, 0.000000000000000000, 0.7071067811865486830 ) ) ;
#11449 = EDGE_CURVE ( 'NONE', #1815, #8340, #9053, .T. ) ;
#11450 = FACE_OUTER_BOUND ( 'NONE', #11933, .T. ) ;
#11451 = AXIS2_PLACEMENT_3D ( 'NONE', #7045, #1234, #4137 ) ;
#11452 = ADVANCED_FACE ( 'NONE', ( #5227 ), #7037, .F. ) ;
#11453 = ORIENTED_EDGE ( 'NONE', *, *, #1003, .T. ) ;
#11454 = EDGE_CURVE ( 'NONE', #2030, #6622, #12275, .T. ) ;
#11455 = VECTOR ( 'NONE', #9253, 1000.000000000000000 ) ;
#11456 = FACE_BOUND ( 'NONE', #333, .T. ) ;
#11457 = CYLINDRICAL_SURFACE ( 'NONE', #3169, 0.9999999999999974465 ) ;
#11458 = ORIENTED_EDGE ( 'NONE', *, *, #1428, .F. ) ;
#11459 = LINE ( 'NONE', #5689, #7842 ) ;
#11460 = CARTESIAN_POINT ( 'NONE',  ( 9.363351365238019142, -21.88036781070453785, 9.363351365237997825 ) ) ;
#11461 = CARTESIAN_POINT ( 'NONE',  ( 17.92658079720860798, 10.59999999999999964, -3.000000000000005329 ) ) ;
#11462 = ORIENTED_EDGE ( 'NONE', *, *, #1122, .F. ) ;
#11463 = VECTOR ( 'NONE', #12361, 1000.000000000000000 ) ;
#11464 = CARTESIAN_POINT ( 'NONE',  ( 44.92771285725257258, 11.00000000000000000, -6.000000000000002665 ) ) ;
#11465 = EDGE_CURVE ( 'NONE', #6355, #1828, #560, .T. ) ;
#11466 = CARTESIAN_POINT ( 'NONE',  ( 6.500000000000005329, 2.000000000000000000, -6.500000000000000888 ) ) ;
#11467 = ADVANCED_FACE ( 'NONE', ( #11986 ), #3443, .T. ) ;
#11468 = EDGE_LOOP ( 'NONE', ( #2383, #754, #25, #10301 ) ) ;
#11469 = DIRECTION ( 'NONE',  ( 0.7071067811865525687, 0.000000000000000000, 0.7071067811865425767 ) ) ;
#11470 = VECTOR ( 'NONE', #4315, 1000.000000000000000 ) ;
#11471 = FACE_OUTER_BOUND ( 'NONE', #12125, .T. ) ;
#11472 = VERTEX_POINT ( 'NONE', #5519 ) ;
#11473 = VECTOR ( 'NONE', #5939, 1000.000000000000000 ) ;
#11474 = CARTESIAN_POINT ( 'NONE',  ( 80.00000000000000000, 0.000000000000000000, 0.000000000000000000 ) ) ;
#11475 = DIRECTION ( 'NONE',  ( -0.000000000000000000, -1.000000000000000000, -0.000000000000000000 ) ) ;
#11476 = ORIENTED_EDGE ( 'NONE', *, *, #7118, .F. ) ;
#11477 = DIRECTION ( 'NONE',  ( 0.000000000000000000, -0.000000000000000000, 1.000000000000000000 ) ) ;
#11478 = CYLINDRICAL_SURFACE ( 'NONE', #12011, 0.9999999999999974465 ) ;
#11479 = ORIENTED_EDGE ( 'NONE', *, *, #6315, .F. ) ;
#11480 = EDGE_LOOP ( 'NONE', ( #2445, #332 ) ) ;
#11481 = ORIENTED_EDGE ( 'NONE', *, *, #2481, .T. ) ;
#11482 = DIRECTION ( 'NONE',  ( 0.000000000000000000, 1.000000000000000000, 0.000000000000000000 ) ) ;
#11483 = DIRECTION ( 'NONE',  ( 0.000000000000000000, 0.000000000000000000, 1.000000000000000000 ) ) ;
#11484 = AXIS2_PLACEMENT_3D ( 'NONE', #3994, #7852, #5945 ) ;
#11485 = VECTOR ( 'NONE', #9240, 1000.000000000000000 ) ;
#11486 = AXIS2_PLACEMENT_3D ( 'NONE', #3360, #12208, #9179 ) ;
#11487 = CARTESIAN_POINT ( 'NONE',  ( -1.927470528863119049E-16, 2.000000000000000000, -4.000000000000000000 ) ) ;
#11488 = FACE_OUTER_BOUND ( 'NONE', #3951, .T. ) ;
#11489 = ORIENTED_EDGE ( 'NONE', *, *, #1305, .F. ) ;
#11491 = LINE ( 'NONE', #2943, #7425 ) ;
#11490 = VECTOR ( 'NONE', #1833, 1000.000000000000000 ) ;
#11492 = VERTEX_POINT ( 'NONE', #4581 ) ;
#11493 = DIRECTION ( 'NONE',  ( 0.000000000000000000, 0.000000000000000000, 1.000000000000000000 ) ) ;
#11494 = ORIENTED_EDGE ( 'NONE', *, *, #6473, .F. ) ;
#11495 = DIRECTION ( 'NONE',  ( 0.000000000000000000, 1.000000000000000000, 0.000000000000000000 ) ) ;
#11496 = CARTESIAN_POINT ( 'NONE',  ( 11.99999999999997513, 11.00000000000000000, -20.99999999999993250 ) ) ;
#11497 = ORIENTED_EDGE ( 'NONE', *, *, #11052, .T. ) ;
#11498 = DIRECTION ( 'NONE',  ( -0.000000000000000000, -1.000000000000000000, -0.000000000000000000 ) ) ;
#11499 = DIRECTION ( 'NONE',  ( -0.000000000000000000, -1.000000000000000000, -0.000000000000000000 ) ) ;
#11500 = ORIENTED_EDGE ( 'NONE', *, *, #4186, .T. ) ;
#11501 = AXIS2_PLACEMENT_3D ( 'NONE', #9293, #12019, #2341 ) ;
#11502 = DIRECTION ( 'NONE',  ( 0.7071067811865464625, 0.000000000000000000, 0.7071067811865486830 ) ) ;
#11503 = CIRCLE ( 'NONE', #581, 0.9999999999999974465 ) ;
#11504 = DIRECTION ( 'NONE',  ( 0.000000000000000000, 0.000000000000000000, -1.000000000000000000 ) ) ;
#11505 = APPROVAL_ROLE ( '' ) ;
#11506 = CARTESIAN_POINT ( 'NONE',  ( 0.000000000000000000, 11.00000000000000000, 0.000000000000000000 ) ) ;
#11507 = VERTEX_POINT ( 'NONE', #2678 ) ;
#11508 = ORIENTED_EDGE ( 'NONE', *, *, #5822, .F. ) ;
#11509 = DIRECTION ( 'NONE',  ( 0.000000000000000000, 0.000000000000000000, 1.000000000000000000 ) ) ;
#11510 = EDGE_CURVE ( 'NONE', #724, #6282, #10405, .T. ) ;
#11511 = DIRECTION ( 'NONE',  ( 0.000000000000000000, 0.000000000000000000, 1.000000000000000000 ) ) ;
#11512 = EDGE_CURVE ( 'NONE', #9242, #5526, #3991, .T. ) ;
#11513 = AXIS2_PLACEMENT_3D ( 'NONE', #3831, #10350, #1623 ) ;
#11514 = VECTOR ( 'NONE', #4016, 1000.000000000000000 ) ;
#11515 = DIRECTION ( 'NONE',  ( 0.000000000000000000, 1.000000000000000000, 0.000000000000000000 ) ) ;
#11516 = ORIENTED_EDGE ( 'NONE', *, *, #4032, .F. ) ;
#11517 = CARTESIAN_POINT ( 'NONE',  ( 80.00000000000000000, 9.799999999999998934, -8.299999999999991829 ) ) ;
#11518 = FACE_OUTER_BOUND ( 'NONE', #18, .T. ) ;
#11519 = EDGE_LOOP ( 'NONE', ( #6269, #8080, #2451, #6401 ) ) ;
#11520 = EDGE_CURVE ( 'NONE', #6895, #167, #4401, .T. ) ;
#11521 = DIRECTION ( 'NONE',  ( 0.000000000000000000, 0.000000000000000000, 1.000000000000000000 ) ) ;
#11522 = CARTESIAN_POINT ( 'NONE',  ( 58.99999999999999289, 11.00000000000000000, -19.99999999999990408 ) ) ;
#11523 = FACE_OUTER_BOUND ( 'NONE', #2564, .T. ) ;
#11524 = EDGE_CURVE ( 'NONE', #9251, #6351, #1170, .T. ) ;
#11525 = DIRECTION ( 'NONE',  ( -0.000000000000000000, -1.000000000000000000, -0.000000000000000000 ) ) ;
#11526 = PLANE ( 'NONE',  #8412 ) ;
#11527 = FACE_OUTER_BOUND ( 'NONE', #21, .T. ) ;
#11528 = VERTEX_POINT ( 'NONE', #3679 ) ;
#11529 = DIRECTION ( 'NONE',  ( -0.000000000000000000, 1.000000000000000000, -0.000000000000000000 ) ) ;
#11530 = PLANE ( 'NONE',  #8223 ) ;
#11531 = EDGE_LOOP ( 'NONE', ( #1906, #10727, #12211, #5957 ) ) ;
#11532 = ADVANCED_FACE ( 'NONE', ( #6591 ), #8450, .T. ) ;
#11533 = DIRECTION ( 'NONE',  ( 0.000000000000000000, 0.000000000000000000, -1.000000000000000000 ) ) ;
#11534 = CARTESIAN_POINT ( 'NONE',  ( 24.99999999999999645, 2.000000000000000000, -32.14999999999999858 ) ) ;
#11535 = ORIENTED_EDGE ( 'NONE', *, *, #6031, .T. ) ;
#11536 = EDGE_CURVE ( 'NONE', #1469, #30, #1727, .T. ) ;
#11537 = LINE ( 'NONE', #8453, #669 ) ;
#11538 = CARTESIAN_POINT ( 'NONE',  ( 16.50000000000000711, 11.00000000000000000, -6.499999999999969802 ) ) ;
#11539 = ADVANCED_FACE ( 'NONE', ( #586 ), #10470, .F. ) ;
#11540 = ORIENTED_EDGE ( 'NONE', *, *, #3093, .F. ) ;
#11541 = ORIENTED_EDGE ( 'NONE', *, *, #8176, .T. ) ;
#11542 = ORIENTED_EDGE ( 'NONE', *, *, #5060, .F. ) ;
#11543 = DIRECTION ( 'NONE',  ( 0.000000000000000000, -0.000000000000000000, 1.000000000000000000 ) ) ;
#11544 = LINE ( 'NONE', #7542, #10244 ) ;
#11545 = VECTOR ( 'NONE', #2148, 1000.000000000000000 ) ;
#11546 = ORIENTED_EDGE ( 'NONE', *, *, #8943, .T. ) ;
#11547 = DIRECTION ( 'NONE',  ( -0.000000000000000000, 1.000000000000000000, -0.000000000000000000 ) ) ;
#11548 = DIRECTION ( 'NONE',  ( -0.000000000000000000, -1.000000000000000000, -0.000000000000000000 ) ) ;
#11549 = EDGE_LOOP ( 'NONE', ( #6742, #7871 ) ) ;
#11550 = FACE_OUTER_BOUND ( 'NONE', #9491, .T. ) ;
#11551 = CARTESIAN_POINT ( 'NONE',  ( 34.85512985522209561, 11.00000000000000000, -4.000000000000001776 ) ) ;
#11552 = VERTEX_POINT ( 'NONE', #7472 ) ;
#11553 = DIRECTION ( 'NONE',  ( 0.000000000000000000, 0.000000000000000000, 1.000000000000000000 ) ) ;
#11554 = AXIS2_PLACEMENT_3D ( 'NONE', #9903, #978, #1999 ) ;
#11555 = ORIENTED_EDGE ( 'NONE', *, *, #10749, .F. ) ;
#11556 = EDGE_CURVE ( 'NONE', #10006, #1680, #8380, .T. ) ;
#11557 = CARTESIAN_POINT ( 'NONE',  ( 11.99999999999997513, 11.00000000000000000, -21.99999999999992895 ) ) ;
#11558 = DIRECTION ( 'NONE',  ( -4.818676322157797621E-17, -0.000000000000000000, -1.000000000000000000 ) ) ;
#11559 = ORIENTED_EDGE ( 'NONE', *, *, #9572, .F. ) ;
#11560 = FACE_OUTER_BOUND ( 'NONE', #4229, .T. ) ;
#11561 = FACE_OUTER_BOUND ( 'NONE', #10951, .T. ) ;
#11562 = CARTESIAN_POINT ( 'NONE',  ( 63.49999999999998579, 11.00000000000000000, -15.49999999999993427 ) ) ;
#11563 = ORIENTED_EDGE ( 'NONE', *, *, #7443, .T. ) ;
#11564 = ORIENTED_EDGE ( 'NONE', *, *, #3616, .T. ) ;
#11565 = DIRECTION ( 'NONE',  ( 0.000000000000000000, 0.000000000000000000, 1.000000000000000000 ) ) ;
#11566 = DIRECTION ( 'NONE',  ( -0.000000000000000000, -1.000000000000000000, -0.000000000000000000 ) ) ;
#11567 = AXIS2_PLACEMENT_3D ( 'NONE', #11151, #9269, #1288 ) ;
#11568 = PERSON_AND_ORGANIZATION ( #2043, #9079 ) ;
#11569 = FACE_OUTER_BOUND ( 'NONE', #10603, .T. ) ;
#11570 = ORIENTED_EDGE ( 'NONE', *, *, #2492, .F. ) ;
#11571 = ORIENTED_EDGE ( 'NONE', *, *, #6196, .F. ) ;
#11572 = CARTESIAN_POINT ( 'NONE',  ( 72.49999999999997158, 11.00000000000000000, -17.49999999999999289 ) ) ;
#11573 = DIRECTION ( 'NONE',  ( -0.000000000000000000, -1.000000000000000000, -0.000000000000000000 ) ) ;
#11574 = AXIS2_PLACEMENT_3D ( 'NONE', #2273, #11896, #7257 ) ;
#11575 = AXIS2_PLACEMENT_3D ( 'NONE', #6837, #10717, #2041 ) ;
#11576 = CARTESIAN_POINT ( 'NONE',  ( 67.99999999999992895, 2.000000000000000000, -29.99999999999995737 ) ) ;
#11577 = EDGE_LOOP ( 'NONE', ( #7620, #6217 ) ) ;
#11578 = ADVANCED_FACE ( 'NONE', ( #639 ), #5455, .F. ) ;
#11579 = EDGE_LOOP ( 'NONE', ( #5396, #8537, #9223, #636 ) ) ;
#11580 = AXIS2_PLACEMENT_3D ( 'NONE', #1941, #3132, #5974 ) ;
#11581 = ADVANCED_FACE ( 'NONE', ( #7288 ), #8506, .T. ) ;
#11582 = FACE_BOUND ( 'NONE', #6964, .T. ) ;
#11583 = CARTESIAN_POINT ( 'NONE',  ( 59.00000000000000711, 11.00000000000000000, -16.49999999999990408 ) ) ;
#11584 = ORIENTED_EDGE ( 'NONE', *, *, #9834, .F. ) ;
#11585 = CIRCLE ( 'NONE', #1263, 0.9999999999999974465 ) ;
#11586 = CARTESIAN_POINT ( 'NONE',  ( 35.49999999999999289, 2.000000000000000000, -30.99999999999996092 ) ) ;
#11587 = ADVANCED_FACE ( 'NONE', ( #6394 ), #9510, .F. ) ;
#11588 = DIRECTION ( 'NONE',  ( -0.000000000000000000, -1.000000000000000000, -0.000000000000000000 ) ) ;
#11589 = FACE_OUTER_BOUND ( 'NONE', #3770, .T. ) ;
#11590 = FACE_OUTER_BOUND ( 'NONE', #11628, .T. ) ;
#11591 = AXIS2_PLACEMENT_3D ( 'NONE', #9084, #5285, #8196 ) ;
#11592 = DIRECTION ( 'NONE',  ( 0.000000000000000000, -1.000000000000000000, 0.000000000000000000 ) ) ;
#11593 = AXIS2_PLACEMENT_3D ( 'NONE', #1102, #8770, #2130 ) ;
#11594 = VERTEX_POINT ( 'NONE', #12237 ) ;
#11595 = ADVANCED_FACE ( 'NONE', ( #6337 ), #10211, .T. ) ;
#11596 = FACE_OUTER_BOUND ( 'NONE', #10198, .T. ) ;
#11597 = CIRCLE ( 'NONE', #7531, 0.9999999999999974465 ) ;
#11598 = VERTEX_POINT ( 'NONE', #7352 ) ;
#11599 = LINE ( 'NONE', #9756, #9262 ) ;
#11601 = CARTESIAN_POINT ( 'NONE',  ( 55.73223304703363112, 2.000000000000000000, -9.087362902255708974 ) ) ;
#11600 = VECTOR ( 'NONE', #7755, 1000.000000000000000 ) ;
#11602 = AXIS2_PLACEMENT_3D ( 'NONE', #2862, #6596, #7606 ) ;
#11603 = DIRECTION ( 'NONE',  ( -0.000000000000000000, 1.000000000000000000, -0.000000000000000000 ) ) ;
#11604 = FACE_OUTER_BOUND ( 'NONE', #10020, .T. ) ;
#11605 = ORIENTED_EDGE ( 'NONE', *, *, #11699, .F. ) ;
#11606 = ORIENTED_EDGE ( 'NONE', *, *, #6641, .F. ) ;
#11607 = ORIENTED_EDGE ( 'NONE', *, *, #10759, .F. ) ;
#11608 = CARTESIAN_POINT ( 'NONE',  ( 48.49999999999999289, 2.000000000000000000, -34.49999999999992895 ) ) ;
#11609 = CARTESIAN_POINT ( 'NONE',  ( 40.00000000000000000, 11.00000000000000000, -9.749999999999953815 ) ) ;
#11610 = AXIS2_PLACEMENT_3D ( 'NONE', #9758, #3932, #7792 ) ;
#11611 = ADVANCED_FACE ( 'NONE', ( #7415 ), #2621, .T. ) ;
#11612 = EDGE_CURVE ( 'NONE', #5235, #8489, #11890, .T. ) ;
#11613 = AXIS2_PLACEMENT_3D ( 'NONE', #9712, #11547, #11 ) ;
#11615 = EDGE_CURVE ( 'NONE', #2664, #230, #11599, .T. ) ;
#11614 = AXIS2_PLACEMENT_3D ( 'NONE', #9629, #7844, #9810 ) ;
#11616 = CYLINDRICAL_SURFACE ( 'NONE', #11613, 1.699999999999996625 ) ;
#11617 = ADVANCED_FACE ( 'NONE', ( #958 ), #10652, .T. ) ;
#11618 = DIRECTION ( 'NONE',  ( 0.000000000000000000, 0.000000000000000000, 1.000000000000000000 ) ) ;
#11619 = ORIENTED_EDGE ( 'NONE', *, *, #5398, .T. ) ;
#11620 = DIRECTION ( 'NONE',  ( 0.000000000000000000, 1.000000000000000000, 0.000000000000000000 ) ) ;
#11621 = CARTESIAN_POINT ( 'NONE',  ( 44.50000000000000000, 11.00000000000000000, -28.99999999999994316 ) ) ;
#11622 = VERTEX_POINT ( 'NONE', #12536 ) ;
#11623 = DIRECTION ( 'NONE',  ( 0.000000000000000000, 0.000000000000000000, 1.000000000000000000 ) ) ;
#11624 = AXIS2_PLACEMENT_3D ( 'NONE', #7949, #9861, #1118 ) ;
#11625 = ORIENTED_EDGE ( 'NONE', *, *, #10501, .T. ) ;
#11626 = FACE_OUTER_BOUND ( 'NONE', #9392, .T. ) ;
#11627 = FACE_OUTER_BOUND ( 'NONE', #7316, .T. ) ;
#11628 = EDGE_LOOP ( 'NONE', ( #3929, #4672, #4887, #1051 ) ) ;
#11629 = AXIS2_PLACEMENT_3D ( 'NONE', #5063, #3083, #5586 ) ;
#11630 = LINE ( 'NONE', #4788, #3938 ) ;
#11631 = EDGE_CURVE ( 'NONE', #8600, #3872, #4811, .T. ) ;
#11632 = AXIS2_PLACEMENT_3D ( 'NONE', #8418, #11316, #10371 ) ;
#11633 = CARTESIAN_POINT ( 'NONE',  ( 18.75648667122642976, 9.799999999999998934, -1.000059507428522121 ) ) ;
#11634 = DIRECTION ( 'NONE',  ( 0.000000000000000000, 0.000000000000000000, 1.000000000000000000 ) ) ;
#11635 = ORIENTED_EDGE ( 'NONE', *, *, #5859, .T. ) ;
#11636 = ADVANCED_FACE ( 'NONE', ( #4823 ), #6767, .T. ) ;
#11637 = AXIS2_PLACEMENT_3D ( 'NONE', #2644, #10239, #8217 ) ;
#11638 = ADVANCED_FACE ( 'NONE', ( #8814 ), #12411, .T. ) ;
#11639 = LINE ( 'NONE', #3898, #6937 ) ;
#11640 = EDGE_CURVE ( 'NONE', #6041, #4698, #2040, .T. ) ;
#11641 = VECTOR ( 'NONE', #4988, 1000.000000000000000 ) ;
#11643 = CIRCLE ( 'NONE', #478, 1.000000000000000888 ) ;
#11642 = CYLINDRICAL_SURFACE ( 'NONE', #10424, 0.9999999999999974465 ) ;
#11644 = DIRECTION ( 'NONE',  ( 0.000000000000000000, 0.000000000000000000, -1.000000000000000000 ) ) ;
#11645 = ORIENTED_EDGE ( 'NONE', *, *, #5099, .F. ) ;
#11646 = ORIENTED_EDGE ( 'NONE', *, *, #853, .F. ) ;
#11647 = VECTOR ( 'NONE', #11103, 1000.000000000000000 ) ;
#11648 = LINE ( 'NONE', #8787, #8779 ) ;
#11649 = FACE_OUTER_BOUND ( 'NONE', #1654, .T. ) ;
#11650 = AXIS2_PLACEMENT_3D ( 'NONE', #4335, #9973, #11108 ) ;
#11651 = CARTESIAN_POINT ( 'NONE',  ( 20.99999999999990052, 2.000000000000000000, -35.49999999999999289 ) ) ;
#11652 = EDGE_LOOP ( 'NONE', ( #3192, #9505, #8768, #11861 ) ) ;
#11653 = VECTOR ( 'NONE', #5829, 1000.000000000000000 ) ;
#11654 = AXIS2_PLACEMENT_3D ( 'NONE', #9266, #12295, #6452 ) ;
#11655 = DIRECTION ( 'NONE',  ( 0.000000000000000000, 0.000000000000000000, 1.000000000000000000 ) ) ;
#11656 = CARTESIAN_POINT ( 'NONE',  ( 48.49999999999999289, 11.00000000000000000, -25.49999999999992895 ) ) ;
#11657 = ORIENTED_EDGE ( 'NONE', *, *, #5192, .T. ) ;
#11658 = FACE_OUTER_BOUND ( 'NONE', #6382, .T. ) ;
#11659 = DIRECTION ( 'NONE',  ( 0.000000000000000000, -0.000000000000000000, 1.000000000000000000 ) ) ;
#11660 = CARTESIAN_POINT ( 'NONE',  ( 35.49999999999999289, 2.000000000000000000, -16.49999999999996092 ) ) ;
#11661 = DIRECTION ( 'NONE',  ( 0.000000000000000000, 0.000000000000000000, -1.000000000000000000 ) ) ;
#11662 = AXIS2_PLACEMENT_3D ( 'NONE', #1331, #9054, #370 ) ;
#11663 = CARTESIAN_POINT ( 'NONE',  ( 48.49999999999999289, 11.00000000000000000, -28.99999999999993250 ) ) ;
#11664 = VECTOR ( 'NONE', #5885, 1000.000000000000000 ) ;
#11665 = ORIENTED_EDGE ( 'NONE', *, *, #10651, .T. ) ;
#11666 = VECTOR ( 'NONE', #10099, 1000.000000000000000 ) ;
#11667 = DIRECTION ( 'NONE',  ( -0.000000000000000000, -1.000000000000000000, -0.000000000000000000 ) ) ;
#11668 = EDGE_LOOP ( 'NONE', ( #2999, #2886, #2601, #598 ) ) ;
#11669 = CARTESIAN_POINT ( 'NONE',  ( 67.99999999999992895, 11.00000000000000000, -29.99999999999995737 ) ) ;
#11670 = AXIS2_PLACEMENT_3D ( 'NONE', #10757, #1062, #4100 ) ;
#11671 = FACE_OUTER_BOUND ( 'NONE', #6157, .T. ) ;
#11672 = EDGE_CURVE ( 'NONE', #4584, #3688, #10678, .T. ) ;
#11673 = DIRECTION ( 'NONE',  ( 0.000000000000000000, 0.000000000000000000, -1.000000000000000000 ) ) ;
#11674 = DIRECTION ( 'NONE',  ( 0.000000000000000000, 0.000000000000000000, 1.000000000000000000 ) ) ;
#11675 = ORIENTED_EDGE ( 'NONE', *, *, #304, .T. ) ;
#11676 = ORIENTED_EDGE ( 'NONE', *, *, #3067, .F. ) ;
#11677 = FACE_OUTER_BOUND ( 'NONE', #7577, .T. ) ;
#11678 = EDGE_CURVE ( 'NONE', #7609, #4717, #3866, .T. ) ;
#11679 = ADVANCED_FACE ( 'NONE', ( #3041 ), #6649, .T. ) ;
#11680 = DIRECTION ( 'NONE',  ( 0.000000000000000000, 1.000000000000000000, 0.000000000000000000 ) ) ;
#11681 = EDGE_LOOP ( 'NONE', ( #12456, #7053, #2797, #4271 ) ) ;
#11682 = AXIS2_PLACEMENT_3D ( 'NONE', #6787, #4014, #5848 ) ;
#11683 = DIRECTION ( 'NONE',  ( 0.000000000000000000, 0.000000000000000000, 1.000000000000000000 ) ) ;
#11684 = CARTESIAN_POINT ( 'NONE',  ( 63.50000000000002842, 11.00000000000000000, -7.499999999999936939 ) ) ;
#11685 = ORIENTED_EDGE ( 'NONE', *, *, #1058, .T. ) ;
#11686 = FACE_BOUND ( 'NONE', #2361, .T. ) ;
#11687 = CARTESIAN_POINT ( 'NONE',  ( 48.08517677218633679, 9.799999999999998934, -31.91482322781412506 ) ) ;
#11688 = ORIENTED_EDGE ( 'NONE', *, *, #10512, .F. ) ;
#11689 = DIRECTION ( 'NONE',  ( -0.000000000000000000, -1.000000000000000000, -0.000000000000000000 ) ) ;
#11690 = ORIENTED_EDGE ( 'NONE', *, *, #1336, .T. ) ;
#11691 = ADVANCED_FACE ( 'NONE', ( #5835 ), #7719, .F. ) ;
#11692 = CARTESIAN_POINT ( 'NONE',  ( 13.50000000000000000, 5.000000000000000000, -4.000000000000000888 ) ) ;
#11693 = LINE ( 'NONE', #9963, #7127 ) ;
#11694 = ORIENTED_EDGE ( 'NONE', *, *, #1476, .T. ) ;
#11695 = VECTOR ( 'NONE', #1403, 1000.000000000000000 ) ;
#11696 = VERTEX_POINT ( 'NONE', #10529 ) ;
#11697 = DIRECTION ( 'NONE',  ( 2.478176394252579760E-15, 0.000000000000000000, 1.000000000000000000 ) ) ;
#11698 = CARTESIAN_POINT ( 'NONE',  ( 28.00000000000000355, 11.00000000000000000, -31.14999999999999858 ) ) ;
#11699 = EDGE_CURVE ( 'NONE', #11164, #9146, #7019, .T. ) ;
#11700 = FACE_OUTER_BOUND ( 'NONE', #1768, .T. ) ;
#11701 = DIRECTION ( 'NONE',  ( 0.000000000000000000, 1.000000000000000000, 0.000000000000000000 ) ) ;
#11702 = AXIS2_PLACEMENT_3D ( 'NONE', #8549, #12396, #4810 ) ;
#11703 = FACE_OUTER_BOUND ( 'NONE', #4122, .T. ) ;
#11704 = AXIS2_PLACEMENT_3D ( 'NONE', #3923, #10948, #2282 ) ;
#11705 = AXIS2_PLACEMENT_3D ( 'NONE', #2117, #4962, #4061 ) ;
#11706 = AXIS2_PLACEMENT_3D ( 'NONE', #10296, #10547, #11493 ) ;
#11707 = CARTESIAN_POINT ( 'NONE',  ( 72.49999999999991473, 11.00000000000000000, -29.99999999999998934 ) ) ;
#11708 = ORIENTED_EDGE ( 'NONE', *, *, #7908, .T. ) ;
#11709 = EDGE_CURVE ( 'NONE', #9068, #6585, #9568, .T. ) ;
#11710 = ORIENTED_EDGE ( 'NONE', *, *, #4404, .T. ) ;
#11711 = DIRECTION ( 'NONE',  ( 0.000000000000000000, 0.000000000000000000, 1.000000000000000000 ) ) ;
#11712 = EDGE_CURVE ( 'NONE', #667, #6355, #8625, .T. ) ;
#11713 = CARTESIAN_POINT ( 'NONE',  ( 54.28700576850885540, 9.799999999999998934, -41.50000000000000711 ) ) ;
#11714 = EDGE_CURVE ( 'NONE', #1514, #9950, #7664, .T. ) ;
#11715 = CIRCLE ( 'NONE', #12112, 0.9999999999999974465 ) ;
#11716 = EDGE_CURVE ( 'NONE', #11594, #10248, #3930, .T. ) ;
#11717 = DIRECTION ( 'NONE',  ( 0.000000000000000000, 1.000000000000000000, 0.000000000000000000 ) ) ;
#11718 = ORIENTED_EDGE ( 'NONE', *, *, #11746, .F. ) ;
#11719 = CARTESIAN_POINT ( 'NONE',  ( 44.47746032555851770, 9.799999999999998934, -48.32132034355964123 ) ) ;
#11720 = DIRECTION ( 'NONE',  ( 0.000000000000000000, 0.000000000000000000, -1.000000000000000000 ) ) ;
#11721 = LINE ( 'NONE', #8863, #10257 ) ;
#11722 = ORIENTED_EDGE ( 'NONE', *, *, #3341, .F. ) ;
#11723 = AXIS2_PLACEMENT_3D ( 'NONE', #8486, #11515, #5684 ) ;
#11724 = EDGE_CURVE ( 'NONE', #12451, #1885, #8857, .T. ) ;
#11725 = DIRECTION ( 'NONE',  ( -0.7071067811865475727, 0.000000000000000000, 0.7071067811865475727 ) ) ;
#11726 = DIRECTION ( 'NONE',  ( 0.000000000000000000, 0.000000000000000000, 1.000000000000000000 ) ) ;
#11727 = CARTESIAN_POINT ( 'NONE',  ( 35.49999999999999289, 11.00000000000000000, -37.99999999999996447 ) ) ;
#11728 = FACE_OUTER_BOUND ( 'NONE', #10536, .T. ) ;
#11729 = AXIS2_PLACEMENT_3D ( 'NONE', #10365, #7569, #7637 ) ;
#11730 = LINE ( 'NONE', #3038, #8425 ) ;
#11731 = VERTEX_POINT ( 'NONE', #4881 ) ;
#11732 = DIRECTION ( 'NONE',  ( 0.000000000000000000, 1.000000000000000000, 0.000000000000000000 ) ) ;
#11733 = DIRECTION ( 'NONE',  ( 1.000000000000000000, 0.000000000000000000, -2.011680777452959771E-16 ) ) ;
#11734 = DIRECTION ( 'NONE',  ( 0.000000000000000000, 1.000000000000000000, 0.000000000000000000 ) ) ;
#11735 = CYLINDRICAL_SURFACE ( 'NONE', #8167, 0.9999999999999974465 ) ;
#11736 = VERTEX_POINT ( 'NONE', #2288 ) ;
#11737 = EDGE_LOOP ( 'NONE', ( #11284, #7384 ) ) ;
#11738 = LINE ( 'NONE', #9708, #10213 ) ;
#11739 = CARTESIAN_POINT ( 'NONE',  ( 67.99999999999994316, 11.00000000000000000, -26.49999999999995737 ) ) ;
#11740 = AXIS2_PLACEMENT_3D ( 'NONE', #1882, #11371, #12511 ) ;
#11741 = ADVANCED_FACE ( 'NONE', ( #3102 ), #9939, .T. ) ;
#11742 = CARTESIAN_POINT ( 'NONE',  ( 72.49999999999995737, 11.00000000000000000, -21.99999999999999289 ) ) ;
#11743 = DIRECTION ( 'NONE',  ( 0.000000000000000000, 1.000000000000000000, 0.000000000000000000 ) ) ;
#11744 = VERTEX_POINT ( 'NONE', #2419 ) ;
#11745 = DIRECTION ( 'NONE',  ( 0.000000000000000000, 1.000000000000000000, 0.000000000000000000 ) ) ;
#11746 = EDGE_CURVE ( 'NONE', #3346, #6686, #10877, .T. ) ;
#11747 = CARTESIAN_POINT ( 'NONE',  ( 7.499999999999992895, 11.00000000000000000, -19.99999999999990408 ) ) ;
#11748 = VERTEX_POINT ( 'NONE', #11019 ) ;
#11749 = CARTESIAN_POINT ( 'NONE',  ( 65.76223663640863037, 2.000000000000000000, -46.00000000000000000 ) ) ;
#11750 = ORIENTED_EDGE ( 'NONE', *, *, #447, .F. ) ;
#11751 = FACE_OUTER_BOUND ( 'NONE', #9136, .T. ) ;
#11752 = DIRECTION ( 'NONE',  ( 0.000000000000000000, 1.000000000000000000, 0.000000000000000000 ) ) ;
#11753 = EDGE_LOOP ( 'NONE', ( #4367, #7495, #8588, #9907, #7347, #2437, #491, #8695 ) ) ;
#11754 = LINE ( 'NONE', #5973, #6763 ) ;
#11755 = DIRECTION ( 'NONE',  ( -0.000000000000000000, -1.000000000000000000, -0.000000000000000000 ) ) ;
#11756 = CARTESIAN_POINT ( 'NONE',  ( 31.50000000000000711, 11.00000000000000000, -30.99999999999996803 ) ) ;
#11757 = CARTESIAN_POINT ( 'NONE',  ( 5.443227718325019282, 11.00000000000000000, -47.20000000000000284 ) ) ;
#11758 = CARTESIAN_POINT ( 'NONE',  ( 73.50000000000000000, 2.000000000000000000, -6.500000000000004441 ) ) ;
#11759 = ADVANCED_FACE ( 'NONE', ( #10836 ), #11914, .T. ) ;
#11760 = FACE_OUTER_BOUND ( 'NONE', #4532, .T. ) ;
#11761 = VERTEX_POINT ( 'NONE', #11082 ) ;
#11762 = LINE ( 'NONE', #215, #7939 ) ;
#11763 = VERTEX_POINT ( 'NONE', #9821 ) ;
#11764 = LINE ( 'NONE', #2210, #10607 ) ;
#11765 = FACE_OUTER_BOUND ( 'NONE', #2213, .T. ) ;
#11766 = DIRECTION ( 'NONE',  ( 0.000000000000000000, 0.000000000000000000, -1.000000000000000000 ) ) ;
#11767 = EDGE_LOOP ( 'NONE', ( #6287, #5825, #1211, #12215 ) ) ;
#11768 = CARTESIAN_POINT ( 'NONE',  ( 54.36984848098348522, 9.799999999999998934, -8.299999999999991829 ) ) ;
#11769 = DIRECTION ( 'NONE',  ( 0.000000000000000000, 0.000000000000000000, 1.000000000000000000 ) ) ;
#11770 = EDGE_CURVE ( 'NONE', #7456, #510, #1374, .T. ) ;
#11771 = ORIENTED_EDGE ( 'NONE', *, *, #6626, .T. ) ;
#11772 = CARTESIAN_POINT ( 'NONE',  ( 48.49999999999999289, 11.00000000000000000, -20.99999999999992895 ) ) ;
#11773 = PLANE ( 'NONE',  #2974 ) ;
#11774 = ORIENTED_EDGE ( 'NONE', *, *, #471, .T. ) ;
#11775 = EDGE_LOOP ( 'NONE', ( #8538, #9706, #2876, #10537 ) ) ;
#11776 = CIRCLE ( 'NONE', #11567, 0.9999999999999974465 ) ;
#11777 = DIRECTION ( 'NONE',  ( 0.000000000000000000, 0.000000000000000000, 1.000000000000000000 ) ) ;
#11778 = CYLINDRICAL_SURFACE ( 'NONE', #11162, 0.9999999999999974465 ) ;
#11779 = FACE_OUTER_BOUND ( 'NONE', #1435, .T. ) ;
#11780 = CARTESIAN_POINT ( 'NONE',  ( 31.50000000000000711, 11.00000000000000000, -20.99999999999997158 ) ) ;
#11781 = AXIS2_PLACEMENT_3D ( 'NONE', #1596, #5395, #4564 ) ;
#11782 = CARTESIAN_POINT ( 'NONE',  ( 9.629881650612445016E-05, 9.799999999999998934, -1.005922452987852544 ) ) ;
#11783 = ORIENTED_EDGE ( 'NONE', *, *, #4871, .T. ) ;
#11784 = DIRECTION ( 'NONE',  ( 0.000000000000000000, 1.000000000000000000, 0.000000000000000000 ) ) ;
#11785 = CARTESIAN_POINT ( 'NONE',  ( 65.51002512578676829, 2.000000000000000000, -4.000000000000003553 ) ) ;
#11786 = CIRCLE ( 'NONE', #1474, 1.000000000000000888 ) ;
#11787 = FACE_OUTER_BOUND ( 'NONE', #2585, .T. ) ;
#11788 = VERTEX_POINT ( 'NONE', #7983 ) ;
#11789 = VERTEX_POINT ( 'NONE', #379 ) ;
#11790 = VERTEX_POINT ( 'NONE', #179 ) ;
#11791 = DIRECTION ( 'NONE',  ( 0.000000000000000000, 0.000000000000000000, 1.000000000000000000 ) ) ;
#11792 = CIRCLE ( 'NONE', #1481, 3.000000000000002665 ) ;
#11793 = DIRECTION ( 'NONE',  ( 0.000000000000000000, 0.000000000000000000, -1.000000000000000000 ) ) ;
#11794 = ORIENTED_EDGE ( 'NONE', *, *, #5580, .T. ) ;
#11795 = PLANE ( 'NONE',  #10402 ) ;
#11796 = PLANE ( 'NONE',  #6176 ) ;
#11797 = CIRCLE ( 'NONE', #3707, 0.9999999999999974465 ) ;
#11798 = CARTESIAN_POINT ( 'NONE',  ( 49.49939033455935800, 9.799999999999998934, -30.50060966544101149 ) ) ;
#11799 = DIRECTION ( 'NONE',  ( 0.000000000000000000, 0.000000000000000000, -1.000000000000000000 ) ) ;
#11800 = ORIENTED_EDGE ( 'NONE', *, *, #11894, .F. ) ;
#11801 = DIRECTION ( 'NONE',  ( 0.000000000000000000, 0.000000000000000000, 1.000000000000000000 ) ) ;
#11802 = ORIENTED_EDGE ( 'NONE', *, *, #7427, .F. ) ;
#11803 = CARTESIAN_POINT ( 'NONE',  ( 44.13664863476203948, -21.88036781070453785, -44.13664863476203948 ) ) ;
#11804 = CARTESIAN_POINT ( 'NONE',  ( 7.500000000000020428, 11.00000000000000000, -11.99999999999990230 ) ) ;
#11805 = EDGE_LOOP ( 'NONE', ( #4856, #7431 ) ) ;
#11806 = CARTESIAN_POINT ( 'NONE',  ( 20.99999999999998224, 2.000000000000000000, -12.99999999999999467 ) ) ;
#11807 = AXIS2_PLACEMENT_3D ( 'NONE', #4883, #2042, #7129 ) ;
#11808 = FACE_OUTER_BOUND ( 'NONE', #12179, .T. ) ;
#11809 = DIRECTION ( 'NONE',  ( 1.000000000000000000, 0.000000000000000000, -4.818676322157797621E-17 ) ) ;
#11810 = CIRCLE ( 'NONE', #10807, 0.9999999999999974465 ) ;
#11811 = EDGE_CURVE ( 'NONE', #8031, #8758, #7225, .T. ) ;
#11812 = CARTESIAN_POINT ( 'NONE',  ( 26.54142135623731136, 9.799999999999998934, -6.299999999999992717 ) ) ;
#11813 = DIRECTION ( 'NONE',  ( -0.000000000000000000, -1.000000000000000000, -0.000000000000000000 ) ) ;
#11814 = ORIENTED_EDGE ( 'NONE', *, *, #3531, .F. ) ;
#11815 = VECTOR ( 'NONE', #4688, 1000.000000000000000 ) ;
#11816 = CARTESIAN_POINT ( 'NONE',  ( 58.99999999999999289, 2.000000000000000000, -19.99999999999990408 ) ) ;
#11817 = EDGE_LOOP ( 'NONE', ( #10, #10152, #5800, #9422 ) ) ;
#11818 = CIRCLE ( 'NONE', #11614, 0.9999999999999974465 ) ;
#11819 = LINE ( 'NONE', #876, #4102 ) ;
#11820 = ORIENTED_EDGE ( 'NONE', *, *, #9980, .F. ) ;
#11821 = CARTESIAN_POINT ( 'NONE',  ( 67.99999999999992895, 11.00000000000000000, -29.99999999999995737 ) ) ;
#11822 = CARTESIAN_POINT ( 'NONE',  ( 67.99999999999998579, 2.000000000000000000, -11.99999999999996625 ) ) ;
#11823 = EDGE_CURVE ( 'NONE', #9896, #6585, #8656, .T. ) ;
#11824 = CIRCLE ( 'NONE', #8185, 2.200000000000028599 ) ;
#11825 = EDGE_CURVE ( 'NONE', #11731, #4466, #3229, .T. ) ;
#11826 = CARTESIAN_POINT ( 'NONE',  ( 9.900000000000003908, 5.000000000000000888, -4.000000000000000888 ) ) ;
#11827 = ORIENTED_EDGE ( 'NONE', *, *, #934, .F. ) ;
#11828 = VECTOR ( 'NONE', #3560, 1000.000000000000114 ) ;
#11829 = AXIS2_PLACEMENT_3D ( 'NONE', #5204, #493, #3357 ) ;
#11830 = ORIENTED_EDGE ( 'NONE', *, *, #12236, .T. ) ;
#11831 = CARTESIAN_POINT ( 'NONE',  ( 16.49999999999995381, 11.00000000000000000, -25.49999999999996092 ) ) ;
#11832 = CARTESIAN_POINT ( 'NONE',  ( 35.49999999999999289, 2.000000000000000000, -34.49999999999996447 ) ) ;
#11833 = LINE ( 'NONE', #3030, #7309 ) ;
#11834 = CARTESIAN_POINT ( 'NONE',  ( 63.90000000000001279, 5.000000000000000888, 1.114428587224088704E-15 ) ) ;
#11835 = AXIS2_PLACEMENT_3D ( 'NONE', #5528, #10155, #9147 ) ;
#11836 = ORIENTED_EDGE ( 'NONE', *, *, #6566, .F. ) ;
#11837 = ORIENTED_EDGE ( 'NONE', *, *, #9749, .F. ) ;
#11838 = EDGE_CURVE ( 'NONE', #3727, #12535, #6211, .T. ) ;
#11839 = DIRECTION ( 'NONE',  ( 0.000000000000000000, 0.000000000000000000, -1.000000000000000000 ) ) ;
#11840 = DIRECTION ( 'NONE',  ( 0.000000000000000000, 0.000000000000000000, 1.000000000000000000 ) ) ;
#11841 = DIRECTION ( 'NONE',  ( -0.000000000000000000, -1.000000000000000000, -0.000000000000000000 ) ) ;
#11842 = ADVANCED_FACE ( 'NONE', ( #1266 ), #8171, .T. ) ;
#11843 = DIRECTION ( 'NONE',  ( 0.000000000000000000, 0.000000000000000000, -1.000000000000000000 ) ) ;
#11844 = AXIS2_PLACEMENT_3D ( 'NONE', #10461, #2798, #4752 ) ;
#11845 = EDGE_CURVE ( 'NONE', #11415, #5451, #1181, .T. ) ;
#11846 = AXIS2_PLACEMENT_3D ( 'NONE', #7179, #1494, #8012 ) ;
#11847 = CARTESIAN_POINT ( 'NONE',  ( 31.50000000000000711, 2.000000000000000000, -25.49999999999997513 ) ) ;
#11848 = ORIENTED_EDGE ( 'NONE', *, *, #9050, .T. ) ;
#11849 = CARTESIAN_POINT ( 'NONE',  ( 7.500000000000041744, 2.000000000000000000, -7.499999999999904965 ) ) ;
#11850 = CARTESIAN_POINT ( 'NONE',  ( 67.99999999999991473, 11.00000000000000000, -35.49999999999996447 ) ) ;
#11851 = ORIENTED_EDGE ( 'NONE', *, *, #1380, .F. ) ;
#11852 = CIRCLE ( 'NONE', #4363, 2.499999999999999556 ) ;
#11853 = CARTESIAN_POINT ( 'NONE',  ( 63.49999999999994316, 2.000000000000000000, -29.99999999999992539 ) ) ;
#11854 = EDGE_CURVE ( 'NONE', #5810, #731, #9886, .T. ) ;
#11855 = ORIENTED_EDGE ( 'NONE', *, *, #11289, .F. ) ;
#11856 = CIRCLE ( 'NONE', #10845, 0.9999999999999974465 ) ;
#11857 = EDGE_LOOP ( 'NONE', ( #10835, #8025, #7365, #10732 ) ) ;
#11858 = CARTESIAN_POINT ( 'NONE',  ( 11.99999999999994849, 2.000000000000000000, -28.99999999999992895 ) ) ;
#11859 = ADVANCED_FACE ( 'NONE', ( #9124 ), #10015, .T. ) ;
#11860 = DIRECTION ( 'NONE',  ( 0.000000000000000000, 0.000000000000000000, -1.000000000000000000 ) ) ;
#11861 = ORIENTED_EDGE ( 'NONE', *, *, #4892, .T. ) ;
#11862 = AXIS2_PLACEMENT_3D ( 'NONE', #5843, #9463, #1985 ) ;
#11863 = CARTESIAN_POINT ( 'NONE',  ( 72.49999999999994316, 2.000000000000000000, -24.49999999999999289 ) ) ;
#11864 = AXIS2_PLACEMENT_3D ( 'NONE', #886, #1909, #8623 ) ;
#11865 = LINE ( 'NONE', #3119, #106 ) ;
#11866 = ORIENTED_EDGE ( 'NONE', *, *, #10242, .T. ) ;
#11867 = FACE_BOUND ( 'NONE', #5791, .T. ) ;
#11868 = DIRECTION ( 'NONE',  ( 0.000000000000000000, 1.000000000000000000, 0.000000000000000000 ) ) ;
#11869 = LINE ( 'NONE', #11987, #10557 ) ;
#11870 = ORIENTED_EDGE ( 'NONE', *, *, #6240, .F. ) ;
#11871 = CARTESIAN_POINT ( 'NONE',  ( 7.499999999999971578, 2.000000000000000000, -24.49999999999990052 ) ) ;
#11872 = CARTESIAN_POINT ( 'NONE',  ( 67.99999999999997158, 11.00000000000000000, -16.49999999999996447 ) ) ;
#11873 = ORIENTED_EDGE ( 'NONE', *, *, #1780, .F. ) ;
#11874 = ORIENTED_EDGE ( 'NONE', *, *, #9593, .F. ) ;
#11875 = CARTESIAN_POINT ( 'NONE',  ( 7.499999999999944045, 2.000000000000000000, -34.49999999999989342 ) ) ;
#11876 = CARTESIAN_POINT ( 'NONE',  ( 53.50000000000000000, 0.000000000000000000, -1.700000000000003508 ) ) ;
#11877 = CARTESIAN_POINT ( 'NONE',  ( 16.50000000000000711, 2.000000000000000000, -7.499999999999968914 ) ) ;
#11878 = AXIS2_PLACEMENT_3D ( 'NONE', #10323, #7211, #11079 ) ;
#11879 = DIRECTION ( 'NONE',  ( 0.000000000000000000, 0.000000000000000000, 1.000000000000000000 ) ) ;
#11880 = DIRECTION ( 'NONE',  ( 0.000000000000000000, -0.000000000000000000, 1.000000000000000000 ) ) ;
#11881 = ORIENTED_EDGE ( 'NONE', *, *, #8438, .F. ) ;
#11882 = CIRCLE ( 'NONE', #5817, 0.9999999999999974465 ) ;
#11883 = CARTESIAN_POINT ( 'NONE',  ( 16.49999999999997868, 2.000000000000000000, -17.49999999999996447 ) ) ;
#11884 = ORIENTED_EDGE ( 'NONE', *, *, #6169, .T. ) ;
#11885 = VECTOR ( 'NONE', #10310, 1000.000000000000000 ) ;
#11886 = DIRECTION ( 'NONE',  ( -0.000000000000000000, -1.000000000000000000, 0.000000000000000000 ) ) ;
#11887 = ORIENTED_EDGE ( 'NONE', *, *, #149, .T. ) ;
#11888 = DIRECTION ( 'NONE',  ( 0.000000000000000000, 0.000000000000000000, 1.000000000000000000 ) ) ;
#11889 = DIRECTION ( 'NONE',  ( 0.000000000000000000, 0.000000000000000000, 1.000000000000000000 ) ) ;
#11890 = CIRCLE ( 'NONE', #11073, 1.000000000000000888 ) ;
#11891 = VECTOR ( 'NONE', #6429, 1000.000000000000000 ) ;
#11892 = EDGE_LOOP ( 'NONE', ( #7801, #9278, #460, #4746 ) ) ;
#11893 = DIRECTION ( 'NONE',  ( -0.000000000000000000, -1.000000000000000000, -0.000000000000000000 ) ) ;
#11894 = EDGE_CURVE ( 'NONE', #11492, #591, #6826, .T. ) ;
#11895 = DIRECTION ( 'NONE',  ( 0.000000000000000000, 1.000000000000000000, 0.000000000000000000 ) ) ;
#11896 = DIRECTION ( 'NONE',  ( 0.000000000000000000, 1.000000000000000000, 0.000000000000000000 ) ) ;
#11897 = DIRECTION ( 'NONE',  ( 0.000000000000000000, 1.000000000000000000, 0.000000000000000000 ) ) ;
#11898 = EDGE_CURVE ( 'NONE', #4529, #4993, #1784, .T. ) ;
#11899 = ORIENTED_EDGE ( 'NONE', *, *, #8460, .F. ) ;
#11900 = ADVANCED_FACE ( 'NONE', ( #309 ), #7142, .T. ) ;
#11901 = AXIS2_PLACEMENT_3D ( 'NONE', #11394, #3548, #12159 ) ;
#11902 = ORIENTED_EDGE ( 'NONE', *, *, #2091, .F. ) ;
#11903 = PLANE ( 'NONE',  #4749 ) ;
#11904 = CARTESIAN_POINT ( 'NONE',  ( 16.50000000000000711, 2.000000000000000000, -8.499999999999966249 ) ) ;
#11905 = AXIS2_PLACEMENT_3D ( 'NONE', #2427, #10330, #1656 ) ;
#11906 = DIRECTION ( 'NONE',  ( 1.000000000000000000, 0.000000000000000000, 6.999854048275122104E-16 ) ) ;
#11907 = CYLINDRICAL_SURFACE ( 'NONE', #7426, 0.9999999999999974465 ) ;
#11908 = VECTOR ( 'NONE', #6365, 1000.000000000000000 ) ;
#11909 = EDGE_CURVE ( 'NONE', #11930, #8915, #11078, .T. ) ;
#11910 = AXIS2_PLACEMENT_3D ( 'NONE', #6374, #2468, #9116 ) ;
#11911 = DIRECTION ( 'NONE',  ( 0.000000000000000000, 1.000000000000000000, -0.000000000000000000 ) ) ;
#11912 = EDGE_LOOP ( 'NONE', ( #9974, #960, #1590, #7066 ) ) ;
#11913 = EDGE_CURVE ( 'NONE', #3902, #5457, #3606, .T. ) ;
#11914 = CYLINDRICAL_SURFACE ( 'NONE', #2596, 0.9999999999999974465 ) ;
#11915 = CARTESIAN_POINT ( 'NONE',  ( 67.99999999999990052, 11.00000000000000000, -38.99999999999995026 ) ) ;
#11916 = LINE ( 'NONE', #8108, #3308 ) ;
#11917 = VERTEX_POINT ( 'NONE', #11197 ) ;
#11918 = ORIENTED_EDGE ( 'NONE', *, *, #6735, .F. ) ;
#11919 = CARTESIAN_POINT ( 'NONE',  ( 12.00000000000000355, 11.00000000000000000, -10.99999999999993605 ) ) ;
#11920 = CYLINDRICAL_SURFACE ( 'NONE', #4413, 1.000000000000000888 ) ;
#11921 = LINE ( 'NONE', #1416, #4939 ) ;
#11922 = CARTESIAN_POINT ( 'NONE',  ( 7.500000000000020428, 11.00000000000000000, -11.99999999999990230 ) ) ;
#11923 = AXIS2_PLACEMENT_3D ( 'NONE', #552, #4418, #8411 ) ;
#11924 = ADVANCED_FACE ( 'NONE', ( #1595 ), #5445, .T. ) ;
#11925 = FACE_BOUND ( 'NONE', #7639, .T. ) ;
#11926 = EDGE_CURVE ( 'NONE', #8905, #10255, #6442, .T. ) ;
#11927 = ADVANCED_FACE ( 'NONE', ( #3610 ), #9311, .T. ) ;
#11928 = CARTESIAN_POINT ( 'NONE',  ( 58.99999999999994316, 11.00000000000000000, -33.49999999999989342 ) ) ;
#11929 = FACE_OUTER_BOUND ( 'NONE', #570, .T. ) ;
#11930 = VERTEX_POINT ( 'NONE', #3485 ) ;
#11931 = DIRECTION ( 'NONE',  ( 0.000000000000000000, 1.000000000000000000, 0.000000000000000000 ) ) ;
#11932 = DIRECTION ( 'NONE',  ( 0.000000000000000000, 1.000000000000000000, 0.000000000000000000 ) ) ;
#11933 = EDGE_LOOP ( 'NONE', ( #4039, #5633, #8257, #594 ) ) ;
#11934 = ORIENTED_EDGE ( 'NONE', *, *, #11077, .F. ) ;
#11935 = ORIENTED_EDGE ( 'NONE', *, *, #4152, .T. ) ;
#11936 = CYLINDRICAL_SURFACE ( 'NONE', #284, 1.000000000000000888 ) ;
#11937 = ORIENTED_EDGE ( 'NONE', *, *, #9214, .T. ) ;
#11938 = CARTESIAN_POINT ( 'NONE',  ( 14.23776336359134831, 11.00000000000000000, -46.00000000000000000 ) ) ;
#11939 = ADVANCED_FACE ( 'NONE', ( #4368 ), #8432, .T. ) ;
#11940 = VECTOR ( 'NONE', #3723, 1000.000000000000114 ) ;
#11941 = PLANE ( 'NONE',  #11017 ) ;
#11942 = ADVANCED_FACE ( 'NONE', ( #8361 ), #11135, .T. ) ;
#11943 = CARTESIAN_POINT ( 'NONE',  ( 52.63015151901651478, 11.00000000000000000, -5.499999999999992895 ) ) ;
#11944 = EDGE_CURVE ( 'NONE', #9489, #564, #2477, .T. ) ;
#11945 = FACE_OUTER_BOUND ( 'NONE', #10448, .T. ) ;
#11946 = VERTEX_POINT ( 'NONE', #9369 ) ;
#11947 = VECTOR ( 'NONE', #4925, 1000.000000000000000 ) ;
#11948 = DIRECTION ( 'NONE',  ( 0.000000000000000000, 1.000000000000000000, 0.000000000000000000 ) ) ;
#11949 = ORIENTED_EDGE ( 'NONE', *, *, #6722, .F. ) ;
#11950 = CARTESIAN_POINT ( 'NONE',  ( 72.49999999999994316, 11.00000000000000000, -25.49999999999999289 ) ) ;
#11951 = CARTESIAN_POINT ( 'NONE',  ( 7.499999999999958256, 2.000000000000000000, -29.99999999999989342 ) ) ;
#11952 = ORIENTED_EDGE ( 'NONE', *, *, #2081, .F. ) ;
#11953 = DIRECTION ( 'NONE',  ( 0.000000000000000000, 1.000000000000000000, -0.000000000000000000 ) ) ;
#11954 = CARTESIAN_POINT ( 'NONE',  ( 44.50000000000000000, 11.00000000000000000, -16.49999999999994316 ) ) ;
#11955 = CARTESIAN_POINT ( 'NONE',  ( 55.00000000000000000, 2.000000000000000000, -32.14999999999999858 ) ) ;
#11956 = CARTESIAN_POINT ( 'NONE',  ( 35.52253967444148230, 11.00000000000000000, -48.32132034355964123 ) ) ;
#11957 = ORIENTED_EDGE ( 'NONE', *, *, #11510, .F. ) ;
#11958 = VERTEX_POINT ( 'NONE', #12282 ) ;
#11959 = DIRECTION ( 'NONE',  ( 0.000000000000000000, 0.000000000000000000, 1.000000000000000000 ) ) ;
#11960 = DIRECTION ( 'NONE',  ( -0.000000000000000000, -1.000000000000000000, -0.000000000000000000 ) ) ;
#11961 = LINE ( 'NONE', #2465, #1467 ) ;
#11962 = DIRECTION ( 'NONE',  ( -0.000000000000000000, -1.000000000000000000, -0.000000000000000000 ) ) ;
#11963 = EDGE_CURVE ( 'NONE', #2788, #7865, #6319, .T. ) ;
#11964 = DIRECTION ( 'NONE',  ( -0.7071067811865506814, 0.000000000000000000, -0.7071067811865443531 ) ) ;
#11965 = ORIENTED_EDGE ( 'NONE', *, *, #11362, .F. ) ;
#11966 = ADVANCED_FACE ( 'NONE', ( #4493 ), #1650, .T. ) ;
#11967 = EDGE_LOOP ( 'NONE', ( #8309, #3142, #8694, #10780 ) ) ;
#11968 = CARTESIAN_POINT ( 'NONE',  ( 72.49999999999988631, 11.00000000000000000, -39.99999999999998579 ) ) ;
#11969 = ORIENTED_EDGE ( 'NONE', *, *, #346, .F. ) ;
#11970 = AXIS2_PLACEMENT_3D ( 'NONE', #5520, #7534, #3749 ) ;
#11971 = CARTESIAN_POINT ( 'NONE',  ( 63.50000000000000000, 11.00000000000000000, -11.99999999999993427 ) ) ;
#11972 = DIRECTION ( 'NONE',  ( 0.000000000000000000, 0.000000000000000000, -1.000000000000000000 ) ) ;
#11973 = ORIENTED_EDGE ( 'NONE', *, *, #4950, .F. ) ;
#11974 = DIRECTION ( 'NONE',  ( -0.000000000000000000, -1.000000000000000000, -0.000000000000000000 ) ) ;
#11975 = EDGE_LOOP ( 'NONE', ( #1022, #4117 ) ) ;
#11976 = ORIENTED_EDGE ( 'NONE', *, *, #6469, .F. ) ;
#11977 = DIRECTION ( 'NONE',  ( 0.000000000000000000, 0.000000000000000000, 1.000000000000000000 ) ) ;
#11978 = AXIS2_PLACEMENT_3D ( 'NONE', #700, #7968, #7264 ) ;
#11979 = ADVANCED_FACE ( 'NONE', ( #7521 ), #2547, .T. ) ;
#11980 = CYLINDRICAL_SURFACE ( 'NONE', #3611, 0.9999999999999974465 ) ;
#11981 = CIRCLE ( 'NONE', #1256, 0.9999999999999974465 ) ;
#11982 = EDGE_CURVE ( 'NONE', #11156, #2623, #3200, .T. ) ;
#11983 = DIRECTION ( 'NONE',  ( 0.000000000000000000, 1.000000000000000000, 0.000000000000000000 ) ) ;
#11984 = FACE_OUTER_BOUND ( 'NONE', #3292, .T. ) ;
#11985 = AXIS2_PLACEMENT_3D ( 'NONE', #4715, #2948, #3834 ) ;
#11986 = FACE_OUTER_BOUND ( 'NONE', #12078, .T. ) ;
#11987 = CARTESIAN_POINT ( 'NONE',  ( 7.500000000000020428, 11.00000000000000000, -10.99999999999990585 ) ) ;
#11988 = ORIENTED_EDGE ( 'NONE', *, *, #7975, .F. ) ;
#11989 = AXIS2_PLACEMENT_3D ( 'NONE', #7494, #2699, #7622 ) ;
#11990 = CARTESIAN_POINT ( 'NONE',  ( 7.499999999999958256, 11.00000000000000000, -29.99999999999989342 ) ) ;
#11991 = DIRECTION ( 'NONE',  ( 0.000000000000000000, 0.000000000000000000, 1.000000000000000000 ) ) ;
#11992 = EDGE_LOOP ( 'NONE', ( #4420, #6642, #10927, #4217 ) ) ;
#11993 = CARTESIAN_POINT ( 'NONE',  ( 58.99999999999995737, 11.00000000000000000, -29.99999999999989342 ) ) ;
#11994 = EDGE_CURVE ( 'NONE', #3167, #9945, #7400, .T. ) ;
#11995 = CARTESIAN_POINT ( 'NONE',  ( 67.99999999999994316, 11.00000000000000000, -26.49999999999995737 ) ) ;
#11996 = AXIS2_PLACEMENT_3D ( 'NONE', #1794, #1852, #5777 ) ;
#11997 = EDGE_CURVE ( 'NONE', #9612, #5561, #5506, .T. ) ;
#11998 = EDGE_CURVE ( 'NONE', #10097, #1491, #695, .T. ) ;
#11999 = EDGE_LOOP ( 'NONE', ( #7163, #2234 ) ) ;
#12000 = AXIS2_PLACEMENT_3D ( 'NONE', #733, #9474, #1747 ) ;
#12001 = CARTESIAN_POINT ( 'NONE',  ( 55.52132034355962276, 9.799999999999998934, -5.479898987322335380 ) ) ;
#12002 = DIRECTION ( 'NONE',  ( 0.000000000000000000, 0.000000000000000000, -1.000000000000000000 ) ) ;
#12003 = ORIENTED_EDGE ( 'NONE', *, *, #8249, .F. ) ;
#12004 = FACE_OUTER_BOUND ( 'NONE', #3450, .T. ) ;
#12005 = CIRCLE ( 'NONE', #6132, 0.9999999999999974465 ) ;
#12006 = ORIENTED_EDGE ( 'NONE', *, *, #11340, .F. ) ;
#12007 = DIRECTION ( 'NONE',  ( -0.000000000000000000, -1.000000000000000000, -0.000000000000000000 ) ) ;
#12008 = ORIENTED_EDGE ( 'NONE', *, *, #11267, .F. ) ;
#12009 = CIRCLE ( 'NONE', #2339, 2.200000000000028599 ) ;
#12010 = CARTESIAN_POINT ( 'NONE',  ( 63.89999999999999858, 5.000000000000000888, -4.000000000000003553 ) ) ;
#12011 = AXIS2_PLACEMENT_3D ( 'NONE', #3684, #7537, #1795 ) ;
#12012 = EDGE_CURVE ( 'NONE', #1526, #5621, #10073, .T. ) ;
#12013 = EDGE_CURVE ( 'NONE', #2017, #7730, #7442, .T. ) ;
#12014 = VECTOR ( 'NONE', #9036, 1000.000000000000000 ) ;
#12015 = ORIENTED_EDGE ( 'NONE', *, *, #11994, .T. ) ;
#12016 = VECTOR ( 'NONE', #3118, 1000.000000000000000 ) ;
#12018 = AXIS2_PLACEMENT_3D ( 'NONE', #3550, #9442, #6640 ) ;
#12017 = DIRECTION ( 'NONE',  ( 0.000000000000000000, 0.000000000000000000, 1.000000000000000000 ) ) ;
#12019 = DIRECTION ( 'NONE',  ( 0.000000000000000000, 1.000000000000000000, 0.000000000000000000 ) ) ;
#12020 = DIRECTION ( 'NONE',  ( 0.000000000000000000, 1.000000000000000000, 0.000000000000000000 ) ) ;
#12021 = CARTESIAN_POINT ( 'NONE',  ( 61.85512985522206009, 2.000000000000000000, -4.000000000000002665 ) ) ;
#12022 = ORIENTED_EDGE ( 'NONE', *, *, #9132, .T. ) ;
#12023 = ORIENTED_EDGE ( 'NONE', *, *, #6561, .T. ) ;
#12024 = VECTOR ( 'NONE', #11498, 1000.000000000000000 ) ;
#12025 = DIRECTION ( 'NONE',  ( -0.000000000000000000, -1.000000000000000000, -0.000000000000000000 ) ) ;
#12026 = DIRECTION ( 'NONE',  ( 0.000000000000000000, 1.000000000000000000, -0.000000000000000000 ) ) ;
#12027 = FACE_OUTER_BOUND ( 'NONE', #7646, .T. ) ;
#12028 = VECTOR ( 'NONE', #11031, 1000.000000000000000 ) ;
#12029 = CARTESIAN_POINT ( 'NONE',  ( 48.49999999999999289, 11.00000000000000000, -33.49999999999992895 ) ) ;
#12030 = AXIS2_PLACEMENT_3D ( 'NONE', #3075, #3848, #10507 ) ;
#12031 = CARTESIAN_POINT ( 'NONE',  ( 7.500000000000041744, 11.00000000000000000, -8.499999999999904077 ) ) ;
#12032 = AXIS2_PLACEMENT_3D ( 'NONE', #8514, #7541, #4770 ) ;
#12033 = AXIS2_PLACEMENT_3D ( 'NONE', #12509, #3781, #3969 ) ;
#12034 = DIRECTION ( 'NONE',  ( 0.000000000000000000, 1.000000000000000000, -0.000000000000000000 ) ) ;
#12035 = VECTOR ( 'NONE', #3017, 1000.000000000000114 ) ;
#12036 = ORIENTED_EDGE ( 'NONE', *, *, #10800, .T. ) ;
#12037 = CARTESIAN_POINT ( 'NONE',  ( 35.49999999999999289, 2.000000000000000000, -7.499999999999963585 ) ) ;
#12038 = CARTESIAN_POINT ( 'NONE',  ( 16.49999999999989697, 2.000000000000000000, -37.99999999999995026 ) ) ;
#12039 = ORIENTED_EDGE ( 'NONE', *, *, #11825, .F. ) ;
#12040 = CARTESIAN_POINT ( 'NONE',  ( 35.49999999999999289, 11.00000000000000000, -20.99999999999996447 ) ) ;
#12041 = VERTEX_POINT ( 'NONE', #9692 ) ;
#12042 = ORIENTED_EDGE ( 'NONE', *, *, #6652, .T. ) ;
#12043 = DIRECTION ( 'NONE',  ( -0.000000000000000000, 1.000000000000000000, -0.000000000000000000 ) ) ;
#12044 = CIRCLE ( 'NONE', #5959, 0.9999999999999983347 ) ;
#12045 = FACE_OUTER_BOUND ( 'NONE', #306, .T. ) ;
#12046 = CIRCLE ( 'NONE', #8809, 1.000000000000000888 ) ;
#12047 = VERTEX_POINT ( 'NONE', #1008 ) ;
#12048 = DIRECTION ( 'NONE',  ( -0.000000000000000000, 1.000000000000000000, -0.000000000000000000 ) ) ;
#12049 = VECTOR ( 'NONE', #4360, 1000.000000000000000 ) ;
#12050 = LINE ( 'NONE', #3182, #10030 ) ;
#12051 = ORIENTED_EDGE ( 'NONE', *, *, #12012, .T. ) ;
#12052 = EDGE_CURVE ( 'NONE', #8386, #4690, #3733, .T. ) ;
#12053 = DIRECTION ( 'NONE',  ( -0.000000000000000000, -1.000000000000000000, -0.000000000000000000 ) ) ;
#12054 = AXIS2_PLACEMENT_3D ( 'NONE', #5404, #11276, #8378 ) ;
#12055 = DIRECTION ( 'NONE',  ( 0.000000000000000000, 0.000000000000000000, 1.000000000000000000 ) ) ;
#12056 = VERTEX_POINT ( 'NONE', #9555 ) ;
#12057 = ADVANCED_FACE ( 'NONE', ( #2908 ), #2793, .F. ) ;
#12058 = DIRECTION ( 'NONE',  ( 0.000000000000000000, 1.000000000000000000, 0.000000000000000000 ) ) ;
#12059 = CARTESIAN_POINT ( 'NONE',  ( 29.34974746830572556, 11.00000000000000000, -39.32010101267764668 ) ) ;
#12060 = ADVANCED_FACE ( 'NONE', ( #11658 ), #3857, .T. ) ;
#12061 = ORIENTED_EDGE ( 'NONE', *, *, #6177, .T. ) ;
#12062 = ORIENTED_EDGE ( 'NONE', *, *, #226, .T. ) ;
#12063 = DIRECTION ( 'NONE',  ( -0.000000000000000000, 1.000000000000000000, -0.000000000000000000 ) ) ;
#12064 = CARTESIAN_POINT ( 'NONE',  ( 72.50000000000000000, 11.00000000000000000, -7.500000000000000000 ) ) ;
#12065 = EDGE_CURVE ( 'NONE', #61, #724, #1591, .T. ) ;
#12066 = AXIS2_PLACEMENT_3D ( 'NONE', #1296, #5174, #2318 ) ;
#12067 = ORIENTED_EDGE ( 'NONE', *, *, #7870, .F. ) ;
#12068 = CIRCLE ( 'NONE', #4373, 0.9999999999999974465 ) ;
#12069 = DIRECTION ( 'NONE',  ( -0.000000000000000000, -1.000000000000000000, -0.000000000000000000 ) ) ;
#12070 = DIRECTION ( 'NONE',  ( 0.000000000000000000, 1.000000000000000000, 0.000000000000000000 ) ) ;
#12071 = ORIENTED_EDGE ( 'NONE', *, *, #10676, .T. ) ;
#12072 = ADVANCED_FACE ( 'NONE', ( #2978 ), #9627, .F. ) ;
#12073 = CARTESIAN_POINT ( 'NONE',  ( 63.49999999999998579, 11.00000000000000000, -15.49999999999993427 ) ) ;
#12074 = ORIENTED_EDGE ( 'NONE', *, *, #987, .F. ) ;
#12075 = EDGE_CURVE ( 'NONE', #8885, #1733, #6223, .T. ) ;
#12076 = CARTESIAN_POINT ( 'NONE',  ( 35.49999999999999289, 11.00000000000000000, -29.99999999999996447 ) ) ;
#12077 = EDGE_CURVE ( 'NONE', #8031, #6729, #2733, .T. ) ;
#12078 = EDGE_LOOP ( 'NONE', ( #3658, #10137, #10118, #979 ) ) ;
#12079 = AXIS2_PLACEMENT_3D ( 'NONE', #8090, #4932, #3274 ) ;
#12080 = ORIENTED_EDGE ( 'NONE', *, *, #5898, .F. ) ;
#12081 = DIRECTION ( 'NONE',  ( -0.000000000000000000, 1.000000000000000000, -0.000000000000000000 ) ) ;
#12082 = CIRCLE ( 'NONE', #7828, 0.9999999999999940048 ) ;
#12083 = CARTESIAN_POINT ( 'NONE',  ( 43.50000000000000000, 11.00000000000000000, -41.23776336359134831 ) ) ;
#12084 = CARTESIAN_POINT ( 'NONE',  ( 41.52771285725263084, 9.799999999999998934, -44.19999999999999574 ) ) ;
#12085 = EDGE_CURVE ( 'NONE', #2235, #5543, #8261, .T. ) ;
#12086 = CARTESIAN_POINT ( 'NONE',  ( 38.99999999999999289, 2.000000000000000000, -46.00000000000000000 ) ) ;
#12087 = DIRECTION ( 'NONE',  ( 0.000000000000000000, 0.000000000000000000, -1.000000000000000000 ) ) ;
#12088 = ORIENTED_EDGE ( 'NONE', *, *, #5641, .F. ) ;
#12089 = EDGE_CURVE ( 'NONE', #7085, #4153, #4615, .T. ) ;
#12090 = EDGE_CURVE ( 'NONE', #500, #10291, #7642, .T. ) ;
#12091 = ORIENTED_EDGE ( 'NONE', *, *, #3421, .F. ) ;
#12092 = LINE ( 'NONE', #4858, #9789 ) ;
#12093 = DIRECTION ( 'NONE',  ( 0.000000000000000000, 1.000000000000000000, 0.000000000000000000 ) ) ;
#12094 = DIRECTION ( 'NONE',  ( -0.000000000000000000, -1.000000000000000000, -0.000000000000000000 ) ) ;
#12095 = CARTESIAN_POINT ( 'NONE',  ( 3.443928191751364240E-14, 11.00000000000000000, -49.20000000000005969 ) ) ;
#12096 = CARTESIAN_POINT ( 'NONE',  ( 17.92779706011599927, 11.00000000000000000, -3.000084202863473326 ) ) ;
#12097 = EDGE_LOOP ( 'NONE', ( #9647, #11257 ) ) ;
#12098 = EDGE_CURVE ( 'NONE', #12277, #9931, #11459, .T. ) ;
#12099 = ORIENTED_EDGE ( 'NONE', *, *, #2357, .F. ) ;
#12100 = AXIS2_PLACEMENT_3D ( 'NONE', #9498, #875, #1896 ) ;
#12101 = CARTESIAN_POINT ( 'NONE',  ( 63.49999999999995737, 11.00000000000000000, -25.49999999999992895 ) ) ;
#12102 = ORIENTED_EDGE ( 'NONE', *, *, #7580, .T. ) ;
#12103 = ADVANCED_FACE ( 'NONE', ( #6690 ), #12464, .T. ) ;
#12104 = CARTESIAN_POINT ( 'NONE',  ( 11.99999999999998934, 11.00000000000000000, -16.49999999999993250 ) ) ;
#12105 = CARTESIAN_POINT ( 'NONE',  ( 26.50000000000000000, 11.00000000000000000, -37.29999999999996874 ) ) ;
#12106 = VERTEX_POINT ( 'NONE', #2847 ) ;
#12107 = CARTESIAN_POINT ( 'NONE',  ( -7.534230757946416405E-17, 9.799999999999998934, -0.9999999999999991118 ) ) ;
#12108 = EDGE_LOOP ( 'NONE', ( #6840, #1391, #1490, #9643 ) ) ;
#12109 = ORIENTED_EDGE ( 'NONE', *, *, #2955, .F. ) ;
#12110 = DIRECTION ( 'NONE',  ( -0.7071067811865513475, 0.000000000000000000, 0.7071067811865437980 ) ) ;
#12111 = CARTESIAN_POINT ( 'NONE',  ( 14.23776336359134831, 2.000000000000000000, -43.50000000000000000 ) ) ;
#12112 = AXIS2_PLACEMENT_3D ( 'NONE', #7960, #9927, #8153 ) ;
#12113 = ORIENTED_EDGE ( 'NONE', *, *, #12503, .F. ) ;
#12114 = ORIENTED_EDGE ( 'NONE', *, *, #1827, .T. ) ;
#12115 = LINE ( 'NONE', #7411, #1521 ) ;
#12116 = DIRECTION ( 'NONE',  ( 0.000000000000000000, 1.000000000000000000, 0.000000000000000000 ) ) ;
#12117 = CARTESIAN_POINT ( 'NONE',  ( 31.50000000000000711, 11.00000000000000000, -15.49999999999997513 ) ) ;
#12118 = FACE_OUTER_BOUND ( 'NONE', #10165, .T. ) ;
#12119 = EDGE_LOOP ( 'NONE', ( #10636, #2124 ) ) ;
#12120 = DIRECTION ( 'NONE',  ( -0.000000000000000000, -1.000000000000000000, -0.000000000000000000 ) ) ;
#12121 = VECTOR ( 'NONE', #11012, 1000.000000000000000 ) ;
#12122 = DIRECTION ( 'NONE',  ( -0.000000000000000000, -1.000000000000000000, -0.000000000000000000 ) ) ;
#12123 = ORIENTED_EDGE ( 'NONE', *, *, #381, .F. ) ;
#12124 = VERTEX_POINT ( 'NONE', #11586 ) ;
#12125 = EDGE_LOOP ( 'NONE', ( #10504, #6679, #5110, #502 ) ) ;
#12126 = CYLINDRICAL_SURFACE ( 'NONE', #3342, 1.000000000000000888 ) ;
#12127 = DIRECTION ( 'NONE',  ( 0.000000000000000000, 0.000000000000000000, 1.000000000000000000 ) ) ;
#12128 = ORIENTED_EDGE ( 'NONE', *, *, #5617, .T. ) ;
#12129 = ORIENTED_EDGE ( 'NONE', *, *, #2331, .T. ) ;
#12130 = CARTESIAN_POINT ( 'NONE',  ( 59.00000000000000711, 11.00000000000000000, -16.49999999999990408 ) ) ;
#12131 = DIRECTION ( 'NONE',  ( -0.000000000000000000, -1.000000000000000000, -0.000000000000000000 ) ) ;
#12132 = DIRECTION ( 'NONE',  ( 0.000000000000000000, 1.000000000000000000, 0.000000000000000000 ) ) ;
#12133 = ORIENTED_EDGE ( 'NONE', *, *, #10702, .F. ) ;
#12134 = CYLINDRICAL_SURFACE ( 'NONE', #2892, 0.9999999999999974465 ) ;
#12135 = VERTEX_POINT ( 'NONE', #6756 ) ;
#12136 = EDGE_LOOP ( 'NONE', ( #3754, #9309, #6963, #6598 ) ) ;
#12137 = DIRECTION ( 'NONE',  ( 0.000000000000000000, -1.000000000000000000, 0.000000000000000000 ) ) ;
#12138 = DIRECTION ( 'NONE',  ( -0.000000000000000000, -1.000000000000000000, -0.000000000000000000 ) ) ;
#12139 = EDGE_CURVE ( 'NONE', #8419, #10809, #10642, .T. ) ;
#12140 = DIRECTION ( 'NONE',  ( -0.000000000000000000, -1.000000000000000000, -0.000000000000000000 ) ) ;
#12141 = DIRECTION ( 'NONE',  ( 0.000000000000000000, 0.000000000000000000, -1.000000000000000000 ) ) ;
#12142 = AXIS2_PLACEMENT_3D ( 'NONE', #1889, #2902, #5494 ) ;
#12143 = LINE ( 'NONE', #11179, #9865 ) ;
#12144 = LINE ( 'NONE', #9170, #10059 ) ;
#12145 = ORIENTED_EDGE ( 'NONE', *, *, #1785, .T. ) ;
#12146 = VERTEX_POINT ( 'NONE', #8477 ) ;
#12147 = FACE_OUTER_BOUND ( 'NONE', #9550, .T. ) ;
#12148 = DIRECTION ( 'NONE',  ( 0.000000000000000000, 1.000000000000000000, 0.000000000000000000 ) ) ;
#12149 = CARTESIAN_POINT ( 'NONE',  ( 44.92771285725257258, 9.799999999999998934, -6.000000000000002665 ) ) ;
#12150 = LINE ( 'NONE', #12029, #2365 ) ;
#12151 = CIRCLE ( 'NONE', #6070, 0.9999999999999983347 ) ;
#12152 = PLANE ( 'NONE',  #6844 ) ;
#12153 = EDGE_LOOP ( 'NONE', ( #4699, #4488, #8878, #9475 ) ) ;
#12154 = ADVANCED_FACE ( 'NONE', ( #4663 ), #11177, .F. ) ;
#12155 = ORIENTED_EDGE ( 'NONE', *, *, #10432, .T. ) ;
#12156 = FACE_BOUND ( 'NONE', #2835, .T. ) ;
#12157 = DIRECTION ( 'NONE',  ( 0.000000000000000000, 1.000000000000000000, 0.000000000000000000 ) ) ;
#12158 = ORIENTED_EDGE ( 'NONE', *, *, #10526, .F. ) ;
#12159 = DIRECTION ( 'NONE',  ( 0.000000000000000000, 0.000000000000000000, 1.000000000000000000 ) ) ;
#12160 = DIRECTION ( 'NONE',  ( 0.000000000000000000, 0.000000000000000000, 1.000000000000000000 ) ) ;
#12161 = EDGE_LOOP ( 'NONE', ( #1378, #5775 ) ) ;
#12162 = LINE ( 'NONE', #1597, #1708 ) ;
#12163 = VERTEX_POINT ( 'NONE', #7311 ) ;
#12164 = EDGE_LOOP ( 'NONE', ( #1448, #11802 ) ) ;
#12165 = CARTESIAN_POINT ( 'NONE',  ( 80.00000000000000000, 11.00000000000000000, 0.000000000000000000 ) ) ;
#12166 = CARTESIAN_POINT ( 'NONE',  ( 67.99999999999995737, 2.000000000000000000, -20.99999999999996447 ) ) ;
#12167 = ORIENTED_EDGE ( 'NONE', *, *, #7937, .T. ) ;
#12168 = EDGE_CURVE ( 'NONE', #3546, #6053, #10883, .T. ) ;
#12169 = VECTOR ( 'NONE', #395, 1000.000000000000000 ) ;
#12170 = ORIENTED_EDGE ( 'NONE', *, *, #3581, .T. ) ;
#12171 = DIRECTION ( 'NONE',  ( -0.000000000000000000, -1.000000000000000000, -0.000000000000000000 ) ) ;
#12172 = DIRECTION ( 'NONE',  ( -0.000000000000000000, -1.000000000000000000, -0.000000000000000000 ) ) ;
#12173 = CARTESIAN_POINT ( 'NONE',  ( 11.99999999999994849, 11.00000000000000000, -29.99999999999992539 ) ) ;
#12174 = LINE ( 'NONE', #11278, #635 ) ;
#12175 = VERTEX_POINT ( 'NONE', #4412 ) ;
#12176 = CARTESIAN_POINT ( 'NONE',  ( 20.99999999999997158, 11.00000000000000000, -16.49999999999999289 ) ) ;
#12177 = CARTESIAN_POINT ( 'NONE',  ( 0.000000000000000000, 11.00000000000000000, 0.000000000000000000 ) ) ;
#12178 = ORIENTED_EDGE ( 'NONE', *, *, #1003, .F. ) ;
#12179 = EDGE_LOOP ( 'NONE', ( #10117, #406, #11453, #6396 ) ) ;
#12180 = LINE ( 'NONE', #1922, #7572 ) ;
#12181 = CARTESIAN_POINT ( 'NONE',  ( 16.49999999999989697, 11.00000000000000000, -38.99999999999995026 ) ) ;
#12182 = ORIENTED_EDGE ( 'NONE', *, *, #9616, .F. ) ;
#12183 = AXIS2_PLACEMENT_3D ( 'NONE', #1202, #9052, #7013 ) ;
#12184 = CARTESIAN_POINT ( 'NONE',  ( 80.00000000000000000, 9.799999999999998934, -2.999999999999992895 ) ) ;
#12185 = DIRECTION ( 'NONE',  ( 0.000000000000000000, 1.000000000000000000, 0.000000000000000000 ) ) ;
#12186 = EDGE_LOOP ( 'NONE', ( #11042, #5467, #8049, #7212 ) ) ;
#12187 = DIRECTION ( 'NONE',  ( 0.000000000000000000, 1.000000000000000000, 0.000000000000000000 ) ) ;
#12188 = EDGE_LOOP ( 'NONE', ( #7932, #4263 ) ) ;
#12189 = DIRECTION ( 'NONE',  ( 0.000000000000000000, 0.000000000000000000, 1.000000000000000000 ) ) ;
#12190 = ORIENTED_EDGE ( 'NONE', *, *, #11270, .F. ) ;
#12191 = ORIENTED_EDGE ( 'NONE', *, *, #12098, .F. ) ;
#12192 = CARTESIAN_POINT ( 'NONE',  ( 20.99999999999995737, 2.000000000000000000, -20.99999999999999289 ) ) ;
#12193 = CIRCLE ( 'NONE', #651, 0.9999999999999974465 ) ;
#12194 = ORIENTED_EDGE ( 'NONE', *, *, #2227, .T. ) ;
#12195 = VECTOR ( 'NONE', #7556, 1000.000000000000000 ) ;
#12196 = CARTESIAN_POINT ( 'NONE',  ( 17.09999999999999787, 5.000000000000000000, -4.000000000000000888 ) ) ;
#12197 = CIRCLE ( 'NONE', #2903, 0.9999999999999974465 ) ;
#12198 = LINE ( 'NONE', #7446, #3539 ) ;
#12199 = CARTESIAN_POINT ( 'NONE',  ( 44.92771285725257968, 9.799999999999998934, -3.000000000000003109 ) ) ;
#12200 = CARTESIAN_POINT ( 'NONE',  ( 16.49999999999997868, 11.00000000000000000, -16.49999999999996447 ) ) ;
#12201 = ORIENTED_EDGE ( 'NONE', *, *, #1012, .F. ) ;
#12202 = EDGE_CURVE ( 'NONE', #5171, #7865, #12493, .T. ) ;
#12203 = ORIENTED_EDGE ( 'NONE', *, *, #8912, .T. ) ;
#12204 = DIRECTION ( 'NONE',  ( -0.000000000000000000, -1.000000000000000000, -0.000000000000000000 ) ) ;
#12205 = CARTESIAN_POINT ( 'NONE',  ( 53.54142135623727938, 9.799999999999998934, -40.50000000000000711 ) ) ;
#12206 = EDGE_CURVE ( 'NONE', #11096, #11763, #152, .T. ) ;
#12207 = LINE ( 'NONE', #3963, #5976 ) ;
#12208 = DIRECTION ( 'NONE',  ( -0.000000000000000000, -0.000000000000000000, 1.000000000000000000 ) ) ;
#12209 = VECTOR ( 'NONE', #9853, 1000.000000000000000 ) ;
#12210 = CIRCLE ( 'NONE', #2320, 2.799999999999997158 ) ;
#12211 = ORIENTED_EDGE ( 'NONE', *, *, #3661, .F. ) ;
#12212 = FACE_BOUND ( 'NONE', #2864, .T. ) ;
#12213 = DIRECTION ( 'NONE',  ( 0.000000000000000000, 0.000000000000000000, 1.000000000000000000 ) ) ;
#12214 = CIRCLE ( 'NONE', #11624, 0.9999999999999974465 ) ;
#12215 = ORIENTED_EDGE ( 'NONE', *, *, #2857, .F. ) ;
#12216 = EDGE_CURVE ( 'NONE', #1002, #8492, #9481, .T. ) ;
#12217 = DIRECTION ( 'NONE',  ( 0.000000000000000000, 1.000000000000000000, 0.000000000000000000 ) ) ;
#12219 = DIRECTION ( 'NONE',  ( 0.000000000000000000, 0.000000000000000000, 1.000000000000000000 ) ) ;
#12218 = CIRCLE ( 'NONE', #11629, 2.999999999999999112 ) ;
#12220 = ORIENTED_EDGE ( 'NONE', *, *, #6336, .T. ) ;
#12222 = EDGE_CURVE ( 'NONE', #7456, #1308, #11368, .T. ) ;
#12221 = VECTOR ( 'NONE', #9545, 1000.000000000000000 ) ;
#12223 = DIRECTION ( 'NONE',  ( -0.000000000000000000, 1.000000000000000000, -0.000000000000000000 ) ) ;
#12224 = EDGE_CURVE ( 'NONE', #3629, #4084, #1631, .T. ) ;
#12225 = ORIENTED_EDGE ( 'NONE', *, *, #2326, .F. ) ;
#12226 = FACE_OUTER_BOUND ( 'NONE', #12108, .T. ) ;
#12227 = ADVANCED_FACE ( 'NONE', ( #9291 ), #5549, .T. ) ;
#12228 = CARTESIAN_POINT ( 'NONE',  ( 20.99999999999994316, 11.00000000000000000, -24.49999999999999289 ) ) ;
#12229 = ORIENTED_EDGE ( 'NONE', *, *, #1622, .F. ) ;
#12230 = VECTOR ( 'NONE', #22, 1000.000000000000000 ) ;
#12231 = AXIS2_PLACEMENT_3D ( 'NONE', #6864, #6674, #11504 ) ;
#12232 = CIRCLE ( 'NONE', #10818, 3.000000000000009770 ) ;
#12233 = ORIENTED_EDGE ( 'NONE', *, *, #5870, .T. ) ;
#12234 = DIRECTION ( 'NONE',  ( 0.000000000000000000, 1.000000000000000000, 0.000000000000000000 ) ) ;
#12235 = DIRECTION ( 'NONE',  ( 0.000000000000000000, 0.000000000000000000, -1.000000000000000000 ) ) ;
#12236 = EDGE_CURVE ( 'NONE', #5393, #11336, #1189, .T. ) ;
#12237 = CARTESIAN_POINT ( 'NONE',  ( 6.500000000000005329, 2.000000000000000000, -4.000000000000000000 ) ) ;
#12238 = CARTESIAN_POINT ( 'NONE',  ( 31.50000000000000711, 11.00000000000000000, -35.49999999999997158 ) ) ;
#12239 = VECTOR ( 'NONE', #3572, 1000.000000000000000 ) ;
#12240 = ORIENTED_EDGE ( 'NONE', *, *, #12386, .F. ) ;
#12241 = EDGE_CURVE ( 'NONE', #6282, #2174, #3818, .T. ) ;
#12242 = CARTESIAN_POINT ( 'NONE',  ( 58.99999999999994316, 11.00000000000000000, -34.49999999999989342 ) ) ;
#12243 = LINE ( 'NONE', #10339, #8776 ) ;
#12244 = ADVANCED_FACE ( 'NONE', ( #5430 ), #607, .T. ) ;
#12245 = ORIENTED_EDGE ( 'NONE', *, *, #4150, .F. ) ;
#12246 = ORIENTED_EDGE ( 'NONE', *, *, #1613, .F. ) ;
#12247 = AXIS2_PLACEMENT_3D ( 'NONE', #7430, #8519, #1807 ) ;
#12248 = LINE ( 'NONE', #10287, #12239 ) ;
#12249 = DIRECTION ( 'NONE',  ( 0.000000000000000000, 0.000000000000000000, 1.000000000000000000 ) ) ;
#12250 = ORIENTED_EDGE ( 'NONE', *, *, #4818, .F. ) ;
#12251 = AXIS2_PLACEMENT_3D ( 'NONE', #5449, #10083, #511 ) ;
#12252 = LINE ( 'NONE', #7300, #3104 ) ;
#12253 = AXIS2_PLACEMENT_3D ( 'NONE', #12534, #3810, #10714 ) ;
#12254 = CARTESIAN_POINT ( 'NONE',  ( 60.08736290225569121, 11.00000000000000000, -4.732233047033635565 ) ) ;
#12255 = CARTESIAN_POINT ( 'NONE',  ( 48.49999999999999289, 11.00000000000000000, -17.49999999999992895 ) ) ;
#12256 = VERTEX_POINT ( 'NONE', #4537 ) ;
#12257 = DIRECTION ( 'NONE',  ( 0.000000000000000000, 0.000000000000000000, 1.000000000000000000 ) ) ;
#12258 = VERTEX_POINT ( 'NONE', #8408 ) ;
#12259 = ORIENTED_EDGE ( 'NONE', *, *, #9294, .T. ) ;
#12260 = DIRECTION ( 'NONE',  ( 0.000000000000000000, 1.000000000000000000, 0.000000000000000000 ) ) ;
#12261 = VECTOR ( 'NONE', #8928, 1000.000000000000114 ) ;
#12262 = CARTESIAN_POINT ( 'NONE',  ( 35.49999999999999289, 2.000000000000000000, -38.99999999999996447 ) ) ;
#12263 = CIRCLE ( 'NONE', #8840, 0.9999999999999974465 ) ;
#12264 = CARTESIAN_POINT ( 'NONE',  ( 55.00000000000000000, 11.00000000000000000, -9.819595949289343650 ) ) ;
#12265 = AXIS2_PLACEMENT_3D ( 'NONE', #4043, #6118, #362 ) ;
#12266 = FACE_OUTER_BOUND ( 'NONE', #9621, .T. ) ;
#12267 = VERTEX_POINT ( 'NONE', #12196 ) ;
#12268 = ORIENTED_EDGE ( 'NONE', *, *, #3478, .F. ) ;
#12269 = CARTESIAN_POINT ( 'NONE',  ( 7.500000000000041744, 11.00000000000000000, -7.499999999999904965 ) ) ;
#12270 = PLANE ( 'NONE',  #5552 ) ;
#12271 = ORIENTED_EDGE ( 'NONE', *, *, #8099, .T. ) ;
#12272 = DIRECTION ( 'NONE',  ( 0.000000000000000000, 0.000000000000000000, 1.000000000000000000 ) ) ;
#12273 = FACE_OUTER_BOUND ( 'NONE', #11131, .T. ) ;
#12274 = ORIENTED_EDGE ( 'NONE', *, *, #916, .F. ) ;
#12275 = CIRCLE ( 'NONE', #10482, 0.9999999999999974465 ) ;
#12276 = EDGE_CURVE ( 'NONE', #2501, #10418, #7378, .T. ) ;
#12277 = VERTEX_POINT ( 'NONE', #11306 ) ;
#12278 = ADVANCED_FACE ( 'NONE', ( #2649 ), #11439, .F. ) ;
#12279 = FACE_BOUND ( 'NONE', #11999, .T. ) ;
#12280 = CARTESIAN_POINT ( 'NONE',  ( 74.55677228167498072, 11.00000000000000000, -44.75291287251024386 ) ) ;
#12281 = EDGE_LOOP ( 'NONE', ( #12008, #7814, #10314, #1968 ) ) ;
#12282 = CARTESIAN_POINT ( 'NONE',  ( 35.49999999999999289, 11.00000000000000000, -30.99999999999996092 ) ) ;
#12283 = VECTOR ( 'NONE', #3564, 1000.000000000000000 ) ;
#12284 = CARTESIAN_POINT ( 'NONE',  ( 20.99999999999998224, 11.00000000000000000, -11.99999999999999645 ) ) ;
#12285 = CIRCLE ( 'NONE', #2795, 0.9999999999999974465 ) ;
#12286 = DIRECTION ( 'NONE',  ( 0.000000000000000000, 0.000000000000000000, 1.000000000000000000 ) ) ;
#12287 = EDGE_LOOP ( 'NONE', ( #9793, #6824, #5663, #4372 ) ) ;
#12288 = FACE_OUTER_BOUND ( 'NONE', #12429, .T. ) ;
#12289 = DIRECTION ( 'NONE',  ( 0.000000000000000000, 0.000000000000000000, 1.000000000000000000 ) ) ;
#12290 = EDGE_CURVE ( 'NONE', #5726, #4354, #2405, .T. ) ;
#12291 = VECTOR ( 'NONE', #6636, 1000.000000000000114 ) ;
#12292 = ORIENTED_EDGE ( 'NONE', *, *, #9991, .F. ) ;
#12293 = DIRECTION ( 'NONE',  ( 1.000000000000000000, 0.000000000000000000, 0.000000000000000000 ) ) ;
#12294 = ADVANCED_FACE ( 'NONE', ( #2705 ), #10435, .T. ) ;
#12295 = DIRECTION ( 'NONE',  ( 0.000000000000000000, 1.000000000000000000, 0.000000000000000000 ) ) ;
#12296 = CARTESIAN_POINT ( 'NONE',  ( 44.50000000000000000, 11.00000000000000000, -34.49999999999994316 ) ) ;
#12297 = PLANE ( 'NONE',  #222 ) ;
#12298 = ORIENTED_EDGE ( 'NONE', *, *, #7271, .T. ) ;
#12299 = CARTESIAN_POINT ( 'NONE',  ( 61.24351332877357379, 11.00000000000000000, -1.000059507428522121 ) ) ;
#12300 = DIRECTION ( 'NONE',  ( 0.000000000000000000, 0.000000000000000000, -1.000000000000000000 ) ) ;
#12301 = ORIENTED_EDGE ( 'NONE', *, *, #582, .F. ) ;
#12302 = AXIS2_PLACEMENT_3D ( 'NONE', #5758, #7706, #3796 ) ;
#12303 = ORIENTED_EDGE ( 'NONE', *, *, #9603, .F. ) ;
#12304 = ORIENTED_EDGE ( 'NONE', *, *, #557, .T. ) ;
#12305 = CARTESIAN_POINT ( 'NONE',  ( 20.99999999999990052, 2.000000000000000000, -33.49999999999998579 ) ) ;
#12306 = DIRECTION ( 'NONE',  ( 0.000000000000000000, 0.000000000000000000, 1.000000000000000000 ) ) ;
#12307 = CIRCLE ( 'NONE', #1192, 1.000000000000000888 ) ;
#12308 = ORIENTED_EDGE ( 'NONE', *, *, #854, .F. ) ;
#12309 = EDGE_CURVE ( 'NONE', #11155, #476, #1507, .T. ) ;
#12310 = ADVANCED_FACE ( 'NONE', ( #4224 ), #8088, .T. ) ;
#12311 = FACE_OUTER_BOUND ( 'NONE', #11222, .T. ) ;
#12312 = ADVANCED_FACE ( 'NONE', ( #1060 ), #10821, .T. ) ;
#12313 = AXIS2_PLACEMENT_3D ( 'NONE', #4041, #8860, #3982 ) ;
#12314 = CARTESIAN_POINT ( 'NONE',  ( 72.49999999999991473, 11.00000000000000000, -28.99999999999998934 ) ) ;
#12315 = DIRECTION ( 'NONE',  ( 0.000000000000000000, 1.000000000000000000, 0.000000000000000000 ) ) ;
#12316 = VERTEX_POINT ( 'NONE', #11719 ) ;
#12317 = DIRECTION ( 'NONE',  ( -0.000000000000000000, -1.000000000000000000, -0.000000000000000000 ) ) ;
#12318 = CARTESIAN_POINT ( 'NONE',  ( 72.49999999999995737, 2.000000000000000000, -19.99999999999999645 ) ) ;
#12319 = VERTEX_POINT ( 'NONE', #6821 ) ;
#12320 = EDGE_CURVE ( 'NONE', #3432, #5150, #7848, .T. ) ;
#12321 = CYLINDRICAL_SURFACE ( 'NONE', #1704, 4.200000000000036593 ) ;
#12322 = EDGE_CURVE ( 'NONE', #5526, #9242, #5840, .T. ) ;
#12323 = DIRECTION ( 'NONE',  ( 0.000000000000000000, 0.000000000000000000, 1.000000000000000000 ) ) ;
#12324 = DIRECTION ( 'NONE',  ( -0.000000000000000000, -1.000000000000000000, -0.000000000000000000 ) ) ;
#12325 = PERSON_AND_ORGANIZATION_ROLE ( 'creator' ) ;
#12326 = CARTESIAN_POINT ( 'NONE',  ( 26.50000000000000000, 0.000000000000000000, -43.39999999999999858 ) ) ;
#12327 = EDGE_LOOP ( 'NONE', ( #9122, #5743 ) ) ;
#12328 = VERTEX_POINT ( 'NONE', #5873 ) ;
#12329 = DIRECTION ( 'NONE',  ( -0.000000000000000000, -1.000000000000000000, -0.000000000000000000 ) ) ;
#12330 = CARTESIAN_POINT ( 'NONE',  ( 16.49999999999995381, 2.000000000000000000, -25.49999999999996092 ) ) ;
#12331 = ORIENTED_EDGE ( 'NONE', *, *, #8448, .T. ) ;
#12332 = CARTESIAN_POINT ( 'NONE',  ( 49.49999999999999289, 11.00000000000000000, -10.85512985522205121 ) ) ;
#12333 = ORIENTED_EDGE ( 'NONE', *, *, #211, .F. ) ;
#12334 = DIRECTION ( 'NONE',  ( 0.000000000000000000, 0.000000000000000000, 1.000000000000000000 ) ) ;
#12335 = DIRECTION ( 'NONE',  ( -0.000000000000000000, -1.000000000000000000, -0.000000000000000000 ) ) ;
#12336 = ORIENTED_EDGE ( 'NONE', *, *, #10237, .F. ) ;
#12337 = CARTESIAN_POINT ( 'NONE',  ( 44.50000000000000000, 11.00000000000000000, -38.99999999999994316 ) ) ;
#12338 = CARTESIAN_POINT ( 'NONE',  ( 11.99999999999996270, 11.00000000000000000, -25.49999999999992895 ) ) ;
#12339 = EDGE_CURVE ( 'NONE', #167, #6895, #10497, .T. ) ;
#12340 = CARTESIAN_POINT ( 'NONE',  ( 47.87746032555839548, 9.799999999999998934, -1.878679656440361612 ) ) ;
#12341 = ORIENTED_EDGE ( 'NONE', *, *, #2027, .F. ) ;
#12342 = DIRECTION ( 'NONE',  ( -2.081668171172166620E-14, 0.000000000000000000, 1.000000000000000000 ) ) ;
#12343 = ADVANCED_FACE ( 'NONE', ( #105 ), #6940, .T. ) ;
#12344 = DIRECTION ( 'NONE',  ( 0.000000000000000000, 1.000000000000000000, 0.000000000000000000 ) ) ;
#12345 = CARTESIAN_POINT ( 'NONE',  ( 72.49999999999998579, 11.00000000000000000, -11.00000000000000000 ) ) ;
#12346 = DIRECTION ( 'NONE',  ( 0.000000000000000000, 0.000000000000000000, 1.000000000000000000 ) ) ;
#12347 = ORIENTED_EDGE ( 'NONE', *, *, #4600, .F. ) ;
#12348 = DIRECTION ( 'NONE',  ( 0.000000000000000000, 1.000000000000000000, 0.000000000000000000 ) ) ;
#12349 = FACE_OUTER_BOUND ( 'NONE', #11468, .T. ) ;
#12350 = ORIENTED_EDGE ( 'NONE', *, *, #1286, .T. ) ;
#12351 = EDGE_CURVE ( 'NONE', #5621, #1526, #8870, .T. ) ;
#12352 = CYLINDRICAL_SURFACE ( 'NONE', #8973, 1.000000000000000888 ) ;
#12353 = DIRECTION ( 'NONE',  ( 0.000000000000000000, 0.000000000000000000, 1.000000000000000000 ) ) ;
#12354 = EDGE_LOOP ( 'NONE', ( #3721, #9873 ) ) ;
#12355 = ORIENTED_EDGE ( 'NONE', *, *, #4652, .F. ) ;
#12356 = CYLINDRICAL_SURFACE ( 'NONE', #9005, 0.9999999999999974465 ) ;
#12357 = ADVANCED_FACE ( 'NONE', ( #6116 ), #10701, .T. ) ;
#12358 = FACE_OUTER_BOUND ( 'NONE', #3671, .T. ) ;
#12359 = DIRECTION ( 'NONE',  ( 0.000000000000000000, 0.000000000000000000, -1.000000000000000000 ) ) ;
#12360 = CARTESIAN_POINT ( 'NONE',  ( 18.14487014477789728, 11.00000000000000000, -6.500000000000001776 ) ) ;
#12361 = DIRECTION ( 'NONE',  ( -0.000000000000000000, 1.000000000000000000, -0.000000000000000000 ) ) ;
#12362 = ORIENTED_EDGE ( 'NONE', *, *, #10346, .F. ) ;
#12363 = LINE ( 'NONE', #8470, #10905 ) ;
#12364 = ORIENTED_EDGE ( 'NONE', *, *, #6546, .T. ) ;
#12365 = AXIS2_PLACEMENT_3D ( 'NONE', #6152, #3444, #453 ) ;
#12366 = EDGE_CURVE ( 'NONE', #4017, #7609, #4930, .T. ) ;
#12367 = DIRECTION ( 'NONE',  ( 0.000000000000000000, 1.000000000000000000, 0.000000000000000000 ) ) ;
#12368 = DIRECTION ( 'NONE',  ( -0.000000000000000000, -1.000000000000000000, -0.000000000000000000 ) ) ;
#12369 = ORIENTED_EDGE ( 'NONE', *, *, #5023, .F. ) ;
#12370 = FACE_OUTER_BOUND ( 'NONE', #8936, .T. ) ;
#12371 = DIRECTION ( 'NONE',  ( 0.000000000000000000, 1.000000000000000000, 0.000000000000000000 ) ) ;
#12372 = EDGE_CURVE ( 'NONE', #5567, #2514, #4013, .T. ) ;
#12373 = CIRCLE ( 'NONE', #3076, 0.9999999999999974465 ) ;
#12374 = CARTESIAN_POINT ( 'NONE',  ( 30.50060966544064556, 9.799999999999998934, -30.50060966544101149 ) ) ;
#12375 = DIRECTION ( 'NONE',  ( 0.000000000000000000, 1.000000000000000000, 0.000000000000000000 ) ) ;
#12376 = CARTESIAN_POINT ( 'NONE',  ( 38.47228714274736916, 9.799999999999998934, -44.19999999999999574 ) ) ;
#12377 = CIRCLE ( 'NONE', #10366, 0.9999999999999983347 ) ;
#12378 = ORIENTED_EDGE ( 'NONE', *, *, #7811, .T. ) ;
#12379 = AXIS2_PLACEMENT_3D ( 'NONE', #4478, #2527, #3469 ) ;
#12380 = ORIENTED_EDGE ( 'NONE', *, *, #11672, .T. ) ;
#12381 = CARTESIAN_POINT ( 'NONE',  ( 68.00000000000000000, 11.00000000000000000, -7.499999999999968914 ) ) ;
#12383 = EDGE_CURVE ( 'NONE', #1421, #9576, #9479, .T. ) ;
#12382 = CIRCLE ( 'NONE', #248, 2.999999999999996447 ) ;
#12384 = CARTESIAN_POINT ( 'NONE',  ( 11.99999999999993427, 2.000000000000000000, -34.49999999999992895 ) ) ;
#12385 = VERTEX_POINT ( 'NONE', #7838 ) ;
#12386 = EDGE_CURVE ( 'NONE', #1431, #11014, #1195, .T. ) ;
#12387 = DIRECTION ( 'NONE',  ( 0.000000000000000000, 1.000000000000000000, 0.000000000000000000 ) ) ;
#12388 = ORIENTED_EDGE ( 'NONE', *, *, #12065, .F. ) ;
#12389 = CIRCLE ( 'NONE', #3510, 3.599999999999997424 ) ;
#12390 = EDGE_LOOP ( 'NONE', ( #2067, #5218, #2965, #8579 ) ) ;
#12391 = AXIS2_PLACEMENT_3D ( 'NONE', #8837, #4133, #5041 ) ;
#12392 = ORIENTED_EDGE ( 'NONE', *, *, #2267, .F. ) ;
#12393 = CARTESIAN_POINT ( 'NONE',  ( 0.000000000000000000, 9.799999999999998934, -40.50000000000000711 ) ) ;
#12394 = CARTESIAN_POINT ( 'NONE',  ( 26.50000000000000000, 11.00000000000000000, -3.400000000000000355 ) ) ;
#12395 = ORIENTED_EDGE ( 'NONE', *, *, #3635, .T. ) ;
#12396 = DIRECTION ( 'NONE',  ( 0.000000000000000000, 1.000000000000000000, 0.000000000000000000 ) ) ;
#12397 = CARTESIAN_POINT ( 'NONE',  ( 67.99999999999995737, 2.000000000000000000, -19.99999999999996447 ) ) ;
#12398 = AXIS2_PLACEMENT_3D ( 'NONE', #12269, #9424, #10442 ) ;
#12399 = LINE ( 'NONE', #3737, #7145 ) ;
#12400 = CARTESIAN_POINT ( 'NONE',  ( 53.50000000000000000, 11.00000000000000000, -45.10000000000000142 ) ) ;
#12401 = AXIS2_PLACEMENT_3D ( 'NONE', #7632, #10555, #26 ) ;
#12402 = DIRECTION ( 'NONE',  ( -0.000000000000000000, -1.000000000000000000, -0.000000000000000000 ) ) ;
#12403 = AXIS2_PLACEMENT_3D ( 'NONE', #8567, #12415, #643 ) ;
#12404 = CYLINDRICAL_SURFACE ( 'NONE', #4395, 0.9999999999999974465 ) ;
#12405 = AXIS2_PLACEMENT_3D ( 'NONE', #5986, #9796, #10990 ) ;
#12406 = DIRECTION ( 'NONE',  ( -0.000000000000000000, 1.000000000000000000, -0.000000000000000000 ) ) ;
#12407 = AXIS2_PLACEMENT_3D ( 'NONE', #11107, #3638, #1676 ) ;
#12408 = DIRECTION ( 'NONE',  ( 0.000000000000000000, -0.000000000000000000, 1.000000000000000000 ) ) ;
#12409 = CIRCLE ( 'NONE', #6544, 1.000000000000000888 ) ;
#12410 = ORIENTED_EDGE ( 'NONE', *, *, #10742, .F. ) ;
#12411 = PLANE ( 'NONE',  #6412 ) ;
#12412 = CARTESIAN_POINT ( 'NONE',  ( 3.000000000000002665, 9.799999999999998934, -5.200000000000043698 ) ) ;
#12413 = ORIENTED_EDGE ( 'NONE', *, *, #6952, .F. ) ;
#12414 = DIRECTION ( 'NONE',  ( 0.000000000000000000, 0.000000000000000000, -1.000000000000000000 ) ) ;
#12415 = DIRECTION ( 'NONE',  ( 0.000000000000000000, 1.000000000000000000, 0.000000000000000000 ) ) ;
#12416 = ORIENTED_EDGE ( 'NONE', *, *, #5947, .F. ) ;
#12417 = VERTEX_POINT ( 'NONE', #2086 ) ;
#12418 = CARTESIAN_POINT ( 'NONE',  ( 16.49999999999995381, 11.00000000000000000, -25.49999999999996092 ) ) ;
#12419 = AXIS2_PLACEMENT_3D ( 'NONE', #8956, #8896, #11697 ) ;
#12420 = AXIS2_PLACEMENT_3D ( 'NONE', #8014, #212, #1237 ) ;
#12421 = CYLINDRICAL_SURFACE ( 'NONE', #7030, 2.500000000000000444 ) ;
#12422 = CIRCLE ( 'NONE', #85, 2.999999999999996447 ) ;
#12423 = VECTOR ( 'NONE', #5869, 1000.000000000000000 ) ;
#12424 = VERTEX_POINT ( 'NONE', #7062 ) ;
#12425 = DIRECTION ( 'NONE',  ( 0.000000000000000000, 0.000000000000000000, 1.000000000000000000 ) ) ;
#12426 = VECTOR ( 'NONE', #721, 1000.000000000000000 ) ;
#12428 = EDGE_CURVE ( 'NONE', #360, #8905, #8476, .T. ) ;
#12427 = CARTESIAN_POINT ( 'NONE',  ( 22.49999999999999645, 11.00000000000000000, -10.85512985522204765 ) ) ;
#12429 = EDGE_LOOP ( 'NONE', ( #9126, #4001, #1085, #4343 ) ) ;
#12430 = EDGE_CURVE ( 'NONE', #7681, #573, #5035, .T. ) ;
#12431 = CARTESIAN_POINT ( 'NONE',  ( 13.50000000000000000, 5.000000000000000000, -4.000000000000000888 ) ) ;
#12432 = VECTOR ( 'NONE', #5052, 1000.000000000000000 ) ;
#12433 = CARTESIAN_POINT ( 'NONE',  ( 48.49999999999999289, 11.00000000000000000, -15.49999999999993427 ) ) ;
#12434 = VERTEX_POINT ( 'NONE', #5064 ) ;
#12435 = DIRECTION ( 'NONE',  ( 0.000000000000000000, 0.000000000000000000, 1.000000000000000000 ) ) ;
#12436 = FACE_OUTER_BOUND ( 'NONE', #6379, .T. ) ;
#12437 = ORIENTED_EDGE ( 'NONE', *, *, #9059, .T. ) ;
#12438 = EDGE_LOOP ( 'NONE', ( #6063, #5832, #5433, #4069 ) ) ;
#12439 = DIRECTION ( 'NONE',  ( 0.000000000000000000, -1.000000000000000000, 0.000000000000000000 ) ) ;
#12440 = CARTESIAN_POINT ( 'NONE',  ( 26.50000000000000000, 11.00000000000000000, -41.70000000000000995 ) ) ;
#12441 = AXIS2_PLACEMENT_3D ( 'NONE', #3176, #64, #6896 ) ;
#12442 = AXIS2_PLACEMENT_3D ( 'NONE', #5900, #1991, #3880 ) ;
#12443 = EDGE_CURVE ( 'NONE', #9089, #2083, #5629, .T. ) ;
#12444 = DIRECTION ( 'NONE',  ( 0.000000000000000000, 1.000000000000000000, 0.000000000000000000 ) ) ;
#12445 = DIRECTION ( 'NONE',  ( 0.000000000000000000, 1.000000000000000000, -0.000000000000000000 ) ) ;
#12446 = DATE_AND_TIME ( #11310, #9686 ) ;
#12447 = EDGE_CURVE ( 'NONE', #4886, #3424, #11715, .T. ) ;
#12448 = DIRECTION ( 'NONE',  ( 1.000000000000000000, -0.000000000000000000, 0.000000000000000000 ) ) ;
#12449 = AXIS2_PLACEMENT_3D ( 'NONE', #2954, #2064, #12272 ) ;
#12450 = ORIENTED_EDGE ( 'NONE', *, *, #4872, .F. ) ;
#12451 = VERTEX_POINT ( 'NONE', #8222 ) ;
#12452 = CARTESIAN_POINT ( 'NONE',  ( 62.07220293988400073, 9.799999999999998934, -6.000084202863472882 ) ) ;
#12453 = CARTESIAN_POINT ( 'NONE',  ( 35.49999999999999289, 11.00000000000000000, -11.99999999999996270 ) ) ;
#12454 = LINE ( 'NONE', #11320, #3026 ) ;
#12455 = AXIS2_PLACEMENT_3D ( 'NONE', #5785, #8, #10481 ) ;
#12456 = ORIENTED_EDGE ( 'NONE', *, *, #2988, .F. ) ;
#12457 = CIRCLE ( 'NONE', #5789, 0.9999999999999983347 ) ;
#12458 = EDGE_CURVE ( 'NONE', #11917, #8482, #8269, .T. ) ;
#12459 = VERTEX_POINT ( 'NONE', #550 ) ;
#12460 = EDGE_CURVE ( 'NONE', #9219, #6306, #7244, .T. ) ;
#12461 = DIRECTION ( 'NONE',  ( -0.000000000000000000, -0.000000000000000000, 1.000000000000000000 ) ) ;
#12462 = DIRECTION ( 'NONE',  ( 0.000000000000000000, -0.000000000000000000, 1.000000000000000000 ) ) ;
#12463 = ORIENTED_EDGE ( 'NONE', *, *, #620, .T. ) ;
#12464 = PLANE ( 'NONE',  #12302 ) ;
#12465 = CARTESIAN_POINT ( 'NONE',  ( 7.500000000000041744, 11.00000000000000000, -8.499999999999904077 ) ) ;
#12466 = CYLINDRICAL_SURFACE ( 'NONE', #5353, 2.447087127489769198 ) ;
#12467 = DIRECTION ( 'NONE',  ( 0.000000000000000000, -1.000000000000000000, 0.000000000000000000 ) ) ;
#12468 = AXIS2_PLACEMENT_3D ( 'NONE', #760, #7772, #2976 ) ;
#12469 = EDGE_CURVE ( 'NONE', #1554, #12459, #2811, .T. ) ;
#12470 = PLANE ( 'NONE',  #11844 ) ;
#12471 = DIRECTION ( 'NONE',  ( 0.000000000000000000, 1.000000000000000000, 0.000000000000000000 ) ) ;
#12472 = EDGE_CURVE ( 'NONE', #6257, #3247, #11245, .T. ) ;
#12473 = DIRECTION ( 'NONE',  ( 0.000000000000000000, 1.000000000000000000, 0.000000000000000000 ) ) ;
#12474 = AXIS2_PLACEMENT_3D ( 'NONE', #4278, #5308, #12087 ) ;
#12475 = CARTESIAN_POINT ( 'NONE',  ( 46.91263709774426616, 11.00000000000000000, -4.732233047033625795 ) ) ;
#12476 = ORIENTED_EDGE ( 'NONE', *, *, #8353, .T. ) ;
#12477 = CARTESIAN_POINT ( 'NONE',  ( 31.50000000000000711, 11.00000000000000000, -24.49999999999997513 ) ) ;
#12478 = CARTESIAN_POINT ( 'NONE',  ( 67.99999999999998579, 11.00000000000000000, -11.99999999999996625 ) ) ;
#12479 = VERTEX_POINT ( 'NONE', #7380 ) ;
#12480 = CYLINDRICAL_SURFACE ( 'NONE', #868, 6.100000000000028955 ) ;
#12481 = CARTESIAN_POINT ( 'NONE',  ( 35.49999999999999289, 11.00000000000000000, -11.99999999999996270 ) ) ;
#12482 = EDGE_LOOP ( 'NONE', ( #4344, #11887, #3663, #355 ) ) ;
#12483 = ORIENTED_EDGE ( 'NONE', *, *, #8598, .T. ) ;
#12484 = ORIENTED_EDGE ( 'NONE', *, *, #1382, .F. ) ;
#12485 = DIRECTION ( 'NONE',  ( -0.000000000000000000, 1.000000000000000000, -0.000000000000000000 ) ) ;
#12486 = CARTESIAN_POINT ( 'NONE',  ( 62.07220293988400073, 9.799999999999998934, -3.000084202863473326 ) ) ;
#12487 = VECTOR ( 'NONE', #9386, 1000.000000000000000 ) ;
#12488 = VERTEX_POINT ( 'NONE', #1579 ) ;
#12489 = LINE ( 'NONE', #11487, #2518 ) ;
#12490 = CARTESIAN_POINT ( 'NONE',  ( 7.500000000000020428, 2.000000000000000000, -12.99999999999990052 ) ) ;
#12491 = ORIENTED_EDGE ( 'NONE', *, *, #10303, .F. ) ;
#12492 = DIRECTION ( 'NONE',  ( 0.000000000000000000, 0.000000000000000000, 1.000000000000000000 ) ) ;
#12494 = CARTESIAN_POINT ( 'NONE',  ( 74.55677228167498072, 9.799999999999998934, -47.20000000000000284 ) ) ;
#12493 = CIRCLE ( 'NONE', #4006, 1.000000000000000888 ) ;
#12495 = ORIENTED_EDGE ( 'NONE', *, *, #12447, .F. ) ;
#12496 = DIRECTION ( 'NONE',  ( 0.000000000000000000, 0.000000000000000000, 1.000000000000000000 ) ) ;
#12497 = VERTEX_POINT ( 'NONE', #8286 ) ;
#12498 = DIRECTION ( 'NONE',  ( 0.000000000000000000, 1.000000000000000000, 0.000000000000000000 ) ) ;
#12499 = LINE ( 'NONE', #8525, #9961 ) ;
#12500 = ORIENTED_EDGE ( 'NONE', *, *, #8366, .T. ) ;
#12501 = VERTEX_POINT ( 'NONE', #5377 ) ;
#12502 = CARTESIAN_POINT ( 'NONE',  ( 31.50000000000000711, 2.000000000000000000, -26.49999999999997158 ) ) ;
#12503 = EDGE_CURVE ( 'NONE', #10560, #2648, #1443, .T. ) ;
#12504 = CARTESIAN_POINT ( 'NONE',  ( 31.50000000000000711, 2.000000000000000000, -35.49999999999997158 ) ) ;
#12505 = CARTESIAN_POINT ( 'NONE',  ( 44.50000000000000000, 2.000000000000000000, -11.99999999999994138 ) ) ;
#12506 = AXIS2_PLACEMENT_3D ( 'NONE', #168, #9869, #8978 ) ;
#12507 = DIRECTION ( 'NONE',  ( -1.734723475976801375E-15, 0.000000000000000000, 1.000000000000000000 ) ) ;
#12508 = AXIS2_PLACEMENT_3D ( 'NONE', #4712, #12315, #12496 ) ;
#12509 = CARTESIAN_POINT ( 'NONE',  ( 80.00000000000007105, 9.799999999999998934, -47.19999999999989626 ) ) ;
#12510 = PERSON_AND_ORGANIZATION ( #2043, #9079 ) ;
#12511 = DIRECTION ( 'NONE',  ( 0.000000000000000000, 0.000000000000000000, -1.000000000000000000 ) ) ;
#12512 = VERTEX_POINT ( 'NONE', #1511 ) ;
#12513 = CC_DESIGN_SECURITY_CLASSIFICATION ( #2620, ( #385 ) ) ;
#12514 = ORIENTED_EDGE ( 'NONE', *, *, #11854, .F. ) ;
#12515 = CARTESIAN_POINT ( 'NONE',  ( 24.99999999999999645, 2.000000000000000000, -31.14999999999999858 ) ) ;
#12516 = ADVANCED_FACE ( 'NONE', ( #3348 ), #10114, .T. ) ;
#12517 = DIRECTION ( 'NONE',  ( 0.7071067811865513475, 0.000000000000000000, 0.7071067811865435759 ) ) ;
#12518 = ADVANCED_FACE ( 'NONE', ( #9106 ), #671, .T. ) ;
#12519 = DIRECTION ( 'NONE',  ( 0.000000000000000000, 0.000000000000000000, 1.000000000000000000 ) ) ;
#12520 = VERTEX_POINT ( 'NONE', #415 ) ;
#12521 = ORIENTED_EDGE ( 'NONE', *, *, #3649, .F. ) ;
#12522 = ORIENTED_EDGE ( 'NONE', *, *, #8065, .F. ) ;
#12523 = CIRCLE ( 'NONE', #8084, 0.9999999999999974465 ) ;
#12524 = FACE_BOUND ( 'NONE', #8752, .T. ) ;
#12525 = DIRECTION ( 'NONE',  ( 0.000000000000000000, 0.000000000000000000, -1.000000000000000000 ) ) ;
#12526 = ORIENTED_EDGE ( 'NONE', *, *, #7887, .F. ) ;
#12527 = DIRECTION ( 'NONE',  ( -0.000000000000000000, -1.000000000000000000, -0.000000000000000000 ) ) ;
#12528 = DIRECTION ( 'NONE',  ( -0.000000000000000000, 1.000000000000000000, -0.000000000000000000 ) ) ;
#12529 = CARTESIAN_POINT ( 'NONE',  ( 30.50000000000000355, -0.002000000000000265454, -10.85512985522205121 ) ) ;
#12530 = CARTESIAN_POINT ( 'NONE',  ( 4.000000000000006217, 2.000000000000000000, -4.956352788505171156E-16 ) ) ;
#12531 = EDGE_CURVE ( 'NONE', #11917, #6904, #11119, .T. ) ;
#12532 = DIRECTION ( 'NONE',  ( 0.000000000000000000, 0.000000000000000000, -1.000000000000000000 ) ) ;
#12533 = DIRECTION ( 'NONE',  ( 0.000000000000000000, 1.000000000000000000, 0.000000000000000000 ) ) ;
#12534 = CARTESIAN_POINT ( 'NONE',  ( 58.99999999999999289, 2.000000000000000000, -20.99999999999990052 ) ) ;
#12535 = VERTEX_POINT ( 'NONE', #6243 ) ;
#12536 = CARTESIAN_POINT ( 'NONE',  ( 71.09999999999999432, 5.000000000000000000, 1.114428587224088704E-15 ) ) ;
#12537 = CYLINDRICAL_SURFACE ( 'NONE', #5907, 0.9999999999999974465 ) ;
#12538 = ORIENTED_EDGE ( 'NONE', *, *, #5582, .T. ) ;
#12539 = CARTESIAN_POINT ( 'NONE',  ( 11.99999999999993427, 11.00000000000000000, -34.49999999999992895 ) ) ;
ENDSEC;
END-ISO-10303-21;
